barcode,product_name,brands,categories,fssai_category_code,banned_item,banned_item_type,banned_in_jurisdictions,violation_reason,needs_verification,verification_reason,data_source,last_cleaned,is_verified,platform,is_gs1_890,audit_tier
5000159446488,M&M's Peanut,"M&M's, Mars, Mars Chocolat","Snacks, Snacks sucrés, Cacao et dérivés, Confiseries, Confiseries chocolatées, Bonbons de chocolat, Fruits à coques enrobés de chocolat, Cacahuètes au chocolat",CAT_15,Titanium Dioxide (E171),Additive (INS/E-Code),['EU'],Banned in EU according to additive rulebook. Functional Class: Colorant.,False,,OpenFoodFacts / GS1 Database,2026-08-07 02:46:51,True,foodfactsindia.online,False,PRIMARY_QUALIFYING
5000159476263,M &M'S 300 G ?,"M&M's, Mars","Snacks, Snacks sucrés, Cacao et dérivés, Confiseries, Confiseries chocolatées, Bonbons de chocolat, en:Chocolate covered nuts and fruits, Fruits à coques enrobés de chocolat, Cacahuètes au chocolat",CAT_15,Titanium Dioxide (E171),Additive (INS/E-Code),['EU'],Banned in EU according to additive rulebook. Functional Class: Colorant.,False,,OpenFoodFacts / GS1 Database,2026-08-07 02:46:51,True,foodfactsindia.online,False,PRIMARY_QUALIFYING
9300650450516,Oreos Chocolate,Oreo,"Snacks, Sweet snacks, Biscuits and cakes, Biscuits, Chocolate biscuits, en:chocolate-sandwich-cookies",CAT_15,TBHQ (E319),Additive (INS/E-Code),['JP'],Banned in JP according to additive rulebook. Functional Class: Antioxidant.,False,,OpenFoodFacts / GS1 Database,2026-08-07 02:46:51,True,foodfactsindia.online,False,PRIMARY_QUALIFYING
7802000020148,Doritos tamaño M Sabor Queso,Doritos,"Snacks, Botanas, Botanas saladas, Tortilla chips",CAT_15,TBHQ (E319),Additive (INS/E-Code),['JP'],Banned in JP according to additive rulebook. Functional Class: Antioxidant.,False,,OpenFoodFacts / GS1 Database,2026-08-07 02:46:51,True,foodfactsindia.online,False,PRIMARY_QUALIFYING
7501011167735,Nacho,"Doritos, Sabritas",,CAT_15,Partially Hydrogenated Oil (PHO),Ingredient (Null INS),"['US', 'CA']",Banned in US (FDA 2018 GRAS revocation) and Canada due to industrial trans fats.,False,,OpenFoodFacts / GS1 Database,2026-08-07 02:46:51,True,foodfactsindia.online,False,EXCLUDE_OFF_SCOPE
28000081409,Milk chocolate,Nestlé,Snacks,CAT_15,TBHQ (E319),Additive (INS/E-Code),['JP'],Banned in JP according to additive rulebook. Functional Class: Antioxidant.,True, | Non-standard barcode length,OpenFoodFacts / GS1 Database,2026-08-07 02:46:51,False,foodfactsindia.online,False,PRIMARY_QUALIFYING
40000488064,M & M Chocolate (180 G),Mars,"Snacks,Sweet snacks,Cocoa and its products,Confectioneries,Chocolate candies,Candies",CAT_15,Titanium Dioxide (E171),Additive (INS/E-Code),['EU'],Banned in EU according to additive rulebook. Functional Class: Colorant.,True, | Non-standard barcode length,OpenFoodFacts / GS1 Database,2026-08-07 02:46:51,False,foodfactsindia.online,False,PRIMARY_QUALIFYING
9300650454040,Double Stuff Cadbury Crème Egg,Oreo,Biscuits,CAT_07,TBHQ (E319),Additive (INS/E-Code),['JP'],Banned in JP according to additive rulebook. Functional Class: Antioxidant.,False,,OpenFoodFacts / GS1 Database,2026-08-07 02:46:51,True,foodfactsindia.online,False,PRIMARY_QUALIFYING
4009900523981,Extra,"Wrigley's Extra,Mars inc","Snacks,Sweet snacks,Confectioneries,Chewing gum",CAT_15,Titanium Dioxide (E171),Additive (INS/E-Code),['EU'],Banned in EU according to additive rulebook. Functional Class: Colorant.,False,,OpenFoodFacts / GS1 Database,2026-08-07 02:46:51,True,foodfactsindia.online,False,PRIMARY_QUALIFYING
21130266197,Blue Cheese Dressing & Dip,"Signature Kitchens,  Safeway  Inc.",undefined,Unknown,Partially Hydrogenated Oil (PHO),Ingredient (Null INS),"['US', 'CA']",Banned in US (FDA 2018 GRAS revocation) and Canada due to industrial trans fats.,True, | Unknown FSSAI category | Non-standard barcode length,OpenFoodFacts / GS1 Database,2026-08-07 02:46:51,False,foodfactsindia.online,False,EXCLUDE_OFF_SCOPE
73402357003,Fine chocolate donuts,"Country Kitchen,  Lepage Bakeries  Inc.","Snacks, Sweet snacks, Biscuits and cakes, Cakes",CAT_15,Titanium Dioxide (E171),Additive (INS/E-Code),['EU'],Banned in EU according to additive rulebook. Functional Class: Colorant.,True, | Non-standard barcode length,OpenFoodFacts / GS1 Database,2026-08-07 02:46:51,False,foodfactsindia.online,False,PRIMARY_QUALIFYING
73402357003,Fine chocolate donuts,"Country Kitchen,  Lepage Bakeries  Inc.","Snacks, Sweet snacks, Biscuits and cakes, Cakes",CAT_15,Partially Hydrogenated Oil (PHO),Ingredient (Null INS),"['US', 'CA']",Banned in US (FDA 2018 GRAS revocation) and Canada due to industrial trans fats.,True, | Non-standard barcode length,OpenFoodFacts / GS1 Database,2026-08-07 02:46:51,False,foodfactsindia.online,False,EXCLUDE_OFF_SCOPE
21130477432,Whipped Dressing,Safeway Kitchens,undefined,Unknown,Titanium Dioxide (E171),Additive (INS/E-Code),['EU'],Banned in EU according to additive rulebook. Functional Class: Colorant.,True, | Unknown FSSAI category | Non-standard barcode length,OpenFoodFacts / GS1 Database,2026-08-07 02:46:51,False,foodfactsindia.online,False,PRIMARY_QUALIFYING
8886467100031,Pringles Cheesy Cheese,"Pringles,พริงเกิลส์","Dairies, Fermented foods, Fermented milk products, Snacks, Cheeses, Salty snacks, Appetizers, Chips and fries, Crisps, Salty snacks made from potato, Crispy, Stacked extruded potato crisps",CAT_15,TBHQ (E319),Additive (INS/E-Code),['JP'],Banned in JP according to additive rulebook. Functional Class: Antioxidant.,False,,OpenFoodFacts / GS1 Database,2026-08-07 02:46:51,True,foodfactsindia.online,False,PRIMARY_QUALIFYING
5449000311856,Hawaï,"Coca-Cola, Coca-Cola Company","ar:HAWAI, en:fruit-sodas",CAT_14,Quinoline Yellow (E104),Additive (INS/E-Code),"['JP', 'US']","Banned in JP, US according to additive rulebook. Functional Class: Additive.",False,,OpenFoodFacts / GS1 Database,2026-08-07 02:46:51,True,foodfactsindia.online,False,MUST_REMOVE_BANNED_IN_INDIA
5449000311856,Hawaï,"Coca-Cola, Coca-Cola Company","ar:HAWAI, en:fruit-sodas",CAT_14,Ponceau 4R (E124),Additive (INS/E-Code),['US'],Banned in US according to additive rulebook. Functional Class: Additive.,False,,OpenFoodFacts / GS1 Database,2026-08-07 02:46:51,True,foodfactsindia.online,False,PRIMARY_QUALIFYING
9300650452558,Chocolate sandwich cookies with sweet vanilla flavoured creme,Oreo,,CAT_07,TBHQ (E319),Additive (INS/E-Code),['JP'],Banned in JP according to additive rulebook. Functional Class: Antioxidant.,False,,OpenFoodFacts / GS1 Database,2026-08-07 02:46:51,True,foodfactsindia.online,False,PRIMARY_QUALIFYING
7802000021626,Doritos tamaño XS Sabor Queso,Doritos,"Snacks, Botanas, Tortilla chips",CAT_15,TBHQ (E319),Additive (INS/E-Code),['JP'],Banned in JP according to additive rulebook. Functional Class: Antioxidant.,False,,OpenFoodFacts / GS1 Database,2026-08-07 02:46:51,True,foodfactsindia.online,False,PRIMARY_QUALIFYING
28000500313,Beef flavor bouillon,Maggi,,CAT_06,TBHQ (E319),Additive (INS/E-Code),['JP'],Banned in JP according to additive rulebook. Functional Class: Antioxidant.,True, | Non-standard barcode length,OpenFoodFacts / GS1 Database,2026-08-07 02:46:51,False,foodfactsindia.online,False,PRIMARY_QUALIFYING
28000500313,Beef flavor bouillon,Maggi,,CAT_06,Partially Hydrogenated Oil (PHO),Ingredient (Null INS),"['US', 'CA']",Banned in US (FDA 2018 GRAS revocation) and Canada due to industrial trans fats.,True, | Non-standard barcode length,OpenFoodFacts / GS1 Database,2026-08-07 02:46:51,False,foodfactsindia.online,False,EXCLUDE_OFF_SCOPE
2220251241818,M&M's biscuit,"M&M's, M&M's Biscuit, Mars","Snacks, Snacks sucrés, Cacao et dérivés, Confiseries, Biscuits et gâteaux, Confiseries chocolatées, Biscuits, Bonbons de chocolat, Biscuits au chocolat",CAT_15,Titanium Dioxide (E171),Additive (INS/E-Code),['EU'],Banned in EU according to additive rulebook. Functional Class: Colorant.,False,,OpenFoodFacts / GS1 Database,2026-08-07 02:46:51,True,foodfactsindia.online,False,PRIMARY_QUALIFYING
9347043001498,Chocolate wafer cone,Oreo,,CAT_07,TBHQ (E319),Additive (INS/E-Code),['JP'],Banned in JP according to additive rulebook. Functional Class: Antioxidant.,False,,OpenFoodFacts / GS1 Database,2026-08-07 02:46:51,True,foodfactsindia.online,False,PRIMARY_QUALIFYING
9300650452763,OREO CKIE CHOC 128GM,Oreo,en:filled-biscuits,CAT_07,TBHQ (E319),Additive (INS/E-Code),['JP'],Banned in JP according to additive rulebook. Functional Class: Antioxidant.,False,,OpenFoodFacts / GS1 Database,2026-08-07 02:46:51,True,foodfactsindia.online,False,PRIMARY_QUALIFYING
5000159484589,M&M's Chocolate,"M&M's, Mars","Imbiss, Süßer Snack, Kakao und Kakaoprodukte, Schokoladen, Milchschokoladen, Schokolinsen",CAT_15,Titanium Dioxide (E171),Additive (INS/E-Code),['EU'],Banned in EU according to additive rulebook. Functional Class: Colorant.,False,,OpenFoodFacts / GS1 Database,2026-08-07 02:46:51,True,foodfactsindia.online,False,PRIMARY_QUALIFYING
7802420009198,Corte Americano,Lays,"Snacks, Papas fritas",CAT_15,TBHQ (E319),Additive (INS/E-Code),['JP'],Banned in JP according to additive rulebook. Functional Class: Antioxidant.,False,,OpenFoodFacts / GS1 Database,2026-08-07 02:46:51,True,foodfactsindia.online,False,PRIMARY_QUALIFYING
9300650453685,Oreo double stuff inspired by pascall marshmallows,Oreo,Biscuits,CAT_07,TBHQ (E319),Additive (INS/E-Code),['JP'],Banned in JP according to additive rulebook. Functional Class: Antioxidant.,False,,OpenFoodFacts / GS1 Database,2026-08-07 02:46:51,True,foodfactsindia.online,False,PRIMARY_QUALIFYING
5000159518819,Glaces m&m's,"M&M's, Mars Chocolat France","Surgelés,Cônes et batonnets surgelés,Bâtonnets glacés",CAT_05,Titanium Dioxide (E171),Additive (INS/E-Code),['EU'],Banned in EU according to additive rulebook. Functional Class: Colorant.,False,,OpenFoodFacts / GS1 Database,2026-08-07 02:46:51,True,foodfactsindia.online,False,PRIMARY_QUALIFYING
5000159480178,M&M's Chocolate,"M&M's, Mars","Snacks,Sweet snacks,Cocoa and its products,Confectioneries,Chocolate candies,Bonbons",CAT_15,Titanium Dioxide (E171),Additive (INS/E-Code),['EU'],Banned in EU according to additive rulebook. Functional Class: Colorant.,False,,OpenFoodFacts / GS1 Database,2026-08-07 02:46:51,True,foodfactsindia.online,False,PRIMARY_QUALIFYING
5000159501903,M&M's,"Nestlé, Mars","Snacks, Snacks sucrés, Cacao et dérivés, Confiseries, Confiseries chocolatées, Bonbons de chocolat, Fruits à coques enrobés de chocolat, Cacahuètes au chocolat",CAT_15,Titanium Dioxide (E171),Additive (INS/E-Code),['EU'],Banned in EU according to additive rulebook. Functional Class: Colorant.,False,,OpenFoodFacts / GS1 Database,2026-08-07 02:46:51,True,foodfactsindia.online,False,PRIMARY_QUALIFYING
5000159505802,M et m’s,"Mars, Mars Chocolat","Imbiss, Süßer Snack, Kakao und Kakaoprodukte, Süßwaren, Schokoladenkonfekt, Pralinen, Mit Schokolade überzogene Nüsse, Erdnüsse mit Schokoladenüberzug",CAT_15,Titanium Dioxide (E171),Additive (INS/E-Code),['EU'],Banned in EU according to additive rulebook. Functional Class: Colorant.,False,,OpenFoodFacts / GS1 Database,2026-08-07 02:46:51,True,foodfactsindia.online,False,PRIMARY_QUALIFYING
6924743933460,Crispy Meat Flavoured Chips,Lays,Potato crisps,CAT_15,TBHQ (E319),Additive (INS/E-Code),['JP'],Banned in JP according to additive rulebook. Functional Class: Antioxidant.,False,,OpenFoodFacts / GS1 Database,2026-08-07 02:46:51,True,foodfactsindia.online,False,PRIMARY_QUALIFYING
74714085523,Croutons,Mrs. Cubbison's Kitchen  Llc.,,Unknown,TBHQ (E319),Additive (INS/E-Code),['JP'],Banned in JP according to additive rulebook. Functional Class: Antioxidant.,True, | Unknown FSSAI category | Non-standard barcode length,OpenFoodFacts / GS1 Database,2026-08-07 02:46:51,False,foodfactsindia.online,False,PRIMARY_QUALIFYING
8886467100369,Pringles Sour Cream And Onion,Pringles,"Snacks, Salty snacks, Appetizers, Chips and fries, Crisps, Salty snacks made from potato, Stacked extruded potato crisps",CAT_15,TBHQ (E319),Additive (INS/E-Code),['JP'],Banned in JP according to additive rulebook. Functional Class: Antioxidant.,False,,OpenFoodFacts / GS1 Database,2026-08-07 02:46:51,True,foodfactsindia.online,False,PRIMARY_QUALIFYING
5900951253041,M&m's Easter limited Edition Peanut,"M&M's, Mars","Snacks, Snacks sucrés, Cacao et dérivés, Confiseries, Confiseries chocolatées, Bonbons de chocolat, Fruits à coques enrobés de chocolat, Cacahuètes au chocolat",CAT_15,Titanium Dioxide (E171),Additive (INS/E-Code),['EU'],Banned in EU according to additive rulebook. Functional Class: Colorant.,False,,OpenFoodFacts / GS1 Database,2026-08-07 02:46:51,True,foodfactsindia.online,False,PRIMARY_QUALIFYING
5900951259692,m&m's Mix,"Mars,m&m's","Snacks,Sweet snacks,Cocoa and its products,Confectioneries,Chocolate candies,Bonbons",CAT_15,Titanium Dioxide (E171),Additive (INS/E-Code),['EU'],Banned in EU according to additive rulebook. Functional Class: Colorant.,False,,OpenFoodFacts / GS1 Database,2026-08-07 02:46:51,True,foodfactsindia.online,False,PRIMARY_QUALIFYING
40000247234,"Snickers, minis, dark chocolate, peanuts, caramel, nougat",Snickers,"Snacks, Sweet snacks, Cocoa and its products, Confectioneries, Chocolate candies",CAT_15,Partially Hydrogenated Oil (PHO),Ingredient (Null INS),"['US', 'CA']",Banned in US (FDA 2018 GRAS revocation) and Canada due to industrial trans fats.,True, | Non-standard barcode length,OpenFoodFacts / GS1 Database,2026-08-07 02:46:51,False,foodfactsindia.online,False,EXCLUDE_OFF_SCOPE
6009510802542,Doritos sweet chili pepper 45g,"Doritos, Simba","Snacks, Salty snacks, Appetizers, Chips and fries, Crisps, Corn chips",CAT_15,TBHQ (E319),Additive (INS/E-Code),['JP'],Banned in JP according to additive rulebook. Functional Class: Antioxidant.,False,,OpenFoodFacts / GS1 Database,2026-08-07 02:46:51,True,foodfactsindia.online,False,PRIMARY_QUALIFYING
6009510802542,Doritos sweet chili pepper 45g,"Doritos, Simba","Snacks, Salty snacks, Appetizers, Chips and fries, Crisps, Corn chips",CAT_15,Carmoisine / Azorubine (E122),Additive (INS/E-Code),"['JP', 'US']","Banned in JP, US according to additive rulebook. Functional Class: Additive.",False,,OpenFoodFacts / GS1 Database,2026-08-07 02:46:51,True,foodfactsindia.online,False,PRIMARY_QUALIFYING
9300650452404,Oreo Neapolitan double stuff,Oreo,"Snacks,Sweet snacks,Biscuits and cakes,Biscuits,Filled biscuits,Biscuit cream",CAT_15,TBHQ (E319),Additive (INS/E-Code),['JP'],Banned in JP according to additive rulebook. Functional Class: Antioxidant.,False,,OpenFoodFacts / GS1 Database,2026-08-07 02:46:51,True,foodfactsindia.online,False,PRIMARY_QUALIFYING
7802000005541,Twistos,PepsiCo,en:crisps,CAT_15,TBHQ (E319),Additive (INS/E-Code),['JP'],Banned in JP according to additive rulebook. Functional Class: Antioxidant.,False,,OpenFoodFacts / GS1 Database,2026-08-07 02:46:51,True,foodfactsindia.online,False,PRIMARY_QUALIFYING
7771224008921,Bambino Pasas al Ron,"Delizia,Bambino","Postres, Congelados, Postres helados, Helados y sorbetes, Helado, Tarrinas y bloques de helado, Tarrinas y bloques de helado de ron con pasas",CAT_03,Carmoisine / Azorubine (E122),Additive (INS/E-Code),"['JP', 'US']","Banned in JP, US according to additive rulebook. Functional Class: Additive.",False,,OpenFoodFacts / GS1 Database,2026-08-07 02:46:51,True,foodfactsindia.online,False,PRIMARY_QUALIFYING
7501008082843,Barras de cereal Kellogg's Zucaritas,Kelloggs,"Alimentos y bebidas de origen vegetal, Alimentos de origen vegetal, Botanas, Desayunos, Cereales y patatas, Snacks dulces, Cereales y derivados, Barritas, Cereales para el desayuno, Barritas de cereales",CAT_15,Titanium Dioxide (E171),Additive (INS/E-Code),['EU'],Banned in EU according to additive rulebook. Functional Class: Colorant.,False,,OpenFoodFacts / GS1 Database,2026-08-07 02:46:51,True,foodfactsindia.online,False,PRIMARY_QUALIFYING
5449000060082,Twist Lemon,The Coca-Cola Company,"Aliments et boissons à base de végétaux, Boissons, Boissons à base de végétaux, Boissons gazeuses, Boissons aux fruits, Boissons édulcorées, Sodas, Sodas aux fruits, Sodas au citron, Boissons avec sucre ajouté",CAT_14,Quinoline Yellow (E104),Additive (INS/E-Code),"['JP', 'US']","Banned in JP, US according to additive rulebook. Functional Class: Additive.",False,,OpenFoodFacts / GS1 Database,2026-08-07 02:46:51,True,foodfactsindia.online,False,MUST_REMOVE_BANNED_IN_INDIA
7501008013007,Zucaritas Barra,Kelloggs,"Alimentos y bebidas de origen vegetal, Alimentos de origen vegetal, Botanas, Desayunos, Cereales y patatas, Snacks dulces, Cereales y derivados, Barritas, Cereales para el desayuno, Barritas de cereales",CAT_15,Titanium Dioxide (E171),Additive (INS/E-Code),['EU'],Banned in EU according to additive rulebook. Functional Class: Colorant.,False,,OpenFoodFacts / GS1 Database,2026-08-07 02:46:51,True,foodfactsindia.online,False,PRIMARY_QUALIFYING
6009710721490,Cheese supreme flavored corn chips,Doritos,"Snacks-and-chips,Corn chips",CAT_15,TBHQ (E319),Additive (INS/E-Code),['JP'],Banned in JP according to additive rulebook. Functional Class: Antioxidant.,False,,OpenFoodFacts / GS1 Database,2026-08-07 02:46:51,True,foodfactsindia.online,False,PRIMARY_QUALIFYING
8851959122174,Fanta Jordbær,Coca-Cola Company,"Beverages and beverages preparations,Plant-based foods and beverages,Beverages,Plant-based beverages,Carbonated drinks,Fruit-based beverages,Sodas,Fruit sodas,Sweetened beverages",CAT_14,Carmoisine / Azorubine (E122),Additive (INS/E-Code),"['JP', 'US']","Banned in JP, US according to additive rulebook. Functional Class: Additive.",False,,OpenFoodFacts / GS1 Database,2026-08-07 02:46:51,True,foodfactsindia.online,False,PRIMARY_QUALIFYING
7802000021084,Doritos tamaño XS Sabor Queso,Doritos,"Snacks, Botanas, Tortillas de maíz",CAT_15,TBHQ (E319),Additive (INS/E-Code),['JP'],Banned in JP according to additive rulebook. Functional Class: Antioxidant.,False,,OpenFoodFacts / GS1 Database,2026-08-07 02:46:51,True,foodfactsindia.online,False,PRIMARY_QUALIFYING
8886467100376,Cheesy cheese,Pringles,"Snacks, Salty snacks, Appetizers, Chips and fries, Crisps, Salty snacks made from potato, Stacked extruded potato crisps",CAT_15,TBHQ (E319),Additive (INS/E-Code),['JP'],Banned in JP according to additive rulebook. Functional Class: Antioxidant.,False,,OpenFoodFacts / GS1 Database,2026-08-07 02:46:51,True,foodfactsindia.online,False,PRIMARY_QUALIFYING
5449000229243,Next joy visnja,Coca-Cola,,Unknown,Brilliant Black BN (E151),Additive (INS/E-Code),"['IN', 'JP', 'US']","Banned in IN, JP, US according to additive rulebook. Functional Class: Additive.",True,Claims banned in India - verify against FSSAI Schedule 2.4.5 | Unknown FSSAI category,OpenFoodFacts / GS1 Database,2026-08-07 02:46:51,False,foodfactsindia.online,False,MUST_REMOVE_BANNED_IN_INDIA
9556001170842,FUSIAN Mi Goreng Hot & Spicy Mild,Maggi,,CAT_06,TBHQ (E319),Additive (INS/E-Code),['JP'],Banned in JP according to additive rulebook. Functional Class: Antioxidant.,False,,OpenFoodFacts / GS1 Database,2026-08-07 02:46:51,True,foodfactsindia.online,False,PRIMARY_QUALIFYING
5000159317955,m's PEANUT,"Mars, m&m's","Snacks, Snacks sucrés, Cacao et dérivés, Confiseries, Confiseries chocolatées, Bonbons de chocolat, en:Chocolate covered nuts and fruits, Fruits à coques enrobés de chocolat, Cacahuètes au chocolat",CAT_15,Titanium Dioxide (E171),Additive (INS/E-Code),['EU'],Banned in EU according to additive rulebook. Functional Class: Colorant.,False,,OpenFoodFacts / GS1 Database,2026-08-07 02:46:51,True,foodfactsindia.online,False,PRIMARY_QUALIFYING
6001068660902,2 Minutes Noodles Durban Curry Flavour,"Maggi,Nestlé","Plant-based foods and beverages, Plant-based foods, Cereals and potatoes, Cereals and their products, Dried products, Pastas, Dried products to be rehydrated, Noodles, Instant noodles",CAT_14,TBHQ (E319),Additive (INS/E-Code),['JP'],Banned in JP according to additive rulebook. Functional Class: Antioxidant.,False,,OpenFoodFacts / GS1 Database,2026-08-07 02:46:51,True,foodfactsindia.online,False,PRIMARY_QUALIFYING
9300617292791,Humpty Dumpty,Cadbury,,CAT_05,Titanium Dioxide (E171),Additive (INS/E-Code),['EU'],Banned in EU according to additive rulebook. Functional Class: Colorant.,False,,OpenFoodFacts / GS1 Database,2026-08-07 02:46:51,True,foodfactsindia.online,False,PRIMARY_QUALIFYING
5900951264672,Chocolate,"Mars Incorporated,m&m's","Snacks,Sweet snacks,Cocoa and its products,Confectioneries,Chocolate candies,Bonbons,Süßer-snack,Süßwaren",CAT_15,Titanium Dioxide (E171),Additive (INS/E-Code),['EU'],Banned in EU according to additive rulebook. Functional Class: Colorant.,False,,OpenFoodFacts / GS1 Database,2026-08-07 02:46:51,True,foodfactsindia.online,False,PRIMARY_QUALIFYING
7501008010105,Rice Krispies Treats Sabor Original,Kellogg's,"Alimentos y bebidas de origen vegetal, Alimentos de origen vegetal, Desayunos, Cereales y patatas, Cereales y derivados, Cereales para el desayuno, Cereales de chocolate",CAT_14,Titanium Dioxide (E171),Additive (INS/E-Code),['EU'],Banned in EU according to additive rulebook. Functional Class: Colorant.,False,,OpenFoodFacts / GS1 Database,2026-08-07 02:46:51,True,foodfactsindia.online,False,PRIMARY_QUALIFYING
6009510802559,CHEESE SUPREME FLAVOURED CORN CHIPS,Doritos,,CAT_15,TBHQ (E319),Additive (INS/E-Code),['JP'],Banned in JP according to additive rulebook. Functional Class: Antioxidant.,False,,OpenFoodFacts / GS1 Database,2026-08-07 02:46:51,True,foodfactsindia.online,False,PRIMARY_QUALIFYING
4009900510813,Skittles,Mars,en:candies,Unknown,Titanium Dioxide (E171),Additive (INS/E-Code),['EU'],Banned in EU according to additive rulebook. Functional Class: Colorant.,True, | Unknown FSSAI category,OpenFoodFacts / GS1 Database,2026-08-07 02:46:51,False,foodfactsindia.online,False,PRIMARY_QUALIFYING
9300650454248,Oreo Grab And Go 236g,Oreo,,CAT_07,TBHQ (E319),Additive (INS/E-Code),['JP'],Banned in JP according to additive rulebook. Functional Class: Antioxidant.,False,,OpenFoodFacts / GS1 Database,2026-08-07 02:46:51,True,foodfactsindia.online,False,PRIMARY_QUALIFYING
760263000642,"Bear creek country kitchens, soup mix, hot & sour",Bear Creek Country Kitchens,"Meals, Soups",CAT_12,Partially Hydrogenated Oil (PHO),Ingredient (Null INS),"['US', 'CA']",Banned in US (FDA 2018 GRAS revocation) and Canada due to industrial trans fats.,False,,OpenFoodFacts / GS1 Database,2026-08-07 02:46:51,True,foodfactsindia.online,False,EXCLUDE_OFF_SCOPE
760263911108,Alfredo Pasta Mix,Bear Creek Country Kitchens,"Meals, Pasta dishes",CAT_06,Partially Hydrogenated Oil (PHO),Ingredient (Null INS),"['US', 'CA']",Banned in US (FDA 2018 GRAS revocation) and Canada due to industrial trans fats.,False,,OpenFoodFacts / GS1 Database,2026-08-07 02:46:51,True,foodfactsindia.online,False,EXCLUDE_OFF_SCOPE
28000867379,"Crispety, crunchety, peanut-buttery! bar",Nestlé,"Snacks, Sweet snacks, Confectioneries",CAT_15,TBHQ (E319),Additive (INS/E-Code),['JP'],Banned in JP according to additive rulebook. Functional Class: Antioxidant.,True, | Non-standard barcode length,OpenFoodFacts / GS1 Database,2026-08-07 02:46:51,False,foodfactsindia.online,False,PRIMARY_QUALIFYING
88009150452,Fanta orange,"Brasserie de tahiti,coca-cola compagny","Aliments et boissons à base de végétaux, Boissons, Boissons à base de végétaux, Boissons gazeuses, Boissons aux fruits, Sodas, Sodas aux fruits, Sodas à l'orange, Boissons avec sucre ajouté",CAT_14,Carmoisine / Azorubine (E122),Additive (INS/E-Code),"['JP', 'US']","Banned in JP, US according to additive rulebook. Functional Class: Additive.",True, | Non-standard barcode length,OpenFoodFacts / GS1 Database,2026-08-07 02:46:51,False,foodfactsindia.online,False,PRIMARY_QUALIFYING
40000473480,"Snickers, milk chocolate hearts, creamy caramel and peanuts",Snickers,"Snacks, Sweet snacks, Cocoa and its products, Confectioneries, Chocolate candies",CAT_15,Partially Hydrogenated Oil (PHO),Ingredient (Null INS),"['US', 'CA']",Banned in US (FDA 2018 GRAS revocation) and Canada due to industrial trans fats.,True, | Non-standard barcode length,OpenFoodFacts / GS1 Database,2026-08-07 02:46:51,False,foodfactsindia.online,False,EXCLUDE_OFF_SCOPE
6009710723586,GRILLED BARBEQUE FLAVOURED CORN CHIPS,Doritos,,CAT_15,Quinoline Yellow (E104),Additive (INS/E-Code),"['JP', 'US']","Banned in JP, US according to additive rulebook. Functional Class: Additive.",False,,OpenFoodFacts / GS1 Database,2026-08-07 02:46:51,True,foodfactsindia.online,False,MUST_REMOVE_BANNED_IN_INDIA
6009710723586,GRILLED BARBEQUE FLAVOURED CORN CHIPS,Doritos,,CAT_15,TBHQ (E319),Additive (INS/E-Code),['JP'],Banned in JP according to additive rulebook. Functional Class: Antioxidant.,False,,OpenFoodFacts / GS1 Database,2026-08-07 02:46:51,True,foodfactsindia.online,False,PRIMARY_QUALIFYING
6009710723586,GRILLED BARBEQUE FLAVOURED CORN CHIPS,Doritos,,CAT_15,Carmoisine / Azorubine (E122),Additive (INS/E-Code),"['JP', 'US']","Banned in JP, US according to additive rulebook. Functional Class: Additive.",False,,OpenFoodFacts / GS1 Database,2026-08-07 02:46:51,True,foodfactsindia.online,False,PRIMARY_QUALIFYING
6009710723586,GRILLED BARBEQUE FLAVOURED CORN CHIPS,Doritos,,CAT_15,Ponceau 4R (E124),Additive (INS/E-Code),['US'],Banned in US according to additive rulebook. Functional Class: Additive.,False,,OpenFoodFacts / GS1 Database,2026-08-07 02:46:51,True,foodfactsindia.online,False,PRIMARY_QUALIFYING
5000159476782,M &M'S Peanuts Boule De Noël 45G,Mars,"Snacks, Snacks sucrés, Cacao et dérivés, Confiseries, Confiseries chocolatées, Bonbons de chocolat",CAT_05,Titanium Dioxide (E171),Additive (INS/E-Code),['EU'],Banned in EU according to additive rulebook. Functional Class: Colorant.,False,,OpenFoodFacts / GS1 Database,2026-08-07 02:46:51,True,foodfactsindia.online,False,PRIMARY_QUALIFYING
5000159481540,M&M's Peanut,"M&M's, Mars","Snacks, Snacks sucrés, Cacao et dérivés, Confiseries, Aliments festifs, Confiseries chocolatées, Bonbons de chocolat, Fruits à coques enrobés de chocolat, Aliments de Pâques, Cacahuètes au chocolat",CAT_15,Titanium Dioxide (E171),Additive (INS/E-Code),['EU'],Banned in EU according to additive rulebook. Functional Class: Colorant.,False,,OpenFoodFacts / GS1 Database,2026-08-07 02:46:51,True,foodfactsindia.online,False,PRIMARY_QUALIFYING
5000159493833,M&M's peanut,Mars,"Snacks, Sweet snacks, Cocoa and its products, Confectioneries, Chocolate candies, Bonbons, Chocolate covered nuts, Chocolate-covered-peanuts, en:chocolate-coated-peanuts",CAT_15,Titanium Dioxide (E171),Additive (INS/E-Code),['EU'],Banned in EU according to additive rulebook. Functional Class: Colorant.,False,,OpenFoodFacts / GS1 Database,2026-08-07 02:46:51,True,foodfactsindia.online,False,PRIMARY_QUALIFYING
8710398170156,Doritos Cool American,Doritos,"Snacks, Snacks salés, Amuse-gueules, Chips et frites, Chips, Chips de maïs",CAT_15,Partially Hydrogenated Oil (PHO),Ingredient (Null INS),"['US', 'CA']",Banned in US (FDA 2018 GRAS revocation) and Canada due to industrial trans fats.,False,,OpenFoodFacts / GS1 Database,2026-08-07 02:46:51,True,foodfactsindia.online,False,EXCLUDE_OFF_SCOPE
7622210551290,Chocolate Sandwich Cookies with Vanilla Flavored Cream,Oreo,en:biscuits,CAT_07,TBHQ (E319),Additive (INS/E-Code),['JP'],Banned in JP according to additive rulebook. Functional Class: Antioxidant.,False,,OpenFoodFacts / GS1 Database,2026-08-07 02:46:51,True,foodfactsindia.online,False,PRIMARY_QUALIFYING
9300617408390,Humpty Dumpty,Cadbury,"Snacks, Sweet snacks, Cocoa and its products, Confectioneries, Chocolate candies, Bonbons",CAT_15,Titanium Dioxide (E171),Additive (INS/E-Code),['EU'],Banned in EU according to additive rulebook. Functional Class: Colorant.,False,,OpenFoodFacts / GS1 Database,2026-08-07 02:46:51,True,foodfactsindia.online,False,PRIMARY_QUALIFYING
7501059233584,Svelty Figura 0% sabor a moras silvestres,Nestle,"Beverages, Dairies, Fermented foods, Fermented milk products, Desserts, Dairy desserts, Dairy drinks, Fermented dairy desserts, Artificially sweetened beverages, Fermented dairy desserts with fruits, Fermented drinks, Yogurts, Fermented milk drinks, Fruit yogurts, Drinkable-yogurts, en:yogurt-drinks",CAT_14,Carmoisine / Azorubine (E122),Additive (INS/E-Code),"['JP', 'US']","Banned in JP, US according to additive rulebook. Functional Class: Additive.",False,,OpenFoodFacts / GS1 Database,2026-08-07 02:46:51,True,foodfactsindia.online,False,PRIMARY_QUALIFYING
5000159441896,M &M'S 1KG Choco Maitosuklaata Rapealla Sokerikuorella,"M&M'S,Mars inc","Snacks,Sweet snacks,Cocoa and its products,Confectioneries,Chocolate candies,Bonbons",CAT_15,Titanium Dioxide (E171),Additive (INS/E-Code),['EU'],Banned in EU according to additive rulebook. Functional Class: Colorant.,False,,OpenFoodFacts / GS1 Database,2026-08-07 02:46:51,True,foodfactsindia.online,False,PRIMARY_QUALIFYING
5000159500371,Chocolate M & M's Ice Cream,Mars,"Desserts, Surgelés, Desserts glacés, Glaces et sorbets, Glaces, Bâtonnets glacés",CAT_03,Titanium Dioxide (E171),Additive (INS/E-Code),['EU'],Banned in EU according to additive rulebook. Functional Class: Colorant.,False,,OpenFoodFacts / GS1 Database,2026-08-07 02:46:51,True,foodfactsindia.online,False,PRIMARY_QUALIFYING
5000159500654,Glaces Peanut M&M's,"M&M's, Mars, Mars Chocolat","Snacks, Desserts, Snacks sucrés, Confiseries, Surgelés, Desserts glacés, Glaces et sorbets, Glaces, Bâtonnets glacés, Bâtonnets glacés au chocolat",CAT_03,Titanium Dioxide (E171),Additive (INS/E-Code),['EU'],Banned in EU according to additive rulebook. Functional Class: Colorant.,False,,OpenFoodFacts / GS1 Database,2026-08-07 02:46:51,True,foodfactsindia.online,False,PRIMARY_QUALIFYING
9300682050685,M&M’s Minis,"M&Ms, Mars",,CAT_05,Titanium Dioxide (E171),Additive (INS/E-Code),['EU'],Banned in EU according to additive rulebook. Functional Class: Colorant.,False,,OpenFoodFacts / GS1 Database,2026-08-07 02:46:51,True,foodfactsindia.online,False,PRIMARY_QUALIFYING
7613287067449,Stir-fry noodles sweet chili,Maggi,,CAT_06,TBHQ (E319),Additive (INS/E-Code),['JP'],Banned in JP according to additive rulebook. Functional Class: Antioxidant.,False,,OpenFoodFacts / GS1 Database,2026-08-07 02:46:51,True,foodfactsindia.online,False,PRIMARY_QUALIFYING
9556001137678,Oriental Maggi Orientation Noodles,Maggi,"Plant-based foods and beverages, Plant-based foods, Dried products, Pastas, Dried products to be rehydrated, Noodles, Instant noodles",CAT_14,TBHQ (E319),Additive (INS/E-Code),['JP'],Banned in JP according to additive rulebook. Functional Class: Antioxidant.,False,,OpenFoodFacts / GS1 Database,2026-08-07 02:46:51,True,foodfactsindia.online,False,PRIMARY_QUALIFYING
747804019059,Ham & Cheese Sandwich,Kitchen Fresh Foods,"Sandwiches, Sandwiches filled with cold cuts, Cheese sandwiches, Ham sandwiches, Ham and cheese sandwiches",CAT_01,Azodicarbonamide (E927A),Additive (INS/E-Code),"['EU', 'UK']","Banned in EU, UK according to additive rulebook. Functional Class: FLOUR_TREATMENT_AGENT.",False,,OpenFoodFacts / GS1 Database,2026-08-07 02:46:51,True,foodfactsindia.online,False,EXCLUDE_OFF_SCOPE
40000502418,"Snickers, candy bars",Snickers,"Snacks, Sweet snacks, Cocoa and its products, Confectioneries, Chocolate candies",CAT_15,Partially Hydrogenated Oil (PHO),Ingredient (Null INS),"['US', 'CA']",Banned in US (FDA 2018 GRAS revocation) and Canada due to industrial trans fats.,True, | Non-standard barcode length,OpenFoodFacts / GS1 Database,2026-08-07 02:46:51,False,foodfactsindia.online,False,EXCLUDE_OFF_SCOPE
9300675041140,Mother Energy,"Mother,Coca-Cola Amatil","Beverages, Energy drinks, Unsweetened beverages",CAT_14,Quinoline Yellow (E104),Additive (INS/E-Code),"['JP', 'US']","Banned in JP, US according to additive rulebook. Functional Class: Additive.",False,,OpenFoodFacts / GS1 Database,2026-08-07 02:46:51,True,foodfactsindia.online,False,MUST_REMOVE_BANNED_IN_INDIA
40000494072,"Snickers, snickers",Snickers,"Snacks, Sweet snacks, Confectioneries",CAT_15,Partially Hydrogenated Oil (PHO),Ingredient (Null INS),"['US', 'CA']",Banned in US (FDA 2018 GRAS revocation) and Canada due to industrial trans fats.,True, | Non-standard barcode length,OpenFoodFacts / GS1 Database,2026-08-07 02:46:51,False,foodfactsindia.online,False,EXCLUDE_OFF_SCOPE
5000159388658,m&m's biscuit,"Mars, m&m's","Snacks, Snacks sucrés, Cacao et dérivés, Confiseries, Barres, Confiseries chocolatées, Barres chocolatées",CAT_07,Titanium Dioxide (E171),Additive (INS/E-Code),['EU'],Banned in EU according to additive rulebook. Functional Class: Colorant.,False,,OpenFoodFacts / GS1 Database,2026-08-07 02:46:51,True,foodfactsindia.online,False,PRIMARY_QUALIFYING
5000159492706,M&m's peanut,"Mars, m&m's","Aliments et boissons à base de végétaux, Aliments d'origine végétale, Snacks, Snacks sucrés, Cacao et dérivés, Confiseries, Fruits à coques et dérivés, Confiseries chocolatées, Bonbons de chocolat, Fruits à coques enrobés de chocolat, Confiseries de fruits à coques, Cacahuètes au chocolat",CAT_15,Titanium Dioxide (E171),Additive (INS/E-Code),['EU'],Banned in EU according to additive rulebook. Functional Class: Colorant.,False,,OpenFoodFacts / GS1 Database,2026-08-07 02:46:51,True,foodfactsindia.online,False,PRIMARY_QUALIFYING
3033210006965,Glace smarties,Nestlé,"Snacks, Snacks sucrés, Confiseries",CAT_15,Titanium Dioxide (E171),Additive (INS/E-Code),['EU'],Banned in EU according to additive rulebook. Functional Class: Colorant.,False,,OpenFoodFacts / GS1 Database,2026-08-07 02:46:51,True,foodfactsindia.online,False,PRIMARY_QUALIFYING
6924743927162,Roasted fish flavor,Lays,,CAT_15,TBHQ (E319),Additive (INS/E-Code),['JP'],Banned in JP according to additive rulebook. Functional Class: Antioxidant.,False,,OpenFoodFacts / GS1 Database,2026-08-07 02:46:51,True,foodfactsindia.online,False,PRIMARY_QUALIFYING
42070436,Extra White Fruit 14g,MARS NORGE AS,"en:Snacks, en:Sweet snacks, en:Confectioneries, en:Chewing gum",CAT_15,Titanium Dioxide (E171),Additive (INS/E-Code),['EU'],Banned in EU according to additive rulebook. Functional Class: Colorant.,False,,OpenFoodFacts / GS1 Database,2026-08-07 02:46:51,True,foodfactsindia.online,False,PRIMARY_QUALIFYING
9310055537279,Fruit Loops,Kellogg's,"Plant-based foods and beverages, Plant-based foods, Breakfasts, Cereals and potatoes, Cereals and their products, Breakfast cereals",CAT_14,Partially Hydrogenated Oil (PHO),Ingredient (Null INS),"['US', 'CA']",Banned in US (FDA 2018 GRAS revocation) and Canada due to industrial trans fats.,False,,OpenFoodFacts / GS1 Database,2026-08-07 02:46:51,True,foodfactsindia.online,False,EXCLUDE_OFF_SCOPE
121340,Diet Mountain Dew,PepsiCo,"Beverages, Carbonated drinks, Sodas",CAT_14,Brominated Vegetable Oil (BVO),Ingredient (Null INS),"['US', 'IN', 'EU', 'JP']","Banned in US (FDA 2024 revocation), EU, Japan, and India as a food additive.",True,Claims banned in India - verify against FSSAI Schedule 2.4.5 | Non-standard barcode length,OpenFoodFacts / GS1 Database,2026-08-07 02:46:51,False,foodfactsindia.online,False,MUST_REMOVE_BANNED_IN_INDIA
8001389702341,Jambo Mixed Fruit Jam,Jambo,jam,CAT_04,Carmoisine / Azorubine (E122),Additive (INS/E-Code),"['JP', 'US']","Banned in JP, US according to additive rulebook. Functional Class: Additive.",False,,OpenFoodFacts / GS1 Database,2026-08-07 02:46:51,True,foodfactsindia.online,False,PRIMARY_QUALIFYING
7500478010691,Tostitos Salsa Verde,PepsiCo,Botana de Maiz Nixtamalizado,Unknown,TBHQ (E319),Additive (INS/E-Code),['JP'],Banned in JP according to additive rulebook. Functional Class: Antioxidant.,True, | Unknown FSSAI category,OpenFoodFacts / GS1 Database,2026-08-07 02:46:51,False,foodfactsindia.online,False,PRIMARY_QUALIFYING
66721030207,Brown Sugar Bubble Tea OREO,"Oreo, Christie",,CAT_07,TBHQ (E319),Additive (INS/E-Code),['JP'],Banned in JP according to additive rulebook. Functional Class: Antioxidant.,True, | Non-standard barcode length,OpenFoodFacts / GS1 Database,2026-08-07 02:46:51,False,foodfactsindia.online,False,PRIMARY_QUALIFYING
8710398162014,Sour cream,Doritos,"Snacks,Salty snacks,Appetizers,Chips and fries,Crisps",CAT_15,Partially Hydrogenated Oil (PHO),Ingredient (Null INS),"['US', 'CA']",Banned in US (FDA 2018 GRAS revocation) and Canada due to industrial trans fats.,False,,OpenFoodFacts / GS1 Database,2026-08-07 02:46:51,True,foodfactsindia.online,False,EXCLUDE_OFF_SCOPE
1223305,MTN Dew,PepsiCo,,Unknown,Brominated Vegetable Oil (BVO),Ingredient (Null INS),"['US', 'IN', 'EU', 'JP']","Banned in US (FDA 2024 revocation), EU, Japan, and India as a food additive.",True,Claims banned in India - verify against FSSAI Schedule 2.4.5 | Unknown FSSAI category | Non-standard barcode length,OpenFoodFacts / GS1 Database,2026-08-07 02:46:51,False,foodfactsindia.online,False,MUST_REMOVE_BANNED_IN_INDIA
1229707,mountain dew,PepsiCo,,Unknown,Brominated Vegetable Oil (BVO),Ingredient (Null INS),"['US', 'IN', 'EU', 'JP']","Banned in US (FDA 2024 revocation), EU, Japan, and India as a food additive.",True,Claims banned in India - verify against FSSAI Schedule 2.4.5 | Unknown FSSAI category | Non-standard barcode length,OpenFoodFacts / GS1 Database,2026-08-07 02:46:51,False,foodfactsindia.online,False,MUST_REMOVE_BANNED_IN_INDIA
9300650454323,Mini Chocolate Oreos,Oreo,,CAT_07,TBHQ (E319),Additive (INS/E-Code),['JP'],Banned in JP according to additive rulebook. Functional Class: Antioxidant.,False,,OpenFoodFacts / GS1 Database,2026-08-07 02:46:51,True,foodfactsindia.online,False,PRIMARY_QUALIFYING
6001306002440,Instant Noodles,Kellogg's,"Plant-based foods and beverages, Plant-based foods, Dried products, Pastas, Dried products to be rehydrated, Noodles, Instant noodles",CAT_14,TBHQ (E319),Additive (INS/E-Code),['JP'],Banned in JP according to additive rulebook. Functional Class: Antioxidant.,False,,OpenFoodFacts / GS1 Database,2026-08-07 02:46:51,True,foodfactsindia.online,False,PRIMARY_QUALIFYING
58496457532,Milk Chocolate M&M's,Mars,"Snacks, Sweet snacks, Cocoa and its products, Confectioneries, Chocolate candies, Bonbons",CAT_15,Titanium Dioxide (E171),Additive (INS/E-Code),['EU'],Banned in EU according to additive rulebook. Functional Class: Colorant.,True, | Non-standard barcode length,OpenFoodFacts / GS1 Database,2026-08-07 02:46:51,False,foodfactsindia.online,False,PRIMARY_QUALIFYING
7501011130975,Cheetos torciditos,PepsiCo,"Snacks, Salty snacks, es:Botanas saladas, es:Papitas",CAT_15,Partially Hydrogenated Oil (PHO),Ingredient (Null INS),"['US', 'CA']",Banned in US (FDA 2018 GRAS revocation) and Canada due to industrial trans fats.,False,,OpenFoodFacts / GS1 Database,2026-08-07 02:46:51,True,foodfactsindia.online,False,EXCLUDE_OFF_SCOPE
7622201747107,White Fudge,Oreo,,CAT_07,Titanium Dioxide (E171),Additive (INS/E-Code),['EU'],Banned in EU according to additive rulebook. Functional Class: Colorant.,False,,OpenFoodFacts / GS1 Database,2026-08-07 02:46:51,True,foodfactsindia.online,False,PRIMARY_QUALIFYING
28000115678,"Maggi, bouillon, chicken",Maggi,,CAT_06,TBHQ (E319),Additive (INS/E-Code),['JP'],Banned in JP according to additive rulebook. Functional Class: Antioxidant.,True, | Non-standard barcode length,OpenFoodFacts / GS1 Database,2026-08-07 02:46:51,False,foodfactsindia.online,False,PRIMARY_QUALIFYING
28000115678,"Maggi, bouillon, chicken",Maggi,,CAT_06,Partially Hydrogenated Oil (PHO),Ingredient (Null INS),"['US', 'CA']",Banned in US (FDA 2018 GRAS revocation) and Canada due to industrial trans fats.,True, | Non-standard barcode length,OpenFoodFacts / GS1 Database,2026-08-07 02:46:51,False,foodfactsindia.online,False,EXCLUDE_OFF_SCOPE
2867633,refined soya bean oil,Fortune,"Plant-based foods and beverages, Plant-based foods, Legumes and their products, Fats, Vegetable fats, Vegetable oils, Legume oils, Soybean oils",CAT_14,TBHQ (E319),Additive (INS/E-Code),['JP'],Banned in JP according to additive rulebook. Functional Class: Antioxidant.,True, | Non-standard barcode length,OpenFoodFacts / GS1 Database,2026-08-07 02:46:51,False,foodfactsindia.online,False,PRIMARY_QUALIFYING
8410494300777,Bitter Kas,"Kas,PepsiCo","Bebidas y preparaciones de bebidas,Bebidas,Bebidas carbonatadas,Bebidas endulzadas artificialmente,Sodas",CAT_14,Carmoisine / Azorubine (E122),Additive (INS/E-Code),"['JP', 'US']","Banned in JP, US according to additive rulebook. Functional Class: Additive.",False,,OpenFoodFacts / GS1 Database,2026-08-07 02:46:51,True,foodfactsindia.online,False,PRIMARY_QUALIFYING
8410494300777,Bitter Kas,"Kas,PepsiCo","Bebidas y preparaciones de bebidas,Bebidas,Bebidas carbonatadas,Bebidas endulzadas artificialmente,Sodas",CAT_14,Ponceau 4R (E124),Additive (INS/E-Code),['US'],Banned in US according to additive rulebook. Functional Class: Additive.,False,,OpenFoodFacts / GS1 Database,2026-08-07 02:46:51,True,foodfactsindia.online,False,PRIMARY_QUALIFYING
5000112659948,Hawaii Tropical,Coca-Cola Company,,Unknown,Quinoline Yellow (E104),Additive (INS/E-Code),"['JP', 'US']","Banned in JP, US according to additive rulebook. Functional Class: Additive.",True, | Unknown FSSAI category,OpenFoodFacts / GS1 Database,2026-08-07 02:46:51,False,foodfactsindia.online,False,MUST_REMOVE_BANNED_IN_INDIA
5000112659948,Hawaii Tropical,Coca-Cola Company,,Unknown,Ponceau 4R (E124),Additive (INS/E-Code),['US'],Banned in US according to additive rulebook. Functional Class: Additive.,True, | Unknown FSSAI category,OpenFoodFacts / GS1 Database,2026-08-07 02:46:51,False,foodfactsindia.online,False,PRIMARY_QUALIFYING
7802000020124,Doritos,Doritos,,CAT_15,TBHQ (E319),Additive (INS/E-Code),['JP'],Banned in JP according to additive rulebook. Functional Class: Antioxidant.,False,,OpenFoodFacts / GS1 Database,2026-08-07 02:46:51,True,foodfactsindia.online,False,PRIMARY_QUALIFYING
9300650454224,Chocolate Choc Cookie Sandwich with Chocolate Flavoured Creme,Oreo,,CAT_07,TBHQ (E319),Additive (INS/E-Code),['JP'],Banned in JP according to additive rulebook. Functional Class: Antioxidant.,False,,OpenFoodFacts / GS1 Database,2026-08-07 02:46:51,True,foodfactsindia.online,False,PRIMARY_QUALIFYING
3040400220193,Donut,"CSM France, Mondelez, Mondelez International, Oreo","Snacks, Snacks sucrés, en:Specific products, Biscuits et gâteaux, Gâteaux, Donuts, Produits sous license",CAT_15,Titanium Dioxide (E171),Additive (INS/E-Code),['EU'],Banned in EU according to additive rulebook. Functional Class: Colorant.,False,,OpenFoodFacts / GS1 Database,2026-08-07 02:46:51,True,foodfactsindia.online,False,PRIMARY_QUALIFYING
5060896625348,Енергийна напитка,"Monster, Monster Monarch",,Unknown,Carmoisine / Azorubine (E122),Additive (INS/E-Code),"['JP', 'US']","Banned in JP, US according to additive rulebook. Functional Class: Additive.",True, | Unknown FSSAI category,OpenFoodFacts / GS1 Database,2026-08-07 02:46:51,False,foodfactsindia.online,False,PRIMARY_QUALIFYING
38000768620,"Rice cereal, chocolatey, sweetened",Kellogg's,"Plant-based foods and beverages, Plant-based foods, Breakfasts, Cereals and potatoes, Cereals and their products, Breakfast cereals, Chocolate cereals",CAT_14,Partially Hydrogenated Oil (PHO),Ingredient (Null INS),"['US', 'CA']",Banned in US (FDA 2018 GRAS revocation) and Canada due to industrial trans fats.,True, | Non-standard barcode length,OpenFoodFacts / GS1 Database,2026-08-07 02:46:51,False,foodfactsindia.online,False,EXCLUDE_OFF_SCOPE
6001306002457,INSTANT NOODLES BEEF,Kellogg's,"Plant-based foods and beverages, Plant-based foods, Cereals and potatoes, Cereals and their products, Dried products, Pastas, Dried products to be rehydrated, Noodles, Instant noodles",CAT_14,TBHQ (E319),Additive (INS/E-Code),['JP'],Banned in JP according to additive rulebook. Functional Class: Antioxidant.,False,,OpenFoodFacts / GS1 Database,2026-08-07 02:46:51,True,foodfactsindia.online,False,PRIMARY_QUALIFYING
28000703196,Caldo Sabor A Pollo,Maggi,,CAT_06,Partially Hydrogenated Oil (PHO),Ingredient (Null INS),"['US', 'CA']",Banned in US (FDA 2018 GRAS revocation) and Canada due to industrial trans fats.,True, | Non-standard barcode length,OpenFoodFacts / GS1 Database,2026-08-07 02:46:51,False,foodfactsindia.online,False,EXCLUDE_OFF_SCOPE
38000207716,"Caticorn berry purrr-fection with glittery sparkles cereal, caticorn berry purrr-fection with glittery sparkles",Kellogg's,"Plant-based foods and beverages, Plant-based foods, Cereals and potatoes, Cereals and their products",CAT_14,Erythrosine (E127),Additive (INS/E-Code),['US'],Banned in US according to additive rulebook. Functional Class: Additive.,True, | Non-standard barcode length,OpenFoodFacts / GS1 Database,2026-08-07 02:46:51,False,foodfactsindia.online,False,SECONDARY_ERYTHROSINE
5449000265395,Sparletta Sparberry,Coca-Cola,"Beverages, Sweetened beverages",CAT_14,Carmoisine / Azorubine (E122),Additive (INS/E-Code),"['JP', 'US']","Banned in JP, US according to additive rulebook. Functional Class: Additive.",False,,OpenFoodFacts / GS1 Database,2026-08-07 02:46:51,True,foodfactsindia.online,False,PRIMARY_QUALIFYING
6223006710184,Instant noodles,Kellogg's,"Plant-based foods and beverages,Plant-based foods,Dried products,Pastas,Dried products to be rehydrated,Noodles,Instant noodles",CAT_14,TBHQ (E319),Additive (INS/E-Code),['JP'],Banned in JP according to additive rulebook. Functional Class: Antioxidant.,False,,OpenFoodFacts / GS1 Database,2026-08-07 02:46:51,True,foodfactsindia.online,False,PRIMARY_QUALIFYING
7802000020162,Doritos Sabor Queso,Doritos,,CAT_15,TBHQ (E319),Additive (INS/E-Code),['JP'],Banned in JP according to additive rulebook. Functional Class: Antioxidant.,False,,OpenFoodFacts / GS1 Database,2026-08-07 02:46:51,True,foodfactsindia.online,False,PRIMARY_QUALIFYING
7613287066954,Maggi Stir Fry Noodles Curry,Maggi,,CAT_06,TBHQ (E319),Additive (INS/E-Code),['JP'],Banned in JP according to additive rulebook. Functional Class: Antioxidant.,False,,OpenFoodFacts / GS1 Database,2026-08-07 02:46:51,True,foodfactsindia.online,False,PRIMARY_QUALIFYING
7622010000790,Cadbury Hot Chocolate,Cadbury,"Beverages and beverages preparations,Beverages,Snacks,Sweet snacks,Cocoa and its products,Confectioneries,Cocoa and chocolate powders",CAT_15,Titanium Dioxide (E171),Additive (INS/E-Code),['EU'],Banned in EU according to additive rulebook. Functional Class: Colorant.,False,,OpenFoodFacts / GS1 Database,2026-08-07 02:46:51,True,foodfactsindia.online,False,PRIMARY_QUALIFYING
5449000060600,Shweppes Ananas,"Coca-Cola, Schweppes","Boissons,Boissons gazeuses,Boissons édulcorées,Boisson gazeuse",Unknown,Quinoline Yellow (E104),Additive (INS/E-Code),"['JP', 'US']","Banned in JP, US according to additive rulebook. Functional Class: Additive.",True, | Unknown FSSAI category,OpenFoodFacts / GS1 Database,2026-08-07 02:46:51,False,foodfactsindia.online,False,MUST_REMOVE_BANNED_IN_INDIA
8600101639301,Štapići,"Pardon, Marbo, Pepsico","snacks, salty-snacks, appetizers, da:crackers",CAT_15,Partially Hydrogenated Oil (PHO),Ingredient (Null INS),"['US', 'CA']",Banned in US (FDA 2018 GRAS revocation) and Canada due to industrial trans fats.,False,,OpenFoodFacts / GS1 Database,2026-08-07 02:46:51,True,foodfactsindia.online,False,EXCLUDE_OFF_SCOPE
5010238013715,Creme egg,Cadbury,,CAT_05,Titanium Dioxide (E171),Additive (INS/E-Code),['EU'],Banned in EU according to additive rulebook. Functional Class: Colorant.,False,,OpenFoodFacts / GS1 Database,2026-08-07 02:46:51,True,foodfactsindia.online,False,PRIMARY_QUALIFYING
5000159477536,M &M'S Kersteditie Pinda,Mars,,Unknown,Titanium Dioxide (E171),Additive (INS/E-Code),['EU'],Banned in EU according to additive rulebook. Functional Class: Colorant.,True, | Unknown FSSAI category,OpenFoodFacts / GS1 Database,2026-08-07 02:46:51,False,foodfactsindia.online,False,PRIMARY_QUALIFYING
5000159507509,M&M’s,Mars,"Snacks, Sweet snacks, Cocoa and its products, Confectioneries, Chocolate candies, Bonbons, Chocolate covered nuts, Chocolate-covered-peanuts, en:chocolate-coated-peanuts",CAT_15,Titanium Dioxide (E171),Additive (INS/E-Code),['EU'],Banned in EU according to additive rulebook. Functional Class: Colorant.,False,,OpenFoodFacts / GS1 Database,2026-08-07 02:46:51,True,foodfactsindia.online,False,PRIMARY_QUALIFYING
7802000017094,Doritos Sabor Queso,Doritos,,CAT_15,TBHQ (E319),Additive (INS/E-Code),['JP'],Banned in JP according to additive rulebook. Functional Class: Antioxidant.,False,,OpenFoodFacts / GS1 Database,2026-08-07 02:46:51,True,foodfactsindia.online,False,PRIMARY_QUALIFYING
4009900483742,Extra Eucalyptus Bottle,MARS NORGE AS,"Snacks,Sweet snacks,Confectioneries,Chewing gum",CAT_15,Titanium Dioxide (E171),Additive (INS/E-Code),['EU'],Banned in EU according to additive rulebook. Functional Class: Colorant.,False,,OpenFoodFacts / GS1 Database,2026-08-07 02:46:51,True,foodfactsindia.online,False,PRIMARY_QUALIFYING
7622210543486,Golden Oren vanilla sandwich cookies with vanilla flavored cream,Oreo,"Snacks, Sweet snacks, Biscuits and cakes, Biscuits, Filled biscuits, Chocolate sandwich cookies",CAT_15,TBHQ (E319),Additive (INS/E-Code),['JP'],Banned in JP according to additive rulebook. Functional Class: Antioxidant.,False,,OpenFoodFacts / GS1 Database,2026-08-07 02:46:51,True,foodfactsindia.online,False,PRIMARY_QUALIFYING
9300650450271,Oreo strawberry,Oreo,,CAT_07,TBHQ (E319),Additive (INS/E-Code),['JP'],Banned in JP according to additive rulebook. Functional Class: Antioxidant.,False,,OpenFoodFacts / GS1 Database,2026-08-07 02:46:51,True,foodfactsindia.online,False,PRIMARY_QUALIFYING
7790895648670,Fanta Uva,"Fanta,Coca-Cola","Beverages and beverages preparations, Beverages, Carbonated drinks, Carbonated fruit soft drink, en:sweetened-beverages",CAT_14,Carmoisine / Azorubine (E122),Additive (INS/E-Code),"['JP', 'US']","Banned in JP, US according to additive rulebook. Functional Class: Additive.",False,,OpenFoodFacts / GS1 Database,2026-08-07 02:46:51,True,foodfactsindia.online,False,PRIMARY_QUALIFYING
5449000033413,HAWAI,"Coca-Cola Company, Cocacola",,Unknown,Quinoline Yellow (E104),Additive (INS/E-Code),"['JP', 'US']","Banned in JP, US according to additive rulebook. Functional Class: Additive.",True, | Unknown FSSAI category,OpenFoodFacts / GS1 Database,2026-08-07 02:46:51,False,foodfactsindia.online,False,MUST_REMOVE_BANNED_IN_INDIA
5711243112744,Sweetkitchen Pastafarve mørkeblå,Sweetkitchen,Dagligvarer,Unknown,Carmoisine / Azorubine (E122),Additive (INS/E-Code),"['JP', 'US']","Banned in JP, US according to additive rulebook. Functional Class: Additive.",True, | Unknown FSSAI category,OpenFoodFacts / GS1 Database,2026-08-07 02:46:51,False,foodfactsindia.online,False,PRIMARY_QUALIFYING
6221012787015,Noodles beef flavor,Kellogg’s,"Plant-based foods and beverages, Plant-based foods, Cereals and potatoes, Cereals and their products, Meals, Pastas, Noodles, Soups",CAT_14,TBHQ (E319),Additive (INS/E-Code),['JP'],Banned in JP according to additive rulebook. Functional Class: Antioxidant.,False,,OpenFoodFacts / GS1 Database,2026-08-07 02:46:51,True,foodfactsindia.online,False,PRIMARY_QUALIFYING
9310055493964,LMCs,Kellogg's,"Snacks, Sweet snacks, Bars",CAT_15,Titanium Dioxide (E171),Additive (INS/E-Code),['EU'],Banned in EU according to additive rulebook. Functional Class: Colorant.,False,,OpenFoodFacts / GS1 Database,2026-08-07 02:46:51,True,foodfactsindia.online,False,PRIMARY_QUALIFYING
8886467100352,Pringles original,Pringles original,"Snacks, Salty snacks, Appetizers, Chips and fries, Crisps, Salty snacks made from potato, Stacked extruded potato crisps",CAT_15,TBHQ (E319),Additive (INS/E-Code),['JP'],Banned in JP according to additive rulebook. Functional Class: Antioxidant.,False,,OpenFoodFacts / GS1 Database,2026-08-07 02:46:51,True,foodfactsindia.online,False,PRIMARY_QUALIFYING
7802000015168,De Todito Sabor Queso,"Lays, Doritos, Cheez",Snacks,CAT_15,TBHQ (E319),Additive (INS/E-Code),['JP'],Banned in JP according to additive rulebook. Functional Class: Antioxidant.,False,,OpenFoodFacts / GS1 Database,2026-08-07 02:46:51,True,foodfactsindia.online,False,PRIMARY_QUALIFYING
7802000015168,De Todito Sabor Queso,"Lays, Doritos, Cheez",Snacks,CAT_15,Titanium Dioxide (E171),Additive (INS/E-Code),['EU'],Banned in EU according to additive rulebook. Functional Class: Colorant.,False,,OpenFoodFacts / GS1 Database,2026-08-07 02:46:51,True,foodfactsindia.online,False,PRIMARY_QUALIFYING
5900951272967,M&M's Crunchy Caramel,Mars,,Unknown,Titanium Dioxide (E171),Additive (INS/E-Code),['EU'],Banned in EU according to additive rulebook. Functional Class: Colorant.,True, | Unknown FSSAI category,OpenFoodFacts / GS1 Database,2026-08-07 02:46:51,False,foodfactsindia.online,False,PRIMARY_QUALIFYING
6009510802580,Doritos cheese suprême,Doritos,,CAT_15,TBHQ (E319),Additive (INS/E-Code),['JP'],Banned in JP according to additive rulebook. Functional Class: Antioxidant.,False,,OpenFoodFacts / GS1 Database,2026-08-07 02:46:51,True,foodfactsindia.online,False,PRIMARY_QUALIFYING
6009710721520,Sweet Chilli Pepper Flavoured Corn Chips,Doritos,"Snacks, Salty snacks, Appetizers, Chips and fries, Crisps, Corn chips",CAT_15,TBHQ (E319),Additive (INS/E-Code),['JP'],Banned in JP according to additive rulebook. Functional Class: Antioxidant.,False,,OpenFoodFacts / GS1 Database,2026-08-07 02:46:51,True,foodfactsindia.online,False,PRIMARY_QUALIFYING
6009710721520,Sweet Chilli Pepper Flavoured Corn Chips,Doritos,"Snacks, Salty snacks, Appetizers, Chips and fries, Crisps, Corn chips",CAT_15,Carmoisine / Azorubine (E122),Additive (INS/E-Code),"['JP', 'US']","Banned in JP, US according to additive rulebook. Functional Class: Additive.",False,,OpenFoodFacts / GS1 Database,2026-08-07 02:46:51,True,foodfactsindia.online,False,PRIMARY_QUALIFYING
6009710721537,CHEESE SUPREME FLAVOURED CORN CHIPS,Doritos,en:crisps,CAT_15,TBHQ (E319),Additive (INS/E-Code),['JP'],Banned in JP according to additive rulebook. Functional Class: Antioxidant.,False,,OpenFoodFacts / GS1 Database,2026-08-07 02:46:51,True,foodfactsindia.online,False,PRIMARY_QUALIFYING
9300650452824,OREO Double Stuf Choc Cookie Sandwich,Oreo,en:biscuits,CAT_07,TBHQ (E319),Additive (INS/E-Code),['JP'],Banned in JP according to additive rulebook. Functional Class: Antioxidant.,False,,OpenFoodFacts / GS1 Database,2026-08-07 02:46:51,True,foodfactsindia.online,False,PRIMARY_QUALIFYING
9300650452725,Oreo Double Stuff Cinnamon Bun,Oreo,,CAT_07,TBHQ (E319),Additive (INS/E-Code),['JP'],Banned in JP according to additive rulebook. Functional Class: Antioxidant.,False,,OpenFoodFacts / GS1 Database,2026-08-07 02:46:51,True,foodfactsindia.online,False,PRIMARY_QUALIFYING
819893024273,Monster mix gummy candy,"Monster,  Maud Borup","Snacks, Sweet snacks, Confectioneries",CAT_15,Titanium Dioxide (E171),Additive (INS/E-Code),['EU'],Banned in EU according to additive rulebook. Functional Class: Colorant.,False,,OpenFoodFacts / GS1 Database,2026-08-07 02:46:51,True,foodfactsindia.online,False,PRIMARY_QUALIFYING
8852756328738,LCM's kaleidos,Kellogg's,,Unknown,Titanium Dioxide (E171),Additive (INS/E-Code),['EU'],Banned in EU according to additive rulebook. Functional Class: Colorant.,True, | Unknown FSSAI category,OpenFoodFacts / GS1 Database,2026-08-07 02:46:51,False,foodfactsindia.online,False,PRIMARY_QUALIFYING
5000159415774,M&M's chocolate,"M&M's,Mars,Mars Chocolat","Snacks,Sweet snacks,Cocoa and its products,Confectioneries,Chocolate candies,Bonbons",CAT_15,Titanium Dioxide (E171),Additive (INS/E-Code),['EU'],Banned in EU according to additive rulebook. Functional Class: Colorant.,False,,OpenFoodFacts / GS1 Database,2026-08-07 02:46:51,True,foodfactsindia.online,False,PRIMARY_QUALIFYING
7702189056313,Chokis,"Chokis,Pepsico,Gamesa","Botanas, Snacks dulces, Galletas y pasteles, Galletas, Galletas secas",CAT_15,TBHQ (E319),Additive (INS/E-Code),['JP'],Banned in JP according to additive rulebook. Functional Class: Antioxidant.,False,,OpenFoodFacts / GS1 Database,2026-08-07 02:46:51,True,foodfactsindia.online,False,PRIMARY_QUALIFYING
10217627,Décros sucrés,Kitchen Academy,,Unknown,Titanium Dioxide (E171),Additive (INS/E-Code),['EU'],Banned in EU according to additive rulebook. Functional Class: Colorant.,True, | Unknown FSSAI category,OpenFoodFacts / GS1 Database,2026-08-07 02:46:51,False,foodfactsindia.online,False,PRIMARY_QUALIFYING
10408780,starburst jelly beans,Mars,,Unknown,Titanium Dioxide (E171),Additive (INS/E-Code),['EU'],Banned in EU according to additive rulebook. Functional Class: Colorant.,True, | Unknown FSSAI category,OpenFoodFacts / GS1 Database,2026-08-07 02:46:51,False,foodfactsindia.online,False,PRIMARY_QUALIFYING
4009900489119,White Bubblemint Chewing Gum Sugar Free Bottle Pieces,"Mars, Wrigley’s",,Unknown,Titanium Dioxide (E171),Additive (INS/E-Code),['EU'],Banned in EU according to additive rulebook. Functional Class: Colorant.,True, | Unknown FSSAI category,OpenFoodFacts / GS1 Database,2026-08-07 02:46:51,False,foodfactsindia.online,False,PRIMARY_QUALIFYING
7501008010242,Rice Krispies Treats Chocolate,Kellogg's,"Botanas, Snacks dulces, Barritas, Barra",CAT_15,Titanium Dioxide (E171),Additive (INS/E-Code),['EU'],Banned in EU according to additive rulebook. Functional Class: Colorant.,False,,OpenFoodFacts / GS1 Database,2026-08-07 02:46:51,True,foodfactsindia.online,False,PRIMARY_QUALIFYING
7802000010880,Corte Americano,"Lay's,Pepsico","Alimentos y bebidas de origen vegetal, Alimentos de origen vegetal, Botanas, Cereales y patatas, Snacks salados, Aperitivos, en:Chips and fries, Chips fritos, Chips de patatas fritas, Chips de patatas fritas en aceite de girasol",CAT_15,TBHQ (E319),Additive (INS/E-Code),['JP'],Banned in JP according to additive rulebook. Functional Class: Antioxidant.,False,,OpenFoodFacts / GS1 Database,2026-08-07 02:46:51,True,foodfactsindia.online,False,PRIMARY_QUALIFYING
7613287067463,Stir fry noodles,Maggi,,CAT_06,TBHQ (E319),Additive (INS/E-Code),['JP'],Banned in JP according to additive rulebook. Functional Class: Antioxidant.,False,,OpenFoodFacts / GS1 Database,2026-08-07 02:46:51,True,foodfactsindia.online,False,PRIMARY_QUALIFYING
7622202820946,Tang Instant Drink Mix,Tang,beverage preparations,CAT_14,Titanium Dioxide (E171),Additive (INS/E-Code),['EU'],Banned in EU according to additive rulebook. Functional Class: Colorant.,False,,OpenFoodFacts / GS1 Database,2026-08-07 02:46:51,True,foodfactsindia.online,False,PRIMARY_QUALIFYING
9300657154851,CHICKEN SENS OF CHICKEN BREAST lite mayo,HEINZ,Canned chickens,CAT_08,Titanium Dioxide (E171),Additive (INS/E-Code),['EU'],Banned in EU according to additive rulebook. Functional Class: Colorant.,False,,OpenFoodFacts / GS1 Database,2026-08-07 02:46:51,True,foodfactsindia.online,False,PRIMARY_QUALIFYING
9310015241956,Doritos Cool Ranch flavoured corn chips,Doritos,"Snacks, Salty snacks, Appetizers, Chips and fries, Crisps, Corn chips",CAT_15,Titanium Dioxide (E171),Additive (INS/E-Code),['EU'],Banned in EU according to additive rulebook. Functional Class: Colorant.,False,,OpenFoodFacts / GS1 Database,2026-08-07 02:46:51,True,foodfactsindia.online,False,PRIMARY_QUALIFYING
3023290798454,La Laitière secret de mousse saveur Rocher coco,"Nestlé, La Laitière, Secret de Mousse","Produits laitiers, Desserts, Desserts lactés, Frais, Mousses sucrées, Mousses lactées",Unknown,Titanium Dioxide (E171),Additive (INS/E-Code),['EU'],Banned in EU according to additive rulebook. Functional Class: Colorant.,True, | Unknown FSSAI category,OpenFoodFacts / GS1 Database,2026-08-07 02:46:51,False,foodfactsindia.online,False,PRIMARY_QUALIFYING
9300682051385,TWIX,TWIX,,Unknown,Patent Blue V (E131),Additive (INS/E-Code),"['IN', 'JP', 'US']","Banned in IN, JP, US according to additive rulebook. Functional Class: Additive.",True,Claims banned in India - verify against FSSAI Schedule 2.4.5 | Unknown FSSAI category,OpenFoodFacts / GS1 Database,2026-08-07 02:46:51,False,foodfactsindia.online,False,MUST_REMOVE_BANNED_IN_INDIA
9300650453982,Oreo Double Stuff Christmas,Oreo,,CAT_07,TBHQ (E319),Additive (INS/E-Code),['JP'],Banned in JP according to additive rulebook. Functional Class: Antioxidant.,False,,OpenFoodFacts / GS1 Database,2026-08-07 02:46:51,True,foodfactsindia.online,False,PRIMARY_QUALIFYING
5060337509831,Monster Hydro Manic Melon,Monster,"Boissons, Boissons édulcorées",Unknown,Carmoisine / Azorubine (E122),Additive (INS/E-Code),"['JP', 'US']","Banned in JP, US according to additive rulebook. Functional Class: Additive.",True, | Unknown FSSAI category,OpenFoodFacts / GS1 Database,2026-08-07 02:46:51,False,foodfactsindia.online,False,PRIMARY_QUALIFYING
9400547003037,fruit salad,Heinz,,Unknown,Erythrosine (E127),Additive (INS/E-Code),['US'],Banned in US according to additive rulebook. Functional Class: Additive.,True, | Unknown FSSAI category,OpenFoodFacts / GS1 Database,2026-08-07 02:46:51,False,foodfactsindia.online,False,SECONDARY_ERYTHROSINE
9300650453487,mini OREO Caramilk Flavoured Cookie Sandwich with Caramel Flavoured Creme,Oreo,,CAT_07,TBHQ (E319),Additive (INS/E-Code),['JP'],Banned in JP according to additive rulebook. Functional Class: Antioxidant.,False,,OpenFoodFacts / GS1 Database,2026-08-07 02:46:51,True,foodfactsindia.online,False,PRIMARY_QUALIFYING
9300650454187,Chocolate Flavoured Sandwich with Vanilla Flavoured Creme,Oreo,,CAT_07,TBHQ (E319),Additive (INS/E-Code),['JP'],Banned in JP according to additive rulebook. Functional Class: Antioxidant.,False,,OpenFoodFacts / GS1 Database,2026-08-07 02:46:51,True,foodfactsindia.online,False,PRIMARY_QUALIFYING
7802000011900,Cheetos,PepsiCo,,Unknown,TBHQ (E319),Additive (INS/E-Code),['JP'],Banned in JP according to additive rulebook. Functional Class: Antioxidant.,True, | Unknown FSSAI category,OpenFoodFacts / GS1 Database,2026-08-07 02:46:51,False,foodfactsindia.online,False,PRIMARY_QUALIFYING
7802000011900,Cheetos,PepsiCo,,Unknown,Titanium Dioxide (E171),Additive (INS/E-Code),['EU'],Banned in EU according to additive rulebook. Functional Class: Colorant.,True, | Unknown FSSAI category,OpenFoodFacts / GS1 Database,2026-08-07 02:46:51,False,foodfactsindia.online,False,PRIMARY_QUALIFYING
9300650452381,Double Stuff Mint,Oreo,,CAT_07,TBHQ (E319),Additive (INS/E-Code),['JP'],Banned in JP according to additive rulebook. Functional Class: Antioxidant.,False,,OpenFoodFacts / GS1 Database,2026-08-07 02:46:51,True,foodfactsindia.online,False,PRIMARY_QUALIFYING
40099873,Extra Salty Licorice 14g,MARS NORGE AS,,Unknown,Titanium Dioxide (E171),Additive (INS/E-Code),['EU'],Banned in EU according to additive rulebook. Functional Class: Colorant.,True, | Unknown FSSAI category,OpenFoodFacts / GS1 Database,2026-08-07 02:46:51,False,foodfactsindia.online,False,PRIMARY_QUALIFYING
5000159479080,M&M Peanut,"Mars, Mars Chocolat","Snacks, Snacks sucrés, Cacao et dérivés, Confiseries, Confiseries chocolatées, Bonbons de chocolat, Fruits à coques enrobés de chocolat, Cacahuètes au chocolat",CAT_15,Titanium Dioxide (E171),Additive (INS/E-Code),['EU'],Banned in EU according to additive rulebook. Functional Class: Colorant.,False,,OpenFoodFacts / GS1 Database,2026-08-07 02:46:51,True,foodfactsindia.online,False,PRIMARY_QUALIFYING
7790310984468,Mini Tostadistas Sabor Jamón Ibérico,"PepsiCo,Twistos","Snacks,Salty snacks,Appetizers",CAT_15,Ponceau 4R (E124),Additive (INS/E-Code),['US'],Banned in US according to additive rulebook. Functional Class: Additive.,False,,OpenFoodFacts / GS1 Database,2026-08-07 02:46:51,True,foodfactsindia.online,False,PRIMARY_QUALIFYING
8886467117930,Pringles smokey bbq 100g,Pringles,"Plant-based foods and beverages, Plant-based foods, Snacks, Cereals and potatoes, Salty snacks, Appetizers, Chips and fries, Crisps, Salty snacks made from potato, Stacked extruded potato crisps",CAT_15,TBHQ (E319),Additive (INS/E-Code),['JP'],Banned in JP according to additive rulebook. Functional Class: Antioxidant.,False,,OpenFoodFacts / GS1 Database,2026-08-07 02:46:51,True,foodfactsindia.online,False,PRIMARY_QUALIFYING
8852756401738,LCMs kaleiods,Kellogg's,"Snacks, Sweet snacks, Bars",CAT_15,Titanium Dioxide (E171),Additive (INS/E-Code),['EU'],Banned in EU according to additive rulebook. Functional Class: Colorant.,False,,OpenFoodFacts / GS1 Database,2026-08-07 02:46:51,True,foodfactsindia.online,False,PRIMARY_QUALIFYING
7501059287228,Coffee mate caramelo,Nestlé,"Alimentos y bebidas de origen vegetal, Bebidas, Alimentos de origen vegetal, Cafés, Bebidas azucaradas, CREMAS, SUSTITUTO DE CREMA",Unknown,Titanium Dioxide (E171),Additive (INS/E-Code),['EU'],Banned in EU according to additive rulebook. Functional Class: Colorant.,True, | Unknown FSSAI category,OpenFoodFacts / GS1 Database,2026-08-07 02:46:51,False,foodfactsindia.online,False,PRIMARY_QUALIFYING
44000063757,Trolls Oreo,Oreo,,CAT_07,Erythrosine (E127),Additive (INS/E-Code),['US'],Banned in US according to additive rulebook. Functional Class: Additive.,True, | Non-standard barcode length,OpenFoodFacts / GS1 Database,2026-08-07 02:46:51,False,foodfactsindia.online,False,SECONDARY_ERYTHROSINE
72554001529,Frozen Dairy Dessert Cones,Nestle,"Desserts, Frozen foods, Frozen desserts",Unknown,Partially Hydrogenated Oil (PHO),Ingredient (Null INS),"['US', 'CA']",Banned in US (FDA 2018 GRAS revocation) and Canada due to industrial trans fats.,True, | Unknown FSSAI category | Non-standard barcode length,OpenFoodFacts / GS1 Database,2026-08-07 02:46:51,False,foodfactsindia.online,False,EXCLUDE_OFF_SCOPE
30087163,Chewing Gum parfum Cerise sans sucres Hollywood,"Cadbury, Hollywood","Snacks, Snacks sucrés, Confiseries, Chewing-gum, Chewing-gum sans sucres, Parfum cerise",CAT_15,Titanium Dioxide (E171),Additive (INS/E-Code),['EU'],Banned in EU according to additive rulebook. Functional Class: Colorant.,False,,OpenFoodFacts / GS1 Database,2026-08-07 02:46:51,True,foodfactsindia.online,False,PRIMARY_QUALIFYING
34260777,choc whizz,Heinz,,Unknown,TBHQ (E319),Additive (INS/E-Code),['JP'],Banned in JP according to additive rulebook. Functional Class: Antioxidant.,True, | Unknown FSSAI category,OpenFoodFacts / GS1 Database,2026-08-07 02:46:51,False,foodfactsindia.online,False,PRIMARY_QUALIFYING
40099361,Extra Sugarfree Peppermint 14g,"Mars inc, Wrigley's Extra",,Unknown,Titanium Dioxide (E171),Additive (INS/E-Code),['EU'],Banned in EU according to additive rulebook. Functional Class: Colorant.,True, | Unknown FSSAI category,OpenFoodFacts / GS1 Database,2026-08-07 02:46:51,False,foodfactsindia.online,False,PRIMARY_QUALIFYING
40822747,Schweppes,Coca-Cola,"Boissons et préparations de boissons,Boissons,Boissons gazeuses,Sodas,Boissons avec sucre ajouté,Boissons light,Boissons gazeuses sans jus de fruit à teneur réduite en sucres",CAT_14,Quinoline Yellow (E104),Additive (INS/E-Code),"['JP', 'US']","Banned in JP, US according to additive rulebook. Functional Class: Additive.",False,,OpenFoodFacts / GS1 Database,2026-08-07 02:46:51,True,foodfactsindia.online,False,MUST_REMOVE_BANNED_IN_INDIA
42069775,Extra Sweetmint 14g,Mars norge,"Snacks, Sweet snacks, Confectioneries, Chewing gum, en:sugar-free-chewing-gum",CAT_15,Titanium Dioxide (E171),Additive (INS/E-Code),['EU'],Banned in EU according to additive rulebook. Functional Class: Colorant.,False,,OpenFoodFacts / GS1 Database,2026-08-07 02:46:51,True,foodfactsindia.online,False,PRIMARY_QUALIFYING
42211464,Ice Peppermint Chewing Gum Sugar Free Pieces,"Extra, Cadbury",,CAT_05,Titanium Dioxide (E171),Additive (INS/E-Code),['EU'],Banned in EU according to additive rulebook. Functional Class: Colorant.,False,,OpenFoodFacts / GS1 Database,2026-08-07 02:46:51,True,foodfactsindia.online,False,PRIMARY_QUALIFYING
6271001736302,Hummus chips - Bliss,Kitco,en:appetizers,Unknown,TBHQ (E319),Additive (INS/E-Code),['JP'],Banned in JP according to additive rulebook. Functional Class: Antioxidant.,True, | Unknown FSSAI category,OpenFoodFacts / GS1 Database,2026-08-07 02:46:51,False,foodfactsindia.online,False,PRIMARY_QUALIFYING
75019426,M & M´s Minis,MARS,"Botanas, Snacks dulces, Cacao y sus productos, Chocolates",CAT_15,Titanium Dioxide (E171),Additive (INS/E-Code),['EU'],Banned in EU according to additive rulebook. Functional Class: Colorant.,False,,OpenFoodFacts / GS1 Database,2026-08-07 02:46:51,True,foodfactsindia.online,False,PRIMARY_QUALIFYING
745367361820,"Target, bloody bones decorating candies","Target,  Brand's Country Kitchen Supplies  Inc.","Snacks, Sweet snacks, Confectioneries",CAT_15,Titanium Dioxide (E171),Additive (INS/E-Code),['EU'],Banned in EU according to additive rulebook. Functional Class: Colorant.,False,,OpenFoodFacts / GS1 Database,2026-08-07 02:46:51,True,foodfactsindia.online,False,PRIMARY_QUALIFYING
745367367266,Holiday Decorating Candies,"Target Corporation,  Brand's Country Kitchen Supplies  Inc.",,Unknown,Partially Hydrogenated Oil (PHO),Ingredient (Null INS),"['US', 'CA']",Banned in US (FDA 2018 GRAS revocation) and Canada due to industrial trans fats.,True, | Unknown FSSAI category,OpenFoodFacts / GS1 Database,2026-08-07 02:46:51,False,foodfactsindia.online,False,EXCLUDE_OFF_SCOPE
93557153,"Lemon, line & bitter",Coca-Cola,,Unknown,Carmoisine / Azorubine (E122),Additive (INS/E-Code),"['JP', 'US']","Banned in JP, US according to additive rulebook. Functional Class: Additive.",True, | Unknown FSSAI category,OpenFoodFacts / GS1 Database,2026-08-07 02:46:51,False,foodfactsindia.online,False,PRIMARY_QUALIFYING
93657778,Salad cream,Heinz,,Unknown,TBHQ (E319),Additive (INS/E-Code),['JP'],Banned in JP according to additive rulebook. Functional Class: Antioxidant.,True, | Unknown FSSAI category,OpenFoodFacts / GS1 Database,2026-08-07 02:46:51,False,foodfactsindia.online,False,PRIMARY_QUALIFYING
93657778,Salad cream,Heinz,,Unknown,Titanium Dioxide (E171),Additive (INS/E-Code),['EU'],Banned in EU according to additive rulebook. Functional Class: Colorant.,True, | Unknown FSSAI category,OpenFoodFacts / GS1 Database,2026-08-07 02:46:51,False,foodfactsindia.online,False,PRIMARY_QUALIFYING
93698450,Tic Tac Fruit Adventure,Ferrero,"Snacks, Sweet snacks, Confectioneries, en:candies",CAT_15,Carmoisine / Azorubine (E122),Additive (INS/E-Code),"['JP', 'US']","Banned in JP, US according to additive rulebook. Functional Class: Additive.",False,,OpenFoodFacts / GS1 Database,2026-08-07 02:46:51,True,foodfactsindia.online,False,PRIMARY_QUALIFYING
8994963003272,Instant Noodles Special Chicken Flavour,Unbranded,,Unknown,TBHQ (E319),Additive (INS/E-Code),['JP'],Banned in JP according to additive rulebook. Functional Class: Antioxidant.,True, | Unknown FSSAI category,OpenFoodFacts / GS1 Database,2026-08-07 02:46:51,False,foodfactsindia.online,False,PRIMARY_QUALIFYING
711381319321,Chocolate Beach Stones,Stonewall Kitchen,,Unknown,Titanium Dioxide (E171),Additive (INS/E-Code),['EU'],Banned in EU according to additive rulebook. Functional Class: Colorant.,True, | Unknown FSSAI category,OpenFoodFacts / GS1 Database,2026-08-07 02:46:51,False,foodfactsindia.online,False,PRIMARY_QUALIFYING
8906026504961,Cream Roll,Nafees,,Unknown,Green S (E142),Additive (INS/E-Code),"['IN', 'JP', 'US']","Banned in IN, JP, US according to additive rulebook. Functional Class: Additive.",True,Claims banned in India - verify against FSSAI Schedule 2.4.5 | Unknown FSSAI category,OpenFoodFacts / GS1 Database,2026-08-07 02:46:51,False,foodfactsindia.online,True,MUST_REMOVE_BANNED_IN_INDIA
8908010271194,Osmania biscuit,Cafe niloufer,,Unknown,Partially Hydrogenated Oil (PHO),Ingredient (Null INS),"['US', 'CA']",Banned in US (FDA 2018 GRAS revocation) and Canada due to industrial trans fats.,True, | Unknown FSSAI category,OpenFoodFacts / GS1 Database,2026-08-07 02:46:51,False,foodfactsindia.online,True,EXCLUDE_OFF_SCOPE
8888307120063,Red Bull Plus,Red Bull,"Beverages, Energy drinks, Energy drink without sugar and with artificial sweeteners",CAT_14,Ponceau 4R (E124),Additive (INS/E-Code),['US'],Banned in US according to additive rulebook. Functional Class: Additive.,False,,OpenFoodFacts / GS1 Database,2026-08-07 02:46:51,True,foodfactsindia.online,False,PRIMARY_QUALIFYING
9300650454149,Oreo Double Stuffed Sour Patch Kids Cookies 136g,Oreo,,CAT_07,TBHQ (E319),Additive (INS/E-Code),['JP'],Banned in JP according to additive rulebook. Functional Class: Antioxidant.,False,,OpenFoodFacts / GS1 Database,2026-08-07 02:46:51,True,foodfactsindia.online,False,PRIMARY_QUALIFYING
7622300761349,Oreo Mini Stuffed With Vanilla Cream Cookies Imp,Oreo,,CAT_07,TBHQ (E319),Additive (INS/E-Code),['JP'],Banned in JP according to additive rulebook. Functional Class: Antioxidant.,False,,OpenFoodFacts / GS1 Database,2026-08-07 02:46:51,True,foodfactsindia.online,False,PRIMARY_QUALIFYING
7622201718350,OREO COBERTURA SABOR A CHOCOLATE BLANCO,Oreo,,CAT_07,Titanium Dioxide (E171),Additive (INS/E-Code),['EU'],Banned in EU according to additive rulebook. Functional Class: Colorant.,False,,OpenFoodFacts / GS1 Database,2026-08-07 02:46:51,True,foodfactsindia.online,False,PRIMARY_QUALIFYING
9300650451506,Oreo Double Stuffed Cinnamon Bun,Oreo,,CAT_07,TBHQ (E319),Additive (INS/E-Code),['JP'],Banned in JP according to additive rulebook. Functional Class: Antioxidant.,False,,OpenFoodFacts / GS1 Database,2026-08-07 02:46:51,True,foodfactsindia.online,False,PRIMARY_QUALIFYING
7622300484071,Oreo Golden Roll,Oreo,,CAT_07,TBHQ (E319),Additive (INS/E-Code),['JP'],Banned in JP according to additive rulebook. Functional Class: Antioxidant.,False,,OpenFoodFacts / GS1 Database,2026-08-07 02:46:51,True,foodfactsindia.online,False,PRIMARY_QUALIFYING
9300650454101,Double Stuff Oreo Pascall Marshmallows,Oreo,,CAT_07,TBHQ (E319),Additive (INS/E-Code),['JP'],Banned in JP according to additive rulebook. Functional Class: Antioxidant.,False,,OpenFoodFacts / GS1 Database,2026-08-07 02:46:51,True,foodfactsindia.online,False,PRIMARY_QUALIFYING
7622210708434,Oreo Dark and White Chocolate Flavoured Cream Sandwich Cookies,"Oreo, Mondelez International","Desserts, en:filled-biscuits",CAT_07,TBHQ (E319),Additive (INS/E-Code),['JP'],Banned in JP according to additive rulebook. Functional Class: Antioxidant.,False,,OpenFoodFacts / GS1 Database,2026-08-07 02:46:51,True,foodfactsindia.online,False,PRIMARY_QUALIFYING
9300650450615,Oreo Double stuff,Oreo,,CAT_07,TBHQ (E319),Additive (INS/E-Code),['JP'],Banned in JP according to additive rulebook. Functional Class: Antioxidant.,False,,OpenFoodFacts / GS1 Database,2026-08-07 02:46:51,True,foodfactsindia.online,False,PRIMARY_QUALIFYING
9310034002392,Mini Oreo,Oreo,,CAT_07,TBHQ (E319),Additive (INS/E-Code),['JP'],Banned in JP according to additive rulebook. Functional Class: Antioxidant.,False,,OpenFoodFacts / GS1 Database,2026-08-07 02:46:51,True,foodfactsindia.online,False,PRIMARY_QUALIFYING
9300650451728,Oreo,Oreo,"Snacks, Sweet snacks, Biscuits and cakes, Biscuits, Filled biscuits, Chocolate sandwich cookies",CAT_15,TBHQ (E319),Additive (INS/E-Code),['JP'],Banned in JP according to additive rulebook. Functional Class: Antioxidant.,False,,OpenFoodFacts / GS1 Database,2026-08-07 02:46:51,True,foodfactsindia.online,False,PRIMARY_QUALIFYING
9300650025479,"choc Oreos 
oreo choc split",Oreo,"Snacks, Sweet snacks, Biscuits and cakes, Biscuits",CAT_15,TBHQ (E319),Additive (INS/E-Code),['JP'],Banned in JP according to additive rulebook. Functional Class: Antioxidant.,False,,OpenFoodFacts / GS1 Database,2026-08-07 02:46:51,True,foodfactsindia.online,False,PRIMARY_QUALIFYING
9300650452701,OREO Original Choc Cookie Sandwich with Sweet Vanilla Creme,Oreo,,CAT_07,TBHQ (E319),Additive (INS/E-Code),['JP'],Banned in JP according to additive rulebook. Functional Class: Antioxidant.,False,,OpenFoodFacts / GS1 Database,2026-08-07 02:46:51,True,foodfactsindia.online,False,PRIMARY_QUALIFYING
8992760223022,oreo (bwn) chocolate 27.6g,Oreo,,CAT_07,TBHQ (E319),Additive (INS/E-Code),['JP'],Banned in JP according to additive rulebook. Functional Class: Antioxidant.,False,,OpenFoodFacts / GS1 Database,2026-08-07 02:46:51,True,foodfactsindia.online,False,PRIMARY_QUALIFYING
9300650022539,Oreo,Oreo,"Snacks, Sweet snacks, Biscuits and cakes, Biscuits, Filled biscuits, Chocolate sandwich cookies, Sandwich biscuits",CAT_15,TBHQ (E319),Additive (INS/E-Code),['JP'],Banned in JP according to additive rulebook. Functional Class: Antioxidant.,False,,OpenFoodFacts / GS1 Database,2026-08-07 02:46:51,True,foodfactsindia.online,False,PRIMARY_QUALIFYING
4892642101926,Oreo Chocolate Creme Cookies,Oreo,en:chocolate-sandwich-cookies,CAT_14,TBHQ (E319),Additive (INS/E-Code),['JP'],Banned in JP according to additive rulebook. Functional Class: Antioxidant.,False,,OpenFoodFacts / GS1 Database,2026-08-07 02:46:51,True,foodfactsindia.online,False,PRIMARY_QUALIFYING
8992760121014,oreo (w) vanilla 27.6g,Oreo,,CAT_07,TBHQ (E319),Additive (INS/E-Code),['JP'],Banned in JP according to additive rulebook. Functional Class: Antioxidant.,False,,OpenFoodFacts / GS1 Database,2026-08-07 02:46:51,True,foodfactsindia.online,False,PRIMARY_QUALIFYING
7622210515278,mini oreo,"Oreo, โอรีโอ",,CAT_07,TBHQ (E319),Additive (INS/E-Code),['JP'],Banned in JP according to additive rulebook. Functional Class: Antioxidant.,False,,OpenFoodFacts / GS1 Database,2026-08-07 02:46:51,True,foodfactsindia.online,False,PRIMARY_QUALIFYING
7622201430122,Oreo goût ice cream,Oreo,,CAT_07,TBHQ (E319),Additive (INS/E-Code),['JP'],Banned in JP according to additive rulebook. Functional Class: Antioxidant.,False,,OpenFoodFacts / GS1 Database,2026-08-07 02:46:51,True,foodfactsindia.online,False,PRIMARY_QUALIFYING
7622300878962,Oreo Less Sugar Vanilla Cream Chocolate Sandwich Cookies,Oreo,"Snacks, Sweet snacks, Biscuits and cakes, Biscuits, Chocolate biscuits",CAT_15,TBHQ (E319),Additive (INS/E-Code),['JP'],Banned in JP according to additive rulebook. Functional Class: Antioxidant.,False,,OpenFoodFacts / GS1 Database,2026-08-07 02:46:51,True,foodfactsindia.online,False,PRIMARY_QUALIFYING
7622202234903,Oreo coca cola,Oreo,,CAT_07,TBHQ (E319),Additive (INS/E-Code),['JP'],Banned in JP according to additive rulebook. Functional Class: Antioxidant.,False,,OpenFoodFacts / GS1 Database,2026-08-07 02:46:51,True,foodfactsindia.online,False,PRIMARY_QUALIFYING
7790310982433,Lays jamón serrano,"Lay's,Pepsico","Alimentos y bebidas de origen vegetal, Alimentos de origen vegetal, Botanas, Cereales y patatas, Snacks salados, Aperitivos, en:Chips and fries, Chips fritos, Chips de patatas fritas, Chips de patatas fritas con sabores",CAT_15,Ponceau 4R (E124),Additive (INS/E-Code),['US'],Banned in US according to additive rulebook. Functional Class: Additive.,False,,OpenFoodFacts / GS1 Database,2026-08-07 02:46:51,True,foodfactsindia.online,False,PRIMARY_QUALIFYING
8002270033902,Sanbitter,"Nestlé,San Pellegrino","Boissons et préparations de boissons,Boissons,Boissons gazeuses,Sodas",CAT_14,Carmoisine / Azorubine (E122),Additive (INS/E-Code),"['JP', 'US']","Banned in JP, US according to additive rulebook. Functional Class: Additive.",False,,OpenFoodFacts / GS1 Database,2026-08-07 02:46:51,True,foodfactsindia.online,False,PRIMARY_QUALIFYING
58496456610,Miniar,Mars,"Snacks, Sweet snacks, Cocoa and its products, Confectioneries, Chocolate candies, Bonbons, Candies",CAT_15,Titanium Dioxide (E171),Additive (INS/E-Code),['EU'],Banned in EU according to additive rulebook. Functional Class: Colorant.,True, | Non-standard barcode length,OpenFoodFacts / GS1 Database,2026-08-07 02:46:51,False,foodfactsindia.online,False,PRIMARY_QUALIFYING
786832820435,Asiago Dinner Rolls,Royal Kitchens  Inc.,"Plant-based foods and beverages, Plant-based foods, Cereals and potatoes, Breads",CAT_14,Potassium Bromate (E924A),Additive (INS/E-Code),"['EU', 'IN']","Banned in EU, IN according to additive rulebook. Functional Class: FLOUR_TREATMENT_AGENT.",True,Claims banned in India - verify against FSSAI Schedule 2.4.5,OpenFoodFacts / GS1 Database,2026-08-07 02:46:51,False,foodfactsindia.online,False,MUST_REMOVE_BANNED_IN_INDIA
71214054226,Lemon Creme Cake,Old Home Kitchens,,Unknown,Partially Hydrogenated Oil (PHO),Ingredient (Null INS),"['US', 'CA']",Banned in US (FDA 2018 GRAS revocation) and Canada due to industrial trans fats.,True, | Unknown FSSAI category | Non-standard barcode length,OpenFoodFacts / GS1 Database,2026-08-07 02:46:51,False,foodfactsindia.online,False,EXCLUDE_OFF_SCOPE
38000121593,"Cereal bars, blueberry",Kellogg's,Snacks,CAT_15,Partially Hydrogenated Oil (PHO),Ingredient (Null INS),"['US', 'CA']",Banned in US (FDA 2018 GRAS revocation) and Canada due to industrial trans fats.,True, | Non-standard barcode length,OpenFoodFacts / GS1 Database,2026-08-07 02:46:51,False,foodfactsindia.online,False,EXCLUDE_OFF_SCOPE
21130501755,"Signature kitchens, curious george, flavored snacks, assorted fruit","Signature Kitchens,  Safeway  Inc.","Snacks, Sweet snacks, Confectioneries",CAT_15,Partially Hydrogenated Oil (PHO),Ingredient (Null INS),"['US', 'CA']",Banned in US (FDA 2018 GRAS revocation) and Canada due to industrial trans fats.,True, | Non-standard barcode length,OpenFoodFacts / GS1 Database,2026-08-07 02:46:51,False,foodfactsindia.online,False,EXCLUDE_OFF_SCOPE
745367366559,Day Of The Dead Sprinkles Decorating Candies,Brand's Country Kitchen Supplies  Inc.,Baking decorations,Unknown,Erythrosine (E127),Additive (INS/E-Code),['US'],Banned in US according to additive rulebook. Functional Class: Additive.,True, | Unknown FSSAI category,OpenFoodFacts / GS1 Database,2026-08-07 02:46:51,False,foodfactsindia.online,False,SECONDARY_ERYTHROSINE
745367366559,Day Of The Dead Sprinkles Decorating Candies,Brand's Country Kitchen Supplies  Inc.,Baking decorations,Unknown,Partially Hydrogenated Oil (PHO),Ingredient (Null INS),"['US', 'CA']",Banned in US (FDA 2018 GRAS revocation) and Canada due to industrial trans fats.,True, | Unknown FSSAI category,OpenFoodFacts / GS1 Database,2026-08-07 02:46:51,False,foodfactsindia.online,False,EXCLUDE_OFF_SCOPE
745367367235,"Target corporation, holly & berries decorating candies","Target Corporation,  Brand's Country Kitchen Supplies  Inc.",Baking decorations,Unknown,Partially Hydrogenated Oil (PHO),Ingredient (Null INS),"['US', 'CA']",Banned in US (FDA 2018 GRAS revocation) and Canada due to industrial trans fats.,True, | Unknown FSSAI category,OpenFoodFacts / GS1 Database,2026-08-07 02:46:51,False,foodfactsindia.online,False,EXCLUDE_OFF_SCOPE
745367368010,"C.K. Products, Llc, Nonpareils Decorating Candies",Brand's Country Kitchen Supplies  Inc.,"Snacks, Sweet snacks, Confectioneries",CAT_15,Erythrosine (E127),Additive (INS/E-Code),['US'],Banned in US according to additive rulebook. Functional Class: Additive.,False,,OpenFoodFacts / GS1 Database,2026-08-07 02:46:51,True,foodfactsindia.online,False,SECONDARY_ERYTHROSINE
64100148833,Double Toasted Cheez-it,Kellogg's,,Unknown,TBHQ (E319),Additive (INS/E-Code),['JP'],Banned in JP according to additive rulebook. Functional Class: Antioxidant.,True, | Unknown FSSAI category | Non-standard barcode length,OpenFoodFacts / GS1 Database,2026-08-07 02:46:51,False,foodfactsindia.online,False,PRIMARY_QUALIFYING
23933665191,Banana Foster Pie,Dierbergs Kitchen,undefined,Unknown,Partially Hydrogenated Oil (PHO),Ingredient (Null INS),"['US', 'CA']",Banned in US (FDA 2018 GRAS revocation) and Canada due to industrial trans fats.,True, | Unknown FSSAI category | Non-standard barcode length,OpenFoodFacts / GS1 Database,2026-08-07 02:46:51,False,foodfactsindia.online,False,EXCLUDE_OFF_SCOPE
9300605106598,Noodles,Maggi,"Aliments et boissons à base de végétaux, Aliments d'origine végétale, Céréales et pommes de terre, Céréales et dérivés, Produits déshydratés, Pâtes alimentaires, Produits lyophilisés à reconstituer, Nouilles, Nouilles instantanées, Nouilles chinoises",CAT_06,TBHQ (E319),Additive (INS/E-Code),['JP'],Banned in JP according to additive rulebook. Functional Class: Antioxidant.,False,,OpenFoodFacts / GS1 Database,2026-08-07 02:46:51,True,foodfactsindia.online,False,PRIMARY_QUALIFYING
2544317101,POP TARTS FROSTED STRAWBERRY,KELLOGG´S,"Snacks, Sweet snacks, Biscuits and cakes, Biscuits, Toaster pastries, es:Tarta de trigo, en:pies",CAT_15,Titanium Dioxide (E171),Additive (INS/E-Code),['EU'],Banned in EU according to additive rulebook. Functional Class: Colorant.,True, | Non-standard barcode length,OpenFoodFacts / GS1 Database,2026-08-07 02:46:51,False,foodfactsindia.online,False,PRIMARY_QUALIFYING
41548662947,Ice Cream,Nestlé,"Desserts, Frozen foods, Frozen desserts",Unknown,TBHQ (E319),Additive (INS/E-Code),['JP'],Banned in JP according to additive rulebook. Functional Class: Antioxidant.,True, | Unknown FSSAI category | Non-standard barcode length,OpenFoodFacts / GS1 Database,2026-08-07 02:46:51,False,foodfactsindia.online,False,PRIMARY_QUALIFYING
855883003088,Pumpkin Pie,Home Chef Kitchen  Inc.,"Snacks, Sweet snacks, Biscuits and cakes, Cakes, Sweet pies, Pies, Pumpkin pies",CAT_15,Partially Hydrogenated Oil (PHO),Ingredient (Null INS),"['US', 'CA']",Banned in US (FDA 2018 GRAS revocation) and Canada due to industrial trans fats.,False,,OpenFoodFacts / GS1 Database,2026-08-07 02:46:51,True,foodfactsindia.online,False,EXCLUDE_OFF_SCOPE
7622210106988,DAIRY MILK MARVELLOUS CREATIONS JELLY POPPING CANDY,Cadbury,,CAT_05,Titanium Dioxide (E171),Additive (INS/E-Code),['EU'],Banned in EU according to additive rulebook. Functional Class: Colorant.,False,,OpenFoodFacts / GS1 Database,2026-08-07 02:46:51,True,foodfactsindia.online,False,PRIMARY_QUALIFYING
9556001171337,CHICKEN NOODLES,Maggi,"Plant-based foods and beverages,Plant-based foods,Meals,Dried products,Pastas,Dried products to be rehydrated,Noodles,Soups,Dried meals,Instant noodles,Dehydrated soups",CAT_14,TBHQ (E319),Additive (INS/E-Code),['JP'],Banned in JP according to additive rulebook. Functional Class: Antioxidant.,False,,OpenFoodFacts / GS1 Database,2026-08-07 02:46:51,True,foodfactsindia.online,False,PRIMARY_QUALIFYING
40000499268,"Snickers, peanut butter eggs",Snickers,"Snacks, Sweet snacks, Confectioneries",CAT_15,Partially Hydrogenated Oil (PHO),Ingredient (Null INS),"['US', 'CA']",Banned in US (FDA 2018 GRAS revocation) and Canada due to industrial trans fats.,True, | Non-standard barcode length,OpenFoodFacts / GS1 Database,2026-08-07 02:46:51,False,foodfactsindia.online,False,EXCLUDE_OFF_SCOPE
7501059285200,COFFEE MATE VAINILLA,NESTLE,"Alimentos y bebidas de origen vegetal, Bebidas, Alimentos de origen vegetal, Cafés, Bebidas azucaradas, CREMAS, SUSTITUTO DE CREMA",Unknown,Titanium Dioxide (E171),Additive (INS/E-Code),['EU'],Banned in EU according to additive rulebook. Functional Class: Colorant.,True, | Unknown FSSAI category,OpenFoodFacts / GS1 Database,2026-08-07 02:46:51,False,foodfactsindia.online,False,PRIMARY_QUALIFYING
5425032430703,Fruit lollipops,Sweet switch,,Unknown,Titanium Dioxide (E171),Additive (INS/E-Code),['EU'],Banned in EU according to additive rulebook. Functional Class: Colorant.,True, | Unknown FSSAI category,OpenFoodFacts / GS1 Database,2026-08-07 02:46:51,False,foodfactsindia.online,False,PRIMARY_QUALIFYING
28000736095,Home style vegetable pasta & chicken flavor soup mix,Maggi,"Meals, Soups",CAT_12,TBHQ (E319),Additive (INS/E-Code),['JP'],Banned in JP according to additive rulebook. Functional Class: Antioxidant.,True, | Non-standard barcode length,OpenFoodFacts / GS1 Database,2026-08-07 02:46:51,False,foodfactsindia.online,False,PRIMARY_QUALIFYING
28000736095,Home style vegetable pasta & chicken flavor soup mix,Maggi,"Meals, Soups",CAT_12,Partially Hydrogenated Oil (PHO),Ingredient (Null INS),"['US', 'CA']",Banned in US (FDA 2018 GRAS revocation) and Canada due to industrial trans fats.,True, | Non-standard barcode length,OpenFoodFacts / GS1 Database,2026-08-07 02:46:51,False,foodfactsindia.online,False,EXCLUDE_OFF_SCOPE
9556001137722,2 Minute Noodles Chicken Flavour,Maggi,"Plant-based foods and beverages,Plant-based foods,Cereals and potatoes,Cereals and their products,Dried products,Pastas,Dried products to be rehydrated,Noodles,Instant noodles",CAT_14,TBHQ (E319),Additive (INS/E-Code),['JP'],Banned in JP according to additive rulebook. Functional Class: Antioxidant.,False,,OpenFoodFacts / GS1 Database,2026-08-07 02:46:51,True,foodfactsindia.online,False,PRIMARY_QUALIFYING
37600247917,Birthday Cake,Kid's Kitchen,undefined,Unknown,Erythrosine (E127),Additive (INS/E-Code),['US'],Banned in US according to additive rulebook. Functional Class: Additive.,True, | Unknown FSSAI category | Non-standard barcode length,OpenFoodFacts / GS1 Database,2026-08-07 02:46:51,False,foodfactsindia.online,False,SECONDARY_ERYTHROSINE
760263000659,Mix soup crmy wldrice,Bear Creek Country Kitchens,"Meals, Soups",CAT_12,Titanium Dioxide (E171),Additive (INS/E-Code),['EU'],Banned in EU according to additive rulebook. Functional Class: Colorant.,False,,OpenFoodFacts / GS1 Database,2026-08-07 02:46:51,True,foodfactsindia.online,False,PRIMARY_QUALIFYING
760263811309,"Family style macaroni & cheese dinner, family style",Bear Creek Country Kitchens,"Meals, Pasta dishes",CAT_06,Partially Hydrogenated Oil (PHO),Ingredient (Null INS),"['US', 'CA']",Banned in US (FDA 2018 GRAS revocation) and Canada due to industrial trans fats.,False,,OpenFoodFacts / GS1 Database,2026-08-07 02:46:51,True,foodfactsindia.online,False,EXCLUDE_OFF_SCOPE
760263911405,Creamy cheddar pasta mix,Bear Creek Country Kitchens,"Meals, Pasta dishes",CAT_06,Partially Hydrogenated Oil (PHO),Ingredient (Null INS),"['US', 'CA']",Banned in US (FDA 2018 GRAS revocation) and Canada due to industrial trans fats.,False,,OpenFoodFacts / GS1 Database,2026-08-07 02:46:51,True,foodfactsindia.online,False,EXCLUDE_OFF_SCOPE
8019447219090,Decorgel,"Maggi, Modecor",Decorazioni alimentari,CAT_06,Titanium Dioxide (E171),Additive (INS/E-Code),['EU'],Banned in EU according to additive rulebook. Functional Class: Colorant.,False,,OpenFoodFacts / GS1 Database,2026-08-07 02:46:51,True,foodfactsindia.online,False,PRIMARY_QUALIFYING
28000822057,Bars,Nestlé,"Snacks, Sweet snacks, Cocoa and its products, Confectioneries, Chocolate candies",CAT_15,TBHQ (E319),Additive (INS/E-Code),['JP'],Banned in JP according to additive rulebook. Functional Class: Antioxidant.,True, | Non-standard barcode length,OpenFoodFacts / GS1 Database,2026-08-07 02:46:51,False,foodfactsindia.online,False,PRIMARY_QUALIFYING
690166227276,Trail Mix,Nature's Kitchen,Snacks,CAT_15,Titanium Dioxide (E171),Additive (INS/E-Code),['EU'],Banned in EU according to additive rulebook. Functional Class: Colorant.,False,,OpenFoodFacts / GS1 Database,2026-08-07 02:46:51,True,foodfactsindia.online,False,PRIMARY_QUALIFYING
690166227276,Trail Mix,Nature's Kitchen,Snacks,CAT_15,Partially Hydrogenated Oil (PHO),Ingredient (Null INS),"['US', 'CA']",Banned in US (FDA 2018 GRAS revocation) and Canada due to industrial trans fats.,False,,OpenFoodFacts / GS1 Database,2026-08-07 02:46:51,True,foodfactsindia.online,False,EXCLUDE_OFF_SCOPE
64100126121,Crackers - Town House Original,Kellogg's,"snacks, salty-snacks, appetizers, da:crackers",CAT_15,TBHQ (E319),Additive (INS/E-Code),['JP'],Banned in JP according to additive rulebook. Functional Class: Antioxidant.,True, | Non-standard barcode length,OpenFoodFacts / GS1 Database,2026-08-07 02:46:51,False,foodfactsindia.online,False,PRIMARY_QUALIFYING
5998710960729,Nesquik 200-Nestle,Nestlé,"Beverages, Cocoa and its products, Cocoa and chocolate powders, Instant beverages, Chocolate-powders, en:instant-chocolate-powders",CAT_14,Carmoisine / Azorubine (E122),Additive (INS/E-Code),"['JP', 'US']","Banned in JP, US according to additive rulebook. Functional Class: Additive.",False,,OpenFoodFacts / GS1 Database,2026-08-07 02:46:51,True,foodfactsindia.online,False,PRIMARY_QUALIFYING
5998710960729,Nesquik 200-Nestle,Nestlé,"Beverages, Cocoa and its products, Cocoa and chocolate powders, Instant beverages, Chocolate-powders, en:instant-chocolate-powders",CAT_14,Patent Blue V (E131),Additive (INS/E-Code),"['IN', 'JP', 'US']","Banned in IN, JP, US according to additive rulebook. Functional Class: Additive.",True,Claims banned in India - verify against FSSAI Schedule 2.4.5,OpenFoodFacts / GS1 Database,2026-08-07 02:46:51,False,foodfactsindia.online,False,MUST_REMOVE_BANNED_IN_INDIA
38000391255,"Froot loops, sweetened multi-grain cereal",Kellogg's,"Plant-based foods and beverages, Plant-based foods, Cereals and potatoes, Cereals and their products",CAT_14,Partially Hydrogenated Oil (PHO),Ingredient (Null INS),"['US', 'CA']",Banned in US (FDA 2018 GRAS revocation) and Canada due to industrial trans fats.,True, | Non-standard barcode length,OpenFoodFacts / GS1 Database,2026-08-07 02:46:51,False,foodfactsindia.online,False,EXCLUDE_OFF_SCOPE
21130185788,Flaky Gem Rolls,Signature Kitchens,undefined,Unknown,Partially Hydrogenated Oil (PHO),Ingredient (Null INS),"['US', 'CA']",Banned in US (FDA 2018 GRAS revocation) and Canada due to industrial trans fats.,True, | Unknown FSSAI category | Non-standard barcode length,OpenFoodFacts / GS1 Database,2026-08-07 02:46:51,False,foodfactsindia.online,False,EXCLUDE_OFF_SCOPE
34695122617,Rotisserie Chicken,Soules Kitchen,Meals,Unknown,Partially Hydrogenated Oil (PHO),Ingredient (Null INS),"['US', 'CA']",Banned in US (FDA 2018 GRAS revocation) and Canada due to industrial trans fats.,True, | Unknown FSSAI category | Non-standard barcode length,OpenFoodFacts / GS1 Database,2026-08-07 02:46:51,False,foodfactsindia.online,False,EXCLUDE_OFF_SCOPE
73402345109,Powdered Donuts,"Country Kitchen,  Lepage Bakeries  Inc.","Snacks, Sweet snacks, Biscuits and cakes, Cakes",CAT_15,Titanium Dioxide (E171),Additive (INS/E-Code),['EU'],Banned in EU according to additive rulebook. Functional Class: Colorant.,True, | Non-standard barcode length,OpenFoodFacts / GS1 Database,2026-08-07 02:46:51,False,foodfactsindia.online,False,PRIMARY_QUALIFYING
73402345109,Powdered Donuts,"Country Kitchen,  Lepage Bakeries  Inc.","Snacks, Sweet snacks, Biscuits and cakes, Cakes",CAT_15,Partially Hydrogenated Oil (PHO),Ingredient (Null INS),"['US', 'CA']",Banned in US (FDA 2018 GRAS revocation) and Canada due to industrial trans fats.,True, | Non-standard barcode length,OpenFoodFacts / GS1 Database,2026-08-07 02:46:51,False,foodfactsindia.online,False,EXCLUDE_OFF_SCOPE
28000881054,"Maggi, bouillon cubes, vegetable",Nestlé,,Unknown,TBHQ (E319),Additive (INS/E-Code),['JP'],Banned in JP according to additive rulebook. Functional Class: Antioxidant.,True, | Unknown FSSAI category | Non-standard barcode length,OpenFoodFacts / GS1 Database,2026-08-07 02:46:51,False,foodfactsindia.online,False,PRIMARY_QUALIFYING
28000881054,"Maggi, bouillon cubes, vegetable",Nestlé,,Unknown,Partially Hydrogenated Oil (PHO),Ingredient (Null INS),"['US', 'CA']",Banned in US (FDA 2018 GRAS revocation) and Canada due to industrial trans fats.,True, | Unknown FSSAI category | Non-standard barcode length,OpenFoodFacts / GS1 Database,2026-08-07 02:46:51,False,foodfactsindia.online,False,EXCLUDE_OFF_SCOPE
50000990467,French Vanilla,Nestle Coffee Mate,"Plant-based foods and beverages, Dairy substitutes, Milk substitutes, Creamer",CAT_14,Partially Hydrogenated Oil (PHO),Ingredient (Null INS),"['US', 'CA']",Banned in US (FDA 2018 GRAS revocation) and Canada due to industrial trans fats.,True, | Non-standard barcode length,OpenFoodFacts / GS1 Database,2026-08-07 02:46:51,False,foodfactsindia.online,False,EXCLUDE_OFF_SCOPE
21130495511,Chicken Gravy,Safeway Kitchens,undefined,Unknown,Partially Hydrogenated Oil (PHO),Ingredient (Null INS),"['US', 'CA']",Banned in US (FDA 2018 GRAS revocation) and Canada due to industrial trans fats.,True, | Unknown FSSAI category | Non-standard barcode length,OpenFoodFacts / GS1 Database,2026-08-07 02:46:51,False,foodfactsindia.online,False,EXCLUDE_OFF_SCOPE
21130495597,Homestyle Gravy Savory Beef,Signature Kitchens,undefined,Unknown,Partially Hydrogenated Oil (PHO),Ingredient (Null INS),"['US', 'CA']",Banned in US (FDA 2018 GRAS revocation) and Canada due to industrial trans fats.,True, | Unknown FSSAI category | Non-standard barcode length,OpenFoodFacts / GS1 Database,2026-08-07 02:46:51,False,foodfactsindia.online,False,EXCLUDE_OFF_SCOPE
40000492290,"Snickers, bar, milk chocolate, peanuts, caramel & nougat",Snickers,"Snacks, Sweet snacks, Confectioneries",CAT_15,Partially Hydrogenated Oil (PHO),Ingredient (Null INS),"['US', 'CA']",Banned in US (FDA 2018 GRAS revocation) and Canada due to industrial trans fats.,True, | Non-standard barcode length,OpenFoodFacts / GS1 Database,2026-08-07 02:46:51,False,foodfactsindia.online,False,EXCLUDE_OFF_SCOPE
44000068158,Oreo Strawberry Frosted Donut,Oreo,,CAT_07,Erythrosine (E127),Additive (INS/E-Code),['US'],Banned in US according to additive rulebook. Functional Class: Additive.,True, | Non-standard barcode length,OpenFoodFacts / GS1 Database,2026-08-07 02:46:51,False,foodfactsindia.online,False,SECONDARY_ERYTHROSINE
745367368232,Easter Sprinkles,Brand's Country Kitchen Supplies  Inc.,Baking decorations,Unknown,Erythrosine (E127),Additive (INS/E-Code),['US'],Banned in US according to additive rulebook. Functional Class: Additive.,True, | Unknown FSSAI category,OpenFoodFacts / GS1 Database,2026-08-07 02:46:51,False,foodfactsindia.online,False,SECONDARY_ERYTHROSINE
37600248068,"Kid's kitchen, instant pudding, chocolate peanut butter",Kid's Kitchen,Desserts,Unknown,Titanium Dioxide (E171),Additive (INS/E-Code),['EU'],Banned in EU according to additive rulebook. Functional Class: Colorant.,True, | Unknown FSSAI category | Non-standard barcode length,OpenFoodFacts / GS1 Database,2026-08-07 02:46:51,False,foodfactsindia.online,False,PRIMARY_QUALIFYING
37600248068,"Kid's kitchen, instant pudding, chocolate peanut butter",Kid's Kitchen,Desserts,Unknown,Partially Hydrogenated Oil (PHO),Ingredient (Null INS),"['US', 'CA']",Banned in US (FDA 2018 GRAS revocation) and Canada due to industrial trans fats.,True, | Unknown FSSAI category | Non-standard barcode length,OpenFoodFacts / GS1 Database,2026-08-07 02:46:51,False,foodfactsindia.online,False,EXCLUDE_OFF_SCOPE
28000130008,Candy,Nestle,"Snacks, Sweet snacks, Confectioneries, Candies",CAT_15,TBHQ (E319),Additive (INS/E-Code),['JP'],Banned in JP according to additive rulebook. Functional Class: Antioxidant.,True, | Non-standard barcode length,OpenFoodFacts / GS1 Database,2026-08-07 02:46:51,False,foodfactsindia.online,False,PRIMARY_QUALIFYING
40000503170,"Snickers, fun size crisper",Snickers,"Snacks, Sweet snacks, Cocoa and its products, Confectioneries, Chocolate candies",CAT_15,Partially Hydrogenated Oil (PHO),Ingredient (Null INS),"['US', 'CA']",Banned in US (FDA 2018 GRAS revocation) and Canada due to industrial trans fats.,True, | Non-standard barcode length,OpenFoodFacts / GS1 Database,2026-08-07 02:46:51,False,foodfactsindia.online,False,EXCLUDE_OFF_SCOPE
66721009401,White Fudge Covered Oreos,"Oreo,",,CAT_07,Titanium Dioxide (E171),Additive (INS/E-Code),['EU'],Banned in EU according to additive rulebook. Functional Class: Colorant.,True, | Non-standard barcode length,OpenFoodFacts / GS1 Database,2026-08-07 02:46:51,False,foodfactsindia.online,False,PRIMARY_QUALIFYING
690166227313,Fruit & Nut Yogurt Mix,Nature's Kitchen,Snacks,CAT_15,Titanium Dioxide (E171),Additive (INS/E-Code),['EU'],Banned in EU according to additive rulebook. Functional Class: Colorant.,False,,OpenFoodFacts / GS1 Database,2026-08-07 02:46:51,True,foodfactsindia.online,False,PRIMARY_QUALIFYING
690166227313,Fruit & Nut Yogurt Mix,Nature's Kitchen,Snacks,CAT_15,Partially Hydrogenated Oil (PHO),Ingredient (Null INS),"['US', 'CA']",Banned in US (FDA 2018 GRAS revocation) and Canada due to industrial trans fats.,False,,OpenFoodFacts / GS1 Database,2026-08-07 02:46:51,True,foodfactsindia.online,False,EXCLUDE_OFF_SCOPE
28000517311,"Maggi, creamy seafood soup mix",Maggi,"Meals, Soups",CAT_12,TBHQ (E319),Additive (INS/E-Code),['JP'],Banned in JP according to additive rulebook. Functional Class: Antioxidant.,True, | Non-standard barcode length,OpenFoodFacts / GS1 Database,2026-08-07 02:46:51,False,foodfactsindia.online,False,PRIMARY_QUALIFYING
28000517311,"Maggi, creamy seafood soup mix",Maggi,"Meals, Soups",CAT_12,Partially Hydrogenated Oil (PHO),Ingredient (Null INS),"['US', 'CA']",Banned in US (FDA 2018 GRAS revocation) and Canada due to industrial trans fats.,True, | Non-standard barcode length,OpenFoodFacts / GS1 Database,2026-08-07 02:46:51,False,foodfactsindia.online,False,EXCLUDE_OFF_SCOPE
28000800093,Liquid coffee creamer,Nestlé,"Plant-based foods and beverages, Dairy substitutes, Milk substitutes, Creamer",CAT_14,Partially Hydrogenated Oil (PHO),Ingredient (Null INS),"['US', 'CA']",Banned in US (FDA 2018 GRAS revocation) and Canada due to industrial trans fats.,True, | Non-standard barcode length,OpenFoodFacts / GS1 Database,2026-08-07 02:46:51,False,foodfactsindia.online,False,EXCLUDE_OFF_SCOPE
21130110025,Cornbread Stuffing Mix,"Safeway Kitchens,  Safeway  Inc.",undefined,Unknown,Partially Hydrogenated Oil (PHO),Ingredient (Null INS),"['US', 'CA']",Banned in US (FDA 2018 GRAS revocation) and Canada due to industrial trans fats.,True, | Unknown FSSAI category | Non-standard barcode length,OpenFoodFacts / GS1 Database,2026-08-07 02:46:51,False,foodfactsindia.online,False,EXCLUDE_OFF_SCOPE
73402352008,Plain Powdered Fine Donuts,"Country Kitchen,  Lepage Bakeries  Inc.","Snacks, Sweet snacks, Biscuits and cakes, Cakes",CAT_15,Titanium Dioxide (E171),Additive (INS/E-Code),['EU'],Banned in EU according to additive rulebook. Functional Class: Colorant.,True, | Non-standard barcode length,OpenFoodFacts / GS1 Database,2026-08-07 02:46:51,False,foodfactsindia.online,False,PRIMARY_QUALIFYING
73402352008,Plain Powdered Fine Donuts,"Country Kitchen,  Lepage Bakeries  Inc.","Snacks, Sweet snacks, Biscuits and cakes, Cakes",CAT_15,Partially Hydrogenated Oil (PHO),Ingredient (Null INS),"['US', 'CA']",Banned in US (FDA 2018 GRAS revocation) and Canada due to industrial trans fats.,True, | Non-standard barcode length,OpenFoodFacts / GS1 Database,2026-08-07 02:46:51,False,foodfactsindia.online,False,EXCLUDE_OFF_SCOPE
722652690025,"Steak, Egg & Muenster Cheese On Everything Bagel",Buddy's Kitchen  Inc.,Sandwiches,Unknown,TBHQ (E319),Additive (INS/E-Code),['JP'],Banned in JP according to additive rulebook. Functional Class: Antioxidant.,True, | Unknown FSSAI category,OpenFoodFacts / GS1 Database,2026-08-07 02:46:51,False,foodfactsindia.online,False,PRIMARY_QUALIFYING
722652690025,"Steak, Egg & Muenster Cheese On Everything Bagel",Buddy's Kitchen  Inc.,Sandwiches,Unknown,Partially Hydrogenated Oil (PHO),Ingredient (Null INS),"['US', 'CA']",Banned in US (FDA 2018 GRAS revocation) and Canada due to industrial trans fats.,True, | Unknown FSSAI category,OpenFoodFacts / GS1 Database,2026-08-07 02:46:51,False,foodfactsindia.online,False,EXCLUDE_OFF_SCOPE
21130495535,Turkey Gravy,Signature Kitchens,undefined,Unknown,Partially Hydrogenated Oil (PHO),Ingredient (Null INS),"['US', 'CA']",Banned in US (FDA 2018 GRAS revocation) and Canada due to industrial trans fats.,True, | Unknown FSSAI category | Non-standard barcode length,OpenFoodFacts / GS1 Database,2026-08-07 02:46:51,False,foodfactsindia.online,False,EXCLUDE_OFF_SCOPE
21130479436,Ranch Dressing & Dip,"Safeway Kitchens,  Safeway  Inc.",undefined,Unknown,Titanium Dioxide (E171),Additive (INS/E-Code),['EU'],Banned in EU according to additive rulebook. Functional Class: Colorant.,True, | Unknown FSSAI category | Non-standard barcode length,OpenFoodFacts / GS1 Database,2026-08-07 02:46:51,False,foodfactsindia.online,False,PRIMARY_QUALIFYING
61200018585,Mini Eggs,Cadbury,"Cocoa and its products, Chocolate eggs, en:confectioneries",CAT_14,Titanium Dioxide (E171),Additive (INS/E-Code),['EU'],Banned in EU according to additive rulebook. Functional Class: Colorant.,True, | Non-standard barcode length,OpenFoodFacts / GS1 Database,2026-08-07 02:46:51,False,foodfactsindia.online,False,PRIMARY_QUALIFYING
72554001543,Drumstick vanilla ice cream cone,Nestlé,"Desserts, Frozen foods, Frozen desserts",Unknown,Partially Hydrogenated Oil (PHO),Ingredient (Null INS),"['US', 'CA']",Banned in US (FDA 2018 GRAS revocation) and Canada due to industrial trans fats.,True, | Unknown FSSAI category | Non-standard barcode length,OpenFoodFacts / GS1 Database,2026-08-07 02:46:51,False,foodfactsindia.online,False,EXCLUDE_OFF_SCOPE
6001065034249,snacker,Cadbury,,CAT_05,Quinoline Yellow (E104),Additive (INS/E-Code),"['JP', 'US']","Banned in JP, US according to additive rulebook. Functional Class: Additive.",False,,OpenFoodFacts / GS1 Database,2026-08-07 02:46:51,True,foodfactsindia.online,False,MUST_REMOVE_BANNED_IN_INDIA
61200016741,Mini Eggs,Cadbury,,CAT_05,Titanium Dioxide (E171),Additive (INS/E-Code),['EU'],Banned in EU according to additive rulebook. Functional Class: Colorant.,True, | Non-standard barcode length,OpenFoodFacts / GS1 Database,2026-08-07 02:46:51,False,foodfactsindia.online,False,PRIMARY_QUALIFYING
9300605106604,Maggi curry noodles,Maggi,Instant noodle soups,CAT_12,TBHQ (E319),Additive (INS/E-Code),['JP'],Banned in JP according to additive rulebook. Functional Class: Antioxidant.,False,,OpenFoodFacts / GS1 Database,2026-08-07 02:46:51,True,foodfactsindia.online,False,PRIMARY_QUALIFYING
745367363336,Decorating Candies,Brand's Country Kitchen Supplies  Inc.,Baking decorations,Unknown,Erythrosine (E127),Additive (INS/E-Code),['US'],Banned in US according to additive rulebook. Functional Class: Additive.,True, | Unknown FSSAI category,OpenFoodFacts / GS1 Database,2026-08-07 02:46:51,False,foodfactsindia.online,False,SECONDARY_ERYTHROSINE
23933681092,"Dierbergs kitchen, brownies, iced pecans","Dierbergs Kitchen,  Dierberg's Markets  Inc.","Snacks, Sweet snacks, Biscuits and cakes, Cakes",CAT_15,Partially Hydrogenated Oil (PHO),Ingredient (Null INS),"['US', 'CA']",Banned in US (FDA 2018 GRAS revocation) and Canada due to industrial trans fats.,True, | Non-standard barcode length,OpenFoodFacts / GS1 Database,2026-08-07 02:46:51,False,foodfactsindia.online,False,EXCLUDE_OFF_SCOPE
44000058029,White Fudge Covered Oreo Bite,Oreo,"Snacks, Sweet snacks, Biscuits and cakes, Biscuits",CAT_15,Titanium Dioxide (E171),Additive (INS/E-Code),['EU'],Banned in EU according to additive rulebook. Functional Class: Colorant.,True, | Non-standard barcode length,OpenFoodFacts / GS1 Database,2026-08-07 02:46:51,False,foodfactsindia.online,False,PRIMARY_QUALIFYING
28000010775,Bars,Nestlé,"Snacks, Sweet snacks, Cocoa and its products, Confectioneries, Chocolate candies",CAT_15,TBHQ (E319),Additive (INS/E-Code),['JP'],Banned in JP according to additive rulebook. Functional Class: Antioxidant.,True, | Non-standard barcode length,OpenFoodFacts / GS1 Database,2026-08-07 02:46:51,False,foodfactsindia.online,False,PRIMARY_QUALIFYING
609099771503,Caramel Creams,Kitchen Fresh,"Snacks, Sweet snacks, Confectioneries",CAT_15,Partially Hydrogenated Oil (PHO),Ingredient (Null INS),"['US', 'CA']",Banned in US (FDA 2018 GRAS revocation) and Canada due to industrial trans fats.,False,,OpenFoodFacts / GS1 Database,2026-08-07 02:46:51,True,foodfactsindia.online,False,EXCLUDE_OFF_SCOPE
9300605012578,Kool mints,"Nestlé, Allens",,Unknown,Titanium Dioxide (E171),Additive (INS/E-Code),['EU'],Banned in EU according to additive rulebook. Functional Class: Colorant.,True, | Unknown FSSAI category,OpenFoodFacts / GS1 Database,2026-08-07 02:46:51,False,foodfactsindia.online,False,PRIMARY_QUALIFYING
28000881016,"Bouillon Cubes, Beef",Maggi,"Condiments, Groceries",CAT_12,TBHQ (E319),Additive (INS/E-Code),['JP'],Banned in JP according to additive rulebook. Functional Class: Antioxidant.,True, | Non-standard barcode length,OpenFoodFacts / GS1 Database,2026-08-07 02:46:51,False,foodfactsindia.online,False,PRIMARY_QUALIFYING
28000881016,"Bouillon Cubes, Beef",Maggi,"Condiments, Groceries",CAT_12,Partially Hydrogenated Oil (PHO),Ingredient (Null INS),"['US', 'CA']",Banned in US (FDA 2018 GRAS revocation) and Canada due to industrial trans fats.,True, | Non-standard barcode length,OpenFoodFacts / GS1 Database,2026-08-07 02:46:51,False,foodfactsindia.online,False,EXCLUDE_OFF_SCOPE
50000904976,"Coffee creamer, snicker doodle",Snickers,"Plant-based foods and beverages, Dairy substitutes, Milk substitutes, Creamer",CAT_14,Partially Hydrogenated Oil (PHO),Ingredient (Null INS),"['US', 'CA']",Banned in US (FDA 2018 GRAS revocation) and Canada due to industrial trans fats.,True, | Non-standard barcode length,OpenFoodFacts / GS1 Database,2026-08-07 02:46:51,False,foodfactsindia.online,False,EXCLUDE_OFF_SCOPE
71800818058,Unsalted Margarine,Saffola,"Plant-based foods and beverages, Plant-based foods, Fats, Spreads, Plant-based spreads, Salted spreads, Spreadable fats, Vegetable fats, Margarines, Unsalted margarines",CAT_14,Partially Hydrogenated Oil (PHO),Ingredient (Null INS),"['US', 'CA']",Banned in US (FDA 2018 GRAS revocation) and Canada due to industrial trans fats.,True, | Non-standard barcode length,OpenFoodFacts / GS1 Database,2026-08-07 02:46:51,False,foodfactsindia.online,False,EXCLUDE_OFF_SCOPE
6001068587001,2.Minute Noodles,Maggi,"Plant-based foods and beverages, Plant-based foods, Cereals and potatoes, Cereals and their products, Dried products, Pastas, Dried products to be rehydrated, Noodles, Instant noodles",CAT_14,TBHQ (E319),Additive (INS/E-Code),['JP'],Banned in JP according to additive rulebook. Functional Class: Antioxidant.,False,,OpenFoodFacts / GS1 Database,2026-08-07 02:46:51,True,foodfactsindia.online,False,PRIMARY_QUALIFYING
50000114757,Nestle coffeemate coffee creamer sweetened original,Nestlé,,Unknown,Partially Hydrogenated Oil (PHO),Ingredient (Null INS),"['US', 'CA']",Banned in US (FDA 2018 GRAS revocation) and Canada due to industrial trans fats.,True, | Unknown FSSAI category | Non-standard barcode length,OpenFoodFacts / GS1 Database,2026-08-07 02:46:51,False,foodfactsindia.online,False,EXCLUDE_OFF_SCOPE
38000391187,Froot loops sweetened multi grain cereal,Kellogg's,"Plant-based foods and beverages, Plant-based foods, Breakfasts, Cereals and potatoes, Cereals and their products, Breakfast cereals, extruded cereals",CAT_15,Partially Hydrogenated Oil (PHO),Ingredient (Null INS),"['US', 'CA']",Banned in US (FDA 2018 GRAS revocation) and Canada due to industrial trans fats.,True, | Non-standard barcode length,OpenFoodFacts / GS1 Database,2026-08-07 02:46:51,False,foodfactsindia.online,False,EXCLUDE_OFF_SCOPE
38000924408,"Kellogg's, pop-tarts, frosted toaster pastries, chocolate peanut butter, frosted chocolate peanut butter",Kellogg's,"Snacks, Breakfasts, Sweet snacks, Biscuits and cakes, Sweet pies, Pastries, Pies",CAT_15,TBHQ (E319),Additive (INS/E-Code),['JP'],Banned in JP according to additive rulebook. Functional Class: Antioxidant.,True, | Non-standard barcode length,OpenFoodFacts / GS1 Database,2026-08-07 02:46:51,False,foodfactsindia.online,False,PRIMARY_QUALIFYING
50000397600,"Mini marshmallows hot cocoa mix, rich milk chocolate",Nestlé,"Boissons et préparations de boissons, Boissons, Produits déshydratés, Produits lyophilisés à reconstituer, Boissons lyophilisées",Unknown,Partially Hydrogenated Oil (PHO),Ingredient (Null INS),"['US', 'CA']",Banned in US (FDA 2018 GRAS revocation) and Canada due to industrial trans fats.,True, | Unknown FSSAI category | Non-standard barcode length,OpenFoodFacts / GS1 Database,2026-08-07 02:46:51,False,foodfactsindia.online,False,EXCLUDE_OFF_SCOPE
738464961697,"Heritage Candy Company, Cranberry & Fruit Blend",Heritage Candy Company  Inc.,,Unknown,Titanium Dioxide (E171),Additive (INS/E-Code),['EU'],Banned in EU according to additive rulebook. Functional Class: Colorant.,True, | Unknown FSSAI category,OpenFoodFacts / GS1 Database,2026-08-07 02:46:51,False,foodfactsindia.online,False,PRIMARY_QUALIFYING
738464961697,"Heritage Candy Company, Cranberry & Fruit Blend",Heritage Candy Company  Inc.,,Unknown,Partially Hydrogenated Oil (PHO),Ingredient (Null INS),"['US', 'CA']",Banned in US (FDA 2018 GRAS revocation) and Canada due to industrial trans fats.,True, | Unknown FSSAI category,OpenFoodFacts / GS1 Database,2026-08-07 02:46:51,False,foodfactsindia.online,False,EXCLUDE_OFF_SCOPE
50000388257,French Vanilla Coffee Mate Zero Sugar,Nestlé Coffee mate,"Plant-based foods and beverages, Dairy substitutes, Milk substitutes, Creamer",CAT_14,Partially Hydrogenated Oil (PHO),Ingredient (Null INS),"['US', 'CA']",Banned in US (FDA 2018 GRAS revocation) and Canada due to industrial trans fats.,True, | Non-standard barcode length,OpenFoodFacts / GS1 Database,2026-08-07 02:46:51,False,foodfactsindia.online,False,EXCLUDE_OFF_SCOPE
40000459194,"Snickers, bar, pumpkin",Snickers,"Snacks, Sweet snacks, Cocoa and its products, Confectioneries, Chocolate candies",CAT_15,Partially Hydrogenated Oil (PHO),Ingredient (Null INS),"['US', 'CA']",Banned in US (FDA 2018 GRAS revocation) and Canada due to industrial trans fats.,True, | Non-standard barcode length,OpenFoodFacts / GS1 Database,2026-08-07 02:46:51,False,foodfactsindia.online,False,EXCLUDE_OFF_SCOPE
85239807699,"Monster trail mix with nuts, candy & raisins","Monster,  Target Stores",Snacks,CAT_15,Partially Hydrogenated Oil (PHO),Ingredient (Null INS),"['US', 'CA']",Banned in US (FDA 2018 GRAS revocation) and Canada due to industrial trans fats.,True, | Non-standard barcode length,OpenFoodFacts / GS1 Database,2026-08-07 02:46:51,False,foodfactsindia.online,False,EXCLUDE_OFF_SCOPE
28000740108,Candy bars,Nestle,"Snacks, Sweet snacks, Confectioneries",CAT_15,TBHQ (E319),Additive (INS/E-Code),['JP'],Banned in JP according to additive rulebook. Functional Class: Antioxidant.,True, | Non-standard barcode length,OpenFoodFacts / GS1 Database,2026-08-07 02:46:51,False,foodfactsindia.online,False,PRIMARY_QUALIFYING
21130336975,Au Gratin Potatoes,Signature Kitchens,undefined,Unknown,Partially Hydrogenated Oil (PHO),Ingredient (Null INS),"['US', 'CA']",Banned in US (FDA 2018 GRAS revocation) and Canada due to industrial trans fats.,True, | Unknown FSSAI category | Non-standard barcode length,OpenFoodFacts / GS1 Database,2026-08-07 02:46:51,False,foodfactsindia.online,False,EXCLUDE_OFF_SCOPE
28000516017,Chicken flavored rice soup mix,Maggi,"Meals, Soups",CAT_12,Partially Hydrogenated Oil (PHO),Ingredient (Null INS),"['US', 'CA']",Banned in US (FDA 2018 GRAS revocation) and Canada due to industrial trans fats.,True, | Non-standard barcode length,OpenFoodFacts / GS1 Database,2026-08-07 02:46:51,False,foodfactsindia.online,False,EXCLUDE_OFF_SCOPE
40000493198,"Snickers, milk chocolate, peanut, caramel, nougat",Snickers,"Snacks, Sweet snacks, Cocoa and its products, Confectioneries, Chocolate candies",CAT_15,Partially Hydrogenated Oil (PHO),Ingredient (Null INS),"['US', 'CA']",Banned in US (FDA 2018 GRAS revocation) and Canada due to industrial trans fats.,True, | Non-standard barcode length,OpenFoodFacts / GS1 Database,2026-08-07 02:46:51,False,foodfactsindia.online,False,EXCLUDE_OFF_SCOPE
7501059285118,COFFEE MATE AVELLANA,NESTLE,"Plant-based foods and beverages, Beverages, Plant-based foods, Coffees, Sweetened beverages, es:CREMAS, es:SUSTITUTO DE CREMA, en:instant-beverages",CAT_14,Titanium Dioxide (E171),Additive (INS/E-Code),['EU'],Banned in EU according to additive rulebook. Functional Class: Colorant.,False,,OpenFoodFacts / GS1 Database,2026-08-07 02:46:51,True,foodfactsindia.online,False,PRIMARY_QUALIFYING
6001065034027,Laduma Lunch Bar Camury,"Cadbury,Mondelez","Snacks, Snacks sucrés, Cacao et dérivés, Confiseries, Barres, Confiseries chocolatées, Barres chocolatées",CAT_05,Quinoline Yellow (E104),Additive (INS/E-Code),"['JP', 'US']","Banned in JP, US according to additive rulebook. Functional Class: Additive.",False,,OpenFoodFacts / GS1 Database,2026-08-07 02:46:51,True,foodfactsindia.online,False,MUST_REMOVE_BANNED_IN_INDIA
6001065034027,Laduma Lunch Bar Camury,"Cadbury,Mondelez","Snacks, Snacks sucrés, Cacao et dérivés, Confiseries, Barres, Confiseries chocolatées, Barres chocolatées",CAT_05,Carmoisine / Azorubine (E122),Additive (INS/E-Code),"['JP', 'US']","Banned in JP, US according to additive rulebook. Functional Class: Additive.",False,,OpenFoodFacts / GS1 Database,2026-08-07 02:46:51,True,foodfactsindia.online,False,PRIMARY_QUALIFYING
6001065034027,Laduma Lunch Bar Camury,"Cadbury,Mondelez","Snacks, Snacks sucrés, Cacao et dérivés, Confiseries, Barres, Confiseries chocolatées, Barres chocolatées",CAT_05,Green S (E142),Additive (INS/E-Code),"['IN', 'JP', 'US']","Banned in IN, JP, US according to additive rulebook. Functional Class: Additive.",True,Claims banned in India - verify against FSSAI Schedule 2.4.5,OpenFoodFacts / GS1 Database,2026-08-07 02:46:51,False,foodfactsindia.online,False,MUST_REMOVE_BANNED_IN_INDIA
72554218606,drumstick,Nestlé,,Unknown,Partially Hydrogenated Oil (PHO),Ingredient (Null INS),"['US', 'CA']",Banned in US (FDA 2018 GRAS revocation) and Canada due to industrial trans fats.,True, | Unknown FSSAI category | Non-standard barcode length,OpenFoodFacts / GS1 Database,2026-08-07 02:46:51,False,foodfactsindia.online,False,EXCLUDE_OFF_SCOPE
28000084004,Milk chocolate with peanuts & raisins,Nestlé,"Snacks, Sweet snacks, Cocoa and its products, Confectioneries, Chocolate candies",CAT_15,TBHQ (E319),Additive (INS/E-Code),['JP'],Banned in JP according to additive rulebook. Functional Class: Antioxidant.,True, | Non-standard barcode length,OpenFoodFacts / GS1 Database,2026-08-07 02:46:51,False,foodfactsindia.online,False,PRIMARY_QUALIFYING
9556001170774,Mi Goreng Soy and Mild Spice,Maggi,,CAT_06,TBHQ (E319),Additive (INS/E-Code),['JP'],Banned in JP according to additive rulebook. Functional Class: Antioxidant.,False,,OpenFoodFacts / GS1 Database,2026-08-07 02:46:51,True,foodfactsindia.online,False,PRIMARY_QUALIFYING
760263000031,Creamy Potato Soup Bowl,Bear Creek Country Kitchens,"Meals, Soups",CAT_12,Titanium Dioxide (E171),Additive (INS/E-Code),['EU'],Banned in EU according to additive rulebook. Functional Class: Colorant.,False,,OpenFoodFacts / GS1 Database,2026-08-07 02:46:51,True,foodfactsindia.online,False,PRIMARY_QUALIFYING
760263000031,Creamy Potato Soup Bowl,Bear Creek Country Kitchens,"Meals, Soups",CAT_12,Partially Hydrogenated Oil (PHO),Ingredient (Null INS),"['US', 'CA']",Banned in US (FDA 2018 GRAS revocation) and Canada due to industrial trans fats.,False,,OpenFoodFacts / GS1 Database,2026-08-07 02:46:51,True,foodfactsindia.online,False,EXCLUDE_OFF_SCOPE
43456076908,Bouillon tblt chckn,Maggi,"Condiments, Groceries",CAT_12,TBHQ (E319),Additive (INS/E-Code),['JP'],Banned in JP according to additive rulebook. Functional Class: Antioxidant.,True, | Non-standard barcode length,OpenFoodFacts / GS1 Database,2026-08-07 02:46:51,False,foodfactsindia.online,False,PRIMARY_QUALIFYING
43456076908,Bouillon tblt chckn,Maggi,"Condiments, Groceries",CAT_12,Partially Hydrogenated Oil (PHO),Ingredient (Null INS),"['US', 'CA']",Banned in US (FDA 2018 GRAS revocation) and Canada due to industrial trans fats.,True, | Non-standard barcode length,OpenFoodFacts / GS1 Database,2026-08-07 02:46:51,False,foodfactsindia.online,False,EXCLUDE_OFF_SCOPE
760263000161,"Creamy potato slow-cooked homestyle flavor crafted with delicate herbs and savory spices soup mix, creamy potato",Bear Creek Country Kitchens,"Meals, Soups",CAT_12,Titanium Dioxide (E171),Additive (INS/E-Code),['EU'],Banned in EU according to additive rulebook. Functional Class: Colorant.,False,,OpenFoodFacts / GS1 Database,2026-08-07 02:46:51,True,foodfactsindia.online,False,PRIMARY_QUALIFYING
40000487746,"Snickers, nut crackers milk chocolate, caramel and peanuts",Snickers,"Snacks, Sweet snacks, Cocoa and its products, Confectioneries, Chocolate candies",CAT_15,Partially Hydrogenated Oil (PHO),Ingredient (Null INS),"['US', 'CA']",Banned in US (FDA 2018 GRAS revocation) and Canada due to industrial trans fats.,True, | Non-standard barcode length,OpenFoodFacts / GS1 Database,2026-08-07 02:46:51,False,foodfactsindia.online,False,EXCLUDE_OFF_SCOPE
817719022007,Fit crunch mint chocolate chip,Fitcrunch,,Unknown,Titanium Dioxide (E171),Additive (INS/E-Code),['EU'],Banned in EU according to additive rulebook. Functional Class: Colorant.,True, | Unknown FSSAI category,OpenFoodFacts / GS1 Database,2026-08-07 02:46:51,False,foodfactsindia.online,False,PRIMARY_QUALIFYING
40000424314,Snickers,Snickers,,CAT_05,Partially Hydrogenated Oil (PHO),Ingredient (Null INS),"['US', 'CA']",Banned in US (FDA 2018 GRAS revocation) and Canada due to industrial trans fats.,True, | Non-standard barcode length,OpenFoodFacts / GS1 Database,2026-08-07 02:46:51,False,foodfactsindia.online,False,EXCLUDE_OFF_SCOPE
50000368150,Coffee mate Zero Sugar Pumpkin Spice,Nestlé,,Unknown,Partially Hydrogenated Oil (PHO),Ingredient (Null INS),"['US', 'CA']",Banned in US (FDA 2018 GRAS revocation) and Canada due to industrial trans fats.,True, | Unknown FSSAI category | Non-standard barcode length,OpenFoodFacts / GS1 Database,2026-08-07 02:46:51,False,foodfactsindia.online,False,EXCLUDE_OFF_SCOPE
66721026385,Mini Eggs cookies,Chips Ahoy! Cadbury,Biscuits pépites de chocolat,CAT_14,Titanium Dioxide (E171),Additive (INS/E-Code),['EU'],Banned in EU according to additive rulebook. Functional Class: Colorant.,True, | Non-standard barcode length,OpenFoodFacts / GS1 Database,2026-08-07 02:46:51,False,foodfactsindia.online,False,PRIMARY_QUALIFYING
7622201440794,Marvellous creations easter egg,Cadbury,,CAT_05,Titanium Dioxide (E171),Additive (INS/E-Code),['EU'],Banned in EU according to additive rulebook. Functional Class: Colorant.,False,,OpenFoodFacts / GS1 Database,2026-08-07 02:46:51,True,foodfactsindia.online,False,PRIMARY_QUALIFYING
44000071868,Chocolage confetti cake,Oreo,,CAT_07,Erythrosine (E127),Additive (INS/E-Code),['US'],Banned in US according to additive rulebook. Functional Class: Additive.,True, | Non-standard barcode length,OpenFoodFacts / GS1 Database,2026-08-07 02:46:51,False,foodfactsindia.online,False,SECONDARY_ERYTHROSINE
738464962250,"Heritage Candy Company, Yogurt Pretzels",Heritage Candy Company  Inc.,Snacks,CAT_15,Titanium Dioxide (E171),Additive (INS/E-Code),['EU'],Banned in EU according to additive rulebook. Functional Class: Colorant.,False,,OpenFoodFacts / GS1 Database,2026-08-07 02:46:51,True,foodfactsindia.online,False,PRIMARY_QUALIFYING
738464962335,"Heritage Candy Company, Candy, French Burnt Peanuts",Heritage Candy Company  Inc.,"Snacks, Sweet snacks, Confectioneries",CAT_15,Erythrosine (E127),Additive (INS/E-Code),['US'],Banned in US according to additive rulebook. Functional Class: Additive.,False,,OpenFoodFacts / GS1 Database,2026-08-07 02:46:51,True,foodfactsindia.online,False,SECONDARY_ERYTHROSINE
61200018479,DAIRY MILK Mini Eggs,Cadbury,,CAT_05,Titanium Dioxide (E171),Additive (INS/E-Code),['EU'],Banned in EU according to additive rulebook. Functional Class: Colorant.,True, | Non-standard barcode length,OpenFoodFacts / GS1 Database,2026-08-07 02:46:51,False,foodfactsindia.online,False,PRIMARY_QUALIFYING
21130558018,Sour Gummi Worms Candy,"Signature Kitchens,  Safeway  Inc.","Snacks, Sweet snacks, Confectioneries",CAT_15,Titanium Dioxide (E171),Additive (INS/E-Code),['EU'],Banned in EU according to additive rulebook. Functional Class: Colorant.,True, | Non-standard barcode length,OpenFoodFacts / GS1 Database,2026-08-07 02:46:51,False,foodfactsindia.online,False,PRIMARY_QUALIFYING
40000503781,"Snickers, snickers minis",Snickers,"Snacks, Sweet snacks, Confectioneries",CAT_15,Partially Hydrogenated Oil (PHO),Ingredient (Null INS),"['US', 'CA']",Banned in US (FDA 2018 GRAS revocation) and Canada due to industrial trans fats.,True, | Non-standard barcode length,OpenFoodFacts / GS1 Database,2026-08-07 02:46:51,False,foodfactsindia.online,False,EXCLUDE_OFF_SCOPE
7682210847878,P.S. Caramilk,Cadbury,"Snacks, Snacks sucrés, Cacao et dérivés, Confiseries, Barres, Confiseries chocolatées, Barres chocolatées, Barres chocolatées biscuitées",CAT_15,Quinoline Yellow (E104),Additive (INS/E-Code),"['JP', 'US']","Banned in JP, US according to additive rulebook. Functional Class: Additive.",False,,OpenFoodFacts / GS1 Database,2026-08-07 02:46:51,True,foodfactsindia.online,False,MUST_REMOVE_BANNED_IN_INDIA
7682210847878,P.S. Caramilk,Cadbury,"Snacks, Snacks sucrés, Cacao et dérivés, Confiseries, Barres, Confiseries chocolatées, Barres chocolatées, Barres chocolatées biscuitées",CAT_15,TBHQ (E319),Additive (INS/E-Code),['JP'],Banned in JP according to additive rulebook. Functional Class: Antioxidant.,False,,OpenFoodFacts / GS1 Database,2026-08-07 02:46:51,True,foodfactsindia.online,False,PRIMARY_QUALIFYING
7682210847878,P.S. Caramilk,Cadbury,"Snacks, Snacks sucrés, Cacao et dérivés, Confiseries, Barres, Confiseries chocolatées, Barres chocolatées, Barres chocolatées biscuitées",CAT_15,Ponceau 4R (E124),Additive (INS/E-Code),['US'],Banned in US according to additive rulebook. Functional Class: Additive.,False,,OpenFoodFacts / GS1 Database,2026-08-07 02:46:51,True,foodfactsindia.online,False,PRIMARY_QUALIFYING
7501059285217,COFFEE MATE ORIGINAL,NESTLE,"Alimentos y bebidas de origen vegetal, Bebidas, Alimentos de origen vegetal, Cafés, Bebidas azucaradas, CREMAS, SUSTITUTO DE CREMA",Unknown,Titanium Dioxide (E171),Additive (INS/E-Code),['EU'],Banned in EU according to additive rulebook. Functional Class: Colorant.,True, | Unknown FSSAI category,OpenFoodFacts / GS1 Database,2026-08-07 02:46:51,False,foodfactsindia.online,False,PRIMARY_QUALIFYING
745367361806,"Target corporation, cryptic chocolatey candies","Target Corporation,  Brand's Country Kitchen Supplies  Inc.","Snacks, Sweet snacks, Cocoa and its products, Confectioneries, Chocolate candies",CAT_15,Titanium Dioxide (E171),Additive (INS/E-Code),['EU'],Banned in EU according to additive rulebook. Functional Class: Colorant.,False,,OpenFoodFacts / GS1 Database,2026-08-07 02:46:51,True,foodfactsindia.online,False,PRIMARY_QUALIFYING
745367361806,"Target corporation, cryptic chocolatey candies","Target Corporation,  Brand's Country Kitchen Supplies  Inc.","Snacks, Sweet snacks, Cocoa and its products, Confectioneries, Chocolate candies",CAT_15,Partially Hydrogenated Oil (PHO),Ingredient (Null INS),"['US', 'CA']",Banned in US (FDA 2018 GRAS revocation) and Canada due to industrial trans fats.,False,,OpenFoodFacts / GS1 Database,2026-08-07 02:46:51,True,foodfactsindia.online,False,EXCLUDE_OFF_SCOPE
745367363374,Valentine's Day Decorating Candies,"Target Corporation,  Brand's Country Kitchen Supplies  Inc.",,Unknown,Erythrosine (E127),Additive (INS/E-Code),['US'],Banned in US according to additive rulebook. Functional Class: Additive.,True, | Unknown FSSAI category,OpenFoodFacts / GS1 Database,2026-08-07 02:46:51,False,foodfactsindia.online,False,SECONDARY_ERYTHROSINE
745367363374,Valentine's Day Decorating Candies,"Target Corporation,  Brand's Country Kitchen Supplies  Inc.",,Unknown,Titanium Dioxide (E171),Additive (INS/E-Code),['EU'],Banned in EU according to additive rulebook. Functional Class: Colorant.,True, | Unknown FSSAI category,OpenFoodFacts / GS1 Database,2026-08-07 02:46:51,False,foodfactsindia.online,False,PRIMARY_QUALIFYING
745367363374,Valentine's Day Decorating Candies,"Target Corporation,  Brand's Country Kitchen Supplies  Inc.",,Unknown,Partially Hydrogenated Oil (PHO),Ingredient (Null INS),"['US', 'CA']",Banned in US (FDA 2018 GRAS revocation) and Canada due to industrial trans fats.,True, | Unknown FSSAI category,OpenFoodFacts / GS1 Database,2026-08-07 02:46:51,False,foodfactsindia.online,False,EXCLUDE_OFF_SCOPE
745367363527,"Target corporation, easter sprinkles","Target Corporation,  Brand's Country Kitchen Supplies  Inc.",Baking decorations,Unknown,Erythrosine (E127),Additive (INS/E-Code),['US'],Banned in US according to additive rulebook. Functional Class: Additive.,True, | Unknown FSSAI category,OpenFoodFacts / GS1 Database,2026-08-07 02:46:51,False,foodfactsindia.online,False,SECONDARY_ERYTHROSINE
745367368188,Easer Decors Kit,Brand's Country Kitchen Supplies  Inc.,,Unknown,Erythrosine (E127),Additive (INS/E-Code),['US'],Banned in US according to additive rulebook. Functional Class: Additive.,True, | Unknown FSSAI category,OpenFoodFacts / GS1 Database,2026-08-07 02:46:51,False,foodfactsindia.online,False,SECONDARY_ERYTHROSINE
745367368188,Easer Decors Kit,Brand's Country Kitchen Supplies  Inc.,,Unknown,Partially Hydrogenated Oil (PHO),Ingredient (Null INS),"['US', 'CA']",Banned in US (FDA 2018 GRAS revocation) and Canada due to industrial trans fats.,True, | Unknown FSSAI category,OpenFoodFacts / GS1 Database,2026-08-07 02:46:51,False,foodfactsindia.online,False,EXCLUDE_OFF_SCOPE
7622210464507,Dairy Milk Marvellous Smashables Jelly Popping Candy,Cadbury,"Imbiss,Süßer Snack,Kakao und Kakaoprodukte,Süßwaren,Riegel,Schokoladenkonfekt,Schokoriegel",CAT_15,Titanium Dioxide (E171),Additive (INS/E-Code),['EU'],Banned in EU according to additive rulebook. Functional Class: Colorant.,False,,OpenFoodFacts / GS1 Database,2026-08-07 02:46:51,True,foodfactsindia.online,False,PRIMARY_QUALIFYING
40000499039,"Snickers, candy bar",Snickers,"Snacks, Sweet snacks, Cocoa and its products, Confectioneries, Chocolate candies",CAT_15,Partially Hydrogenated Oil (PHO),Ingredient (Null INS),"['US', 'CA']",Banned in US (FDA 2018 GRAS revocation) and Canada due to industrial trans fats.,True, | Non-standard barcode length,OpenFoodFacts / GS1 Database,2026-08-07 02:46:51,False,foodfactsindia.online,False,EXCLUDE_OFF_SCOPE
817719022304,High Protein Baked Bar,FitCrunch,"Snacks, Sweet snacks, Bars",CAT_15,Titanium Dioxide (E171),Additive (INS/E-Code),['EU'],Banned in EU according to additive rulebook. Functional Class: Colorant.,False,,OpenFoodFacts / GS1 Database,2026-08-07 02:46:51,True,foodfactsindia.online,False,PRIMARY_QUALIFYING
7501059282629,Coffee Mate Lite,Nestle,Sustituto de crema en polvo,Unknown,Titanium Dioxide (E171),Additive (INS/E-Code),['EU'],Banned in EU according to additive rulebook. Functional Class: Colorant.,True, | Unknown FSSAI category,OpenFoodFacts / GS1 Database,2026-08-07 02:46:51,False,foodfactsindia.online,False,PRIMARY_QUALIFYING
50000800049,Hazelnut Artificial Flavor,Nestlé Coffee mate,"Plant-based foods and beverages, Dairy substitutes, Milk substitutes, Creamer",CAT_14,Partially Hydrogenated Oil (PHO),Ingredient (Null INS),"['US', 'CA']",Banned in US (FDA 2018 GRAS revocation) and Canada due to industrial trans fats.,True, | Non-standard barcode length,OpenFoodFacts / GS1 Database,2026-08-07 02:46:51,False,foodfactsindia.online,False,EXCLUDE_OFF_SCOPE
61200016420,Mini Eggs,Cadbury,"Snacks, Snacks sucrés, Cacao et dérivés, Confiseries, Aliments festifs, Aliments de Pâques, Oeufs en chocolat, Œufs de Pâques",CAT_15,Titanium Dioxide (E171),Additive (INS/E-Code),['EU'],Banned in EU according to additive rulebook. Functional Class: Colorant.,True, | Non-standard barcode length,OpenFoodFacts / GS1 Database,2026-08-07 02:46:51,False,foodfactsindia.online,False,PRIMARY_QUALIFYING
786832820442,Sourdough Sauerkraut Rye Dinner Rolls,Royal Kitchens Inc.,"Plant-based foods and beverages, Plant-based foods, Cereals and potatoes, Breads",CAT_14,Potassium Bromate (E924A),Additive (INS/E-Code),"['EU', 'IN']","Banned in EU, IN according to additive rulebook. Functional Class: FLOUR_TREATMENT_AGENT.",True,Claims banned in India - verify against FSSAI Schedule 2.4.5,OpenFoodFacts / GS1 Database,2026-08-07 02:46:51,False,foodfactsindia.online,False,MUST_REMOVE_BANNED_IN_INDIA
6001068586806,Chicken flavoured noodle soup,Maggi,"Plant-based foods and beverages, Plant-based foods, Dried products, Pastas, Dried products to be rehydrated, Noodles, Instant noodles, en:soups",CAT_14,TBHQ (E319),Additive (INS/E-Code),['JP'],Banned in JP according to additive rulebook. Functional Class: Antioxidant.,False,,OpenFoodFacts / GS1 Database,2026-08-07 02:46:51,True,foodfactsindia.online,False,PRIMARY_QUALIFYING
50428517680,Monster decorating kit,"Monster,  Cvs Pharmacy  Inc.",Baking decorations,Unknown,Erythrosine (E127),Additive (INS/E-Code),['US'],Banned in US according to additive rulebook. Functional Class: Additive.,True, | Unknown FSSAI category | Non-standard barcode length,OpenFoodFacts / GS1 Database,2026-08-07 02:46:51,False,foodfactsindia.online,False,SECONDARY_ERYTHROSINE
50428517680,Monster decorating kit,"Monster,  Cvs Pharmacy  Inc.",Baking decorations,Unknown,Titanium Dioxide (E171),Additive (INS/E-Code),['EU'],Banned in EU according to additive rulebook. Functional Class: Colorant.,True, | Unknown FSSAI category | Non-standard barcode length,OpenFoodFacts / GS1 Database,2026-08-07 02:46:51,False,foodfactsindia.online,False,PRIMARY_QUALIFYING
50428517680,Monster decorating kit,"Monster,  Cvs Pharmacy  Inc.",Baking decorations,Unknown,Partially Hydrogenated Oil (PHO),Ingredient (Null INS),"['US', 'CA']",Banned in US (FDA 2018 GRAS revocation) and Canada due to industrial trans fats.,True, | Unknown FSSAI category | Non-standard barcode length,OpenFoodFacts / GS1 Database,2026-08-07 02:46:51,False,foodfactsindia.online,False,EXCLUDE_OFF_SCOPE
21130404186,Pudding Snack,Safeway Kitchens,undefined,Unknown,Partially Hydrogenated Oil (PHO),Ingredient (Null INS),"['US', 'CA']",Banned in US (FDA 2018 GRAS revocation) and Canada due to industrial trans fats.,True, | Unknown FSSAI category | Non-standard barcode length,OpenFoodFacts / GS1 Database,2026-08-07 02:46:51,False,foodfactsindia.online,False,EXCLUDE_OFF_SCOPE
61200015089,Mini Eggs,Cadbury Dairy Milk,"Snacks, Sweet snacks, Cocoa and its products, Confectioneries, Chocolates, Milk chocolates",CAT_15,Titanium Dioxide (E171),Additive (INS/E-Code),['EU'],Banned in EU according to additive rulebook. Functional Class: Colorant.,True, | Non-standard barcode length,OpenFoodFacts / GS1 Database,2026-08-07 02:46:51,False,foodfactsindia.online,False,PRIMARY_QUALIFYING
7501059299382,COFFEE MATE CREMA IRLANDESA,NESTLE,"Alimentos y bebidas de origen vegetal, Bebidas, Alimentos de origen vegetal, Cafés, Bebidas azucaradas, CREMAS, SUSTITUTO DE CREMA",Unknown,Titanium Dioxide (E171),Additive (INS/E-Code),['EU'],Banned in EU according to additive rulebook. Functional Class: Colorant.,True, | Unknown FSSAI category,OpenFoodFacts / GS1 Database,2026-08-07 02:46:51,False,foodfactsindia.online,False,PRIMARY_QUALIFYING
745367363381,Spring Sugars,Brand's Country Kitchen Supplies  Inc.,Baking decorations,Unknown,Erythrosine (E127),Additive (INS/E-Code),['US'],Banned in US according to additive rulebook. Functional Class: Additive.,True, | Unknown FSSAI category,OpenFoodFacts / GS1 Database,2026-08-07 02:46:51,False,foodfactsindia.online,False,SECONDARY_ERYTHROSINE
745367363466,Easter Decors,Brand's Country Kitchen Supplies  Inc.,,Unknown,Erythrosine (E127),Additive (INS/E-Code),['US'],Banned in US according to additive rulebook. Functional Class: Additive.,True, | Unknown FSSAI category,OpenFoodFacts / GS1 Database,2026-08-07 02:46:51,False,foodfactsindia.online,False,SECONDARY_ERYTHROSINE
745367363466,Easter Decors,Brand's Country Kitchen Supplies  Inc.,,Unknown,Partially Hydrogenated Oil (PHO),Ingredient (Null INS),"['US', 'CA']",Banned in US (FDA 2018 GRAS revocation) and Canada due to industrial trans fats.,True, | Unknown FSSAI category,OpenFoodFacts / GS1 Database,2026-08-07 02:46:51,False,foodfactsindia.online,False,EXCLUDE_OFF_SCOPE
745367367228,Noel Blend Decorating Candies,Brand's Country Kitchen Supplies  Inc.,Baking decorations,Unknown,Titanium Dioxide (E171),Additive (INS/E-Code),['EU'],Banned in EU according to additive rulebook. Functional Class: Colorant.,True, | Unknown FSSAI category,OpenFoodFacts / GS1 Database,2026-08-07 02:46:51,False,foodfactsindia.online,False,PRIMARY_QUALIFYING
745367367228,Noel Blend Decorating Candies,Brand's Country Kitchen Supplies  Inc.,Baking decorations,Unknown,Partially Hydrogenated Oil (PHO),Ingredient (Null INS),"['US', 'CA']",Banned in US (FDA 2018 GRAS revocation) and Canada due to industrial trans fats.,True, | Unknown FSSAI category,OpenFoodFacts / GS1 Database,2026-08-07 02:46:51,False,foodfactsindia.online,False,EXCLUDE_OFF_SCOPE
5000221605218,Cadbury Creme Egg Cupcakes 2 Pack,Cadbury,,CAT_05,Titanium Dioxide (E171),Additive (INS/E-Code),['EU'],Banned in EU according to additive rulebook. Functional Class: Colorant.,False,,OpenFoodFacts / GS1 Database,2026-08-07 02:46:51,True,foodfactsindia.online,False,PRIMARY_QUALIFYING
23933672472,"Dierbergs kitchen, white/white iced cupcake cake",Dierbergs Kitchen,"Snacks, Sweet snacks, Biscuits and cakes, Cakes",CAT_15,Erythrosine (E127),Additive (INS/E-Code),['US'],Banned in US according to additive rulebook. Functional Class: Additive.,True, | Non-standard barcode length,OpenFoodFacts / GS1 Database,2026-08-07 02:46:51,False,foodfactsindia.online,False,SECONDARY_ERYTHROSINE
28000803193,Bouillon,Maggi,,CAT_06,Partially Hydrogenated Oil (PHO),Ingredient (Null INS),"['US', 'CA']",Banned in US (FDA 2018 GRAS revocation) and Canada due to industrial trans fats.,True, | Non-standard barcode length,OpenFoodFacts / GS1 Database,2026-08-07 02:46:51,False,foodfactsindia.online,False,EXCLUDE_OFF_SCOPE
23933301938,"Grilled Southwest Chick'N Veggie Burger, Grilled Southwest Chick'N",Dierbergs kitchen,Meals,Unknown,TBHQ (E319),Additive (INS/E-Code),['JP'],Banned in JP according to additive rulebook. Functional Class: Antioxidant.,True, | Unknown FSSAI category | Non-standard barcode length,OpenFoodFacts / GS1 Database,2026-08-07 02:46:51,False,foodfactsindia.online,False,PRIMARY_QUALIFYING
9556001170750,Maggi Fusian Instant Noodles Hot & Spicy Flavour Cup 65g,Maggi,,CAT_06,TBHQ (E319),Additive (INS/E-Code),['JP'],Banned in JP according to additive rulebook. Functional Class: Antioxidant.,False,,OpenFoodFacts / GS1 Database,2026-08-07 02:46:51,True,foodfactsindia.online,False,PRIMARY_QUALIFYING
64100144835,Cheez It Snap’d,Kellogg,"Croustilles,collation",Unknown,TBHQ (E319),Additive (INS/E-Code),['JP'],Banned in JP according to additive rulebook. Functional Class: Antioxidant.,True, | Unknown FSSAI category | Non-standard barcode length,OpenFoodFacts / GS1 Database,2026-08-07 02:46:51,False,foodfactsindia.online,False,PRIMARY_QUALIFYING
8585002481184,Любима супа - супа топчета,Maggi,,CAT_06,Partially Hydrogenated Oil (PHO),Ingredient (Null INS),"['US', 'CA']",Banned in US (FDA 2018 GRAS revocation) and Canada due to industrial trans fats.,False,,OpenFoodFacts / GS1 Database,2026-08-07 02:46:51,True,foodfactsindia.online,False,EXCLUDE_OFF_SCOPE
90272016502,"Monster mercantile, mad scientist mix candy","Monster,  Fenton Enterprises  Inc.","Snacks, Sweet snacks, Confectioneries",CAT_15,Erythrosine (E127),Additive (INS/E-Code),['US'],Banned in US according to additive rulebook. Functional Class: Additive.,True, | Non-standard barcode length,OpenFoodFacts / GS1 Database,2026-08-07 02:46:51,False,foodfactsindia.online,False,SECONDARY_ERYTHROSINE
90272016502,"Monster mercantile, mad scientist mix candy","Monster,  Fenton Enterprises  Inc.","Snacks, Sweet snacks, Confectioneries",CAT_15,Titanium Dioxide (E171),Additive (INS/E-Code),['EU'],Banned in EU according to additive rulebook. Functional Class: Colorant.,True, | Non-standard barcode length,OpenFoodFacts / GS1 Database,2026-08-07 02:46:51,False,foodfactsindia.online,False,PRIMARY_QUALIFYING
44000083847,Reeses,Oreo,,CAT_07,TBHQ (E319),Additive (INS/E-Code),['JP'],Banned in JP according to additive rulebook. Functional Class: Antioxidant.,True, | Non-standard barcode length,OpenFoodFacts / GS1 Database,2026-08-07 02:46:51,False,foodfactsindia.online,False,PRIMARY_QUALIFYING
50000368907,"Coffee creamer, hazelnut",Nestlé,"Plant-based foods and beverages, Dairy substitutes, Milk substitutes, Creamer",CAT_14,Partially Hydrogenated Oil (PHO),Ingredient (Null INS),"['US', 'CA']",Banned in US (FDA 2018 GRAS revocation) and Canada due to industrial trans fats.,True, | Non-standard barcode length,OpenFoodFacts / GS1 Database,2026-08-07 02:46:51,False,foodfactsindia.online,False,EXCLUDE_OFF_SCOPE
3538280842081,60 minutes de fraîcheur parfum menthe forte,"Cadbury, Hollywood","Snacks, Snacks sucrés, Confiseries, Chewing-gum",CAT_15,Titanium Dioxide (E171),Additive (INS/E-Code),['EU'],Banned in EU according to additive rulebook. Functional Class: Colorant.,False,,OpenFoodFacts / GS1 Database,2026-08-07 02:46:51,True,foodfactsindia.online,False,PRIMARY_QUALIFYING
758890335701,White Salted Caramel Hot Chocolate Bomb,Cass' Kitchen,"Snacks, Sweet snacks, Cocoa and its products, Confectioneries, Cocoa and chocolate powders, Cocoa powders, Cocoa powder for beverages with sugar",CAT_15,Titanium Dioxide (E171),Additive (INS/E-Code),['EU'],Banned in EU according to additive rulebook. Functional Class: Colorant.,False,,OpenFoodFacts / GS1 Database,2026-08-07 02:46:51,True,foodfactsindia.online,False,PRIMARY_QUALIFYING
9556001171290,BEEF FLAVOUR NOODLES,Maggi,"Plant-based foods and beverages, Plant-based foods, Dried products, Pastas, Dried products to be rehydrated, Noodles, Instant noodles, en:instant-noodle-soups",CAT_14,TBHQ (E319),Additive (INS/E-Code),['JP'],Banned in JP according to additive rulebook. Functional Class: Antioxidant.,False,,OpenFoodFacts / GS1 Database,2026-08-07 02:46:51,True,foodfactsindia.online,False,PRIMARY_QUALIFYING
785018139125,Refined Sunflower Oil,Priya,"Plant-based foods and beverages,Plant-based foods,Fats,Vegetable fats,Vegetable oils,Sunflower seeds and their products,Sunflower oils",CAT_14,TBHQ (E319),Additive (INS/E-Code),['JP'],Banned in JP according to additive rulebook. Functional Class: Antioxidant.,False,,OpenFoodFacts / GS1 Database,2026-08-07 02:46:51,True,foodfactsindia.online,False,PRIMARY_QUALIFYING
32000397187,Froot Loops,Kellogg's,"Plant-based foods and beverages, Plant-based foods, Breakfasts, Cereals and potatoes, Cereals and their products, Breakfast cereals, extruded cereals",CAT_15,Partially Hydrogenated Oil (PHO),Ingredient (Null INS),"['US', 'CA']",Banned in US (FDA 2018 GRAS revocation) and Canada due to industrial trans fats.,True, | Non-standard barcode length,OpenFoodFacts / GS1 Database,2026-08-07 02:46:51,False,foodfactsindia.online,False,EXCLUDE_OFF_SCOPE
73402353005,Fine cinnamon donuts,"Country Kitchen,  Lepage Bakeries  Inc.","Snacks, Sweet snacks, Biscuits and cakes, Cakes",CAT_15,Partially Hydrogenated Oil (PHO),Ingredient (Null INS),"['US', 'CA']",Banned in US (FDA 2018 GRAS revocation) and Canada due to industrial trans fats.,True, | Non-standard barcode length,OpenFoodFacts / GS1 Database,2026-08-07 02:46:51,False,foodfactsindia.online,False,EXCLUDE_OFF_SCOPE
50000692255,Coffeemate liquid french vanilla,Nestlé,,Unknown,TBHQ (E319),Additive (INS/E-Code),['JP'],Banned in JP according to additive rulebook. Functional Class: Antioxidant.,True, | Unknown FSSAI category | Non-standard barcode length,OpenFoodFacts / GS1 Database,2026-08-07 02:46:51,False,foodfactsindia.online,False,PRIMARY_QUALIFYING
38000225871,Baby shark berry fin tastic with marshmallows flavored cereal,Kellogg's,"Plant-based foods and beverages, Plant-based foods, Cereals and potatoes, Cereals and their products",CAT_14,Erythrosine (E127),Additive (INS/E-Code),['US'],Banned in US according to additive rulebook. Functional Class: Additive.,True, | Non-standard barcode length,OpenFoodFacts / GS1 Database,2026-08-07 02:46:51,False,foodfactsindia.online,False,SECONDARY_ERYTHROSINE
21130308866,Salted Caramel Fudge,"Safeway Kitchens,  Safeway  Inc.",undefined,Unknown,Partially Hydrogenated Oil (PHO),Ingredient (Null INS),"['US', 'CA']",Banned in US (FDA 2018 GRAS revocation) and Canada due to industrial trans fats.,True, | Unknown FSSAI category | Non-standard barcode length,OpenFoodFacts / GS1 Database,2026-08-07 02:46:51,False,foodfactsindia.online,False,EXCLUDE_OFF_SCOPE
21130382149,"Signature kitchens, hot cocoa mix, rich chocolate",Signature Kitchens,"Beverages, Dried products, Dried products to be rehydrated, Dehydrated beverages",CAT_14,Partially Hydrogenated Oil (PHO),Ingredient (Null INS),"['US', 'CA']",Banned in US (FDA 2018 GRAS revocation) and Canada due to industrial trans fats.,True, | Non-standard barcode length,OpenFoodFacts / GS1 Database,2026-08-07 02:46:51,False,foodfactsindia.online,False,EXCLUDE_OFF_SCOPE
21130495528,Beef Gravy,Signature Kitchens,undefined,Unknown,Partially Hydrogenated Oil (PHO),Ingredient (Null INS),"['US', 'CA']",Banned in US (FDA 2018 GRAS revocation) and Canada due to industrial trans fats.,True, | Unknown FSSAI category | Non-standard barcode length,OpenFoodFacts / GS1 Database,2026-08-07 02:46:51,False,foodfactsindia.online,False,EXCLUDE_OFF_SCOPE
849896044053,Portabello Mushroom,Gourmet Kitchens,,Unknown,Partially Hydrogenated Oil (PHO),Ingredient (Null INS),"['US', 'CA']",Banned in US (FDA 2018 GRAS revocation) and Canada due to industrial trans fats.,True, | Unknown FSSAI category,OpenFoodFacts / GS1 Database,2026-08-07 02:46:51,False,foodfactsindia.online,False,EXCLUDE_OFF_SCOPE
9300617065722,MARVELLOUS CREATIONS JELLY POPPING CANDY BEANIES IN DAIRY MILK MILK CHOCOLATE,Cadbury,,CAT_05,Titanium Dioxide (E171),Additive (INS/E-Code),['EU'],Banned in EU according to additive rulebook. Functional Class: Colorant.,False,,OpenFoodFacts / GS1 Database,2026-08-07 02:46:51,True,foodfactsindia.online,False,PRIMARY_QUALIFYING
50000800032,Coffee mate French Vanilla,Nestle,"Plant-based foods and beverages, Dairy substitutes, Milk substitutes, Creamer",CAT_14,Partially Hydrogenated Oil (PHO),Ingredient (Null INS),"['US', 'CA']",Banned in US (FDA 2018 GRAS revocation) and Canada due to industrial trans fats.,True, | Non-standard barcode length,OpenFoodFacts / GS1 Database,2026-08-07 02:46:51,False,foodfactsindia.online,False,EXCLUDE_OFF_SCOPE
9556001171375,Chicken noodles,Maggi,,CAT_06,TBHQ (E319),Additive (INS/E-Code),['JP'],Banned in JP according to additive rulebook. Functional Class: Antioxidant.,False,,OpenFoodFacts / GS1 Database,2026-08-07 02:46:51,True,foodfactsindia.online,False,PRIMARY_QUALIFYING
44000072155,Oreo sinkerdoodle,Oreo,,CAT_07,Titanium Dioxide (E171),Additive (INS/E-Code),['EU'],Banned in EU according to additive rulebook. Functional Class: Colorant.,True, | Non-standard barcode length,OpenFoodFacts / GS1 Database,2026-08-07 02:46:51,False,foodfactsindia.online,False,PRIMARY_QUALIFYING
7622202284489,Dairy Milk Whispers Milk Chocolate With Malted Honeycomb Centre,Cadbury,,CAT_05,TBHQ (E319),Additive (INS/E-Code),['JP'],Banned in JP according to additive rulebook. Functional Class: Antioxidant.,False,,OpenFoodFacts / GS1 Database,2026-08-07 02:46:51,True,foodfactsindia.online,False,PRIMARY_QUALIFYING
760263711203,"Rice Mix, Cheddar, Broccoli",Bear Creek Country Kitchens,,Unknown,Partially Hydrogenated Oil (PHO),Ingredient (Null INS),"['US', 'CA']",Banned in US (FDA 2018 GRAS revocation) and Canada due to industrial trans fats.,True, | Unknown FSSAI category,OpenFoodFacts / GS1 Database,2026-08-07 02:46:51,False,foodfactsindia.online,False,EXCLUDE_OFF_SCOPE
22000117427,"Original bite size candies, original","Mars,Skittles","Snacks, Sweet snacks, Confectioneries, en:candies",CAT_15,Titanium Dioxide (E171),Additive (INS/E-Code),['EU'],Banned in EU according to additive rulebook. Functional Class: Colorant.,True, | Non-standard barcode length,OpenFoodFacts / GS1 Database,2026-08-07 02:46:51,False,foodfactsindia.online,False,PRIMARY_QUALIFYING
22000012562,"Skittles, bite size candies","Mars Wrigley Confectionery, Skittles","Snacks, Sweet snacks, Confectioneries, Candies, Gummi candies",CAT_15,Titanium Dioxide (E171),Additive (INS/E-Code),['EU'],Banned in EU according to additive rulebook. Functional Class: Colorant.,True, | Non-standard barcode length,OpenFoodFacts / GS1 Database,2026-08-07 02:46:51,False,foodfactsindia.online,False,PRIMARY_QUALIFYING
47677371156,Ice Cream Cones,Snickers,"Desserts, Frozen foods, Frozen desserts",CAT_05,Partially Hydrogenated Oil (PHO),Ingredient (Null INS),"['US', 'CA']",Banned in US (FDA 2018 GRAS revocation) and Canada due to industrial trans fats.,True, | Non-standard barcode length,OpenFoodFacts / GS1 Database,2026-08-07 02:46:51,False,foodfactsindia.online,False,EXCLUDE_OFF_SCOPE
34271900202,Chocolate nut pie,"Kern's,  Kern's Kitchen","Snacks, Sweet snacks, Biscuits and cakes, Cakes",CAT_15,Partially Hydrogenated Oil (PHO),Ingredient (Null INS),"['US', 'CA']",Banned in US (FDA 2018 GRAS revocation) and Canada due to industrial trans fats.,True, | Non-standard barcode length,OpenFoodFacts / GS1 Database,2026-08-07 02:46:51,False,foodfactsindia.online,False,EXCLUDE_OFF_SCOPE
5010238016457,Marvellous Ice Creams: Jelly Popping Candy,Cadbury,"Desserts, Frozen foods, Frozen desserts, Ice creams and sorbets, Ice creams, Ice cream bars",CAT_03,Titanium Dioxide (E171),Additive (INS/E-Code),['EU'],Banned in EU according to additive rulebook. Functional Class: Colorant.,False,,OpenFoodFacts / GS1 Database,2026-08-07 02:46:51,True,foodfactsindia.online,False,PRIMARY_QUALIFYING
781718143516,Dry lemon (switch),Switch,en:artificially-sweetened-beverages,CAT_14,Quinoline Yellow (E104),Additive (INS/E-Code),"['JP', 'US']","Banned in JP, US according to additive rulebook. Functional Class: Additive.",False,,OpenFoodFacts / GS1 Database,2026-08-07 02:46:51,True,foodfactsindia.online,False,MUST_REMOVE_BANNED_IN_INDIA
9300617313656,Layered Fingers,Cadbury,,CAT_05,TBHQ (E319),Additive (INS/E-Code),['JP'],Banned in JP according to additive rulebook. Functional Class: Antioxidant.,False,,OpenFoodFacts / GS1 Database,2026-08-07 02:46:51,True,foodfactsindia.online,False,PRIMARY_QUALIFYING
940042488551,Doublemint,WRIGLEYS,,Unknown,Titanium Dioxide (E171),Additive (INS/E-Code),['EU'],Banned in EU according to additive rulebook. Functional Class: Colorant.,True, | Unknown FSSAI category,OpenFoodFacts / GS1 Database,2026-08-07 02:46:51,False,foodfactsindia.online,False,PRIMARY_QUALIFYING
7891000304839,NESFIT banana,NESTLE,Biscoito,Unknown,TBHQ (E319),Additive (INS/E-Code),['JP'],Banned in JP according to additive rulebook. Functional Class: Antioxidant.,True, | Unknown FSSAI category,OpenFoodFacts / GS1 Database,2026-08-07 02:46:51,False,foodfactsindia.online,False,PRIMARY_QUALIFYING
810172559301,Xl Bourbon Meatballs,Clean Eatz Kitchen,,Unknown,Titanium Dioxide (E171),Additive (INS/E-Code),['EU'],Banned in EU according to additive rulebook. Functional Class: Colorant.,True, | Unknown FSSAI category,OpenFoodFacts / GS1 Database,2026-08-07 02:46:51,False,foodfactsindia.online,False,PRIMARY_QUALIFYING
50000246649,Nestle coffee mate powdered coffee creamer french vanilla,Nestlé,"Plant-based foods and beverages, Dairy substitutes, Milk substitutes, Creamer",CAT_14,Partially Hydrogenated Oil (PHO),Ingredient (Null INS),"['US', 'CA']",Banned in US (FDA 2018 GRAS revocation) and Canada due to industrial trans fats.,True, | Non-standard barcode length,OpenFoodFacts / GS1 Database,2026-08-07 02:46:51,False,foodfactsindia.online,False,EXCLUDE_OFF_SCOPE
21130405053,Instant Bouillon,Signature Kitchens,undefined,Unknown,Partially Hydrogenated Oil (PHO),Ingredient (Null INS),"['US', 'CA']",Banned in US (FDA 2018 GRAS revocation) and Canada due to industrial trans fats.,True, | Unknown FSSAI category | Non-standard barcode length,OpenFoodFacts / GS1 Database,2026-08-07 02:46:51,False,foodfactsindia.online,False,EXCLUDE_OFF_SCOPE
5449000106292,Sparletta Sparletta Sparberry 330ML 330 ML,Sparletta,"Boissons, Boissons avec sucre ajouté",CAT_07,Quinoline Yellow (E104),Additive (INS/E-Code),"['JP', 'US']","Banned in JP, US according to additive rulebook. Functional Class: Additive.",False,,OpenFoodFacts / GS1 Database,2026-08-07 02:46:51,True,foodfactsindia.online,False,MUST_REMOVE_BANNED_IN_INDIA
71214054288,Apple Cake,Old Home Kitchens,"Snacks, Sweet snacks, Biscuits and cakes, Cakes",CAT_15,Partially Hydrogenated Oil (PHO),Ingredient (Null INS),"['US', 'CA']",Banned in US (FDA 2018 GRAS revocation) and Canada due to industrial trans fats.,True, | Non-standard barcode length,OpenFoodFacts / GS1 Database,2026-08-07 02:46:51,False,foodfactsindia.online,False,EXCLUDE_OFF_SCOPE
73402350004,Fine classic plain donuts,"Country Kitchen,  Lepage Bakeries  Inc.","Snacks, Sweet snacks, Biscuits and cakes, Cakes",CAT_15,Partially Hydrogenated Oil (PHO),Ingredient (Null INS),"['US', 'CA']",Banned in US (FDA 2018 GRAS revocation) and Canada due to industrial trans fats.,True, | Non-standard barcode length,OpenFoodFacts / GS1 Database,2026-08-07 02:46:51,False,foodfactsindia.online,False,EXCLUDE_OFF_SCOPE
73402358000,Fine chocolate powdered donuts,"Country Kitchen,  Lepage Bakeries  Inc.","Snacks, Sweet snacks, Biscuits and cakes, Cakes",CAT_15,Titanium Dioxide (E171),Additive (INS/E-Code),['EU'],Banned in EU according to additive rulebook. Functional Class: Colorant.,True, | Non-standard barcode length,OpenFoodFacts / GS1 Database,2026-08-07 02:46:51,False,foodfactsindia.online,False,PRIMARY_QUALIFYING
73402358000,Fine chocolate powdered donuts,"Country Kitchen,  Lepage Bakeries  Inc.","Snacks, Sweet snacks, Biscuits and cakes, Cakes",CAT_15,Partially Hydrogenated Oil (PHO),Ingredient (Null INS),"['US', 'CA']",Banned in US (FDA 2018 GRAS revocation) and Canada due to industrial trans fats.,True, | Non-standard barcode length,OpenFoodFacts / GS1 Database,2026-08-07 02:46:51,False,foodfactsindia.online,False,EXCLUDE_OFF_SCOPE
50000560240,"Hazelnut coffee creamer, hazelnut",Nestlé,,Unknown,TBHQ (E319),Additive (INS/E-Code),['JP'],Banned in JP according to additive rulebook. Functional Class: Antioxidant.,True, | Unknown FSSAI category | Non-standard barcode length,OpenFoodFacts / GS1 Database,2026-08-07 02:46:51,False,foodfactsindia.online,False,PRIMARY_QUALIFYING
41548510972,Butterfnger light ice cream,Nestlé,"Desserts, Frozen foods, Frozen desserts",Unknown,TBHQ (E319),Additive (INS/E-Code),['JP'],Banned in JP according to additive rulebook. Functional Class: Antioxidant.,True, | Unknown FSSAI category | Non-standard barcode length,OpenFoodFacts / GS1 Database,2026-08-07 02:46:51,False,foodfactsindia.online,False,PRIMARY_QUALIFYING
21130557950,Peppermint Starlights Candy,"Signature Kitchens,Safeway  Inc.","Snacks, Sweet snacks, Confectioneries",CAT_15,Titanium Dioxide (E171),Additive (INS/E-Code),['EU'],Banned in EU according to additive rulebook. Functional Class: Colorant.,True, | Non-standard barcode length,OpenFoodFacts / GS1 Database,2026-08-07 02:46:51,False,foodfactsindia.online,False,PRIMARY_QUALIFYING
844527029133,Cupcake Kit,Monsters University,"Snacks, Sweet snacks, Biscuits and cakes, Cakes, Cooking helpers, Pastry helpers, Baking Mixes, Dessert mixes, Cake mixes",CAT_15,Partially Hydrogenated Oil (PHO),Ingredient (Null INS),"['US', 'CA']",Banned in US (FDA 2018 GRAS revocation) and Canada due to industrial trans fats.,False,,OpenFoodFacts / GS1 Database,2026-08-07 02:46:51,True,foodfactsindia.online,False,EXCLUDE_OFF_SCOPE
893447001385,Teriyaki Chicken,Hart Asian Kitchen,Frozen foods,Unknown,Partially Hydrogenated Oil (PHO),Ingredient (Null INS),"['US', 'CA']",Banned in US (FDA 2018 GRAS revocation) and Canada due to industrial trans fats.,True, | Unknown FSSAI category,OpenFoodFacts / GS1 Database,2026-08-07 02:46:51,False,foodfactsindia.online,False,EXCLUDE_OFF_SCOPE
5000221508724,Sticky puds,Cadbury,,CAT_05,Titanium Dioxide (E171),Additive (INS/E-Code),['EU'],Banned in EU according to additive rulebook. Functional Class: Colorant.,False,,OpenFoodFacts / GS1 Database,2026-08-07 02:46:51,True,foodfactsindia.online,False,PRIMARY_QUALIFYING
10055106510,Pop-tarts Frosted S'mores Chocolate And Marshmallow Flavour,Kellogg's,,Unknown,TBHQ (E319),Additive (INS/E-Code),['JP'],Banned in JP according to additive rulebook. Functional Class: Antioxidant.,True, | Unknown FSSAI category | Non-standard barcode length,OpenFoodFacts / GS1 Database,2026-08-07 02:46:51,False,foodfactsindia.online,False,PRIMARY_QUALIFYING
10055106510,Pop-tarts Frosted S'mores Chocolate And Marshmallow Flavour,Kellogg's,,Unknown,Titanium Dioxide (E171),Additive (INS/E-Code),['EU'],Banned in EU according to additive rulebook. Functional Class: Colorant.,True, | Unknown FSSAI category | Non-standard barcode length,OpenFoodFacts / GS1 Database,2026-08-07 02:46:51,False,foodfactsindia.online,False,PRIMARY_QUALIFYING
9300617301448,BOOST,Cadbury,,CAT_05,TBHQ (E319),Additive (INS/E-Code),['JP'],Banned in JP according to additive rulebook. Functional Class: Antioxidant.,False,,OpenFoodFacts / GS1 Database,2026-08-07 02:46:51,True,foodfactsindia.online,False,PRIMARY_QUALIFYING
38000318276,Cereal chocolatey delight,Kellogg's,"Plant-based foods and beverages, Plant-based foods, Cereals and potatoes, Cereals and their products",CAT_14,Partially Hydrogenated Oil (PHO),Ingredient (Null INS),"['US', 'CA']",Banned in US (FDA 2018 GRAS revocation) and Canada due to industrial trans fats.,True, | Non-standard barcode length,OpenFoodFacts / GS1 Database,2026-08-07 02:46:51,False,foodfactsindia.online,False,EXCLUDE_OFF_SCOPE
817719021000,Robervine's FitCrunch,FitCrunch,,Unknown,Titanium Dioxide (E171),Additive (INS/E-Code),['EU'],Banned in EU according to additive rulebook. Functional Class: Colorant.,True, | Unknown FSSAI category,OpenFoodFacts / GS1 Database,2026-08-07 02:46:51,False,foodfactsindia.online,False,PRIMARY_QUALIFYING
28000560683,Peanut butter cups skull,Nestlé,"Snacks, Sweet snacks, Confectioneries",CAT_15,TBHQ (E319),Additive (INS/E-Code),['JP'],Banned in JP according to additive rulebook. Functional Class: Antioxidant.,True, | Non-standard barcode length,OpenFoodFacts / GS1 Database,2026-08-07 02:46:51,False,foodfactsindia.online,False,PRIMARY_QUALIFYING
50000610402,Coffee mate,Nestle,"Plant-based foods and beverages, Dairy substitutes, Milk substitutes, Creamer",CAT_14,Partially Hydrogenated Oil (PHO),Ingredient (Null INS),"['US', 'CA']",Banned in US (FDA 2018 GRAS revocation) and Canada due to industrial trans fats.,True, | Non-standard barcode length,OpenFoodFacts / GS1 Database,2026-08-07 02:46:51,False,foodfactsindia.online,False,EXCLUDE_OFF_SCOPE
28000109059,Chicken bouillon,Maggi,"Condiments, Groceries",CAT_12,Partially Hydrogenated Oil (PHO),Ingredient (Null INS),"['US', 'CA']",Banned in US (FDA 2018 GRAS revocation) and Canada due to industrial trans fats.,True, | Non-standard barcode length,OpenFoodFacts / GS1 Database,2026-08-07 02:46:51,False,foodfactsindia.online,False,EXCLUDE_OFF_SCOPE
9300605229006,Gobstopper,Nestlé,,Unknown,Titanium Dioxide (E171),Additive (INS/E-Code),['EU'],Banned in EU according to additive rulebook. Functional Class: Colorant.,True, | Unknown FSSAI category,OpenFoodFacts / GS1 Database,2026-08-07 02:46:51,False,foodfactsindia.online,False,PRIMARY_QUALIFYING
40000490418,"Snickers, unwrapped bites",Snickers,"Snacks, Sweet snacks, Confectioneries",CAT_15,Partially Hydrogenated Oil (PHO),Ingredient (Null INS),"['US', 'CA']",Banned in US (FDA 2018 GRAS revocation) and Canada due to industrial trans fats.,True, | Non-standard barcode length,OpenFoodFacts / GS1 Database,2026-08-07 02:46:51,False,foodfactsindia.online,False,EXCLUDE_OFF_SCOPE
44000032715,Nabisco oreo cookies birthday cake 1x15.25 oz,Oreo,"Snacks, Sweet snacks, Biscuits and cakes, Biscuits",CAT_15,Erythrosine (E127),Additive (INS/E-Code),['US'],Banned in US according to additive rulebook. Functional Class: Additive.,True, | Non-standard barcode length,OpenFoodFacts / GS1 Database,2026-08-07 02:46:51,False,foodfactsindia.online,False,SECONDARY_ERYTHROSINE
50000630745,coffeemate original lite powdered creamer,Nestlé,"Plant-based foods and beverages, Dairy substitutes, Milk substitutes, Creamer",CAT_14,Partially Hydrogenated Oil (PHO),Ingredient (Null INS),"['US', 'CA']",Banned in US (FDA 2018 GRAS revocation) and Canada due to industrial trans fats.,True, | Non-standard barcode length,OpenFoodFacts / GS1 Database,2026-08-07 02:46:51,False,foodfactsindia.online,False,EXCLUDE_OFF_SCOPE
7613032984441,Bûche glacée 3 Chocolats,"Nestlé, Lanvin","Desserts, Aliments festifs, Surgelés, Aliments et boissons de Noël, Desserts glacés, Bûches de Noël, Bûches glacées",Unknown,Titanium Dioxide (E171),Additive (INS/E-Code),['EU'],Banned in EU according to additive rulebook. Functional Class: Colorant.,True, | Unknown FSSAI category,OpenFoodFacts / GS1 Database,2026-08-07 02:46:51,False,foodfactsindia.online,False,PRIMARY_QUALIFYING
7501059289147,COFFEE MATE CHAI LATTE,NESTLE,"Alimentos y bebidas de origen vegetal, Bebidas, Alimentos de origen vegetal, Cafés, Bebidas azucaradas, CREMAS, SUSTITUTO DE CREMA",Unknown,Titanium Dioxide (E171),Additive (INS/E-Code),['EU'],Banned in EU according to additive rulebook. Functional Class: Colorant.,True, | Unknown FSSAI category,OpenFoodFacts / GS1 Database,2026-08-07 02:46:51,False,foodfactsindia.online,False,PRIMARY_QUALIFYING
44000077334,Space Dunk,Oreo,"Snacks, Sweet snacks, Biscuits and cakes, Biscuits, en:confectioneries",CAT_15,Erythrosine (E127),Additive (INS/E-Code),['US'],Banned in US according to additive rulebook. Functional Class: Additive.,True, | Non-standard barcode length,OpenFoodFacts / GS1 Database,2026-08-07 02:46:51,False,foodfactsindia.online,False,SECONDARY_ERYTHROSINE
9300617311546,Boost Peanuts Chocolate Bar,Cadbury,,CAT_05,TBHQ (E319),Additive (INS/E-Code),['JP'],Banned in JP according to additive rulebook. Functional Class: Antioxidant.,False,,OpenFoodFacts / GS1 Database,2026-08-07 02:46:51,True,foodfactsindia.online,False,PRIMARY_QUALIFYING
28000469689,Bite-sized candy,Nestlé,"Snacks, Sweet snacks, Confectioneries",CAT_15,TBHQ (E319),Additive (INS/E-Code),['JP'],Banned in JP according to additive rulebook. Functional Class: Antioxidant.,True, | Non-standard barcode length,OpenFoodFacts / GS1 Database,2026-08-07 02:46:51,False,foodfactsindia.online,False,PRIMARY_QUALIFYING
7891000304754,Biscoito Integral Nesfit Laranja e Cenoura,Nestle,"Biscoito, en:biscuits",CAT_07,TBHQ (E319),Additive (INS/E-Code),['JP'],Banned in JP according to additive rulebook. Functional Class: Antioxidant.,False,,OpenFoodFacts / GS1 Database,2026-08-07 02:46:51,True,foodfactsindia.online,False,PRIMARY_QUALIFYING
38000149856,"Pringles, loaded baked potato crisps",Pringles,Snacks,CAT_15,Partially Hydrogenated Oil (PHO),Ingredient (Null INS),"['US', 'CA']",Banned in US (FDA 2018 GRAS revocation) and Canada due to industrial trans fats.,True, | Non-standard barcode length,OpenFoodFacts / GS1 Database,2026-08-07 02:46:51,False,foodfactsindia.online,False,EXCLUDE_OFF_SCOPE
44000077228,Oreo Space Dunk,Oreo,,CAT_07,Erythrosine (E127),Additive (INS/E-Code),['US'],Banned in US according to additive rulebook. Functional Class: Additive.,True, | Non-standard barcode length,OpenFoodFacts / GS1 Database,2026-08-07 02:46:51,False,foodfactsindia.online,False,SECONDARY_ERYTHROSINE
34695124048,ROTISSERIE CHICKEN,SOULES KITCHEN,undefined,Unknown,Partially Hydrogenated Oil (PHO),Ingredient (Null INS),"['US', 'CA']",Banned in US (FDA 2018 GRAS revocation) and Canada due to industrial trans fats.,True, | Unknown FSSAI category | Non-standard barcode length,OpenFoodFacts / GS1 Database,2026-08-07 02:46:51,False,foodfactsindia.online,False,EXCLUDE_OFF_SCOPE
6001224307535,Creamy Honey & mustard slad dressing,The kitchen,"Condiments, Sauces, Salad dressings",CAT_12,TBHQ (E319),Additive (INS/E-Code),['JP'],Banned in JP according to additive rulebook. Functional Class: Antioxidant.,False,,OpenFoodFacts / GS1 Database,2026-08-07 02:46:51,True,foodfactsindia.online,False,PRIMARY_QUALIFYING
794712831693,Banana chips,Beyond snack,crisps,CAT_15,TBHQ (E319),Additive (INS/E-Code),['JP'],Banned in JP according to additive rulebook. Functional Class: Antioxidant.,False,,OpenFoodFacts / GS1 Database,2026-08-07 02:46:51,True,foodfactsindia.online,False,PRIMARY_QUALIFYING
50000032631,Rich Chocolate Flavor Hot Cocoa Mix,Nestlé,"Beverages, Hot cocoa mix, en:dehydrated-beverages",CAT_14,Partially Hydrogenated Oil (PHO),Ingredient (Null INS),"['US', 'CA']",Banned in US (FDA 2018 GRAS revocation) and Canada due to industrial trans fats.,True, | Non-standard barcode length,OpenFoodFacts / GS1 Database,2026-08-07 02:46:51,False,foodfactsindia.online,False,EXCLUDE_OFF_SCOPE
58496464783,M&m’s,Mars Canada,,Unknown,Titanium Dioxide (E171),Additive (INS/E-Code),['EU'],Banned in EU according to additive rulebook. Functional Class: Colorant.,True, | Unknown FSSAI category | Non-standard barcode length,OpenFoodFacts / GS1 Database,2026-08-07 02:46:51,False,foodfactsindia.online,False,PRIMARY_QUALIFYING
786832900236,Focaccia,Royal Kitchens  Inc,"Plant-based foods and beverages, Plant-based foods, Cereals and potatoes, Breads",CAT_14,Potassium Bromate (E924A),Additive (INS/E-Code),"['EU', 'IN']","Banned in EU, IN according to additive rulebook. Functional Class: FLOUR_TREATMENT_AGENT.",True,Claims banned in India - verify against FSSAI Schedule 2.4.5,OpenFoodFacts / GS1 Database,2026-08-07 02:46:51,False,foodfactsindia.online,False,MUST_REMOVE_BANNED_IN_INDIA
40000151463,"Snickers, chocolate bar",Snickers,"Snacks, Sweet snacks, Cocoa and its products, Confectioneries, Chocolate candies",CAT_15,Partially Hydrogenated Oil (PHO),Ingredient (Null INS),"['US', 'CA']",Banned in US (FDA 2018 GRAS revocation) and Canada due to industrial trans fats.,True, | Non-standard barcode length,OpenFoodFacts / GS1 Database,2026-08-07 02:46:51,False,foodfactsindia.online,False,EXCLUDE_OFF_SCOPE
21130266326,Chocolate Candy Coating,"Signature Kitchens,  Safeway  Inc.",undefined,Unknown,Partially Hydrogenated Oil (PHO),Ingredient (Null INS),"['US', 'CA']",Banned in US (FDA 2018 GRAS revocation) and Canada due to industrial trans fats.,True, | Unknown FSSAI category | Non-standard barcode length,OpenFoodFacts / GS1 Database,2026-08-07 02:46:51,False,foodfactsindia.online,False,EXCLUDE_OFF_SCOPE
21130501731,"Signature kitchens, sharks snacks, assorted fruit","Signature Kitchens,  Safeway  Inc.","Snacks, Sweet snacks, Confectioneries",CAT_15,Partially Hydrogenated Oil (PHO),Ingredient (Null INS),"['US', 'CA']",Banned in US (FDA 2018 GRAS revocation) and Canada due to industrial trans fats.,True, | Non-standard barcode length,OpenFoodFacts / GS1 Database,2026-08-07 02:46:51,False,foodfactsindia.online,False,EXCLUDE_OFF_SCOPE
40000393146,"Snickers, candy bar",Snickers,"Snacks, Sweet snacks, Confectioneries",CAT_15,Partially Hydrogenated Oil (PHO),Ingredient (Null INS),"['US', 'CA']",Banned in US (FDA 2018 GRAS revocation) and Canada due to industrial trans fats.,True, | Non-standard barcode length,OpenFoodFacts / GS1 Database,2026-08-07 02:46:51,False,foodfactsindia.online,False,EXCLUDE_OFF_SCOPE
72554218903,Nestle drumstick triple chocolate king size sundae cone 7.5 oz,Nestlé,,Unknown,Partially Hydrogenated Oil (PHO),Ingredient (Null INS),"['US', 'CA']",Banned in US (FDA 2018 GRAS revocation) and Canada due to industrial trans fats.,True, | Unknown FSSAI category | Non-standard barcode length,OpenFoodFacts / GS1 Database,2026-08-07 02:46:51,False,foodfactsindia.online,False,EXCLUDE_OFF_SCOPE
44000060411,Birthday Cake Flavor Creme Oreo Chocolate Sandwich Cookies,Oreo,,CAT_07,Erythrosine (E127),Additive (INS/E-Code),['US'],Banned in US according to additive rulebook. Functional Class: Additive.,True, | Non-standard barcode length,OpenFoodFacts / GS1 Database,2026-08-07 02:46:51,False,foodfactsindia.online,False,SECONDARY_ERYTHROSINE
6009188007492,Maggi: 2 Minutes Noodles,Nestle,"Dried products,Pastas,Dried products to be rehydrated,Noodles,Instant noodles",CAT_06,TBHQ (E319),Additive (INS/E-Code),['JP'],Banned in JP according to additive rulebook. Functional Class: Antioxidant.,False,,OpenFoodFacts / GS1 Database,2026-08-07 02:46:51,True,foodfactsindia.online,False,PRIMARY_QUALIFYING
745367363480,"Target corporation, marbled egg shaped confetti","Target Corporation,  Brand's Country Kitchen Supplies  Inc.",Baking decorations,Unknown,Erythrosine (E127),Additive (INS/E-Code),['US'],Banned in US according to additive rulebook. Functional Class: Additive.,True, | Unknown FSSAI category,OpenFoodFacts / GS1 Database,2026-08-07 02:46:51,False,foodfactsindia.online,False,SECONDARY_ERYTHROSINE
745367363480,"Target corporation, marbled egg shaped confetti","Target Corporation,  Brand's Country Kitchen Supplies  Inc.",Baking decorations,Unknown,Partially Hydrogenated Oil (PHO),Ingredient (Null INS),"['US', 'CA']",Banned in US (FDA 2018 GRAS revocation) and Canada due to industrial trans fats.,True, | Unknown FSSAI category,OpenFoodFacts / GS1 Database,2026-08-07 02:46:51,False,foodfactsindia.online,False,EXCLUDE_OFF_SCOPE
745367368027,Sprinkles Decorating Candies,Brand's Country Kitchen Supplies  Inc.,Baking decorations,Unknown,Erythrosine (E127),Additive (INS/E-Code),['US'],Banned in US according to additive rulebook. Functional Class: Additive.,True, | Unknown FSSAI category,OpenFoodFacts / GS1 Database,2026-08-07 02:46:51,False,foodfactsindia.online,False,SECONDARY_ERYTHROSINE
40000449287,"Snickers, peanut butter egg",Snickers,"Snacks, Sweet snacks, Confectioneries",CAT_15,Partially Hydrogenated Oil (PHO),Ingredient (Null INS),"['US', 'CA']",Banned in US (FDA 2018 GRAS revocation) and Canada due to industrial trans fats.,True, | Non-standard barcode length,OpenFoodFacts / GS1 Database,2026-08-07 02:46:51,False,foodfactsindia.online,False,EXCLUDE_OFF_SCOPE
40000492474,"Snickers, mixed nuts candy bar",Snickers,"Snacks, Sweet snacks, Confectioneries",CAT_15,Partially Hydrogenated Oil (PHO),Ingredient (Null INS),"['US', 'CA']",Banned in US (FDA 2018 GRAS revocation) and Canada due to industrial trans fats.,True, | Non-standard barcode length,OpenFoodFacts / GS1 Database,2026-08-07 02:46:51,False,foodfactsindia.online,False,EXCLUDE_OFF_SCOPE
72417159688,"Cadbury, cookies",Cadbury,"Snacks, Sweet snacks, Biscuits and cakes, Biscuits",CAT_15,Titanium Dioxide (E171),Additive (INS/E-Code),['EU'],Banned in EU according to additive rulebook. Functional Class: Colorant.,True, | Non-standard barcode length,OpenFoodFacts / GS1 Database,2026-08-07 02:46:51,False,foodfactsindia.online,False,PRIMARY_QUALIFYING
66721026637,Birthday Cake Flavour OREO Chocolate Sandwich Cookies,Oreo,,CAT_07,Erythrosine (E127),Additive (INS/E-Code),['US'],Banned in US according to additive rulebook. Functional Class: Additive.,True, | Non-standard barcode length,OpenFoodFacts / GS1 Database,2026-08-07 02:46:51,False,foodfactsindia.online,False,SECONDARY_ERYTHROSINE
9556001267948,Jap ter noodles,Nestle,"Plant-based foods and beverages, Plant-based foods, Dried products, Pastas, Dried products to be rehydrated, Noodles, Instant noodles",CAT_14,TBHQ (E319),Additive (INS/E-Code),['JP'],Banned in JP according to additive rulebook. Functional Class: Antioxidant.,False,,OpenFoodFacts / GS1 Database,2026-08-07 02:46:51,True,foodfactsindia.online,False,PRIMARY_QUALIFYING
3509140020314,Malabar,Cadbury,"Snacks, Snacks sucrés, Confiseries, Chewing-gum",CAT_15,Titanium Dioxide (E171),Additive (INS/E-Code),['EU'],Banned in EU according to additive rulebook. Functional Class: Colorant.,False,,OpenFoodFacts / GS1 Database,2026-08-07 02:46:51,True,foodfactsindia.online,False,PRIMARY_QUALIFYING
28000525538,Mexican style instant hot chocolate mix,nestle abuelita,,Unknown,Partially Hydrogenated Oil (PHO),Ingredient (Null INS),"['US', 'CA']",Banned in US (FDA 2018 GRAS revocation) and Canada due to industrial trans fats.,True, | Unknown FSSAI category | Non-standard barcode length,OpenFoodFacts / GS1 Database,2026-08-07 02:46:51,False,foodfactsindia.online,False,EXCLUDE_OFF_SCOPE
38000391200,Sweetened multi-grain cereal,Kellogg's,"Plant-based foods and beverages, Plant-based foods, Breakfasts, Cereals and potatoes, Cereals and their products, Breakfast cereals, Extruded cereals",CAT_15,Partially Hydrogenated Oil (PHO),Ingredient (Null INS),"['US', 'CA']",Banned in US (FDA 2018 GRAS revocation) and Canada due to industrial trans fats.,True, | Non-standard barcode length,OpenFoodFacts / GS1 Database,2026-08-07 02:46:51,False,foodfactsindia.online,False,EXCLUDE_OFF_SCOPE
61200019636,Dairy Milk Mini Bars,Cadbury,,CAT_05,Titanium Dioxide (E171),Additive (INS/E-Code),['EU'],Banned in EU according to additive rulebook. Functional Class: Colorant.,True, | Non-standard barcode length,OpenFoodFacts / GS1 Database,2026-08-07 02:46:51,False,foodfactsindia.online,False,PRIMARY_QUALIFYING
50000334803,Vanilla Caramel Zero Sugar Coffee Mate,Nestlé,"Beverages and beverages preparations, Plant-based foods and beverages, Beverages, Dairy substitutes, Hot beverages, Milk substitutes, Beverage preparations, Instant beverages, Unsweetened beverages, Creamer",CAT_14,Partially Hydrogenated Oil (PHO),Ingredient (Null INS),"['US', 'CA']",Banned in US (FDA 2018 GRAS revocation) and Canada due to industrial trans fats.,True, | Non-standard barcode length,OpenFoodFacts / GS1 Database,2026-08-07 02:46:51,False,foodfactsindia.online,False,EXCLUDE_OFF_SCOPE
71214040694,"Old home kitchens, angel foods cake",Old Home Kitchens,"Snacks, Sweet snacks, Biscuits and cakes, Cakes",CAT_15,Partially Hydrogenated Oil (PHO),Ingredient (Null INS),"['US', 'CA']",Banned in US (FDA 2018 GRAS revocation) and Canada due to industrial trans fats.,True, | Non-standard barcode length,OpenFoodFacts / GS1 Database,2026-08-07 02:46:51,False,foodfactsindia.online,False,EXCLUDE_OFF_SCOPE
28000511159,Beef Flavor Bouillon,Maggi,,CAT_06,TBHQ (E319),Additive (INS/E-Code),['JP'],Banned in JP according to additive rulebook. Functional Class: Antioxidant.,True, | Non-standard barcode length,OpenFoodFacts / GS1 Database,2026-08-07 02:46:51,False,foodfactsindia.online,False,PRIMARY_QUALIFYING
28000511159,Beef Flavor Bouillon,Maggi,,CAT_06,Partially Hydrogenated Oil (PHO),Ingredient (Null INS),"['US', 'CA']",Banned in US (FDA 2018 GRAS revocation) and Canada due to industrial trans fats.,True, | Non-standard barcode length,OpenFoodFacts / GS1 Database,2026-08-07 02:46:51,False,foodfactsindia.online,False,EXCLUDE_OFF_SCOPE
73402356006,Seasonal fine donuts,"Country Kitchen,  Lepage Bakeries  Inc.","Snacks, Sweet snacks, Biscuits and cakes, Cakes",CAT_15,Partially Hydrogenated Oil (PHO),Ingredient (Null INS),"['US', 'CA']",Banned in US (FDA 2018 GRAS revocation) and Canada due to industrial trans fats.,True, | Non-standard barcode length,OpenFoodFacts / GS1 Database,2026-08-07 02:46:51,False,foodfactsindia.online,False,EXCLUDE_OFF_SCOPE
21130558117,Candy,"Signature Kitchens,  Safeway  Inc.","Snacks, Sweet snacks, Confectioneries",CAT_15,Titanium Dioxide (E171),Additive (INS/E-Code),['EU'],Banned in EU according to additive rulebook. Functional Class: Colorant.,True, | Non-standard barcode length,OpenFoodFacts / GS1 Database,2026-08-07 02:46:51,False,foodfactsindia.online,False,PRIMARY_QUALIFYING
28000213190,"Granulated Bouillon, Chicken",Maggi,"Condiments, Groceries",CAT_12,Partially Hydrogenated Oil (PHO),Ingredient (Null INS),"['US', 'CA']",Banned in US (FDA 2018 GRAS revocation) and Canada due to industrial trans fats.,True, | Non-standard barcode length,OpenFoodFacts / GS1 Database,2026-08-07 02:46:51,False,foodfactsindia.online,False,EXCLUDE_OFF_SCOPE
50000127665,Fat free french vanilla coffee creamer,Nestlé,"Plant-based foods and beverages, Dairy substitutes, Milk substitutes, Creamer",CAT_14,Partially Hydrogenated Oil (PHO),Ingredient (Null INS),"['US', 'CA']",Banned in US (FDA 2018 GRAS revocation) and Canada due to industrial trans fats.,True, | Non-standard barcode length,OpenFoodFacts / GS1 Database,2026-08-07 02:46:51,False,foodfactsindia.online,False,EXCLUDE_OFF_SCOPE
727436598283,Jelly Beans,Kelly's candy kitchen,"Snacks, Sweet snacks, Confectioneries",CAT_15,Erythrosine (E127),Additive (INS/E-Code),['US'],Banned in US according to additive rulebook. Functional Class: Additive.,False,,OpenFoodFacts / GS1 Database,2026-08-07 02:46:51,True,foodfactsindia.online,False,SECONDARY_ERYTHROSINE
745367367273,"Target corporation, holiday crystal sugars","Target Corporation,  Brand's Country Kitchen Supplies  Inc.","Sweeteners, Sugars",CAT_11,Erythrosine (E127),Additive (INS/E-Code),['US'],Banned in US according to additive rulebook. Functional Class: Additive.,False,,OpenFoodFacts / GS1 Database,2026-08-07 02:46:51,True,foodfactsindia.online,False,SECONDARY_ERYTHROSINE
852216003722,Fried Fresh In Store Tortilla Chips,Cosentino's Kitchens,en:corn-chips,CAT_15,Erythrosine (E127),Additive (INS/E-Code),['US'],Banned in US according to additive rulebook. Functional Class: Additive.,False,,OpenFoodFacts / GS1 Database,2026-08-07 02:46:51,True,foodfactsindia.online,False,SECONDARY_ERYTHROSINE
760263000949,"A warming homestyle soup with chunks of potatoes, onions, carrots and herbs soup mix, chunky potato","Bear Creek Country Kitchens,  B&G Foods North America  Inc.","Meals, Soups",CAT_12,Titanium Dioxide (E171),Additive (INS/E-Code),['EU'],Banned in EU according to additive rulebook. Functional Class: Colorant.,False,,OpenFoodFacts / GS1 Database,2026-08-07 02:46:51,True,foodfactsindia.online,False,PRIMARY_QUALIFYING
760263911207,Cheddar broccoli pasta mix,Bear Creek Country Kitchens,"Meals, Pasta dishes",CAT_06,Partially Hydrogenated Oil (PHO),Ingredient (Null INS),"['US', 'CA']",Banned in US (FDA 2018 GRAS revocation) and Canada due to industrial trans fats.,False,,OpenFoodFacts / GS1 Database,2026-08-07 02:46:51,True,foodfactsindia.online,False,EXCLUDE_OFF_SCOPE
28000202033,"Nestle, butterfinger",Nestlé,"Snacks, Sweet snacks, Cocoa and its products, Confectioneries, Bars, Chocolate candies, Candies, Bars covered with chocolate",CAT_15,TBHQ (E319),Additive (INS/E-Code),['JP'],Banned in JP according to additive rulebook. Functional Class: Antioxidant.,True, | Non-standard barcode length,OpenFoodFacts / GS1 Database,2026-08-07 02:46:51,False,foodfactsindia.online,False,PRIMARY_QUALIFYING
50000143740,Hot cocoa mix,Nestle,"Beverages, Dried products, Dried products to be rehydrated, Dehydrated beverages",CAT_14,Partially Hydrogenated Oil (PHO),Ingredient (Null INS),"['US', 'CA']",Banned in US (FDA 2018 GRAS revocation) and Canada due to industrial trans fats.,True, | Non-standard barcode length,OpenFoodFacts / GS1 Database,2026-08-07 02:46:51,False,foodfactsindia.online,False,EXCLUDE_OFF_SCOPE
858883001177,Chicken Eggrolls,Spring Kitchen,Frozen foods,Unknown,Potassium Bromate (E924A),Additive (INS/E-Code),"['EU', 'IN']","Banned in EU, IN according to additive rulebook. Functional Class: FLOUR_TREATMENT_AGENT.",True,Claims banned in India - verify against FSSAI Schedule 2.4.5 | Unknown FSSAI category,OpenFoodFacts / GS1 Database,2026-08-07 02:46:51,False,foodfactsindia.online,False,MUST_REMOVE_BANNED_IN_INDIA
38000863509,Apple Jacks,Kellogg's,,Unknown,Partially Hydrogenated Oil (PHO),Ingredient (Null INS),"['US', 'CA']",Banned in US (FDA 2018 GRAS revocation) and Canada due to industrial trans fats.,True, | Unknown FSSAI category | Non-standard barcode length,OpenFoodFacts / GS1 Database,2026-08-07 02:46:51,False,foodfactsindia.online,False,EXCLUDE_OFF_SCOPE
786832614218,Fresh Spinach & Feta Cheese Focaccia Bread,Royal Kitchens  Inc,"Plant-based foods and beverages, Plant-based foods, Cereals and potatoes, Breads",CAT_14,Potassium Bromate (E924A),Additive (INS/E-Code),"['EU', 'IN']","Banned in EU, IN according to additive rulebook. Functional Class: FLOUR_TREATMENT_AGENT.",True,Claims banned in India - verify against FSSAI Schedule 2.4.5,OpenFoodFacts / GS1 Database,2026-08-07 02:46:51,False,foodfactsindia.online,False,MUST_REMOVE_BANNED_IN_INDIA
21130116935,"Signature kitchens, halloween cookies, chocolate chip","Signature Kitchens,  Safeway  Inc.","Plant-based foods and beverages, Plant-based foods, Cereals and potatoes, Cereals and their products, Pie dough",CAT_14,Titanium Dioxide (E171),Additive (INS/E-Code),['EU'],Banned in EU according to additive rulebook. Functional Class: Colorant.,True, | Non-standard barcode length,OpenFoodFacts / GS1 Database,2026-08-07 02:46:51,False,foodfactsindia.online,False,PRIMARY_QUALIFYING
21130116935,"Signature kitchens, halloween cookies, chocolate chip","Signature Kitchens,  Safeway  Inc.","Plant-based foods and beverages, Plant-based foods, Cereals and potatoes, Cereals and their products, Pie dough",CAT_14,Partially Hydrogenated Oil (PHO),Ingredient (Null INS),"['US', 'CA']",Banned in US (FDA 2018 GRAS revocation) and Canada due to industrial trans fats.,True, | Non-standard barcode length,OpenFoodFacts / GS1 Database,2026-08-07 02:46:51,False,foodfactsindia.online,False,EXCLUDE_OFF_SCOPE
21130116997,"Signature kitchens, break & bake easter cookie dough, chocolate chip","Signature Kitchens,  Safeway  Inc.","Plant-based foods and beverages, Plant-based foods, Cereals and potatoes, Cereals and their products, Pie dough",CAT_14,Erythrosine (E127),Additive (INS/E-Code),['US'],Banned in US according to additive rulebook. Functional Class: Additive.,True, | Non-standard barcode length,OpenFoodFacts / GS1 Database,2026-08-07 02:46:51,False,foodfactsindia.online,False,SECONDARY_ERYTHROSINE
21130116997,"Signature kitchens, break & bake easter cookie dough, chocolate chip","Signature Kitchens,  Safeway  Inc.","Plant-based foods and beverages, Plant-based foods, Cereals and potatoes, Cereals and their products, Pie dough",CAT_14,Titanium Dioxide (E171),Additive (INS/E-Code),['EU'],Banned in EU according to additive rulebook. Functional Class: Colorant.,True, | Non-standard barcode length,OpenFoodFacts / GS1 Database,2026-08-07 02:46:51,False,foodfactsindia.online,False,PRIMARY_QUALIFYING
21130116997,"Signature kitchens, break & bake easter cookie dough, chocolate chip","Signature Kitchens,  Safeway  Inc.","Plant-based foods and beverages, Plant-based foods, Cereals and potatoes, Cereals and their products, Pie dough",CAT_14,Partially Hydrogenated Oil (PHO),Ingredient (Null INS),"['US', 'CA']",Banned in US (FDA 2018 GRAS revocation) and Canada due to industrial trans fats.,True, | Non-standard barcode length,OpenFoodFacts / GS1 Database,2026-08-07 02:46:51,False,foodfactsindia.online,False,EXCLUDE_OFF_SCOPE
3538280842647,"Malabar Tutti Frutti 200x, 1 Boîte",Cadbury,en:chewing-gum,CAT_05,Titanium Dioxide (E171),Additive (INS/E-Code),['EU'],Banned in EU according to additive rulebook. Functional Class: Colorant.,False,,OpenFoodFacts / GS1 Database,2026-08-07 02:46:51,True,foodfactsindia.online,False,PRIMARY_QUALIFYING
13000888332,Heinz tomato spaghetti sauce,Heinz,,Unknown,Partially Hydrogenated Oil (PHO),Ingredient (Null INS),"['US', 'CA']",Banned in US (FDA 2018 GRAS revocation) and Canada due to industrial trans fats.,True, | Unknown FSSAI category | Non-standard barcode length,OpenFoodFacts / GS1 Database,2026-08-07 02:46:51,False,foodfactsindia.online,False,EXCLUDE_OFF_SCOPE
73402345000,Plain donuts,"Country Kitchen,  Lepage Bakeries  Inc.","Snacks, Sweet snacks, Biscuits and cakes, Cakes",CAT_15,Partially Hydrogenated Oil (PHO),Ingredient (Null INS),"['US', 'CA']",Banned in US (FDA 2018 GRAS revocation) and Canada due to industrial trans fats.,True, | Non-standard barcode length,OpenFoodFacts / GS1 Database,2026-08-07 02:46:51,False,foodfactsindia.online,False,EXCLUDE_OFF_SCOPE
722652690049,Sausage Egg & Cheese On Biscuit,Buddy's Kitchen  Inc.,,Unknown,Partially Hydrogenated Oil (PHO),Ingredient (Null INS),"['US', 'CA']",Banned in US (FDA 2018 GRAS revocation) and Canada due to industrial trans fats.,True, | Unknown FSSAI category,OpenFoodFacts / GS1 Database,2026-08-07 02:46:51,False,foodfactsindia.online,False,EXCLUDE_OFF_SCOPE
21130502554,Loaded mashed potatoes,Signature Kitchens,Meals,Unknown,Erythrosine (E127),Additive (INS/E-Code),['US'],Banned in US according to additive rulebook. Functional Class: Additive.,True, | Unknown FSSAI category | Non-standard barcode length,OpenFoodFacts / GS1 Database,2026-08-07 02:46:51,False,foodfactsindia.online,False,SECONDARY_ERYTHROSINE
21130557981,Jelly Bean Candy,"Signature Kitchens,  Safeway  Inc.",undefined,Unknown,Erythrosine (E127),Additive (INS/E-Code),['US'],Banned in US according to additive rulebook. Functional Class: Additive.,True, | Unknown FSSAI category | Non-standard barcode length,OpenFoodFacts / GS1 Database,2026-08-07 02:46:51,False,foodfactsindia.online,False,SECONDARY_ERYTHROSINE
28000515911,"Pollo soup mix, creamy chicken",Maggi,"Meals, Soups",CAT_12,TBHQ (E319),Additive (INS/E-Code),['JP'],Banned in JP according to additive rulebook. Functional Class: Antioxidant.,True, | Non-standard barcode length,OpenFoodFacts / GS1 Database,2026-08-07 02:46:51,False,foodfactsindia.online,False,PRIMARY_QUALIFYING
28000515911,"Pollo soup mix, creamy chicken",Maggi,"Meals, Soups",CAT_12,Partially Hydrogenated Oil (PHO),Ingredient (Null INS),"['US', 'CA']",Banned in US (FDA 2018 GRAS revocation) and Canada due to industrial trans fats.,True, | Non-standard barcode length,OpenFoodFacts / GS1 Database,2026-08-07 02:46:51,False,foodfactsindia.online,False,EXCLUDE_OFF_SCOPE
28000089009,Fudge bar in milk chocolate,Nestlé,"Snacks, Sweet snacks, Cocoa and its products, Confectioneries, Chocolate candies",CAT_15,TBHQ (E319),Additive (INS/E-Code),['JP'],Banned in JP according to additive rulebook. Functional Class: Antioxidant.,True, | Non-standard barcode length,OpenFoodFacts / GS1 Database,2026-08-07 02:46:51,False,foodfactsindia.online,False,PRIMARY_QUALIFYING
745367363497,Easter Decor Mix,Brand's Country Kitchen Supplies  Inc.,Baking decorations,Unknown,Erythrosine (E127),Additive (INS/E-Code),['US'],Banned in US according to additive rulebook. Functional Class: Additive.,True, | Unknown FSSAI category,OpenFoodFacts / GS1 Database,2026-08-07 02:46:51,False,foodfactsindia.online,False,SECONDARY_ERYTHROSINE
745367363497,Easter Decor Mix,Brand's Country Kitchen Supplies  Inc.,Baking decorations,Unknown,Partially Hydrogenated Oil (PHO),Ingredient (Null INS),"['US', 'CA']",Banned in US (FDA 2018 GRAS revocation) and Canada due to industrial trans fats.,True, | Unknown FSSAI category,OpenFoodFacts / GS1 Database,2026-08-07 02:46:51,False,foodfactsindia.online,False,EXCLUDE_OFF_SCOPE
745367366511,Halloween Decorating Candies,"Target Corporation,  Brand's Country Kitchen Supplies  Inc.","Festive foods, Halloween foods and drinks",CAT_14,Titanium Dioxide (E171),Additive (INS/E-Code),['EU'],Banned in EU according to additive rulebook. Functional Class: Colorant.,False,,OpenFoodFacts / GS1 Database,2026-08-07 02:46:51,True,foodfactsindia.online,False,PRIMARY_QUALIFYING
745367366511,Halloween Decorating Candies,"Target Corporation,  Brand's Country Kitchen Supplies  Inc.","Festive foods, Halloween foods and drinks",CAT_14,Partially Hydrogenated Oil (PHO),Ingredient (Null INS),"['US', 'CA']",Banned in US (FDA 2018 GRAS revocation) and Canada due to industrial trans fats.,False,,OpenFoodFacts / GS1 Database,2026-08-07 02:46:51,True,foodfactsindia.online,False,EXCLUDE_OFF_SCOPE
745367366542,Eerie Bats & Bones Decorating Candies,"Target Corporation,  Brand's Country Kitchen Supplies  Inc.",,Unknown,Titanium Dioxide (E171),Additive (INS/E-Code),['EU'],Banned in EU according to additive rulebook. Functional Class: Colorant.,True, | Unknown FSSAI category,OpenFoodFacts / GS1 Database,2026-08-07 02:46:51,False,foodfactsindia.online,False,PRIMARY_QUALIFYING
28000515751,Strawberry Lowfat Milk,"Nesquik,Nestlé","Bebidas y preparaciones de bebidas,Bebidas,Lácteos,Bebida lácteas,Leches aromatizadas,Bebidas no alcohólicas,en:Strawberry milks,Bebidas azucaradas",CAT_01,Erythrosine (E127),Additive (INS/E-Code),['US'],Banned in US according to additive rulebook. Functional Class: Additive.,True, | Non-standard barcode length,OpenFoodFacts / GS1 Database,2026-08-07 02:46:51,False,foodfactsindia.online,False,SECONDARY_ERYTHROSINE
609099781021,Candies,Kitchen Fresh Candies,"Snacks, Sweet snacks, Cocoa and its products, Confectioneries, Chocolate candies",CAT_15,Partially Hydrogenated Oil (PHO),Ingredient (Null INS),"['US', 'CA']",Banned in US (FDA 2018 GRAS revocation) and Canada due to industrial trans fats.,False,,OpenFoodFacts / GS1 Database,2026-08-07 02:46:51,True,foodfactsindia.online,False,EXCLUDE_OFF_SCOPE
42272008148,Vegetable Lasagna With Daiya Cheeze,"Amy's,  Amy's Kitchen Inc.",undefined,Unknown,Titanium Dioxide (E171),Additive (INS/E-Code),['EU'],Banned in EU according to additive rulebook. Functional Class: Colorant.,True, | Unknown FSSAI category | Non-standard barcode length,OpenFoodFacts / GS1 Database,2026-08-07 02:46:51,False,foodfactsindia.online,False,PRIMARY_QUALIFYING
44000085063,Reese's Peanut Buttery Creme with Oreo Cookie Crumbs Chocolate Sandwich Cookies,Oreo,,CAT_07,TBHQ (E319),Additive (INS/E-Code),['JP'],Banned in JP according to additive rulebook. Functional Class: Antioxidant.,True, | Non-standard barcode length,OpenFoodFacts / GS1 Database,2026-08-07 02:46:51,False,foodfactsindia.online,False,PRIMARY_QUALIFYING
786832820428,"Wild Rice, Onion & Dill Dinner Rolls",Royal Kitchens,"Plant-based foods and beverages, Plant-based foods, Cereals and potatoes, Breads",CAT_14,Potassium Bromate (E924A),Additive (INS/E-Code),"['EU', 'IN']","Banned in EU, IN according to additive rulebook. Functional Class: FLOUR_TREATMENT_AGENT.",True,Claims banned in India - verify against FSSAI Schedule 2.4.5,OpenFoodFacts / GS1 Database,2026-08-07 02:46:51,False,foodfactsindia.online,False,MUST_REMOVE_BANNED_IN_INDIA
884912273116,Oreo O's Cereal,"Oreo, Post","Plant-based foods and beverages, Plant-based foods, Breakfasts, Cereals and potatoes, Cereals and their products, Breakfast cereals, Extruded cereals",CAT_15,Titanium Dioxide (E171),Additive (INS/E-Code),['EU'],Banned in EU according to additive rulebook. Functional Class: Colorant.,False,,OpenFoodFacts / GS1 Database,2026-08-07 02:46:51,True,foodfactsindia.online,False,PRIMARY_QUALIFYING
21130118755,Frosted Donut Holes,"Safeway Kitchens,  Safeway  Inc.",undefined,Unknown,Partially Hydrogenated Oil (PHO),Ingredient (Null INS),"['US', 'CA']",Banned in US (FDA 2018 GRAS revocation) and Canada due to industrial trans fats.,True, | Unknown FSSAI category | Non-standard barcode length,OpenFoodFacts / GS1 Database,2026-08-07 02:46:51,False,foodfactsindia.online,False,EXCLUDE_OFF_SCOPE
5010238014729,Creme Egg Ice Cream,Cadbury,"Desserts, Frozen foods, Frozen desserts, Ice creams and sorbets, Ice creams",CAT_03,Titanium Dioxide (E171),Additive (INS/E-Code),['EU'],Banned in EU according to additive rulebook. Functional Class: Colorant.,False,,OpenFoodFacts / GS1 Database,2026-08-07 02:46:51,True,foodfactsindia.online,False,PRIMARY_QUALIFYING
637913877889,Snickers Crunchy Peanut Butter,Snickers,"Snacks, Snacks sucrés, Cacao et dérivés, Confiseries, Barres, Confiseries chocolatées, Barres chocolatées, Barres chocolatées aux fruits oléagineux",CAT_15,TBHQ (E319),Additive (INS/E-Code),['JP'],Banned in JP according to additive rulebook. Functional Class: Antioxidant.,False,,OpenFoodFacts / GS1 Database,2026-08-07 02:46:51,True,foodfactsindia.online,False,PRIMARY_QUALIFYING
50000652860,Italian Sweet Creme Creamer,Nestlé,,Unknown,TBHQ (E319),Additive (INS/E-Code),['JP'],Banned in JP according to additive rulebook. Functional Class: Antioxidant.,True, | Unknown FSSAI category | Non-standard barcode length,OpenFoodFacts / GS1 Database,2026-08-07 02:46:51,False,foodfactsindia.online,False,PRIMARY_QUALIFYING
21130479450,Thousand Island Dressing & Spread,"Safe way kitchens, Safeway  Inc.","Condiments, Sauces, Salad dressings, Thousand island dressing, Groceries",CAT_12,Titanium Dioxide (E171),Additive (INS/E-Code),['EU'],Banned in EU according to additive rulebook. Functional Class: Colorant.,True, | Non-standard barcode length,OpenFoodFacts / GS1 Database,2026-08-07 02:46:51,False,foodfactsindia.online,False,PRIMARY_QUALIFYING
21130501748,Fruit Flavored Snacks,"Signature Kitchens,  Safeway  Inc.",undefined,Unknown,Partially Hydrogenated Oil (PHO),Ingredient (Null INS),"['US', 'CA']",Banned in US (FDA 2018 GRAS revocation) and Canada due to industrial trans fats.,True, | Unknown FSSAI category | Non-standard barcode length,OpenFoodFacts / GS1 Database,2026-08-07 02:46:51,False,foodfactsindia.online,False,EXCLUDE_OFF_SCOPE
893447001415,Barbeque Flavored Chicken,Hart Asian Kitchen,"Meats and their products, Frozen foods, Meats, Chicken and its products, Poultries, Chickens",CAT_08,Partially Hydrogenated Oil (PHO),Ingredient (Null INS),"['US', 'CA']",Banned in US (FDA 2018 GRAS revocation) and Canada due to industrial trans fats.,False,,OpenFoodFacts / GS1 Database,2026-08-07 02:46:51,True,foodfactsindia.online,False,EXCLUDE_OFF_SCOPE
38000391033,Honey Smacks,Kellogg's,"Plant-based foods and beverages, Plant-based foods, Breakfasts, Cereals and potatoes, Cereals and their products, Breakfast cereals",CAT_14,Partially Hydrogenated Oil (PHO),Ingredient (Null INS),"['US', 'CA']",Banned in US (FDA 2018 GRAS revocation) and Canada due to industrial trans fats.,True, | Non-standard barcode length,OpenFoodFacts / GS1 Database,2026-08-07 02:46:51,False,foodfactsindia.online,False,EXCLUDE_OFF_SCOPE
745367367242,Decorating Candies,Brand's Country Kitchen Supplies  Inc.,Baking decorations,Unknown,Titanium Dioxide (E171),Additive (INS/E-Code),['EU'],Banned in EU according to additive rulebook. Functional Class: Colorant.,True, | Unknown FSSAI category,OpenFoodFacts / GS1 Database,2026-08-07 02:46:51,False,foodfactsindia.online,False,PRIMARY_QUALIFYING
745367368195,Easter Decors Mix,Brand's Country Kitchen Supplies  Inc.,Baking decorations,Unknown,Erythrosine (E127),Additive (INS/E-Code),['US'],Banned in US according to additive rulebook. Functional Class: Additive.,True, | Unknown FSSAI category,OpenFoodFacts / GS1 Database,2026-08-07 02:46:51,False,foodfactsindia.online,False,SECONDARY_ERYTHROSINE
745367368195,Easter Decors Mix,Brand's Country Kitchen Supplies  Inc.,Baking decorations,Unknown,Partially Hydrogenated Oil (PHO),Ingredient (Null INS),"['US', 'CA']",Banned in US (FDA 2018 GRAS revocation) and Canada due to industrial trans fats.,True, | Unknown FSSAI category,OpenFoodFacts / GS1 Database,2026-08-07 02:46:51,False,foodfactsindia.online,False,EXCLUDE_OFF_SCOPE
9300650454088,Oreo Caramilk Double Stuff,Cadbury,,CAT_05,TBHQ (E319),Additive (INS/E-Code),['JP'],Banned in JP according to additive rulebook. Functional Class: Antioxidant.,False,,OpenFoodFacts / GS1 Database,2026-08-07 02:46:51,True,foodfactsindia.online,False,PRIMARY_QUALIFYING
822486174194,Tapioca Pudding,Katys Kitchen,Desserts,Unknown,Partially Hydrogenated Oil (PHO),Ingredient (Null INS),"['US', 'CA']",Banned in US (FDA 2018 GRAS revocation) and Canada due to industrial trans fats.,True, | Unknown FSSAI category,OpenFoodFacts / GS1 Database,2026-08-07 02:46:51,False,foodfactsindia.online,False,EXCLUDE_OFF_SCOPE
28000510411,Soup mix chkn ndle,Maggi,"Meals, Soups",CAT_12,TBHQ (E319),Additive (INS/E-Code),['JP'],Banned in JP according to additive rulebook. Functional Class: Antioxidant.,True, | Non-standard barcode length,OpenFoodFacts / GS1 Database,2026-08-07 02:46:51,False,foodfactsindia.online,False,PRIMARY_QUALIFYING
28000510411,Soup mix chkn ndle,Maggi,"Meals, Soups",CAT_12,Partially Hydrogenated Oil (PHO),Ingredient (Null INS),"['US', 'CA']",Banned in US (FDA 2018 GRAS revocation) and Canada due to industrial trans fats.,True, | Non-standard barcode length,OpenFoodFacts / GS1 Database,2026-08-07 02:46:51,False,foodfactsindia.online,False,EXCLUDE_OFF_SCOPE
71214054301,Cake,Old Home Kitchens,"Snacks, Sweet snacks, Biscuits and cakes, Cakes",CAT_15,Partially Hydrogenated Oil (PHO),Ingredient (Null INS),"['US', 'CA']",Banned in US (FDA 2018 GRAS revocation) and Canada due to industrial trans fats.,True, | Non-standard barcode length,OpenFoodFacts / GS1 Database,2026-08-07 02:46:51,False,foodfactsindia.online,False,EXCLUDE_OFF_SCOPE
55000196659,Brown gravy mix,Nestlé Professional,,Unknown,Titanium Dioxide (E171),Additive (INS/E-Code),['EU'],Banned in EU according to additive rulebook. Functional Class: Colorant.,True, | Unknown FSSAI category | Non-standard barcode length,OpenFoodFacts / GS1 Database,2026-08-07 02:46:51,False,foodfactsindia.online,False,PRIMARY_QUALIFYING
44000061074,Chocolate marshmallow family size,Oreo,,CAT_07,Titanium Dioxide (E171),Additive (INS/E-Code),['EU'],Banned in EU according to additive rulebook. Functional Class: Colorant.,True, | Non-standard barcode length,OpenFoodFacts / GS1 Database,2026-08-07 02:46:51,False,foodfactsindia.online,False,PRIMARY_QUALIFYING
7891000289747,Biscoito Nesfit Maçã e Canela,Nestle,"Lanches comida, Lanches doces, Biscoitos e Bolos, Biscoitos, en:Biscoito",Unknown,TBHQ (E319),Additive (INS/E-Code),['JP'],Banned in JP according to additive rulebook. Functional Class: Antioxidant.,True, | Unknown FSSAI category,OpenFoodFacts / GS1 Database,2026-08-07 02:46:51,False,foodfactsindia.online,False,PRIMARY_QUALIFYING
6009510804782,Potato Chips Salted,Lay's,"Aliments et boissons à base de végétaux, Aliments d'origine végétale, Snacks, Céréales et pommes de terre, Snacks salés, Amuse-gueules, Chips et frites, Chips, Chips de pommes de terre, Chips de pommes de terre à l'huile de tournesol",CAT_15,TBHQ (E319),Additive (INS/E-Code),['JP'],Banned in JP according to additive rulebook. Functional Class: Antioxidant.,False,,OpenFoodFacts / GS1 Database,2026-08-07 02:46:51,True,foodfactsindia.online,False,PRIMARY_QUALIFYING
7622201798260,Cadbury gems,Cadbury,"Snacks,Sweet snacks,Cocoa and its products,Confectioneries,Chocolate candies,Sugar coated chocolate confectioneries",CAT_15,Carmoisine / Azorubine (E122),Additive (INS/E-Code),"['JP', 'US']","Banned in JP, US according to additive rulebook. Functional Class: Additive.",False,,OpenFoodFacts / GS1 Database,2026-08-07 02:46:51,True,foodfactsindia.online,False,PRIMARY_QUALIFYING
7622201798260,Cadbury gems,Cadbury,"Snacks,Sweet snacks,Cocoa and its products,Confectioneries,Chocolate candies,Sugar coated chocolate confectioneries",CAT_15,Erythrosine (E127),Additive (INS/E-Code),['US'],Banned in US according to additive rulebook. Functional Class: Additive.,False,,OpenFoodFacts / GS1 Database,2026-08-07 02:46:51,True,foodfactsindia.online,False,SECONDARY_ERYTHROSINE
7622201798260,Cadbury gems,Cadbury,"Snacks,Sweet snacks,Cocoa and its products,Confectioneries,Chocolate candies,Sugar coated chocolate confectioneries",CAT_15,Ponceau 4R (E124),Additive (INS/E-Code),['US'],Banned in US according to additive rulebook. Functional Class: Additive.,False,,OpenFoodFacts / GS1 Database,2026-08-07 02:46:51,True,foodfactsindia.online,False,PRIMARY_QUALIFYING
7622201798260,Cadbury gems,Cadbury,"Snacks,Sweet snacks,Cocoa and its products,Confectioneries,Chocolate candies,Sugar coated chocolate confectioneries",CAT_15,Titanium Dioxide (E171),Additive (INS/E-Code),['EU'],Banned in EU according to additive rulebook. Functional Class: Colorant.,False,,OpenFoodFacts / GS1 Database,2026-08-07 02:46:51,True,foodfactsindia.online,False,PRIMARY_QUALIFYING
4796001651513,Happydent white,Happydent,"Snacks, Sweet snacks, Confectioneries, Chewing gum",CAT_15,Carmoisine / Azorubine (E122),Additive (INS/E-Code),"['JP', 'US']","Banned in JP, US according to additive rulebook. Functional Class: Additive.",False,,OpenFoodFacts / GS1 Database,2026-08-07 02:46:51,True,foodfactsindia.online,False,PRIMARY_QUALIFYING
8908009419774,Savoriz,Bauli,"Plant-based foods and beverages, Snacks, Sweet snacks, Viennoiseries, Filled croissants, Puff roll",CAT_15,Partially Hydrogenated Oil (PHO),Ingredient (Null INS),"['US', 'CA']",Banned in US (FDA 2018 GRAS revocation) and Canada due to industrial trans fats.,False,,OpenFoodFacts / GS1 Database,2026-08-07 02:46:51,True,foodfactsindia.online,True,EXCLUDE_OFF_SCOPE
8901262071086,Dark Passion Coated Wafer Layers,Amul,,CAT_01,Partially Hydrogenated Oil (PHO),Ingredient (Null INS),"['US', 'CA']",Banned in US (FDA 2018 GRAS revocation) and Canada due to industrial trans fats.,False,,OpenFoodFacts / GS1 Database,2026-08-07 02:46:51,True,foodfactsindia.online,True,EXCLUDE_OFF_SCOPE
41102177191,Cassatta,Amul,"Desserts, Frozen foods, Frozen desserts, Ice creams and sorbets, Ice creams",CAT_03,Erythrosine (E127),Additive (INS/E-Code),['US'],Banned in US according to additive rulebook. Functional Class: Additive.,True, | Non-standard barcode length,OpenFoodFacts / GS1 Database,2026-08-07 02:46:51,False,foodfactsindia.online,False,SECONDARY_ERYTHROSINE
41102177191,Cassatta,Amul,"Desserts, Frozen foods, Frozen desserts, Ice creams and sorbets, Ice creams",CAT_03,Ponceau 4R (E124),Additive (INS/E-Code),['US'],Banned in US according to additive rulebook. Functional Class: Additive.,True, | Non-standard barcode length,OpenFoodFacts / GS1 Database,2026-08-07 02:46:51,False,foodfactsindia.online,False,PRIMARY_QUALIFYING
4906426980222,instant popcorn,4700BC,"Snacks, Popcorn, Instant popcorn",CAT_15,TBHQ (E319),Additive (INS/E-Code),['JP'],Banned in JP according to additive rulebook. Functional Class: Antioxidant.,False,,OpenFoodFacts / GS1 Database,2026-08-07 02:46:51,True,foodfactsindia.online,False,PRIMARY_QUALIFYING
793591862460,Kerala Banana Chips,Beyond Snacks,nl:banana-chips,CAT_15,TBHQ (E319),Additive (INS/E-Code),['JP'],Banned in JP according to additive rulebook. Functional Class: Antioxidant.,False,,OpenFoodFacts / GS1 Database,2026-08-07 02:46:51,True,foodfactsindia.online,False,PRIMARY_QUALIFYING
4906440992867,Alo Frut Guava,Alo Frut,Beverages,CAT_14,Carmoisine / Azorubine (E122),Additive (INS/E-Code),"['JP', 'US']","Banned in JP, US according to additive rulebook. Functional Class: Additive.",False,,OpenFoodFacts / GS1 Database,2026-08-07 02:46:51,True,foodfactsindia.online,False,PRIMARY_QUALIFYING
7622201150303,Shots,Cadbury,"Chocolate balls, en:chocolate-candies",CAT_14,Carmoisine / Azorubine (E122),Additive (INS/E-Code),"['JP', 'US']","Banned in JP, US according to additive rulebook. Functional Class: Additive.",False,,OpenFoodFacts / GS1 Database,2026-08-07 02:46:51,True,foodfactsindia.online,False,PRIMARY_QUALIFYING
8991102771238,Tango brownies crispy,Tango,,Unknown,TBHQ (E319),Additive (INS/E-Code),['JP'],Banned in JP according to additive rulebook. Functional Class: Antioxidant.,True, | Unknown FSSAI category,OpenFoodFacts / GS1 Database,2026-08-07 02:46:51,False,foodfactsindia.online,False,PRIMARY_QUALIFYING
793591862453,Kerala Banana Chips,Byond Snack,"Snacks,Salty snacks,Appetizers,Chips and fries,Crisps,Banana crisps",CAT_15,TBHQ (E319),Additive (INS/E-Code),['JP'],Banned in JP according to additive rulebook. Functional Class: Antioxidant.,False,,OpenFoodFacts / GS1 Database,2026-08-07 02:46:51,True,foodfactsindia.online,False,PRIMARY_QUALIFYING
8664522556555,Himzberg Kiwi,Himzberg,beverages,CAT_14,Green S (E142),Additive (INS/E-Code),"['IN', 'JP', 'US']","Banned in IN, JP, US according to additive rulebook. Functional Class: Additive.",True,Claims banned in India - verify against FSSAI Schedule 2.4.5,OpenFoodFacts / GS1 Database,2026-08-07 02:46:51,False,foodfactsindia.online,False,MUST_REMOVE_BANNED_IN_INDIA
8906140881405,Dryfruit Kachori,Radhe Prem ni Mithaas,Ready-to-eat Savouries,Unknown,Partially Hydrogenated Oil (PHO),Ingredient (Null INS),"['US', 'CA']",Banned in US (FDA 2018 GRAS revocation) and Canada due to industrial trans fats.,True, | Unknown FSSAI category,OpenFoodFacts / GS1 Database,2026-08-07 02:46:51,False,foodfactsindia.online,True,EXCLUDE_OFF_SCOPE
754590964760,Kerela Banana Chips (Desi Masala),Beyond Snack,Banana Chips,CAT_15,TBHQ (E319),Additive (INS/E-Code),['JP'],Banned in JP according to additive rulebook. Functional Class: Antioxidant.,False,,OpenFoodFacts / GS1 Database,2026-08-07 02:46:51,True,foodfactsindia.online,False,PRIMARY_QUALIFYING
8000500410974,Tic tac strawberry,Tic Tac,"Fo, en:candies",Unknown,Carmoisine / Azorubine (E122),Additive (INS/E-Code),"['JP', 'US']","Banned in JP, US according to additive rulebook. Functional Class: Additive.",True, | Unknown FSSAI category,OpenFoodFacts / GS1 Database,2026-08-07 02:46:51,False,foodfactsindia.online,False,PRIMARY_QUALIFYING
690225309110,India Gate Uplife Gut Pro,India Gate,Oils,Unknown,TBHQ (E319),Additive (INS/E-Code),['JP'],Banned in JP according to additive rulebook. Functional Class: Antioxidant.,True, | Unknown FSSAI category,OpenFoodFacts / GS1 Database,2026-08-07 02:46:51,False,foodfactsindia.online,False,PRIMARY_QUALIFYING
8947014692154,Wow! Thupka Chicken,Wow!,"Plant-based foods and beverages,Plant-based foods,Dried products,Pastas,Dried products to be rehydrated,Noodles,Instant noodles",CAT_14,TBHQ (E319),Additive (INS/E-Code),['JP'],Banned in JP according to additive rulebook. Functional Class: Antioxidant.,False,,OpenFoodFacts / GS1 Database,2026-08-07 02:46:51,True,foodfactsindia.online,False,PRIMARY_QUALIFYING
7622201448837,Shots,Cadbury,"Snacks,Sweet snacks,Confectioneries,Chocolate-ball-with-hard-chocolate-coating,Panned confectionery",CAT_15,Carmoisine / Azorubine (E122),Additive (INS/E-Code),"['JP', 'US']","Banned in JP, US according to additive rulebook. Functional Class: Additive.",False,,OpenFoodFacts / GS1 Database,2026-08-07 02:46:51,True,foodfactsindia.online,False,PRIMARY_QUALIFYING
9900272541793,Bix Cake Sandwich,Unbranded,,Unknown,Brown HT (E155),Additive (INS/E-Code),"['IN', 'JP', 'US']","Banned in IN, JP, US according to additive rulebook. Functional Class: Additive.",True,Claims banned in India - verify against FSSAI Schedule 2.4.5 | Unknown FSSAI category,OpenFoodFacts / GS1 Database,2026-08-07 02:46:51,False,foodfactsindia.online,False,MUST_REMOVE_BANNED_IN_INDIA
3948063032453,Treat Croissant Vanilla,Britannia,"Biscuits and cakes,Snacks,Snacks variety packs,Cakes",CAT_15,Titanium Dioxide (E171),Additive (INS/E-Code),['EU'],Banned in EU according to additive rulebook. Functional Class: Colorant.,False,,OpenFoodFacts / GS1 Database,2026-08-07 02:46:51,True,foodfactsindia.online,False,PRIMARY_QUALIFYING
