barcode,product_name,brands
8904063226372,Veggie And Paneer Momos,Haldiram
8901242107408,Bambino roasted vermicelli,Bambino
8906151991032,Strawberry Ice Cream,Camerry
8908016501493,Peri Peri Momos,Hello Tempayy
01547979,Roasted Peanuts,Dev
8906010360405,Ghee,
8904001800282,Sesame Oil,Idayam
8901491983211,lays,Lay's
8901779902569,Oil,Saras
8906009079981,,
8906034814106,Hdjsjdj,
8906151236607,Millet Fingers Chatpata Masala,Snackible
8906035140204,Bengali Mixture,Chipo
8900201379610,Un chiffon,
8906020582002,Protein Rich Chapati,Fresh ID
8924405911216,Kaju pask,Tulasi
8904109621116,Malabar Paratha,Nik's Cuisine
8906197290250,Cotton Candy Bubble Gum Guilt Free Gelato,The Brooklyn Creamery
8908013479108,Coconut Cocoa Bar,The Whole Truth
8906165781568,Biozorb Iso Zero Low Carb,Muscleblaze
8906188960049,Pistachio Almond Cookies,Unibis
8904406288050,PACKA,
8908010946429,Sella Indian 1121 Basmati Rice,Alishaan
8905082000752,,
8901161124463,Basmati Rice,Qilla Premium
8906002660537,KLF,
9311770604857,Swisse 4x Strength Wild fish oil Concentrate,Swisse
11034631,,
8901052003389,TATA Kannan Devan,
8904023007584,hair oil,
8906006850903,Black Currant Ice Cream,Baskin Robbins
8901063162303,Marie gold,Britannia
8901721000152,,
8908012987895,ProBlend Whey Protein,Trunativ
8901314502186,Palmolive,
0723172772918,,
8901058017403,Kitkat raspberry chocolate,
8927681602694,,
8908001416146,,
8904008100682,,
8904232702348,The,
8901552034043,Garlic Naan,Ashoka
8901190107024,Organic peanut butter,
8901719136801,Hide&Seek Milano (Creme),Parle
8901063370166,Good day,
8908009059598,RuskPops (Cinnamon Rush),The Heath Factory
8901777620977,Classic Aloo Mutter Jumbo Puff,Vadilal
8906041816193,,
8906125301478,Choco Blast Gold,Pure Temptation
8906020493544,Lal kaju katli,
8901512949707,Peanut Butter Jaggery - Creamy,Sundrop
8906041811884,Choco Tron,
8903363014290,,
8906104383242,Whey Protein,Xlr8
8901709017707,Beef Mince,Allano
8908026096040,Bold Brown Bread,5 Minutes
8906005913715,Makhana - Roasted Indori Masala Flavour,Aakash
9062069378347,,
8906082374683,choco xplosion ice cream bar,mimo ice creams
8906081382672,Mango Thokku,SwethaTelugu
8908025188173,Hot Chocolate Fudge,Get-A-Way
8905694505768,ALPHONSO MANGO,Faranak
8906144490665,Cold Coffee Caramel Latte,Sleepy Owl
8908012692546,Daily Fiber,Wellbeing Nutrition
8901063369030,Cheeze Dipped Crunchy Layered Sandwich,Britannia
0001000896198,,
8906132870004,Keemaya Dates,Sahara Dates
8906081920072,"Biotin 10,000 Mcg Tablets Usp",Carbamide Forte
8906097330254,Organic Rice Poha,Parliament
8908001105989,Garam masala,only
0406491049687,Sapphire poko loko watermelon juice drink,Sapphire
3547871797808,pav bhaji masala,catch
8906074080714,Ragi,
8901414057494,Crunchy Munchy Sweet Chilli,Bikano
8906090831734,Seeraga samba rice,Grace
8901537004788,Heritage Basmati Rice Premium,Heritage
8906021121170,Aachi garam masala,Aachi
8901042954820,Mtr turmeric powder,MTR
8906090831444,White channa (chick peas),Grace
8906131684817,Millet pancake mix,Slurrp Farm
8906081380623,Palli karam podi,Swetha Telugu
8906066200601,Keya Oregano Seasoning,Keya
8906077361919,Roasted Curry Masala Chana,Jaimin
8906101703678,Amoxicilina polvo suspensión oral,
8901207002724,Trifla Churn,Dabur
8901725018122,,
8906078263861,Coconut Cookies,Cremica Mrs Bectors
8906151142786,Triple Calcium,Tata 1mg
8908014672003,Cremberie Natural Yoghurt plain,
8908013172887,Protein Milkshake,Phab
8908012975748,Popat jhal mixture 1kg,Unknown Brand
8906131681236,Blueberry Millet Pancake Mix,Mille
8901207013973,Dabur Ratnaprash,Dabur
0007010975021,Popat ganga jamuna,
8909081011214,Mom's Magic Ghee Roasted Cashew Cookies,"Mom's Magic,Sunfeast"
8901394200583,RAGHUVANSHI MUMBAI MAGIC BANANA CHIPS,
8703510010522,shell Pasta,Savorit
89080603,,
8906036303004,Rajgira Peanut Chikki,Unknown Brand
8901393025705,Sour Tubes,Chupa Chupa
8901719129605,Chill Chatpata,Full Toss Baked
8904083323174,Skyr Blueberry,Milky Mist
8002000247142,Sanjivani 250gm,
8901063166899,Brita.toastea wheat rusk PO 2s,
8901207018268,Meswak,Dabur
8901063166882,Brita. Wheat rusk 3x305g,
8901047816116,Methi Aloo,
8901063032156,,Britannia
0012661214078,Good life mixed dry fruits,Good Life
3583784899369,,
8904192222788,Chocolate,"Thoughtful,Hazel Twirl"
4906459635090,Greek Yogurt blueberry,Epigamia
8904089915144,Toned Milk,Heritage
8906118416844,PLUM,
8901063165885,Brita.milkibikis smiley kreemz 12x44g,
8904406047268,,
8906108190167,Chunky Continental Chicken Spread,Licious
8901047816192,Bombay potatoes,
8906001380566,Galleta Trio 4 Chocolate,
8906069407151,Wok Tok Korean Noodles,Wok Tok
0048107238810,Pro Performance Power Protein Double Rich Chocolate,GNC
8906144140393,RAGI DHANIYA MIRCH,
8901719210228,rol cola,
8906002662050,Coconut Sugar,KLF
07841194,,
8901414042162,Aloo Paratha,Eat Easy
8901396368007,Hair Removal Cream,Veet
8903363010278,Thatta Paiyru / Chowli Red,DMart
8904084905010,蟹かま,Gadré
8906003210649,"Vin rouge indien &quot;Shiraz&quot; (13,5% d'alcool)",
8908000105102,,
8901725001162,sunfeast moms magic Butter,
8904104002576,black,
8904124116161,Dahi,ANANDA
8901063368675,,
8906141100260,Gud Bites Jaggery Cubes,Gudworld
8906069410991,Dried Fruits & Berries,Jewel Farmer
8906181810303,Metabolic Lean,Good Bug
8908026538144,B-Complex,Wellbeing Nutrition
1249002025001779624,,
8906143041400,Jalapeno Cheese Instant Noodles,Yu
8906068760639,Peanut Butter,CLASSIC GARDEN
8906143620544,Jeera Khakra,prolicious
8901233024257,Dairy Milk Oreo,Cadbury
8901088897631,Saffola muesli,Saffola
8909106038783,Cornetto mini butterscotch,KwalityWalls
8906047700427,Organic Brown Sugar (Desi Khand),
8906130630228,Arrabbiata,Casa
8908007029135,Burger Buns,English Oven
9168474762808,Ultimate Dark Chocolate,Amul
8906065160883,ITC Large Prawns,ITc
8906151143073,1mg Ultra Clean Whey Protein- Hazelnut Chocolate,"Tata,1mg"
4250350550861,Whey Protein,Body Attack
8906080603075,Paperboat Smoked Almonds,Paperboat
8906034998646,,
8901548431542,,
8906117360315,Low Fat Cow Milk,Country Delight
01416596,Original Peanut Butter Powder,MYPB
8904256718240,chip,
8901689010477,Mixed Fruit Jam,Mala's
8901764011108,,Coca-Cola
6425805537584,CLA+ Carnitine,Bpi Sports
9900409220386,,
8908009961372,Eclairs,
94013528200001,,
8901262200646,Probiotic Buttermilk,Amul
8906094750291,Curd,Muralya
8906115880044,,
8906198983557,Biozorb Iso Zero Low Carb Whey Protein Isolate Powder Ice Cream Chocolate,Muscleblaze
8908009961341,Eclairs,
8903081456785,Strawberry Cheesecake Protein Bar,Chase Protein
8904335605546,High Protein Oats Korean Fire,Yoga Bar
8902102128113,UJALA,
8906109490198,Vindaloo Curry Paste,Ferns
0147719245029,coverage,Matt look
8901052010127,Awadhi Style Shahi Paneer Mix,Tata Sampann
8904304501008,Mangopüree,Swad
8906027035112,Kolhapuri Anda Rassa Masala,Savai
8906070218364,Pure Honey,Beehive
9501033111141,,
3948719126468,,
8904300200486,Mario,
00423872,,
8901595864355,Chilli Oil,Ching
3701367600007,Boulette d'énergie Match-Coco,
8906091681277,,
8904258703251,Raw sugar cane,
8906068761858,Peanut butter,
8904004411003,Rusky,Haldiram's
03908778,changes around us,
8904063230010,Haldiram Bhujia400g,"Haldiram, Haldiram's"
8905012800327,,Unknown Brand
8902901223040,Good  life jeera powder,good life
3701367600014,Boulette d'énergie cacao cacahuete,
8904051327111,Sesame sweet ball,
0745125993874,,
8902089020059,TilSona Gold,TilSona
3701367600021,Les Fabuleuses / Boulette d'énergie Pomme-Cannelle,
8904258703237,Raw guav chilli,
8901491100267,Potato Chips,Lay's
0006925644011,Honey,Wayanad Premium
8904300203180,Hdjdks,
7622202318320,,
8908024126039,Pizza Pasta,Repeat Gud
8908015692413,Peri Peri Momos,WOW! Momo
8902167001352,Masala,
8906143892217,Whole Truth Food Apple Beetroot Carrot Vegan Protein Powder,Whole Truth Foods
8901652141337,,
8901052005987,TATA TEA PREMIUM,
8901246006622,Delmonte tometo ketchup800 g,
8904052504269,Dark Choco Nut Icecream Triple Layered,Dinshaw
8901777575147,Rajwadi Basundi,Vadilal
0787099816575,,
8901648092513,Kesar Elaichi Flavored Milk,Mother Dairy
8908020463541,Crax Fruits combo pack,
8909498451054,,
8906003511524,Nimbu Pani,Jalani
8901972061056,Dukes Utsav Danish Butter Cookies,Dukes
8909177024661,,
8906049970026,Sudha Pasteurised Double Toned Milk,Sudha
8908024109049,Crinkle Cut French Fries,Pepizo
8906000211007,Oven cake mix,
8901725135133,Pasta Treat,Sunfeast
0660662088046,Faloda mix,
8904221694241,Soy Protein Isolate,AS-IT-IS ONE
8901088897648,Saffola musli  berry crunch,Saffola
8901262301411,Amul Berry Dazzle Ice Cream,Amul
8906170521586,Pea Protein Vanilla,Nutrabay
8904004411416,Uuhj,
8904043927213,,
8906080603747,Classic salted cashews,Paperboat
8904063210623,Methi Paratha,Haldiram's
8906049069881,Golden mixture,
8908023075369,,
8901719210129,popping,
8906108192390,Loaded Chicken Momos,Licious
8901777379769,Mixed Veg Sandwich,Vadilal
8908004646571,Swirlicious Creme Strawberry Wafer Rolls,Maddox
8906015500400,Sweet corn,Keventer
8906000612842,Mc Cain Aalo tikki,
8901052010172,Punjabi Style Matar Paneer Mix,Tata Sampann
8901052010141,Amritsari Style Panner Tikka Mix,Tata Sampann
8902216212111,,
8904063222862,Pudina Paratha,Haldiram's Minute Khana
8906013645042,Plain khakra,Jagdish
0946497599453,Reload Orange Rush,Fast and Up
8908001169066,Grapes Mix,
8906036849359,roasted channa,spicelands
8906036846730,puffed rice,spicelands
8904064618572,toor dal,transfood
8901058028959,Milkybar,Nestle
8909106069053,Imli Chutney,Kissan
8906021122245,Aachi Mixed Veg.pickle,Aachi
8901030667190,lifboy soz bachowk,
8904132930308,Healthy Life Chocostars,Unknown Brand
8901066036465,TOASTEA,
8901045420100,FRYING MIX 500G OT 20,
8906041814892,Party Stick Fresa,oslon
8906041814908,Party Stick Chocolate,
8901777594100,Kesar Gujiya,Vadilal
8906010503949,Chataka Pataka,Balaji Wafers
8908013080182,Organic coconut milk,Coco Mama
8901262223850,Amul Roti,Amul
8903059591739,jowar flour,more
8906069406130,Instant Noodles Manchurian,WokTok
8901719135835,Parle h&s orenge cream biscuit,
8908012987741,Whey Coffee Mocha,Trunativ
8906129220539,Vanilla Ice Cream,Chhaswala
8908006628216,Quattro Formaggi,Nutoras
8901499012012,Kellogg’s Oats,Kellogg’s India
8904043501000,Multigrain Bread,Baker Loaf
8906151230391,Quinoa Puffs - Dahi Papdi Chaat,Snackible
8901088137539,Hair creem gold soft.2*140ml.parachute,
8904150503850,pancake,
8901248240345,Hair shampoo damage repair. 340ml.kesh king.,
0048107251130,Pro Performance - Cookies & Cream,GNC
8901548310199,Nutrition drink powder 400gm,complain
8906165786105,Biozorb Performance Whey,MuscleBlaze
8906059639784,50g Paneer,Epigamia Turbo
8904063210913,Haldirams Homestyle Paratha,Haldiram's
8908020463527,Punjabi Tadka,Crax
8906065169510,Lebanese Falafel Kebab,ITC
8906030061559,Sliced green olives,
4901347372026,,
8906169991932,,
8906019562077,Moong Dal,Real Bites
8901138713904,Foot scrum smoothing.150ml.himalaya,
8901248338028,"Bath soap pure glyceringe whith olive,125gr.Boro plus",
8907316014788,Ginger & Garlic Paste,Mother's Recipe
8906021920445,apis mango jam,
8901764692017,Carbonate Water,Sprite
8906033261062,Thé vert au gingembre,
5000295155343,Matured For 36 Months Reserve Cheddar Cheese,Davidstow
8901777459553,Veg Spring Roll,Vadilal
8906141311260,Honey,Dollar General
8801055724611,,
8908011747346,,
8906064285341,Tender Coconut Water with Pulp,Unknown Brand
4901564720655,,
8908013252145,Granola choco almond &cookies 275gm Fit& Flex,
8908013252053,Granola happy berries 275gm Fit & Flex,
7622202836619,Oreo Golden Vanilla,"Oreo, Cadbury"
8901491100250,Lays,
8908027668031,Pina Colada,Dead Honest
8906107172461,Hot Wings,Meatigo
0820294212848,BC CHATKAT Bhelpuri,
8906005914545,Aakash Bhel,
8906005450890,Bikaji Bhel,
8909081003844,Dark fantastic Sunfeast sandwich cream,
5060141280711,Whortleberry Jam,Waterhouse Fayre
8908021821128,freshko,Unknown Brand
8901440011101,Chicken Masala Spice Mix,Eastern
8909081010552,Swiss Roll,Dark Fantasy
8901689030642,Black Currant Crush,Mala's
8167384528949,,
8901086260918,Herbal Cough Remedy,Zecuf
8906140204006,Nature's kima Dates 500gm,
8909081003134,Sun feast cakes sliced,
8906020495913,Lal dharwad peda,
8906009534251,Peanut Butter with Dark Chocolate,
8908013252190,Muesli Fruity Crunch,Fit & Flex
8909081010033,Chilli Cheese Baked Puff,Bingo!
8906088662364,Postpil,
8904093828430,Ok 72,
8904093825699,Pronta,
8908003032849,Garlic pickle,
4260467598526,Tavuk Salam,Unknown Brand
8908003115818,Osmania biscuits,Karachi Bakery
8906167241541,Plain Makhana,Whole Farm
8901063368170,,
8906081381729,Kerala Mixture,Telugu Foods
00260007,Aloe vera gel,patanjalo
8904424804270,Dry Fruit Mix,Happilo
8901888003225,,
8902015005303,,
8906005501585,Mastkin,
8906002485475,Chappi,
8906060910780,Spaghetti,VeroBella
00241015,,
8904304511281,Herbal,
3034580606991,,
8902268015852,Top ROYALE Butter & CHEESE,Anmol
8906142560391,Organic chickpea puffs-NYC Pizza,Popeas
8906142560407,Organic Chickpea Puffs - Tangy Taco,Popeas
8901491103329,Kurkure NAUGHTY TOMATO,Kurkure
8904258701318,Grapefruit Juice,Raw
0701098233645,Jamaica Pepper,Urban Platter
8906016420257,Roasted Peanuts plain,
8906107171013,Desi Chicken Burger Patty,Meatigo
8906165788741,Whey Max Rich Chocolate,Fuel One
8904004420203,Special Malai Peda,Haldiram's
5056185786920,MyProtein Micellar Casein Protein Chocolate Flavour,MyProtein
8906184753232,Bro oreo,
8901652141344,,
8904089969994,,
8904145911400,,
8904234407418,Incesnse,Satya
0631656260281,NitroTech Whey Gold Double Rich Chocolate,MuscleTech
4902505085697,rad pen,
8901781000086,,
8906063890614,Traditional Pork Kransky Sausages,La Carne Cuts
8906137370622,Wild Origins Honey,Last Forest
0000590001285,Banana Robusta Box,Unknown Brand
0000590004478,Mint,Unknown Brand
6909045692499,Veg Manchurian Noodles,Wow
8902167001093,MDH Karahi Chicken,
8906170521883,Hydrolyzed Pea Protein,Nutrabay
8901552001939,مخلل قطعات المانجو في الزيت,جمل
6901723000138,Amirthanjan(RED),
8901548310427,D'lite  yummy berry,
8906006852709,Alphonso Mango Ice cream,Baskin Robbins
8906179681809,Delight Mango juice 600 ml,
8906179681663,Delight Mango juice 250 ml,
8904132917279,Snac tac all in one,Snac tac
8901888009395,,
8906101940059,nikhar mhendi,
8908021087005,Trauben,
0010024300270,Crunchy Casheu,Dry Fruit House
8906054689128,Tapioca chips,
8908014421519,Millet,The Millet Company
8901548312483,Sugar free D'lite Assorted Cookies,D'lite
8901777077665,Amla Slices,Vadilal
8908000275249,Pineapple Drops,Viswas
8906078264738,Cremica Classic Bourbon,Cremica
8906131685029,Slurrp farm,
8908014602109,Ice Pops (Lemon Flavour),SKIPPI
8901063093690,Britannia Good Day Casio cookie,
8902080100491,Sting energy,PepsiCo Inc.
8901063162976,Doodh Marie Gold,Britannia
8908020220496,L❤️U,
7908014841035,Refined Wheat Flour (maida),Bhagyalakshmi
8906090578530,Too Yumm! Potato Chips,
8909106029002,Pukka Ashwagandha & Tulsi,Pukka
0801541520404,Organic india Tulsi Detox Kahwa,Organic india
8909106041783,Brooke bond taaza,Brooke Bond
8901440011439,Chicken Fry Masala,Eastern
8901063019249,Little Hearts,Britannia
8906010369224,Namkeens,
8908019673135,BAKERS VINEGAR 500 ML,
8906004654534,Jaggery Powder,Pavizham
8901777665107,Kaju Katli Mix,Vadilal
8906016611150,Zecal-Gold,Indochem
7901325019285,Center fresh,
8908009059413,Zero Maida Sourdough Rye Bread,The Health Factory
8904089992602,Cheese Slices (Processed Cheese),Heritage
8905950003694,khatta meetha,Bikaji
8905950003519,All in one Kuch Kuch,Bikaji
8905950003779,bikaji moong dal,
8908001105583,Rajwadi mixture,only
8905950003434,bikaji bikaneri bhujia 400g,Bikaji
7622202815423,Cadbury mini treat 128.7g,
7622202332210,Cadbury gems mini treats 117.55g,
8904258703985,Jal Jeera,Raw
8906085460444,Rice Papadi Green Chilly,Yash Papad
8906151232289,Ragi Chips Chatpata Crunch,Snackible
8906020250185,Gingelly oil,Pooja
8904124115287,Dahi,Ananda
7622202823831,Cadbury bournville Orange 50%,
7622202823862,Cadbury Bournville Intense Orange 70%,Cadbury
8903023185254,cinnamon,more choice
8906030521770,Karak Tea Instant Promix,Neel Cafe
8904049714275,hydra white face wash,matures
8906019630059,Noodles,
8904064617285,chilli powder,
8904064616363,Fenchel Samen,
8901063410015,The Laughing Cow Cheese Cubes,Britannia
8904004410181,Mini Kaju Katli,Haldiram's
8904132967793,,
8901262153294,Apple,"Amul, tru"
8908020463664,Choco Rings,Crax
8906030460161,Brown Bread,Moreish
00697259,,
8904063240262,Khatta meetha,Haldiram's
8904064664234,CASTOR OIL,
8904083301219,Milkymist gulab jamun,
3087162171448,Ice cream,
8901047619243,Chili Paneer Cooking Sauce,Kohinoor
8904018305848,Medimix Ayurvedic,
8901738707921,Coconut Flakes,Havana
8901662004714,Goda masala,
8901042956732,Jeera Rice,
8901662031055,Veg Kolhapuri,Suhana
8901884401988,Carrot Chilli Pickle,Rishta
8906186473343,Spaghetti,Pasta Zing
8904208600043,Paneer Tikka Masala Mix,Rasoi magic
8908013252725,Muesli 0% Added Sugar,Fit&Flex
8997220180051,SWALLOW SUN,
8906018553137,Frozen Sweet Corn,Pagro
8906010360122,Ghee,GRB
8904013420072,Goodrick khass,
8901595873241,Schezwan stir fry sauce,
8908014841119,Mozzarella Di Bufala,The Spotted Cow Fromagerie
8906033746026,Digestive Minis,McVities
8906067024381,MuscleBlaze Fish Oil 1000mg,MuscleBlaze
8902433031564,,
8903023264935,Roasted Bengal gram,More choice
8901747000631,Tea levaves,Wagh bakri
8908022639562,GLF PEANUT BUTTER 340GM,
8908024057289,Millet Bhel Bombay Bhelpuri,Eat Better Co
8906071430475,Basmati GOLD Rice 02 (Raw),India's Jaisal
8904071701779,Masala Butter Chakli,Unknown Brand
9101294116574,Truffle Chocolate ISO Whey,Eric Favre
8908005758723,cardamom chai,
8906034975463,Parboiled Basmati Rice,Evarat
8904063229861,Street Style Momos,Haldiram’s
8901595971190,Chings pad thai noodles,
4901034851070,fruit jam,Kissan
8906109930007,Rock salk,Tasav
8908018651677,Protein Puff Tomato,Troovy
8907316005311,Mother recipe Red chilli garlic chutney 200 g,
7622202356209,Milkini,Cadbury
8901058012637,Maggi imli sauce pichkoo 75 g,
8908023263100,Creatine Monohydrate,Fast&UP
8908013252213,muesli nuts 450g,
8906010368555,Masala Peanuts,Town Bus
8906069408141,Strawberry And Watermelon 0 Sugar,Zyro
8906116821084,Salted Pistachia Dragees,Éntisi
8906078150178,STAR FRIES Crispy/,
8906078150246,STAR RIES,
8908017962163,wicked gud,
8906078269863,mrs bector merry Christmas,
8901719136870,parle hide&seek,
8909081007460,sunfest magic,
8901063142879,brittania nutri choice seeds,
8901030935220,8901030935220,
8901030962738,,
8904057303591,Red Velvet & Salted Caramel Duet Ice Cream,Arun Icecreams
3948262020091,,
26048048,,
8901440217909,Crushed chilli,
8906021010221,,
8904043551845,Pineapple Sweet Fill,Modern
3948721023540,Crazy Stick Tomato Dhamal,Prabhuji
8901721023540,Crazy Stickk,Prabhuji
8934328842795,Classic Butter Croissant,The Bkry
8902188720089,Khatta mitha mix,
8906018140320,Original Tortilla Wraps,Switz
8901753001318,,
8906077362886,,
8906077362831,,
8906041817572,Chicloso Menta,
8906115881188,Galleta Choco Luv,
8906115882093,Galleta Rocco Chocolate,
8906115882079,Galleta Rocco Fresa,
8906115882086,Galleta Rocco Vainilla,
8904137495093,Atta cookies,
8904132942349,Good Life Sharbati Wheat 10 KG Bag,Good Life
8908000117303,Parivaar Premium Lokwan Wheat 30 Kg,Unknown Brand
8908000117327,Masti Sihori Wheat 30 Kg Bag,Dharmesh
7989314079625,,
8904132944343,Good Life Toor Arhar Dal 5 Kg Bag,Good Life
3960270943421,Good Life HMT Kolam Rice 10 Kg,
8901192215802,,
8901042955100,Mango Thokku,MTR
8909081011436,Aashirwad Shudh Chakki Atta 10 kg Bag,
8909081011429,Aashirwad Shudh Chakki Atta 5 Kg Bag,
0920455441527,Organic Tattva Multigrain Flour 5 KG,
8906055440223,Organic Tattva Whole Wheat Flour 5 Kg Bag,
8904132942363,Good Life Sharbati Wheat,
8901063142893,Nutri choice orange 67g,
8904083322573,,
0726529581058,Brown Bread,Star
0785034813283,,
8906169550511,Cornichons recette rustique,
19061934,,
89005552,3 Cheese Alpine-Style Shredded Cheese Blend,Roth
8999999401252,dan temukan DIDAUR ULANG BE NI KOTOR DEMI Sen R Code berikut,
8906119643805,,
8904132912830,Aloo Bhujia,Snac tac
8908026791501,Potato Chips,Troovy
0946551142687,Triple Strength Omega 3,TATA 1mg
8906151142687,Triple Strength Omega 3,TATA 1mg
8906077362190,,
8906084522181,High Protein Paneer (50g),Desi Farms
5864285760692,,
4897036696040,"Predator Energy, Gold Strike",Monster Energy
8904051325063,Malabar Porotta,Vembanadu
8908001576307,Badam patisa,
8908026778021,Mattanchere Spice Plum Cake,Pandhal
8906199680905,Whey Protein Isolate (Unflavoured),The Func Lab
5065024144029,SAP 40,SAP
8908009082299,panipuri,
8908020616152,ynot jujube,Unknown Brand
8906006752689,Malto Vitaa Chocolate Satisfaction,Milkose
2000000131241,Shami Kabab,Vezlay Food Pvt Ltd.
6003770030370,Nando peri peri sauce medium 250 g,
94146448,Britannia pure magic,
8901148258600,Atex,
8906117004561,,
8906076275781,,
8901088001724,,
8904043501031,Whole Wheat Bread,Bakers Loaf
8901777349083,Tamarind Rice,Vadilal
8908022361302,Cold Pressed White Sesame Oil,Kachi Ghaani
8904057302525,,
8906066200090,Paneer Chilli Masala,Keya
8901888005717,Lemoneez,Dabur
8904132913288,sun crush,
8901063142862,Nutri Choice Biscuits,Britannia
8906038740821,קחי תירס מתוקים מבושלים,לירון
0799653261141,Cccccc,
8908009059710,Zero Maida Atta Bread,The Health Factory
8901499011367,Chocos variety pack 7 packs,Kellogg's
8906004564741,Chips Piri Piri Flavour,Yellow Diamond
8902080100415,Adrenaline Rush Ultimate Performance Energy Drink,Pepsico
8906092490335,,
8904004402377,,Haldiram's
8904132934627,Get real pears,
8906031934876,,
8906087771814,Mamaearth onion conditioner,
8901246001467,Cream Style Corn,Green giant
4906292275187,Fortune atta 5kg,
8908000117310,Masti Lokwan Wheat 30 Kg,
17418247,Ashirvad atta 5kg,
8908000117297,Parivaar Premium Sihori Wheat 30 kg,Parivaar
8908000117150,Masti Lokwan Wheat 10 Kg,
8901552025027,Madaras,
8901595852338,Green chilli sauce,
8904051326565,Keralla Mixture,
8904374500420,Premium Malai kulfi,
8904062524417,plain bhunia,Haldiram's
8907970002169,Gemini Refined Sunflower Oil 800 gm pouch,
6667499672596,Gemini Refined Sunflower Oil 800Gm pouch,
8906191580111,Sunny Sun Lite Oil 4.30 Kg,Sunny
8902901028331,Good Life Refined Sunflower Oil 4.55 Kg,Good Life
8904422706361,Patanjali Kachi Ghani Mustard Oil 2 Ltr,Patanjali
0045917794789,Indic Wisdom Wood Pressed Mustard Oil 1 Ltr,Indic Wisdom
0045917794659,Indic Wisdom Wood Pressed Coconut Oil 1 Ltr,Indic Wisdom
8904043906935,Tata Simply Cold Press Sesame Oil 1 Ltr,"TATA,Simply Better"
0045917794819,Indic Wisdom Wood Pressed Safflower Oil 1 Ltr,Indic Wisdom
8906102380038,Water,
8904150198377,,
00857462,,
8904045056058,Amla juice,
8906078261980,Golden Bytes,Cremica
8908009082718,panipuri,
8901063142718,Oats & Millets Orange Flavour Cookies,Britannia Nutrichoice
8906027712440,Skimmed Milk Powder,Govind
8908020238057,Paneer,Vijaya
8908017366275,Hot & Spicy Nuggets,Shaka Harry Plant Based
8908017366268,Classic Crunchy Nuggets,Shaka Harry Plant Based
8906119861063,,Swaras
8906063892304,Chicken Chorizo Sausages,Meat the World
8906041272753,Zenlee plus,
8906172721434,Cheese balls,
8901764082955,,Kinley
8908017415140,Peanut butter crunchy,
8909106084704,Horlicks Protein,Horlicks
8902080003068,Slice,"Slice,Coca-cola"
8904057396517,,Hatsun
8905110007104,vivel glycerin,Unknown Brand
6986985731983,Veda peppermint,
8885567775484,Veda tea tree oil,
8906010090319,Chilli Cheese Slice,D’lecta
8908014080204,Aloo Papad,Renusa
8904063211125,Aloo Tikki,Haldirams
8906163834235,Makka Shaka Imli,Farmley
8906077362930,,
8906035140075,Chipo white mix,
8906077362992,,
8906077362893,,
8906141311277,Honey By Clover Valley,Clover Valley
8906035140181,Chipo snow flakes mix,
8906070492009,Ojin ring ring,
8904063233172,Takatak,Haldiram
8906090578172,Party Harder,Too Yum
8902433030055,SNICKERS STRAWBERRY FLAVOR,SNICKERS
8906083023313,Mindful essentials Chia Seeds,eatanytime
8901393027761,Play Tennis,Chupa Chups
8906081380159,lime pickle with garlic,"Swetha, Telugu Foods"
6909027979303,wicked gud noodles,wicked gud
8901719136863,Hide & Seek Choco Rolls,Parle
8906143041769,Whole Wheat Penne Rigate,Yu Pasta
8906091931266,Shappad Diabeto Rice Kodo Millet,Unknown Brand
8904256724494,Whole Wheat Bread,Tasties
8906045140881,Whey Protein Isolate,Nutrabay
8901393020373,Happydent White,Perfiti van melle India pvt. ltd
8906094750338,Bottle Milk,Muralya
8906009537306,Gochujang,Max Protein
8908004890288,,
8901790716169,Diclorojo,
8908000870536,Chana Dal,Jaimin
8904010201681,Ibroprofeno,
8901790720685,Amoxcicilina,
8901262220347,Butter Cookies,Amul
8906186474937,Fully Cooked Spaghetti,Pasta Zing
3948262174619,,
8906173934444,Hash Brown,Pommetos
8908018275026,Crushed Peanut Chikki,Nutsy
8908000682788,Jeera Masala Soda,"English, Kaycee"
8906174450653,Kashmiri Kahwa,
8906191631356,Blueberry Cheesecake Protein Bar,Phab
8903081300651,Dessert Protein Powder,Chase
8901207023644,Dabar Red Gel 300g buy2,
8906188960155,Unibic,Unibic
8904132973305,Independence bu,
0732940998467,Greek Yogurt Natural,Agapi
8908013903672,Spring Roll,Yummfeast
8906134790133,Honey Jam Mixed Berry,Eatopia
8906033950676,Nalla karam Powder,G. Pulla Reddy
8901719908828,Black Bourbon Vanilla Cream Sandwich Cookies,Hide & Seek
8901262203562,Borlotti Indiani,Harman
8904089309868,Choco Block,Havmor
8906005672780,Haldi Chana,Charliee
8906056830115,Crave Gulab Jamun,
8906056835004,Crave Besan Laddu,
8906005910103,Aakash Ratlami Sev,Aakash
8906005910042,Aakash 350g,
7312202820502,,
0731788160036,White Chocolate Peanut Butter,Fitfeast
8901548431573,Dark Chocolate,D'lite
8906082372597,Alphonso Mango Ice Cream,nic
8901499025951,Millet Muesli,Kellogg's
8906159751584,Wafers,Nabati
8901777674147,Rajbhog Kulfi,
8906081920768,Vitamin D3 Tablets,Carbamide Forte
2811680017558,dates,
2867916011555,pistachio,
473571943539306139165981403260,cashew,
9991200028738,Ojin Malabar mix,
8908000339767,Karak tea premix,
8904063219817,Haldiram's Minute Khana Dal Palak Kebab,
8904040303133,Kodi Vepudu Masala,Annapoorna
8908012945833,Plant Protein Sachet,Pink Harvest Farms
8901483912991,Sweet Relish,Tiffy
5627902051623,Tang mango,
8906092353845,Shadani Aam Papad,Shadani
8901595851225,EGG HAKKA NOODLES,Ching's SECRET
8908002026993,Atta Patti,
8904055906114,Krispy Fried Chicken,Meatzza Snackers
8904063281555,Dal Makhani,Haldiram's
3948764972065,,
8901246007377,Spirali,Del Monte
8904209303790,aachi mango thokku pickle,Aachi
8906071450961,Pasta Sauce,
8904064616240,Sesamöl,annam
8904083519140,Organic Whole Wheat Flour,24 Mantra Organic
8904180000572,Karela Pickle,Vik’s
8901262174619,American Nuts,Amul
8906073000003,Cloche de pâques,Pasticceria del castello
0946419633333,,
8906014011020,Khatta Meetha Chana Papad,420 Papad
8908008535406,,
8906014011426,200g,
8906026013869,,
8906014011228,200😛g,
8906014011044,400g,
8906014019088,,
8906141910258,Black Rice,Dawat
8906014011488,,
8906014011280,,
8906048239759,,
01002113,,
4904445412540,,
8906048239780,,
8906048239766,,
0946551140171,Vitamin B Complex,Tata 1mg
0001507201580,,
8902579004279,Smoodh Kesar Badam,Parlé Agro
9901457021833,,
8906041814106,Crazy cups,
8906091300154,100% Banana Smoothie Whey Protein,Nutrabox
8906000934579,Zimt Stangen,
8908000715004,raisins,
8904063259332,Aloo Kulcha,
8906095128297,Indian kishmish,Unknown Brand
8908027388038,High Protein Roti,MillD
8904083300434,Milma paneer,
8906165788376,MuscleBlaze Biozyme Iso-Zero Low Carb Swiss Chocolate Hazelnut Flavour,MuscleBlaze
8901548310113,D lite vanila,
8901548310069,D lite cricpy,
8904209300119,Veg Biryani,Aachi
8906151142717,Magnesium Glycinate,Tata 1mg
8906095290277,Kayi Kodubale,Adukale Sankethi
8908015676093,Golden sweet potato peri peri,TBH
0463045053255,,
4901265093676,,
8904293739956,Whole Wheat Bread,Delish
8909081011177,Low Calorie Cranberry Juice,B Natural
8901571003266,ENO Fruit Salt,
8901748000043,RUCHI Turmeric Powder,Ruchi
8906009536590,Blueberry blast,Ritebite
7622202329630,Brownie,"Cadbury, Mondelēz International"
8906010501242,wheelos masala flavour,BALAJI WAFERS
8906010505219,Tomato Twist,
8906020582019,Protein Rich Paratha,ID
8906144490467,French Vanilla Arabica Coffee,Sleepy Owl
8904491700093,Millet Cookies (Chocolate),Tummy Friendly
8904083533856,Organic Chekodi,24 Mantra Organic
8904274100140,Boondi,Charbhuja namkeen
8906001385752,Cremica,
8901548310106,D lite vanilq,
4906409077635,,
8901042955117,Tomato Pickle,
8901063028258,Nice time,
8901719137846,Parle milano vanilla,
8901719136757,Parle hide seek finest choco,
5059883483894,Clear Watermelon Daquiri,Myprotein
8906096323288,Tasty nuts,
8909340000393,Plant Protein Indonesian Cacao,Cosmix
8901552023610,Mini tandoori paneer samosa,Ashoka
8901399079702,,
8908016538185,POP,Archi
8906098670083,INDIAN MASALA -POPCORN-,Ultra pop
8906174460225,GHEESE GARIC FLAVOURED POPCORN,Ultra pop
8901117289239,Cofsils Cough Drops,Cofsils
8901030978623,lakme,lakme
8901888006004,REAL BURRST POMEGRANATE,real
8901888006011,REAL BURRST MIXED FRUIT,real
8901246003386,,
8901396602071,Dettol,
8906032152545,Sleepy Tea,Luxmi Estates
8901542001666,Glucon - D,Zydus
8906157630171,Jaggery,Sunpure
8901648921424,Live Lite Low Fat Milk,Mother Dairy
8908016793904,,
4906414491334,,
8901448904054,ويفى بريك,
8902710135251,,
8903023007709,more chironji,
8901725003838,Mom Magic,Sunfest
8908022604133,Berry basil kombucha,Hrx
0001228858831,,
6942836721428,Hersheys Strawberries,Hershey's
8901725016272,Dark Fantasy Bourbon,Sunfest
8906033743803,Mcvities Bourboan,Mcvities
8906115100463,,
18587388,,
8906005911131,,
8904132976436,Rasklk,
8904004405118,,
8904132918207,,
8901440218494,ايستي قوه شاي اسود,
0748927066715,Mass gainer,ON
8901393019506,Gummy Tubes,Chupa Chups
8901777486085,Schezwan Fried Rice,Vadilal
8906199680257,Whey Protein Isolate (Chocolate),The Func Lab
8906016350011,Samrat MP Chakki Atta 10 Kg,
8901207027536,Pomegranate Fruit Juice Nectar,
8901088203630,parachut,Unknown Brand
8906131681557,Oats jumbo rolled,Slurrp farm
8904440924068,بهارت دجاج مقلي,
8901440221715,بهارت مشكل,
8901004401102,بهارت بريالي,
8901440209768,مسحوق الفلفل الاسود,
8906168740630,Amla Juice,Baidyanath
8901052008889,Green tea Beauty care,
0813210000018,Basa Fish,IFB
8906182620406,Rice Paper,Master Chow
8902710500509,Baggry’s No Added Sugar muesli,Baggrys
0080404104383,Nava Oil Spray,Indic Wisdom
5059883500720,Hyrox-The ElectroPower (Pina Colada),MyProtein
5059883483900,Clear Whey Mocktail - Aam Panna Margarita,MyProtein
8904155712837,Boroflex,Zuventus
6292014103691,hb,
8908000870994,,
8901786122004,Kitchen King Masala,Everest
8906011701214,Baking powder,Frolic
8901786030163,Pani Puri Masala,Everest
8906066206184,Pizza Oregano,Keya
8901786080120,Sambar Masala,Everest
8908004271575,Kala masala,Nasale
8904124801180,Jhanjhanit Thecha,Raj
8904327600818,Peanut Butter,My Fitness
8901972058094,,
8904055907371,Marinated Boneless Chiken Tandoori Tikka,Meatzzaa
8906000612590,Air Fryer French Fries,McCain
0982233146802,,
8906078181455,dnv masturd kasundi,
4060064729206,jk urad bori,
8906001140764,,
8908024977655,Creatine Monohydrate,Superyou Pro
8902901222678,Good life Fennel Big,Good life
8906115425610,Crunchy Coin Nippattu,WellBe
7622202846939,,
8906080232756,PURE GHEE KHAKHRA,Nasto
8904355407762,Arabian Dates,Apollo Life
8906210070111,Nutritional Information,
8901552005067,Pav Bhaji,
8904083512059,Brown sonamosari rice,
17636546,lays,
8903363004727,,
8904004407617,Taka-tak,Haldiram's
8901764042904,Thumsup,Coca-Cola
15078468,,
8902080002269,,
8901037255031,Cardamom Chai Instant Tea Premix,Girnar
8909106040977,Bru Cold Coffee Classic,Bru
8904084900398,Fish Fingers,Tilapia
9900194395641,,
8939122244554,Whey Protein Iso Boost 27g,Naturaltein
8906074081131,Vathakuzhambu,Aswins Sweets & Snacks
8906074082923,Pirandai Thokku,Aswins Sweets & Snacks
8901063370135,Britannia Good Day butter,
8901063029439,Jim jam family pack,
0941293040000,Vita mari gold,
3948063014459,Vita mari gold,
8901063093720,Good Day cashew cookies,
8901063094291,Good Day Pista Badam Cookies,Unknown Brand
3948063370098,Good day Buttar jeera,
8901063367357,Gol maal 50-50,
8908005469544,Honey Ginger Tube,Honey Twigs
8906095125548,Wonderland Mamra Badam 5A 500gm,
3948063160453,Pure magic chocolush rs 170,
8901063142886,Nutri choie oats and milk,
3948063093638,Good day CASHEW COOKIES,
8901063369061,50-50 caramel Dipped,Britannia
8900063369064,50-50 cheeze Dipped,
8901063018389,Time pass classic sslted,
3948063367319,Maska Chaska,Britannia
3948063029422,Jim jam,Britannia
8901063033955,Treat orange creme,
8901063160460,Pure magic rs 40,
8901063368552,Marble cake choco vanila rs 30,
3948063368736,Roll oyei triple choco cake,Britannia
4901230338306,Gobbless Shruti fun 15,
8908020463749,Potato Chips,Crax Zero
8912663032446,Treat Cocoa creamr rs 30,
8901393027099,Chupachups sour belt cola,
8901764092107,Maaza 1.5L,
8901719127595,Coconut crunchy cookie  400gm rs 55,
8901719139147,20-20 Butter cookis 150gm rs 30,
8901719133756,Hide & seek 75gm rs 35,
3948719135521,Parle Mari Rs10,
4000577130014,Happy Happy rs 10,
8901719136665,Parle - Jam in rs 10,
8906091682793,Coffee Fine Milk Chocolate,Paul And Mike
8904405801946,,
8901748003372,RUCHI Anashfool gota,Ruchi
8906142017482,Ragi Flour,
8906194230471,sesame oil,
8906194230891,soya chunks,
8906199680554,Chocolate Protein Powder,The Func Lab
8901748003327,Ruchi Dalchinigota,Ruchi
8906009520087,Light coconut milk,
8906620440351,Atkins,
3948071702744,,
8908005543459,Veg Omega,Nutricharge
8901148240896,,
8904067704944,Kaju Badam Lachha,Jabsons
8904422700284,Patanjali Alovera juice 1L,
8904064627192,Sel gemme,
8906030680132,Guru ji mixture,
8901748003389,RUCHI ELAICHI,Ruchi
8904063203342,Ratlami mixture,Haldiram's
0690225300520,Jeera Rice,India Gate
8901721000329,Khasta crispy masti,
8906002081615,Biriyani Masala,Sakthi
8906000610169,Fries,
8901552011587,Kashmiri Dum Aloo,Ashoka
8906116953822,Multivitamins,"TRUEBASICS,HEALTHKART"
8906067029898,Omega 3 Fish Oil,"HEALTHKART,TRUEBASICS"
8908020463244,crax crunchy pipes,
8908013326440,Black Salted Almonds,TopNut
8906167860056,Janatha peda,
8903174000277,Trauben Mix,Edeka
8906112662155,Nuts & Berries Muesli,True Elements
8904043907659,TATA,
8904092499419,Multigrain Bread,Kabhi B
8904258703831,Refreshers Cranberry,Raw Pressery
8906029141347,Rose Sarbath,Mambalam Iyers
8906029141330,Nannari Sarbath,Mambalam Iyers
8901748000166,Ruchi Coriander,Ruchi
8906075002234,Green Masala (Khari Surti Pastry Puff),
8909081001550,Sunfeast Farmlite Digestive High Fibre,ITC
8904011301564,,
2000000047474,,
8904011301595,Green Magic Standardised Milk,Aavin
8904246910487,,
8906112662995,,
8902756301795,Yummiez Green Peas,Godrej
8906065166052,Frozen Sweet Corn,"Farmland, ITC"
8904150206720,Prunes Dried & Pitted,Nutty Gritties
8906070001133,Gravitaos Mysore pak 100gm,
8909081008184,Sunfeast mom's magic 544gm,
8909081003851,Dark Fantasy sandwich cream choco cream,
3948725016265,Dark Fantasy burbank rs 10,
3946081001185,Bounce Orange cream,
8909081012211,Bonese elachi  cream  rs 5,
8909081013539,Mom's magic Rs 10,
7622202819780,Bournvita biscuit,
8901248428439,smart&handsome,
8909081003387,,
8941930000499,Nark sweet corn vegetable soup,
8906037152373,Krishna Thyro Balance Juice,Krishnas Herbal & Ayurveda
0412100030809,Nark Chilli gravy mix,
8901200200196,parachute damage repair hair cream,
8901399603006,chandrika gel bar shoap,
8901058016178,Reach tomato ketchup,
0224329002938,Maheshwari Imli sauce,
4901450000649,Maggi 56,
3948058009705,Aata noodles 4 pack,
2000000064216,Coorg Bee Honey,Coorg
20444976,,Unknown Brand
2248989812261,,
8902433040207,Boomer Bubble Gum,Wrigley's
8906021061841,,
26003955,Bière d'Abbaye,Abbaye de Crespin
8903553821370,Green chilli sauce,
8909106030169,Rosted garlic,
3944553838376,Soya sauce,
4901035644138,Harish Sesh,
4906469400657,Vibha Sirsa Chilli,
8906084691399,Dhoda,
8901030926518,Kisan sweet and spicy,
8908003634012,Ganda phenyl,
8909316000778,Pink Salt Makhana,Yumigoes
8906069026826,Veeba mayonnaise,
8906069402392,Veeba caramel,
0748927065763,,
8904206004034,Organic Alma Powder,Avila
8906069407779,Veeba sandeich spread,
8904213901838,,
8906069403504,Wok tok Schezwan,
2948615970340,Chings chicken masala,
8906033530038,Snapin mixed herbs,
8906172784064,Berried in bliss overnight oats,True elements
8904083323181,Blueberry Skyr,Milky mist
4901967044839,Malas mixed fruut jam,
3948725135218,EP pasta trust,
8909106033023,Brook Bond Taj Mahal,
8901052005208,Tata Tea premium Desh Ki Chai,
8901747002406,Near by expiry,
0721688884330,Beet root chips,Evolve
5400141102864,,Unknown Brand
8906028580451,,
8901058016789,Nescafe classic,Nescafe
8901030962233,Lipton green tea clear and light,Lipton
8906019080052,Chicken 65 Seasoning,Ustad Banne Nawab’s
3047786071005,Pav bhaji masala,Everest
8901786280254,Kasuri methi,Everest
8901595972258,Ching's Secret Hakka Noodles Chowmein Masala,
4906407246897,,
8901662036722,Kasoori methi,Suhana
3948786170500,Tandoori chicken masala,Everest
8901786581009,Kanda lasun masala,Everest
8906164157951,Pavbhaji masala,Suruchi
8906164157821,Paneer masala,Suruchi
8901052034260,Agni strong Dust Tea,Tata Tea
3948662022510,Chole masala,
8901030882562,Red Label Natural care,Brooke Bond
3948662028161,Chiken masala,Suhana
8901662017516,Kasoori methi,
8901030823886,Brooke Bond taaza masala Chaska Elaichi,Brooke Bond
8901058009231,,Maggi
8904041502740,Kachchi Dabeli masala,
8901052034369,Tata Agni 250 GM,
8904067709192,Till laddu,
8901725107741,Moms Magic,Sunfeast
8901662024590,Kashmiri dam aalu mix,
8906077361957,Phool Makhana (Popped Lotus Seeds),Jaimin
8901512562203,8901512562203,Unknown Brand
8906081380036,,
8906081380012,,
8901207025389,Honey,Dabur
8906134671562,ajmi vinegar,ajmi
8901248303613,navratilova goldoil,
8901248303101,Navaratna extra cool,
8901248303651,Navratna zaith zaitoon cool oil300ml,
8901747006459,Mili elaichiti Tea,"Wagh Bakri,Mili"
8901747005124,elaichi chai,Navchetan
8901095001168,Society masala flavour tea,Society
8909106045439,Bru Instant coffee,Bru
19091068,Lipton green tea lemon Ginger,Lipton
8909106001688,Lipton green tea Raspberry mint,Lipton
8901058900361,Munch Nuts,Nestlé
8906010505325,Ratlami sev,
8901120143221,Sugar free natura,Sugar Free
8901052010295,salt,tata
8901052087792,Tetley green tea,Tetley
8906005622266,pepper powder,mayil
8901037234234,Girnar chai masala,Girnar
8901052030361,Tata Tea premium Desh Ki Chai,Tata Tea
8906014906128,,
8908013809097,lamp oil,pooja gold
8904093609084,mustard oil,tony delight
8901063371064,,
8908015165023,Bocconcini,Cremetalia
8904083305057,Probiotic Curd,Milky Mist
7622202329173,,
8907316012067,Butter Chicken Cooking Sauce,Mother’s Recipe
8906164161477,Chupeta Messi,
8906164163068,Paleta Chile,
8908014903954,Sorpresa DinoGummy,
8906164162337,Paleta Lápiz,
8906164164591,Chupeta Soccer Pito,
8906164162962,Chupeta Dientes,
8906164164720,Chupeta Pistolita,
8906039322118,Choco Kulfi,
8906091680508,Butter chicken gravy mix,
8906184752556,BonTon,
8906121070590,Caramelo Nira,
8906121070255,Caramelo Nira,
8906121070743,Caramelo Nira,
5056307363268,Cookies & Cream Protein Powder,Myprotein
8901764012990,,
8901725112202,Fantastik Chico Bar XL,Candyman
3018764061257,Diet coke,Unknown Brand
8909340000362,no-nonsense plant protein,COSMIX
8906006170308,Manchurian Puffs,O'yes
8908019040203,Clear Whey Protein,Protyze
4901793763720,,
8906049973140,Salil Sudha,Comfed
8906192033173,Aparshree Sweet Jelly Hearts Candy,Aparshree
8904057300101,Ice Cream Donut,Arun Icecreams
8906066200069,Veg Manchurian masala,Keya
5000328078489,Bangers & Mash Crisps,Walkers
3218430900105,knorr hong kong manchow soup,
8901030916182,Taaza,Brooke Bond
4901034823879,Taaza Masala chaska Elaichi,Brooke Bond
8901058013016,Nescafe sunrise,Nescafe
8901037255116,Girnar 3 in 1 instant coffee premix,Girnar
8903553645617,Rambandhu mix Achar,
0094495530906,,
8908012207078,Kedkar mix lonche,
0948450207115,Sarkar lemon pickle,
0946590331523,Yojak mango pickle,
8901722001219,Safal lime pickle,Safal
8906033590155,Mango pickle Suruchi,
8908012207108,Kelkar lime pickle,
0009553600293,Rambhanu mango pickle,
8906010368722,Townbus masala peanut,Unknown Brand
8902901224641,Good life Masoor whole 500g,Unknown Brand
8903553646461,Ram Bandhu mix pickl,
8902901033557,Good life Chana brown big 500g,Unknown Brand
8901302097151,Angizaar _H,
8901302100608,Hipril A,
8906173701442,clear protein,bigmuscles
8901111008058,Dospin A 75,
8906090576208,,
8901111050705,Clotrap 75,
0006956009999,riso e cocco,Pam
4906407051262,Ram bandu mango pickle rs 35,
9049437050111,,
8903664007625,air karpure,
8906033592050,,
8906001051411,Mother lame Chilli pickle,
8901262070843,Tropical Orange,Amul
8906054210438,Methi bhakhri,Shantag
8906019770625,,
0276881051244,Mother sweet lime pickle,
8906001051121,Gujarati Choondo pickle,
8904041500920,Mirchi lonche,K-Pra Foods
8906027036034,Sawai Singhdana chutney,Unknown Brand
8906027036041,Sawai lahsun chutney,Unknown Brand
0944401130303,garlic chutney,K-Pra Foods
0694642218246,Bedekar karada chatni,
0694642604247,Bedekar Singh Groundnut chutney,Bedekar
7622202847653,Milkinis,Cadbury
0089094026448,Creatine Monohydrate,Isopure
9556032232939,Fruit & nut,SAPPHIRE
8906112996090,Protein Soya sticks,Protein Chef
8901552012560,Mango Pickle Hot,Ashoka
8901047610684,,
8906117403333,Hazelnut Spread,Butternut Co
89080504,Caramel Latte,Nescafe
8906045141482,Pure Soy Protein Isolate,Nutrabay
8906089490560,Raj Farali Tikha Chevda,
8908017808102,"Sel, noir",
8901030900440,Dove dryness care body wash,
7622202850844,,
8901177800238,ring guard,
8904135688879,Ashwagandha Tablet,Baidyanath
9556032232915,Hazelnut ♥️,SAPPHIRE
9556032027832,Almonds,SAPPHIRE
8906176680621,,
5010338101374,Whole Wheat Noodles,Blue Dragon
8906082370104,NIC Tender Coconut,NIC
8906120016520,Water,1947
8901399004063,,
6009188004828,Kitkat chunky white,Nestle
8908010196008,Gangotri khakhra masala,
9462132716128,Snac tac moong dal 150,
8904018300164,medmix,
8906095640003,Mango Fruit Pulp,Murohi
8906135071460,,
8904018301680,medmix,
7904019302878,medmix,
8850389106914,Mogu mogu STWB 1L,
8902653216802,,
8906044996045,Aio guava.,
8906044996052,Aio litchi,
8907892000755,Kab jackpot Chicken Schezwan Ramen Noodlrs,Kab
8906002130351,Upma rava,udhaiyam
7622202324925,Dairy Milk Bites,Cadbury
0195044497630,,
8906079010273,,
0027440233300,Iyers plain papad 200 g,
8908000233294,Iyers plain papad 180,
8908000233126,Iyers colour/white finger papad,
8908024340220,,
0908005079521,Tutti Frutti Muffins,
9687925121228,AASHIRBAAD SHARVATI AATA 5 KG,
5040006109418,Nutrageous,Reese's
8904145912063,Ensure,
8901414040465,Bean Laddu,Bikano
8901696000126,Basmati Rice,Kitchen King
8906068767287,,
8901552006224,Navratan Korma,Ashoka
8906081381675,Janthikalu,Telugu Foods
8902761201042,Ambika Premium White 🍚,Ambika
8901014012718,Chicken Cup Noodle,Cup Noodles
8908027282237,ANIGRO,NSK
8903174000406,Weintrauben Mix,Saboro
8902901172010,Guntur Chilli Whole with Stem,Unknown Brand
8902269023672,FERCEE RED,Unknown Brand
8908020220526,U,
12900107,,
4911264371057,Bicuit,fssai
8906112990449,Keto Murukku,Lo Foods
8904417311587,Expiry date,
8906076650106,immunity booster refreshing orange drink,Riemann Energy
8902080364046,Mountain dew,
01489013,Jivo groundnut oil,
41489013,jivo groundnut oil,jivo
8906133403720,,
8904067709482,Jabsons cocktail Nuts,Unknown Brand
8902710205220,Corn flakes+,Bagrry’s
8908002356113,Red cow dahi,
0009767701697,Shampoo,
8901198117896,biok,nio
8904037248652,soap,
8908001397193,Paneer Cubes,Farm Fresh
8906103400100,Choco Land,
8908000861725,Gopal Nadiyadi mix,Gopal
8906078724379,Gopal Rajasthani Bhujia sev,gopal
8908000861695,Gopal Chana jor,Gopal
8908020463930,Biggies Chilli Cheese,Crax
16481304202604012027,,
8908014603151,Crispy Fried Onion,Onion Dehydration
8908000029354,Bhagirathi bhajni,
8906021122665,Health Mix,Aachi
8905176343314,,
0846203002799,,
8906019560295,Nankhatai,
8906019561940,Golden Chevda,
8904406255397,Garlic Mamara,B-like
8901063367265,classic sweet salty,snacks
8909340000263,No nonsense plant protein unflavored,Cosmix
8948115425221,crunchy khara ompudi,wellbe
8901071705349,Hot Chocolate,Hershey’s
8908001954082,Khara Groundnuts,Unknown Brand
8901571011070,Sensodyne,
8908024977631,Superyou Pro Fermented Yeast Protein,Superyou
0804410415009,Kitkat chunky peanut butter,Nestle
8906016461687,Chips,Hiking Bakery
8906020491434,Nutty Bites,LAL
8909081013744,Sunfeast Mango Smoothie with Chunks,
8908024057081,Peanut Chocolate Ladoos,Eat Better Co
89091111,Protein sppead,
8906134671456,,
8901888090348,Real Orange 1ltr,Unknown Brand
8902901222272,Good life turmeric power,good life
8906131684770,Yeast Protein - Coffee Hazelnut,Mille
8904004419511,South Mixture,Haldiram’s
8908018864138,Soya chunks,New mahesh
8906076132398,Coconut Oats Cookies,Bakers Dozen
8908024408081,Doxt sl,sun
0000650040239,Olive Focaccia Bread,L'Exclusif
8906213780260,Roasted Basil Lavash,Damaii
8903081301290,Protein Chips Black Truffle,Chase Protein
8908000106086,Tomato Ketchup,Splitz
8908003249155,Aged Cheddar Cheese,Akshayakalpa
8906000593592,"Basmati Rice, Uncooked",Rozaana
8906133021795,Calcium Casinate Whey,Nakpro
8939127759886,Okra Chips,Fruit Treat
8939127759190,Jackfruit Chips,Fruity Treat
8901058861051,masala 4x70g,Maggi
8909081000843,Jaggery oats Cookies,Right Shift
8901262152983,Cow Milk,Amul
8906026800537,Thacker dairy paneer 400 gm,
8906026800520,Thacker dairy paneer 200 gm,
8939127759572,Banana Chips,Fruity Treat
8939127759718,Bitter Gourd Chips,Fruity Treat
8939127760530,Onion Petal Chips,Fruity Treat
8901030921674,International Cream of Broccoli Soup,Knorr
8906066202803,Keya Peri Peri Spice Mix,Keya
8906033530724,Snapin Pasta Mates,Snapin
8906193330783,Spanish Tomato,Lotus Makhana
8906193330776,Lotus Makhana Pudina Punch,Lotus Makhana
8904063201287,Mexilla,Haldiram
8901648002338,Choco Brownie,Mother Dairy
8901648003878,Pudina Chaach,Mother Dairy
8908005225065,Egg,Egg Master
3497917004783,Bbq Whisky,Brets
8901777995044,Funtastic chocolate Bar,Vadilal
8904063258250,Punjabi tadka,Haldiram's
19801285,Kurkure,
8904474000172,ZERO MAIDA MULTIGRAIN BREAD,LA AMERICANA GOURMET
8908003249742,Organic Slim Milk,Akshayakalpa
8901595864485,Panner Chilli Sauce,Ching's
3969026800506,Thacker dairy,
8901648004431,Mather dairy misthi dahi,
8908002753561,Red cow dahi,
8906026800780,Thacker dairy dahi,
8904084904587,Imitation Crab Stick,Surimi
8801051479447,"Yes! The true cream - aqua bomb aloe vera believe in truth Soothing and hydrating Aloe complex With Aloe, Napiers aqua formula, Dermatologically tested belif",
8909249000074,Rebalanz ORS Apple Flavour,Dr.Reddy's
8901552026284,Beetroot Tikki,Ashoka
8901030683190,shampo vaslin,
8906168940146,Basmati Rice,Double Chabi
8906110592355,Sugars/,
8906070435143,Organic Roasted Bengal Gram,
8908016029935,,
8901399115011,santoor almond soft,
8906103461279,boric acid ip,
8908012987581,Mango Protein Powder,Trunativ
8906164010577,Cranberry Kombucha,Toyo
8904063072429,Aloo bhujia,
8901874131970,Kesar Mango Slices,Kitchen Xpress
8906084560077,वैध कणिक बिस्कीट,
8906197140043,Mini Malai,Minus Thirty
4906244560101,diamond puff,"Diamond,"
8906087452331,Coconut Jaggery Millet Muesli,
8906046141580,Indian White Basmati Rice,
8904255700291,Popadum,
8906032018957,Soya Chunks,Nutrela
8906032501039,Vanaspati,Do Khajoor
8901304292745,kakaji chips bakery,
8903553661433,Ram Bandhu Mixed Pickle,Ram Bandhu
8903241110199,Pravin Green Chilli Pickle,Pravin
8903553645495,Ram Bandhu Mixed Pickle,Ram Bandhu
8906020582743,Protein Idly Dosa Batter,iD Fresh
8908018207188,Desi Gir Cow Ghee,Haribol
7101362366162,Belgian Dark Chocolate,Zevic
8901648002505,Paneer,Mother Dairy
8901725004507,,
10016051001527,Honey,
8906020581975,Mini Whole Wheat Parota,iD
8906179140078,Grapes thompson seedless,
8902901222364,"your you, 50 g Lic. No. 12822999000910 USP 2.50 perg MRP 125.00 You, NET QUANTY: USE BY: 02/08/26 Ssat USE BY: BATCA NO.: İU110730 PKD.*: 07I11/25 02/08/26 Ssai COUNTRY OF PKD.*: 07/41/25 ssai",
8904132972308,"iO 17:02/26 3 90413298133* Dist -501401, Telangand ORIGIA",
8904104779300,White Til Sesame Seeds,JK
8902901222449,"Processed & Packed By Ssai (STORE IN CLEAN & DRY PLACE) (Inclusive of all taxes) Satya Sai Transport MRP 60.00 PHD31/10/25 USE BY :26/07126 HOWRAH WEST BENGAL-T11401. NET QTY: Satya Sai Transport, ssai USE BY:26/07126 (lnclusive of all taxes) WOUZA VILLAGE ISLAMPUR WOUZA VLLAGEISLAMPUR,",
8904132972469,"MADE IN INDIA NET QUANTITY: GOOD LIFE TILL WHITE 200G PP USE BY: 24/08/2026 200 g (Inclusive of all taxes) (STORE IN CLEAN & DRY PLACE) Char Rasta, Village: Gaglasan, PKD:29/11/2025 BATCH No. :AW112903 USE BY : 24/08/2026 BATCH No. : AW112903 PKD :29/11/2025 Plot no.: 808, Gaglasan Road, Lic. No. 10718017000002 MRP E100.00 JSsat Ta.: Sidhpur, PKD: 29/11/2025 MRP K100.00 SSai USE BY:24/08/2026 USP R 0.50 per 9 (STORE IN CLEAN & DRY PLACE (lnclusive of all taxes) Dist: Patan, Gujarat -384151, IND MRP F100.00 Plot no.: 808, Gaglasan Road, n USPR O.50 per 9 BATCH No.:AW112903 No. Lic. Ssat",
8902901222715,"3/2026 112/2026 MADE IN INDIA usive of all taxes) CLEAN 1112/2026 ,AWO31802 CLEAN& OD LIFE FENUGREEK 200g PP ^28 per 9 AMIRAS Packed ARP 55.00 .:AWO31802 ET QUANTITY: 200 g nr.kakoshi SSai lusive of all taxes) ,:AWO31802 Patan, Gujara 384151, INDIA. P55.00 200 g QUANTITY: Ssed & Packed By: QUANTITY: 200 g PR55.00 ssaj",
8904132981171,"17/02/2026 DRY PLACE MRP 60.00 TQUANTITY: 200 g (Incluslve of all taxes) BATCH No. :AW021702 BATCH NO.: AW021702 MADE INpIA d, n a11/2026 11/2026 MRPR 60.00 (Inclusive of all taxes) d, nr USPR O30 per g AO02 (Inclusve of all taxes)",
8908003623160,"Www.dnvfoods.com Shop online from many many more - Shop online from Shop online from - Makhana, Saffron and",
8908003623153,"and many more Www.dnvfoods.com Powder Spices, Blended Shop online from Pickle, Paste, Whole Spices. 8ll908003l623153 ana Pap Pickle, Paste,Whole Spices. Vinog",
8902901222753,PKD.*: 16/12/25 Ssai MADE IN INDIA USP ATION TOLL HTRA 100 g 1.20 perg CH NO.: IU121623 NETQVANITY FPEE. 1.20 per g NETQUANITY METQANITY USE Br: 10/09/26 8 9029012:27,
8904104705057,"JAIN BROTHERS JK SPICES www.kspices.co JK SPICES & FOOD PRODUCTA PROOUCT OF INDIA JAIN Pko by Ssal Lic. No.-10020021005456 Khadia, Unjha - 384170, North Gujar",
8908004711163,,
8904209303721,Badam Drink Mix,Aachi
8906133409081,Magnesium gummies,Bodywise
8906005509970,nut crackers bikaji,
8906005505446,Rasgulla,
8901777651247,Basmati Rice,Vadilal Quick Treat
8902433003882,Galaxy Milk Chocolate with Fruit & Nut,"Galaxy,Mars"
8902167002335,Textured Soya Granules,Soyatein
8906188064921,KSM-66 Ashwagandha Honey Sticks,BetterAlt
0076655440218,Organic Tattva Whole Wheat Flour 5 Kg,
8901553000092,Keventer Toned milk,Keventer
8901725019488,Sunfeast Mixed Berry Smoothie,
8901042958347,Chilli powder,MTR
8908015692154,Thukpa chicken,wow
8906006170087,Khatta Meetha,O'yes
8904004416602,Classic Lassi,Haldiram
0683125239076,chaumin,Badshah
8908000863408,Oleev Active Oil,
8902433003790,Galaxy milk chocolate 110g,
8903023265628,Kitchen's promise,Kitchen's promise
8904132963627,good Life Teekhi chilli powder,
8904132963610,UB06 HYGIENIC UBO6 NO.:,
3948662024583,"Use By: PRODUCT OF INDIA fssat Y- Gat No. 461, Bhandgaon, Tal. Daund, F- At Gat No. 173, Bholi, Khandala, 209% Satara, Maharashtra - 415526, India. Satara, Maharashtra 415526, India. fSsat MRP Ks. Dist. Pune 412214, Maharashtra, India. ABOVE ADDRESS OR TOLL FREE NO. 18002673799 OR ervatives. basis of PACKACING E-MAIL ID. suhanacare@suhana.co.in 8901o62024583&quot; nese allergens. container. Manutactured & Packed by: PRAVIN MASALEWAIE BEST BEFORE 12 NONTHS FROM DATE OF PACKACING E-MAIL ID. suhanacare@suhana.co.n allergens. (Incd. of all ta Jssat BEST BEFORE 12 MONTHS FROM DATE OF",
7622201452674,Dairy milk chocolate fruit and nut 55g,
3948662027034,"Use By: Satara, Maharashtra 415526, India. Pune 411 013, Maharashtra, India. F- At Gat No. 173, Bholi, Khandala, 389% H-At 44, Hadapsar Industrial Estate, H-At 44, Hadapsar lndustrial Estate, PRODUCT U INDIA MRP NS.z and preservatives MRP NS.3 s and preservatives lated on the basis of ht container. aste",
8908000258549,Jivo Olive Oil,Jivo
0690225308410,"NET QUANTITY: PRODUCT OF INDIA OPENED, M.Code: 2206423N0 ON: STORE IN M.Code: 2206423NO TED. STORE IN ATELY, DONOT ER POUCH IS AWAY FROM POUCH IS E OPENED, E, AWAY FROM ATELY. DONOT E,AWAY FROM",
8902433003646,Galaxy crispy 18g,
0690225308403,"NET QUANTITY: PRODUCT OF INDIA M.Code: 2206421N0 SUGGESTIONS ssat Ssat SESAME, AND SOY SUNLGHT ONCE OPENED, INNER POUCH IS SEC-62, PRODUCT 0F INDIA M.Code: 2206421NO LEAKING OR BLOATED, USE IF THE INNER POUCH IS",
3948662020097,"Use By: MRP Rs. E-MAIL ID. suhanacare@suhana.co.in Dist. Pune PRODUCT OF INDIA CONTACT ABOVE ADDRESS OR TOLL FREE NO. 18002673799 0R 412214, FOR CONSUMER CARE CELL/ 209% BEST BEFORE 12 MONTHS FROM DATE OF PACKAGIN BEST BEFORE 12 MONTHS FROM DATE OF PACKAGI AROVE ADDRESS OR TOLL FREE NO. 18002673799 OR MRP RS. 8 l901662&quot;024583 PRODUCT OF IND: iner. Lic.No. (Incl. of all taxes)",
0690225308373,Pack Includes PRODUCT OF INDIA QUANTITY: M.Code: 2206429N1 Seasoning - 20 g Gravy - 100 g Seasoning - 20 9 Sssat Lic No. 1001801105090 120g PRODUCT 0F INDIA QUANTITY Lic No. 10018011005090 Gravy- 100 g DO NOT USE IF THE INNER POUCH IS LEAKING OR BLOATE SSsat Lic No. 1001801106090,
8904132946989,kafehills select Blend,KafeHills
8906033261079,Black tea with natural Masala,
8906151440240,USP: rans F Lot.: OP042926 Bihar- 8 l906151440240&gt;,
8906151440301,turated Fat (g) esterol (mg) Fat (g) rans Fat (g) VALUE Bihar 346007 in (e) Bihar 846007 orocessed & Packed By: Am (mg) procetsed & Packed By: Fat (8) ans Fat (e) in (g) orocetised & Packed By: ONEY,
8901058013092,Sunrise,Nescafe
4904659748749,Lay's Crispz Herb & Onion Potato Chips,Lay's
8906142885470,Phool Makhana,Aiva
8904082785058,Murukku,
8909106070615,Horlicks super foods,
8906046141566,Indian Brown Basmati Rice,Pride of India
8904082780732,Soya Bean Flour,Santos
8906150348806,Himalayan Shilajit Honey Sticks,BetterAlt
8901262223539,Chocolate Cookies,Amul
8906010361068,Ghee Bombay Halwa,Grb
8901491000161,Doritos,Doritos
8906123321188,,
0811307033109,Korean Style Peanuts,Taali
0811307032836,Salted Peanuts,Taali
8939122249436,Calcium Citrate With Vit D3+K2,Naturaltien
8904064628588,Flacons de riz rouge,
8908009116550,Butter cookies,Colombia
9556032232892,Almond heart shape,SAPPHIRE
9556032027818,Hazelnut,SAPPHIRE
8904063214119,,Unknown Brand
8904132932746,Good Life Kachi Ghani Mustard Oil 500 ml,Good Life
6908098013381,Saffola Gold Oil,
8906031252307,Vanilla Flavoured Cream Roll,
8902065000211,Coconut Milk Powder,Palmo
8905551531213,Mix Light Bombones Zingular,Völka
8908026104905,,
8908027539003,Røde vindruer,KAMDHENU
8904187833937,Kwalfen,
8906069413176,Cashews Roasted With Sea Salt,Jewel Farmer
8901571013678,sensodyne saver pack,
8908016793065,Master Chow Udon Noodles,Master Chow
8908016793362,Soya Garlic Sauce,Master Chow
8906063160120,Chat Papadi,
8906081036735,Long Grain Basmati,Uncle Judeh
8909340000096,Protein Powder,Cosmox
8908027899015,High Protein Cereal - Double Chocolate,Proskii
8906038783903,Huile de coco Bio,
8904063281197,Homestyle Paratha,Haldiram's
5059883474229,Butterscotch Protein,MYPROTEIN
8907316005298,chutney,
8904063230133,Cornflakes Mixture,Haldiram's
8906067024954,,
8901595933525,Korean ramen hot&spicy,ching's
8901595933532,Korean ramen kimchi kimchi,
9556995120939,Butter cookies  gold collection,SAPPHIRE
8901777523780,Vadilal chili garlic,
8901777493090,Vadilal cheese corn,
8901777484098,Vadilal falafel poppers,
8901777516065,Vadilal fried malai paneer,
8906130901236,Custard Cake,Orion
8908015165030,Ricotta,Crèmeitalia
8908017674516,Leechant Kodo Millet,
8939122247456,"YES Protein, Fermented Yeast Rich Coffee Flavour",Naturaltein
8906509097614,Paan Candy,
0759159789846,Multivitamin morning,Nack
8906169993301,Andhra Spicy Murukku,Sweet Karan Coffee
8908023145284,Kerala Banana Chips,Beyond Snack
8904256726122,Homestyle Whole Wheat Paratha,I’d Fresho!
8905002208039,Heinek deer 330ml,
8909340001369,No-nonsense Plant Protein Pro,Cosmix
8902710101553,High Protein Oats Tangy Masala,Bagny's
8909081014796,Aashivaad 5kg atta,
8906197140074,Vanilla Cone,Minus Thirty
8939127759336,Sweet Potato Crisps,Fruit Treat
8901552006293,Methi thepla,
8908008374562,Green to Green NEEM,
8907392004703,Assortiment d’infusions au moringa,
0686603822098,aqua,
0040404685083,,
8906082570153,Nacho crips Spinach,
8906081382153,jaggery powder,Swetha
0881314858125,ISO WHEY,BMXX - BODYMAXX SPORTS NUTRITION
8906078770147,American Fresh Creamy peanut butter,
7090054734801,Norwegian Whey Protein Classic Chocolate,Nortech Nutrition
8906040918010,Mineral Brown Sugar,Ghar Se
8901560490190,Chaat Masala,
8906166020246,Soya Sticks,Nuttoz
8908006572144,Adya Malai Paneer,Adya
8906026800797,Thacker dairy misthi dahi,Thacker Dairy
8904063209672,chanachur,Haldiram's
8901499011381,Oats 1 kg,
8900079003006,Tarallini caserecci,
8906078724485,,
8906002485000,pedigree puppy food 5.5kg,
8906172784842,28g High Protein Muesli,True Elements
8901052010523,Tata tea premium,
8906013032644,wai wai,
8901157106046,Goodnight jumbo coil,
4906466174148,,
8904106701132,Moong dal,Munchh Onn
8909340001567,Fermented Yeast Protein,Cosmix
0078602151338,Amul moti,
8908015692772,Chef's Choice HRC Veg Momo Premium,WOW! Momo
8902292702421,Ketazol,
8901821002131,SOYA SAUCE,DRUK
8908008011351,Jaljeera Drink,Vita
8904043908243,Sunflower oil,Tata
4901265093287,,
0040000330936,,
8904422711372,,
4901116160144,,
4901464033817,Biscuits,Unknown Brand
8909340001321,Protein Bar - Chocolate Peanut,Cosmix
8902901224863,GL Moong chilka,Good Life
9506000025759,2pm  Chicken flavoured cracker,2pm
9506000025353,2pm Onion rings,2pm
8902901001822,samba rawa,
0816170023042,GAT EAA,
8908017074590,Quinoa Millet Puffs Pizza Party,Madmix
8901719137389,Fab,
8904063227126,Bhel Puri,Haldiram
8901648001508,Mother dairy Aam doi,Mother Dairy
8901552020916,peeled ginger paste,ashoka
9556032027849,CRANBERRY,SAPPHIRE
8906158591235,Intense Plant Protein,Ace Blend
8901595864362,Chilli Oil,Ching
8906083303576,Naturally Yours Amaranth instant Ramen Noodles,Naturally Yours
8908023412324,fave biscuits strawberry,fave
8908023412317,fave biscuits chocolate,fave
8908023412287,fave nice crunch,fave
8906158590030,Daily Plant Protein,Ace Blend
8904358323823,pineapple,p
4902607224918,GL kabuli chana 1kg,
8904132932906,GL unpo masoor dal 500g,
8901030752902,Lipton,Lipton
8904358326459,peanut butter,p
8906141318757,peanut butter,p
8906130271087,paper,p
8804258700055,Raw juice sugarcane,
8904258702063,,
8909340001352,Cosmix No Nonsense Plant Protein Pro Mahabaleshwar Strawberry,Cosmix
8908007323875,Aloo Popcorn,Hungritos
8908016304070,This,
8902080000586,Ice Tea Lemon Flavour,Lipton
8901058902938,Nescafe Sunrise,Nestle
8906113442022,Mantequilla De Maní,Nutty
8906169991420,Millet Badam Mix,Sweet Karam Coffee
8909340001604,Fermented Yeast Protein Chikmagalur Mocha,Cosmix
8902433030413,Doublemint,
4906496572112,Chili achari,
8906090572064,Too yum chili achari rs10,
8906090574372,Bhoot chips rs10,
4018407500104,Crusty nuts rs10,
8905950003908,Soya stick rs10,
8906005502087,Red soya stick rs10,
8906121110197,Pitara khatta mittha rs10,
8906005504241,Bikaji badam laccha rs140,
0818403103750,Shri Ram badam laccha 350g,
8906003103767,Shri Ram cornflakes 350g,
7266841479860,Chat masala rs10,
7266841479846,Chat masala rs90,
7266841479853,Pani puri masala rs10,
8906013771406,Raita masala rs10,
8904150208533,"Macadamia Nuts, Roasted, Unsalted",Nutty Gritties
8904089310772,,
8906043880437,Whole Wheat Fulka Roti,Garvi Gujarat
8906184090115,Royal Roasted,Joyspoon
8717163625453,dove men +care,
8901120143252,,
8902351999021,Desire butter,Sobisco
8902351997676,Snacks,
8902901222234,good life coriander powder,bat life
8902080002894,Classic Ginger Ale Flavour,"Evervess, Pepsico"
9906461012273,Marie light,
8901972073592,,
8901719124402,Magix orange,
8901719122040,Coconut,
8901719124396,Magix elaichi,
3948719124389,Magix chocolate,
8904006313367,Oura,
8904256008006,Nivea,
0949506035751,Dove,
8909106036048,Dove,
0941506603473,Loreal shampoo,
8901483000315,Southwest Chipotle Sauce,Tify
8908000339637,Karak Tea,Karak Tea
6902020364053,Dew 750ml,
8904043905129,Sambar masala,Tata Sampann
8906100593058,Mojito Mint,Vaveda
3558632603689,Punk cola flavour,Candy stick
6150012790766,kaphli aata,Rosier
8906004564376,Diamond tomato,
4906205103514,Shri Ram green,
8906003103491,Shri Ram red,
0943645327296,Punjabi tadka,
8906121110609,Coated Peanuts,Pitaara
8496097540420,Butter cookies,SAPPHIRE
8905950003595,,
8905950003243,,
8906121110593,,
8905950003854,New,
8906005506276,Paneer Bhujia,Bikaji
8905950003540,Rs10,
8901030931864,Tomato Puree,kissan
8906069402378,Veeba,
8903081579125,Protien Chips,Chase
8901030003677,dream flower,ponds
8901440011378,eastern chukku kappi,coffe
8906046077858,Supexam شراب,
8902850021124,Eastern gingerly oil,eastern
8906004621505,dhara oil,dhara
8904010610032,nirpara rice,nirpara
8901157045000,car freshener,aer click gel
8906141311772,peanut butter,p
8906125310128,honey,h
8906163071029,rice,p
4700000486571,,
8906033950003,Mango Pickle,G. Pulla Reddy
8908007886028,Special Dry Fruit Kachori,JainVijay
8901777276167,Chikoo Pulp,Vadilal
8901450015076,Denver,
8906072844158,Kasthuri methi,
8901262150071,Gold extra Cream Milk,Amul
8906144123860,Grated Coconut,Ammachies
8901262221177,Amul pizza garlic,
8901042967868,mtr badam drink,
8906125485109,,
0811307033857,JumboZ Swiss Cheese,Taali
8901719139086,20-20 Cookies,"20-20, Parle"
8906005382764,Farine de blé entier wheat flour,Madam
8901063410503,Cheese Slices,Britannia
6281101590018,,
8901030708343,,
9339687098002,,
8906036670472,Nandini good life gold 1l,
2199210011130,Parmigiano Reggiano DOP,Conad
00983084,,
8902901222647,Clove,
8906107173796,Pepper and Herb Sausage,Prasuma
8901036512340,قاوە کافیە بون 90gram,
8903754000635,Spring Alive,Tata
8906133409661,Whey Isolate,Only What’s Needed
8901491100342,Potato Chips,Lay's
8904405857578,vintager,v
8901357000069,tea,h
4906202534014,,
8901192104229,Catch coriander 200gm,
8904053502462,Goldiee red chilli 200gm,
8902901222456,Cardomon,
8906040251711,Dates,
8906040250240,Dates,
8906044443501,Coffee crunchettes,
8906009231020,,
8850632603658,Punk blueberry flavour,Candy stick
8901155413313,Gits Ready meals - Paneer Tikka Masala,
0941341229593,Chilli Guntur stemless 200gm GL,
8904293728554,Ragi flour,Flipkart Grocery
8902901222999,Till nylon 100 gm GL,
8901192108029,Catch jeera powder 50gm,
8903236700244,Coffee Booster,Cosmix
8901786191000,Everest super garam masala,Everest
8906011730542,Ashiver,
8904137452515,Chukde poppy seeds,Chukde
8904057303737,,
8902351997669,,
8908002753264,Double Toned Milk,Red Cow
8903151720112,Laxminarayan potato chiwda,
8904104752341,ASALE Feedbac MASALE Castoner AL JAY KU For Ci stomer Complaints Pkd by Ospices.com For C stomer Complaints,
8901444091642,gg,y
5056185787064,Impact Whey Isolate Chocolate Peanut Butter,MYPROTEIN
8901719133886,,
8906197140067,Vanilla Icr Cream,Minus Thirty
8906006181618,dry mango powder,CookWell
8904041503945,garam masala,K-Pra Foods
3948662024729,suhana pavbhaji masala,
3960132979056,Campa  Energy 250ml,
8906137250351,lasun khara,Hariom Food Products
8906137250160,gopal farsan,Gopal
0946459240140,moti shabudana chiwda,Moti
8906059240942,moti special mixture,Moti
8906059242076,moti zero shev,
8901652140286,,
8906163833429,Date Bites,Farmley
8906191550084,Rock Road,Call Me Chunky
8906082572652,Tikka Masala Cirn Snack Nacho Crisps,Cornitos
8901777228692,Bajri Lasan Methi Khakhra,Vadilal
8904063205261,Paneer,Haldiram
8906003554040,Arocafe,
0748927071276,Peanut Buttery Whey,Optimum Nutrition
8908016716668,Chocolate Mocha Whey,Fuelled
8906011772351,Masala Chaas,Mahanand
0008670000047,cheddar Block,D'lecta
8906090980340,,
8901030774980,Bru Green Label,Bru
8906077362237,Bhakarwadi,Jaimin
8908019150278,Bombay hot diet chura 350 g,
8906063891758,Roasted Chicken Breast Roll,La Carne
8909106061439,Boost Milkshake,HUL
8909106061446,Boost Milkshake Badam flavour,HuL
8901071733038,Hershey's Milkshake coffee mocha flavor,Hershey's
8904030100049,shakti ghee,ghee
8901719138720,ParleG Dark,Parle
8908003113333,Peanut Butter,Almawasim
0757953980490,Kesar Pista Kulfi,Kulfi Kulture
8906005507075,bika ji,
8906127360428,Gingely ball,
3948088068772,Masala Oats,Saffola
2628400089777,LINDOR MILK,Lindt
9908007044472,Shampoo,
8908024772069,kokam syrup,
6959749711200,壹号特辣王,粤师傅
8908017695269,cereal flakes bajra,farmik
8904057300132,,
8906012892034,corn flakes,bakers
8906012892294,choco flakes,bakers
8906069611466,Chak Boom Tomato,Jollibee Namkeen
8906026800452,Thacker dairy dahi 400 gm,
8906026800506,Thacker dairy dahi Strawberry,
8904132918825,Snac Tac mixed Veg Tomato Soup,
8901595961481,Chings Secret Sweet Corn Soup,
8906066204111,Keya Mixed Veg Soup,Keya
8901808004523,WeiKFiELD white Pasta Sauce,
5059883232508,Pineapple Clear Whey Isolate,MYPROTEIN
8901468114013,seasame oil,saptshakti
0946593330752,Lotus Cream & Onion,
8906193330752,Lotus Cream & Onion,
8901468114006,sesame oil,saptshakti
8906122543871,Seviyan,Hand Brand
8906081921123,Organic Spirulina Powder,Carbamide Forte
8906009553153,Max Protein daily choco classic bar,
8850632603566,Punk strawberry flavour,Candy stick
8904067704364,Jabsons  Bajra Khakhra,
8901001555464,Mango pickle,
8900201379627,Queues de crevettes blanches et décortiquées surgelées,
8906027120078,Sams Green Chilly Sauce,
8904293720503,,
8906082391079,tapioca stick,malabar treats
8907316003287,Mother Recipe Soya Bean Sause,
8906167310889,masoor whole,Mark
8906069720830,Kaju Katli,Anand
7622202832857,,
6907992520803,Blue Berry Yogurt,Greek Yogurt
8906166363039,Veggie Chips,Open Secret
8906097402944,Dried Chilli Whole,Zoff
8901071703680,Hershey's Spreads Crunchy,
8904132947009,KafeHills classic instant coffee,KafeHills
9777106000029,Jindal Cocoa Hazelnut Chocolate Spread,Jindal
8906097590832,Orange Electrolytes Tablet,Fast & Up Reload
8909106022638,Knorr Schezwan Sauce,
8906076820028,Naturals Jeera Masala Khakhra,
8906001387428,Pizza Base,English Oven
8906008818222,long grain rice,fortune
8906008817041,super basmati rice,fortune
8906008817034,classic gold,fortune
8902850006589,white oats,berry hills
8906010502683,Salted Peanuts,Balaji Wafers
8904132913219,Snac Tac Tomato Ketchup 200gm,
8906066208898,Keya Schezwan Chilli Garlic Sauce,
8901719909269,,
8908012531623,Krishika Groundnut Chutney,Khrishika Masala
8908012531654,Khrishika Coconut Tomato Chutney Instant Mix,Khrishika Masala
8908012531616,Khrishika Coconut Red Chutney,
8908012531708,Khrishika Garlic Chutney,
8908018972024,Khrishika Imli Chutney Instant Mix,Khrishika Masala
8909106069091,Kissan Chatpati Hari Chutney,Kissan
8906001053644,Ginger garlic paste,Mother’s Recipe
8906055440414,Makka ata,Unknown Brand
8901725111977,PALAK PANEER,Kitchens of India
4901263111259,Coca-Cola zero suger,
8850487037387,Sweet Chilli Sauce,Mae Pranom
8906037695399,Vitamine C electrolytes,
8901719139734,,
8904106701231,Lite Diet Mixture,Munchh Onn
8908025941174,Jaggery Sweets,India Sweet House
8900240035010,Tartiflette au saumon,
8908020501045,CRANBERRY,Orino
89071014,Griekse Feta,Albert Heijn
7622202326141,Dairy milk,
8906158360077,Cashew Cookies,Craze
3530020101045,CRANBERRY,Orino
8906017970980,Sugar free almonds,Honey dukes
9556032027825,ASSORTMENT,SAPPHIRE
8906161390443,Pudina Makhana Roasted,Let's Try
8908005484134,Goan Pork Sausage,Regos
6974844375881,Upgraded Meiji Milk,Meiji Japanese
8901709023173,Shabu Shabu Striploin Slices,Allana
8904064616189,Soya Button,Annan
8906137052580,Milk Peda,Milma
8904256721639,Fresho Spicy Paprika Crouton Bites,Fresho!
8906076131261,Baker Dozen Chilli Garlic Breadsticks,
8906091686883,72% Dark Chocolate,Paul And Mike
8904091119806,Canditral,
8908004646755,,
0001450300030,Taj mahel 100*1.9,
8901747001522,Wagh bakri 500gm,
8904063228314,Sarson Ka Saag And Makki Ki Roti,Haldiram
8908020440320,Nachos - Peri Peri,Habanero
8906193330080,OTHER PRODUCT OF INDIA ered with. rom direct sunlight. 8 906 193330080&quot; 8 l906193330080,
96200384,Kitkat,Nestle
8908026834000,Overnight oats Mango Madness,Goat Life
8905950003762,,
8901095005012,Society 100 g,
8909106043121,Horlicks - classic malt,Horlicks
8908006646272,Piri Piri Paradise,Mr Makhana
8901777684696,Butterscotch Almond milk drink,Vadilal
8906191550251,Natural ice Cream,Naturals
8906149891351,Collegian Bhelpuri,Vitasay
8901393027662,Chupa Chup Tube box,
9556062027802,Almonds,SAPPHIRE
8908012556015,Wood Cold Pressed Groundnut Oil,Gramiyaa
8901483011960,"Gherkins, Premium Canadian Style Baby Dill",Tify
8901548430019,Sugar Free Natura,
8901296063798,Volini Activ,
8904004416930,Kaju Roll,Haldiram's
8909106055469,Surf Excel Top Load Liquid,
8901396602644,dot,
8907093010287,Buffalo Meat Fry,Tasty Nibbles
8906085410418,Chocolate Cream Roll,Bake N Shake
8904132973480,Good Life Roasted flax seed,Good Life
4005292017947,,
4903076373008,Nutraj walnut shell 500g,
8906169550009,,
8909106069084,Kissan Chatpati Hari Chutney,
8906055446515,Rice Flour,Tattva
8903241850323,Schezwan Chutney,
8908008660214,JJ Rice Fryums,
8908008660047,JJ TOMATO Fryums,
8908008660061,JJ TOMATO Fryums Ring,
8908008660122,JJ Potato Fryums Katri,
8908008660191,JJ Banana Fryums Sev,
8908008660177,JJ Banana Fryums Katri,
8908008660054,JJ TOMATO Fryums Katri,
8901837445038,,
8904011515978,Soya Chunks Nano,Double Horse
8906020460607,Bombay Pac,Harvest Gold
8901719922879,Original Gluco Biscuits,
08164317,,
18901262020265,Processed cheese,Amul
0769807811515,,
8901001555723,Mild Curry Paste,Mida’s
8904063222213,,
8901063343467,Brittania Whole Wheat bread,Brittania
8901035055497,,
8809950200384,Korean Dumpling Spicy Noodle,Good Seoul
8908013388240,,
8901058027778,Munch Max crunchies,Nestlé
8901725119331,Bourbon,Dark Fantasy
8903666000068,UniTaste Chemba Puttu Podi,
8904052504313,Dinshaws Brownie Cone Ice Cream,Dinshaws
8901777491164,Manchurian Ball,Vadilal
8901030541650,,
8904052561613,Dinshaw Death By Chocolate,Dinshaws
0890020251216,Noizefit Wheyuno Maxx,Noizefit
8909081010378,,
4902560180146,Amul Malai Paneer,
3948262180146,Amul Malai Paneer 1 Kg,
8908002753073,Red Cow Dairy Paneer 200 gm,Red Cow
7901298801115,Amul Malai Paneer,
8904004412482,,
8901155482418,,
8908010900087,Pintola organic peanut butter,Pintola
8906001027348,Alpha Whey,Avvatar
8906021926133,,Apis
8908012378082,Coco Crunch,
8901764012273,Coca Cola Coke Brand 750ml,Coca-Cola
8906069721257,Mysore Pak,Anand
8901719133671,Parle rask,
8906163077144,XXXL basmati rice,gooboli
8908000777521,,
8904051302682,Tapioca Cuts,Efs Instant delight
8901725106560,Curd Pouch,"Aashirvaad, ITC, Svasti"
8908000339354,Karak Tea Saffron FLV 10 Sachets,
8901393016871,,
8906192260173,Halim Seeds,5:15PM
8908019757705,Guilt Free Pops Valencia Orange,Go Zero
8901107040468,Bowel Regulator,"LupinLife, Softovac-SF"
8906089933357,Chelated Zinc Complex With Copper,Inlife
8906133408107,Alpha Gummies,Root Labs
8901414014947,Kurkuri Bhujia,Bikano
8906145290707,,
8904004416886,Moti Choir Ladoo,Haldiram's
8909177015546,Unpolished Moong Dal,Daily Good
8906105370364,Full Cream Milk,Vikas
8901058026290,,
8901262153737,Double Toned Milk 1.5% Fat,Amul
8904045417835,Kuka cough lozenges,Kuka
8904063281159,Gobhi Paratha,Haldirams
8906509098109,wadi,jeet
8901747000204,,
8906199681209,Plant Protein [Dark Chocolate],The Func Lab
8901499030283,,
8721274500271,Oreo Ice Cream Sandwich,Kwality Walls
8905950003502,All in one kuch kuch,Bikaji
8906137754484,Rice Flour,Kayali
8908024772083,kokam aagal,
8908012811831,Espresso Mini,Minus Thirty
8904150204610,Southern Pepper Cashews,Nutty Gritties
8901725015336,Fantastik FRUIT'N'NUT,Sunfeast
8904043500713,Modern Crem Bite,Bimbo
8901058898040,Masala veg aata noodles,Maggi
8906021121729,Chinese Style Chicken Curry With Egg Fried Rice,Aachi
8904063253552,Gulab Jamun Frozen,Haldirams
8906181811058,Gluta Glow,Unknown Brand
8906081780225,,elder
8904064623668,Huile de Moutarde,
8906064230020,Suhana Chicken Tandoori Mix,
0946590641530,ENERDOZE power up,Amul
8904039704750,Jowar Millet Noodles,Conscious Food
8901001555839,Kashmiri masala curry pasta,
8906097543920,CRANBERRY,SAPPHIRE
8904063202307,Dal makhani,Haldiram's
8906140520304,Ice Cream,Mercely’s
8906199261111,Millet TEETHERS,
8901233027951,mondelez,Mondelez
89000687,Hot & sweet,Maggi
8906017971734,Sugar free intense Dark,Honey dukes
8901063151208,Premium cream wafers,Britannia
8904037212653,Chatpata Amla Candy,Soul Flavours
9907455093124,dal palak,Gits
8904064672673,Nannari Syrup,
4170090594706,coca powder,Fruitoman's
6900152261905,Sunder coconut cookies,Sunder
4018847000035,Sandwich period cheese and chilli,
5009446003472,Dr. Sandwich and spread kachumbar and carrot,
4006466402392,Veeba caramel bliss,
8906041277260,Tramic 500,
8908003974255,Masala Tea bags,Tantea
8903081680234,Jalapeño Chips,Chase
8906082572669,Classic Cheese Balls,Crusties
8886467128684,Scorchin Red Hot Chilli,Pringles
8906010702045,,
8001348001645,Mother dairy Nolen Gur dahi,
8904383302336,Milky mist Greek yogurt,MilkyMist
8901262200868,Amul Misthi doi,Amul
3948262200868,Amul Misthi doi,
8901058896381,Nescafe sunrise coffe 200g,Nescafé
59464723,Babies,35
8906009534510,MAX PROTEIN 7 GRAIN PROTEIN SNACK CREAM & ONION,RiteBite
8908009186461,SPORT EVOLVE PERFORMANCE PLANT PROTEIN -TROPICAL MANGO,Plix
8901117250000,prolyte ors Orange flavour,cipla health
8901030825552,Protein Plus,
8003340803319,LINDOR CARAMELO sal,Lindt
8908003746708,ORS LEMON DRINK,Electrorush
8904063224439,Haldiram manpasand,
8904063224453,Haldiram mazedar kissey,
8904063260390,Haldiram thoda meetha,
8906009070308,Oats Digestive,Unibic
8904494101460,Chai Spice Shortbread Cookies,Cremica
8904304773702,Jai bharat,
8904067704920,Mathri,Jabson's
8904063260864,cookie heaven,Haldiram's
8901262030144,Amul Pure Ghee,Amul
8901117248205,serohale,
8908017808119,Sel minéral de l'Himalaya,
8906024450659,Refreshing Green Tea Morocan Mint,
8906117365594,Zero Maida Whole Wheat Bread High Protein,Country Delight
8906033950041,Gongura Pickle,G. Pulla Reddy
8906149260102,protein khakhra,rajamrut
8906140570149,Lifespan Forest Honey,
8906128240545,karak tea with saffron,Al suman
0900540960706,,
8906079010808,Luscious Fruit & Nut,LuvIt
8901552021197,Peeled garlic paste,
8908013252206,Muesli Nuts,Fit & Flex
8904192222016,Paneer Low Fat,Namdharis Dairy Tales
8906125981731,Corn Chips,4700
8901071211192,,Hershey's
8901248164351,Dermi cool,dermi cool
8901242199205,Seviyan,Bambino
8901030850578,Lipton GREEN TEA HONEY LEMON,Lipton
8901030781087,Lipton GREEN TEA PURE & LIGHT 250 g,Lipton
8901030987403,Lipton GREEN TEA CLEAR & LIGHT 250 g,Lipton
8901088081191,Saffolamayo90 g,
8901058897692,,
8901063025479,,
8906020462045,21 Grain Bread,Bakers Loaf
8906001050506,Ginger Pickle With Garlic,Mother's Recipe
8901138007652,Koflet-H Hot Drink,Himalaya
8905950003441,,
0856023006594,Pure Maple Syrup,Abbie's
8901393025118,,
8906133024833,Plant Protein (Pea & Brown Rice),Nakpro
8906004565960,Katori Tomato Flavour,Yellow Diamond
8906150472631,Plant Protein Chocolate,The Butternut Co
8901063406025,Britannia Paneer,
8906064621675,Eggless Walnut Brownie,Theobroma
0010001500145,,
8901052087594,GREEN TEA Classic,Tetley
8914389407300,Raw Banana Powder,Trivya Foods
8901052022106,Tetley Immune Classic,Telly
8901052022120,"Tetley GREEN TEA Glnger, Mint & Lemon 25",
8901052087440,"Tetley Green tea  ORIGINAL long, leat",
8901052087402,Tetley Original,
8099898401046,JEERA 200ml,
8901595863501,Peri Peri Masala,Smith & Jones
3948262174138,,
8099427633061,IRANI MUTTON KHEEMA 60 GM,
8908000870161,,
4906160844040,Greens chipoti mayo 80 g,
8901548100394,Nutralite mayo 300 g,
8901030538162,Feast,Kwality Wall's
8906005670274,Charlie mamara,Charliee
7622202818516,Bournvita,Bournvita
8906208450079,,
8906097590375,Magnes10,Fast & Up
8902850019497,coconut nut Coconutmilk powder,
10933628,,
8904132975699,Sun crush Orange,Sun Crush
8904132990234,Pace,
8904258703329,Iced green Tea Peach,Raw Pressery
8904256730679,Whole Wheat Tortilla,Precia
8906144492096,Coffee Beverage Premix,Sleepy Owl
8906117364054,Fruits N Nuts Museli,Country Delight
8901425038161,camel paste,camel
9789360907662,story books,story books
8901052011742,Rusk,Tata Soulfull
2064659000048,Zero Koshava Rice,Koshava
8904344626228,moon original,
8904258703879,ABC Juice,Raw Pressed
8904270005401,Marie go round,sunder
8906152261080,dry fruit bite,sunder
8901725108250,moms magic,sunfeast
8904300200813,coconut crunchy biscuits,mario
8904300201681,butter yeera,mario
8901972076449,black bourbon,kd
8901719281112,top,parle
8906023810096,Milk Bread,"Mr. Bready, Nanda's"
8908020253586,chease balls,
127190550000400,pawan,kakala
8901155834217,Palak Paneer,Gits
8906001770039,Iodised Natural Sea Salt,Sprinkle
8907065100985,Dark Compound Chips,Puramate
8906131684763,Plant Protein Unflavoured,Mille
8906095127092,Wonderland cashew peri peri 70g,
8908022677045,Protein Iced Coffee,Not Rocket Science
5213897647875,Mahakosh 1L pet,
8906038710381,Nutrilife orange fruit juice,
8901665915338,Muesli croustillant aux fruits,
8908015543364,Alphonso Flavoured Pea Protein,Green Protein
8904430103275,Soya Chunks,Gajanand
8904159723600,Daily fresh mustad oil,
8906188961602,,
00121495,,
8906116820216,Cappuccino Dragees,Unknown Brand
0946415413427,Mom Masala Cashews,M.O.M
8904246910760,Mango ginger pickle without garlic,Priya
8901399904240,,
8901042954783,Puliyogare Powder,MTR
8904424805567,Cookies And Cream Protein Bar,Happilo
8909081011863,,
0946100064019,,
8901044154228,FruiteeFun,CandyMan
8906031310816,Neem 0.25 ml capsules,
8901207012969,Marvella Layered Strawberry Flavoured Cake,Lavian Exotique
8906129828704,Puff paratha,Yummies
8904067702544,Roasted Peanuts Chilli Garlic,Jabsons
8907525041117,স্প্রাইট লেমন লাইম ফ্লেভার 250ml,
8907525002118,Coca-Cola zero sugar 250ml,
8904132990227,Pace blue,
8907525022116,Fanta apple flavored 250ml,
8906002348541,Matar safed,Rajdhani
8901207024368,Chewable Spice Pieces,
89051925,Wine,
8901414003538,Suji Rusk,
8906114280234,Premium Namkeen,Vishal Meghsons
8901052031504,Kanan Devan Strong,Tata Tea
9556995120953,Chocochip,SAPPHIRE
8906097554391,CASHEW,SAPPHIRE
8906097543937,Hazelnut,SAPPHIRE
8901058004953,,
0040600029674,NEGRO,Lindt
13204150,Swiss classic,Lindt
8904004404111,Murukku,Haldiram's
8906014084970,Palakkadam Chutney Powder,
8901786540501,Everest Rajma Masala,Everest brand
8906161393222,Flying Chill Wafers,Let's Try
8908002854718,Soya Crunchies Tangy Pudina Flavoured,Promunch
8906197490018,100% ISO GOLD Whey Protein Isolate Chocolate Charge,One Science Nutrition
8901725194512,,
8908024066939,Frozen Mixed Berries,Pluckk
8906064281183,chocolate wafer roll,la British
8906064281206,vanilla wafer roll,la British
8907459000631,choki choki,mayora
8906004565830,Puff Peanut Butter Flavour,7 Diamonds
8906000290132,natco paniaple,
8906198980570,Plant Protein,True Basics
8906079010792,Luscious Rich Milk Chocolate,Luvit
8907525020143,Fanta Orange flavour 400 ml,
8906095141418,Elite Gel180,Unived
8909081012471,,
8909578389734,Pulm cake,
8906010360092,PURE GHEE,
8901741070715,,
8901088752800,Masala Oats Spicy Mexicana,Saffola
8901491103435,,
8906163831661,Trail Mixes,Farmley
0769807238206,Chettinad Chicken Curry,Curry iT
8901234568255,Miel Acacia,
8906080230295,Kothmir Marcha Khakhra,Induced
8901023000294,Cinthol,
8902434121219,sujal gum,sujal
8906112662551,Pumpkin Seeds,True Elements
8906002081585,sakthi masala  chicken 500g,Sakthi
3948721000701,Aloo bhujia 400gm,
8909081009396,Sunfist marie,
7622210400291,Dairy milk Roast almonds,Cadbury
8906084415353,Roasted Makhana,MOM
8906142888808,Mung Daal,
8909081003752,,
3948058013733,nestle claalssic fruit and nut chocolate,Nestlé
8908014757557,Kaju Curry,Hocco
8901972077064,Krazzy 4 Creams 4,Dynamics
6382114865015,Malabariyan,Unknown Brand
8901030025273,,
8906015500844,Lachha Paratha,Keventer
8908025094047,Gond-Giri Atta Laddu,mumchies
8904055907111,Chicken Nuggets,Meatzza
48019704,Schezwan Sauce,
8904010680400,chuku coffee,nirpara
7622202846731,,
8904004423631,Krazy Punch,Haldiram's
8909081012488,,
8905950001102,Chips Mast Masala,Bikaji
8905950003533,All-in-One Kuch-Kuch,Bikaji
8904083310013,Milky mist plain cheese spread 200 g,
8908003972220,,
8868503491020,,
10000523,Butterfly sweets,
8901063151956,,
8901719908873,,
8904063252333,Dry Petha,Haldiram's
0800200270001,ICE BREAKERS DUO STRAWBERRY MINTS,Ice Breakers
8904300200943,,
8901725985318,,
8904300200929,,
8908020463657,Ragi Chips,Crax
8906143892743,Hazelnut Millet Cocoa Protein Bar,The Whole Truth
00890425,Carbonated Water Based Flavoured Drink,RAW POP
0769807238183,Rogan Josh,Curryit
8939132987526,,
8906142777225,Bolas Jaggery Coconut Barfi,Bolas
8906117361336,Greek Yogurt Vanilla,Country Delight
8908026028010,Kiwi Juice,Geksons
8901042971117,MTR Quick breakfast multipack poha,MTR
8906144491808,Cold Coffee,Sleepy Owl
8904132902268,raskik nimbu pani,Raskik
8908003058245,Satvik Foods Roasted Pumpkin Seed,Satvik Foods
8901012100516,Johnson's baby powder blossoms Natural plant-based,
00276161,URY SHESHA AYURVEDA RED SANCALWOOD SKUMKUKAOI NIGHT REPAIR CKEAM BRiSKTEeS REJUvENTES MADE ININOIA,
8901777969045,Premium Chocolate Ice Cream,Vadilal Quick Treat
8901548431030,,
8904063226587,Mexilla Sweet Thai Chilli,Haldiram's
8901777467176,Junglee Paneer Jumbo Grilled Sandwich,Vadilal
0735980999920,Raspberry and Strawberry Reserve,The Gourmet Jar
8901052008827,Tetly green tea,
8906082760493,Guava pulp,
8903105010801,,
8906074087959,Milagu Kuzhambu,Aswins Sweets & Snacks
8904300203142,,
8901063093713,Good Day,Britannia
0608603895025,Packaged Drinking Water,Aquamia
21456705,,
8908019996005,Kulith pithi,
52502880,Maruti chaha power  elaichi,
8939999462235,,
8904494100685,Animal Shaped Cookies,Mrs Bector’s
8908017808041,Sel Himalaya,
8904063226532,Whoopies Cheezi Balls,Haldiram's
8906080605000,Mint Mojito,Paper Boat
8901552029032,Punjabi Choley & Rice,Ashoka
8901052005093,Tata tea  agni 500g,
8906068762282,Peanut Butter,Riya
8906001055068,mother garlic pickle,
8904064663152,Jowar Rava Sorghumhirse,ANNAM
1742383738919,DELICHIC,
8906107550085,Sooji,Shakti Bhog
8904124116475,Dahi,ananda
8908016359926,Basmati Rice,
8904287001076,VERMICELLI,BAMBINO
0744109746192,Almond Dark Chocolate,Darkins
8901777487082,Veg Hakka Noodles,Vadilal
8908009059529,Super Protein Bombay Pav,The Health Factory
19011974,,
8908003975770,Mario,
8906163831807,Fruit & Nut Trail Mix,Farmley
00053951,,
8906163834655,Power Up Seed Mix,Farmley
8906144634274,Seclo 20 cap,
8901526406883,#BL/GE SMOOTHEROOF Camelia' Gondiioner THENS FRLZZY,
0981504061257,,
8904192215902,Rice cakes mix masala,
8906016579993,Homelites,"WIMCO,ITC"
8901155104211,medu vada,gits
8906143892859,The Whole Truth Mango Milkshake Whey,The Whole Truth
8906008351392,Kodo millet,Manna
8906135071408,Amla Bites,native food stores
8906100880783,Schezwan Rice,Sosyo
8906133409654,Bio Magnesium + Ashwagandha Gummies,Root Labs
8904004417753,Beloved Baklava,Haldiram's
8904132967533,sil tomato ketchup 1kg,
0046019533108,,
8908001338660,..,
8906055700532,..,
6048745352804,,
8904355400565,,
6923700977264,SL,All
8902579228170,Frooti mango drink,
8908001338691,..,
8906099710030,Triphala,
8906055700525,.,
8908001338707,..,
0089094025800,Isopure Cookies And Cream,Isopure
8908009961358,eclairs,
8908009961259,butter toffee,
8908009961495,cn joy,
8901063368514,Britannia gobble cake 33 g,
8901542002830,"activon, apple flavour",glucon-d
8904004403923,salted kaju,haldiram's
4910400108403,,
8906063530428,Sliced pickles,
8906169550467,Hamburger dill chips,
3981898477594,Whole Wheat Pasta,Yu
8906144570831,High On Straberry Non Alcoholic Beer,Coolberg
8906142778239,Bolas Kaju Katli,Bolas
8906117361466,Natural greek Yogurt,Country Delight
8906143040762,Korean Ramen,YU
8906183982756,Beast Mode Pre-Workout,Beast Life
8904055900891,Chicken Meatblass,Meatzza
8904055905803,Chicken Chapli Kebab,Meatzza
8906143620285,Protein Thins - Peri Peri,Prolicious
5430446640884,Mast Masala Shirataki Noodles,Urban Platter
8901764052538,Limca,Limca
8901719918285,Simply Good Cream Original,Parle
8904424803990,Premium Dryfruit Mix Panchmeva,Happilo
8901777096666,Tandaljo,Vadilal
8901725000226,,
8901777039663,Sarson,Vadilal
8906050183552,Homefills ragi chana sattu,Homefills
8906005502209,..,
8906005500465,..,
00977925,Ganache Chocolate Cookie,Noice
9556121002221,"Julie's, Sandwich, Peanut Butter",Julie's
8901063142817,Britannia nutri choice 125g,
8908020271139,,Tasty Tung
8906005627155,Idli/Dosa Rice,Mayil
8901719137051,,
8907459000594,Cappuccino Candy,KOPIKO
8901719909221,,Parle
8909106057647,ponds,pink lily
0741754629276,,
8904049100207,Divya Manjan,Unknown Brand
8901030921407,Brooke Bond Taaza tea 1kg,Brooke Bond
8901719124044,Happy Happy Choco-Chip Cookies,Parle
8902579000929,Smoodh,
8901052006717,Tata tea premium 600g,
8901030745195,Cafe instantaneo,
7610632976494,Bio-Sprossen Mix,Migros
8904015200306,,
8904132917712,Aarambh FLAVOURED TEA,
8906075341203,Sweet corn,Whole kerner
8908000275225,City  gold premium,City  gold
8902030782555,Red tabel NaturalCare,
8901036781760,Mas cafe,
0075856000665,Klondike bar original,Klondike
8904013460207,Goodricke roasted Darjeeling tea,Goodricke
8906140084707,Cold Pressed Groundnut Oil,Tulsi Foods
8904288612523,,
8901052006250,TATA TEA Gold Care,
0961650876974,Brookbond red lebel,
8901262151412,,
8901314625540,Colget VWhite,
8901808007616,Peri peri sauce,Weikfield
8906143040243,,
8906069722728,Almond pista cookies,
8906151601375,Almond Biscotti,Cookie Man
8908017366381,Multi Grain Pasta,Shaka Harry
8901721016733,Prabhuji Papad mini,Prabhuji
8901063365520,Britania English Tea Cake,Britania
8908020271108,Tasty Tung Salted Refills,Tasty Tung
8901011144399,Selected Dry Fruits GREEN KISHMISH,Selected Dry Fruits
8901063033986,Britannia Treat Croissant Dubai Kunafa,Britannia
8901719124358,Parle Magix Orange Flavoured Sandwich Biscuits,Parle
8904004404005,Haldiram's Bhujia Sev,Haldiram's
8908002036329,Milky Moo Probiotic Dahi,Milky Moo
7622202335518,Cadbury,Cadbury
7622202335358,Cadbury Mini Treats,Cadbury
8908010900988,High Protein Peanut Butter (Organic Jaggery),Pintola
8908000476271,,
8904063228734,Haldiram's Navrattan,Haldiram's
8906160650111,Mr Makhana Piri Piri Paradise,Mr Makhana
1112221111553,Almonds,Unknown Brand
8906011410697,Paprika Crisps,Yuvan
8904494101392,Magicreme,Mrs. Bector’s Cremica
8906023418483,Maxxum Double Chocolate Milkshake,Cream Bell
8904303404409,Smoke Center Fill Cookies,Smoor
0006496800490,Thacker dairy Dahi,Thacker Dairy
8906026800360,Thacker Dairy Dahi,Thacker Dairy
8904083312079,Milky mist Shrikhand Badam,Milky Mist
8904038800064,Ginger Coffee,Palm Products
8901491100366,Rolled Oats,Quaker
8902027006343,Bread,Kitty
8901052011865,Extra Virgin Avocado Oil Spray,TATA
8901764032967,Sprite LEMON-LIME FLAVOURE,
8902979052832,Milk,Cavin's
8904132976870,,
0811307033574,Wasabi Coated Peanuts,Taali
8906034573119,Mango Chutney,
3499320011556,Bright Healthy Radiance Creamy Cleanser,Cetaphil
22509956,,
8939118108570,Charcoal Face Wash Deep Cleansing,Deyga Natural
8901548147368,Tan Removal Chocolate & Cherry Face Pack,Everyuth Naturals
8906117254690,White Skin - Nose Pore Strips,Dr.Rashel Beauty Elixirs
8905906900688,Tales Rio Eau De Parfum,Skinn
0701098233652,Psyllium Husk Powder,Urban Platter
8908005312611,Sriracha Lime Cheese Popcorn,PVR 4700BC
8908016793096,Noodles,MasterChow
08901262,Chocolate Sundae,Amul
8901722066300,Frozen Sweet Corn,Safal
8997235972368,villius pT Prosweal Indomax,
8906122606415,Holland park tin,
8902911141532,NUT KERNELS,Good Life
0034893350041,SHARBAT-E-FIDA,
8906158750168,SHARBAT ZAFRAAN,
8855044038340,Coconut milk drink pineapple,
8855044038357,Coconut milk papaya,
8855044000231,Coconut milk melon,
8908018514156,Tweenie marsh mallow watermelon,
8908018514170,Tweenie marsh mallow chocolate,
8906042870187,Triphala Ras,Swadeshi
8901725007553,,
8906042870217,Shudh amla ras,Swadeshi
0701098209275,Hazlenut Butter Unblanched,Urban Platter
8901262201100,Probiotic Buttermilk,Amul
8906077362268,Soya Stick Tomato,Jaimin
8906091682717,72% Plain Dark Chocolate,Paul and Mike
8909106002807,Nourishing Shampoo + Intense Repair Conditioner,Dove
8906078264905,Cheese Garlic Bread,Mrs. Bectors Food Specialities
8901526980970,Scalpure Conditioner with Anti Dandruff Properties,Biolage
8904055900273,CHCIKEN JUMBO SAUSAGE,MEATZZA
8907316010728,Crushed Mixed Pickle,Mother's Recipe
8906037695252,family penat butter,
8906066201332,Black pepper and rock salt,Keya
8906097402760,fengruek,
8901207038730,virgin coconut oil,Dabur
8901088796828,ground nut oil,
8906002080137,chilli powder,Unknown Brand
8909106030152,Hellmann's Smoky Tandoori Veg Mayonnaise,Hellmann's
8906029452948,Thousand island dressing,Mrs. Food Rite
0694189138724,BOURBON,BRITANNIA
8906021122528,rasam powder,Aachi
8904209325655,mutton masala,Aachi
8908020889006,Puliogare Masala,IHP
8904150503874,pancake mix,Pillsbury
8903363003690,cassia,
8906019779949,elachi,
8903363002105,lawang,DMart
8903363004956,star anise,"DMart, Premia"
8906070200000,pappad,Unknown Brand
8904039700950,tamrimd,
8906066205958,oregana,
8903363003195,seasame,DMart
8903363003607,Jaifal - nutmeg,"DMart, Premia"
8901042954844,jeera powder,MTR
8906019777341,black pepper,nutraj
8901042968919,sambar masala powder,MTR
8901262220125,Sandwich Bread Made With Butter,Amul
8906076133234,Fruit Cake Rusk,The Baker's Dozen
9555727907039,Cheese flavour,
8935048614013,Love coco coconut water,Love coco
8935048619841,Popping Boba Peach Juice Drink,Americana
12516162,Ghee,Unknown Brand
8906027880736,Soya Chap Masala,Chaman
8902269250283,Cream clear skin,
8901063163362,Tiger Choco Cookies,Britannia
8904083321743,Capella Dark Chocolate 55% Fruit & Nut,Milky Mist
0786128001852,Tiramisu Mix,Meron
8904004411294,,
8906003310264,Jasmine,Jasmine
8906095142101,Gel 100 Black Cherry,Unived
8906180641069,Africanum Pygeum Bark Extract,ForestVibe
8906021928984,عسل شافي صغير,
8906006852891,Vanilla Chocolate,Baskin Robbins
8906156488728,Coconut Chutney,Khetika
8901719901393,karak jack biscuits,
8906092350974,Mango Bite,
8904374509645,Cluster Beans (Guvar),S Motiram
8902433030383,Chewing gum,"Orbit, Wrigley's"
8906096371838,Vathakozhambu Thokku,Amirtham
8906093490525,Barley Sattu,Shiva's
8904390501531,Metabolic ACV Moringa,Oziva
8901262202794,Probiotic Buttermilk,Amul
8906144492577,Coffee meets PROTEIN,Sleepy Owl
8904089328562,Nutty Dark Chocolate Ice Cream,Lottie
8939123017294,Spinach Chips,The Cowboy Farm
8908007933050,Coconut powder,
8906105101340,,
8903932010388,Dalda,
8904132967854,,
8906190330304,Kokum Syrup,Yojak
8906029452627,Salad Mayonnaise Eggless,Unknown Brand
8902901222623,Chilli Guntur with stem,Good Life
8902901224016,Good Life cashew broken 100gm,
8902901223941,GL Cashew w240,
8902901047561,Good Life Cashew w 240 400gm,
8906069960106,Double Toned Milk 🟡,Sanchi
8906010915124,,
8908012692522,Glow Collagen,Wellbeing Nutrition
8906066701474,homestyle potato crisps,
8906095372904,Chana Dal Snack,Ramji Damodar
8906199681230,Whey Protein Isolate (Dark Chocolate),The Func. Lab
8906163078370,אורז בסמטי ארוך,Junam
8906033533763,Smoked Paprika Power,Snapin
00890618,Swaad Onion Rings,UNIBIC
8906027714123,Malai Paneer,Govind
0710779116238,100% Whey Protein,Labrada
8906064283019,butter cookies,
8904300203098,malt & milk,mario
0009340000423,Plant Protein,Cosmix
8906100881247,Sosyo drink,
0944445602385,Protein Bar,Yoga Bar
8901777003664,Guvar Cluster Beans,Cadillac
8909177016680,Brown bread,Daily good
8906143040779,,
0091644881010,,
0001234567999,,
8906065031060,,
8906125251704,Bajra Balls,Manimark
8904109496844,Cow milk,Patanjali
8906012001580,,
8909081009013,Korean style Nudeln,
8906133880729,Himalaya Salz grob,
8906182620369,Zero Maida Noodles,Masterchow
8906006330726,Natural fresh Acti-lite refined soybean oil,refined soybean oil
4906063049238,VIHAN MAIDA 500GM,
0955201510721,GANGVAL RAVA 500GM,
8939135793704,What the Fudge Choco Brownie,Awsum
8908025049139,VIHAN BESAN 500GM,
8906021204460,GANGBAL BESAN 500GM,
8906066201714,Keya,
8901719103667,Magix Elaichi,Parle
8908025049207,VIHAN MAIDA 1 KG,
8909106048591,Sweet Corn Veg,Knorr
0748927072495,Creatine Monohydrate,Optimum Nutrition
8909039499484,Pur ARABICA,
8901719104640,Parle-G,Parle
7622202859786,Cake Choc Layered,Cadbury
8904335606772,Fermented Yeast Protein,Yoga Bar
8904089310444,Ice Cream,Havmor
8906135190406,SICHUAN CHILLI OIL,Moi Soi
8909340000317,No Nonsense Plant Protein,Cosmix
8906097590153,Multivitamins + Beetroot supplements,Fast&Up
8906023491165,Arhar Daal,Pusht Organic
8901463173459,Continental xtra coffee 200gm,
8901058016802,Nescafe classic,
8904258704388,Cold Coffee,Raw Pressery
8908010525266,Crustless Sandwich Bread,MARUTI
8906128240521,karak tea with cardamom,al suman
9501025175014,Relish cookies,Relish
9501025174918,Relish cookies,Relish
9501025175113,"Relish Ginger, honey& oats cookies",Relish
9501025177414,"Relish cashew, almond & oats cookies",Relish
0544187663356,Satyendra sattoo,Satyendra sattoo
8901063368750,,
0690225101127,Basmati rice (raw),India Gate
8908018247153,Lime Lemongrass Sauce,Boombay
8906172540851,Cookies and Cream,Hocco
8901161105059,,
03096857,,
8906013812185,Quinoa And Seeds,Roasty Toasty
8904022919567,Coconut Crunchy Cookies,Americana
8906054111063,vikasrajput,
8906021922470,ALTAYYAB NATURAL HONEY,
8906039162677,Mysore Mamra (Puffed Rice),Mayur
8901719132155,Cocktail Mix,"Chatkeens, Parle"
8902979031462,Diet Bhel,Garden
0949403646241,Makhana Butter tomato,Mr Makhana
0793591310053,Kerala Banana chips,Unknown Brand
8906020493209,banaras soan papdi,
8906151232630,,
8906020492417,soan papdi elaichi,
9202425015664,Aashirvaad chana besan 500g,
8904071701069,chana Dal,Chheda's
8904041500500,Thalipeeth Mix Flour,K-Pra Foods
8903363000279,Poha Jada,DMart Premia
8906097591853,Complete Bone Health,Fast&Up
8906183980752,,
8906170350216,Organic Frozen Malai Paneer,Kitchen Desire
8906191550077,Fudgy Rocky Road Ice Cream,Call Me Chunky
0769807238213,Dhaba Butter Masala,Curry iT
8901063367456,,
8904073797244,Ketchup,Green Valley
8904063205810,Snac Lite!,Haldiram's
4902881481182,スタ満ソバ,FamilyMart
8906001056317,Tandoori Paste,Mother's Recipe
8909106021723,lotion,
8901063371033,Brt marie,
8906032010296,Mahakosh Refined Soyabean Oil,Mahakosh
8901037255055,ginger chai instant tea premix,Girnar
8901491000291,,
8908012471011,Indian mint tonic water,
8886022941529,Periode,
8906017815120,,
8901719921728,,
8906057440092,Cafe Mocha Ice Cream,Gianis
00547560,,
8908004114339,Prunes,Wonderland Foods
8904168782377,Medium Prawns Peeled & Deveined,Big Sam’s
8906004563270,,
8906133331269,Mixed Masala Powder,Mahalakshmi
8908010525006,,
8941042584035,,
8908000502055,,
8904063226990,Green Chilli,Haldiram's
8909081010170,,
8901760061657,,
8901719140709,,Unknown Brand
8902268010666,,
8906113491129,Millet Muesli,Tata Soulfull
8908022632082,,
0209444847206,Wai wai RTE veg noodles,Wai wai
8904004442854,Mutter Paneer,
8904168700104,Coho Salmon Wild,Big Sam
0744365245545,Chocolate Fudge Whey Protein,Byson Nutrition
8901414042322,Malai Kofta,Bikano
0690225309950,,
8901972076654,,
8906005507471,.,
8906117360001,Curd,Country Delight
8901030886102,,
8903363008848,,
8908024977587,Superyou Pro Fermented Yeast Protein Cold Coffee,Superyou
8906072752095,,
8906001056331,Garlic Paste,Mother's Recipe
8901296026267,,
8901777651216,,
8904132920330,Expelz pack of 3,
8901242502500,,
8901058890907,,
8901058023763,,
8906082393059,Cashew Shaped Biscuits (Spicy),Malabar Natural Foods
8901302097571,اوترفيسين,عراق
3948764312274,,
8901552024495,,
8906116956243,,
0000158540001,,
8906159750327,nibati,
8907003999565,,
8906097591907,Melatonin + Theanine,Fast&Up
8906002661466,,
8901063094161,,
8901242513841,Roasted Dalia,Bambino
8906172784828,,
8909081012150,,
8906009532905,,
0089094025021,,Unknown Brand
8901063136274,Tea Time Biscuits,Britannia Marie Gold
8906004620171,Dhara groundnut oil,Dhara
0745178166966,IYRA LIFE,IYRA
8906059635014,Greek Yogurt Mango Flavour,Epigamia
8901848000097,,
8901393018691,,
8906066851230,,
4904489326032,,Unknown Brand
8901030989742,,
0811307031716,peanuts,GD NUTS
8908006107537,,
8901138110611,Liv.52 tabs,LIV52 TAB
8906010502263,,
8904064617490,Perles de Tapioca petites,
8902618000019,woodwards,
8901058004175,,Maggi
8908008742859,,
8901052010615,Premium,Tata Tea
8901725105174,Mango,B Natural
8901537077485,Daawat Cuppa Rice Rajma Chawal,Daawat
8901928292008,Sugar free,
8901153023200,Treasty treat wafer,
8901725101374,Dark fantasy buy3 get1,Sunfeast
8901153005398,Burbon,
8903405279243,,
8908015626005,Dates,
8904063200594,,
8901314013194,Colgate toothpowder,
08994981,,
8901030784378,19,ggj
8906001893295,,
8906002008827,,
8904084101511,,
8908006107476,Ganga Kesariya Brahmi Badam Dry Fruit Syrup,Ganga
8906044995819,,
8904132920941,Jive,Reliance retail maeket
8901725135225,Yippee,
8906040371631,Riz basmati,Diwali
7622201766054,Cadbury bourvita,Cadbury
8908004076316,Extra long basmati rice,
8904013072004,Telephone Brand Sat-isabgol,Unknown Brand
8901571003280,Women horlicks,calseal
8906021120197,Aachi bajji band powder 200 gm,
8904067702551,Roasted Peanuts,
8904839003107,Spaghetti,Lubella
8939999160216,,
8901042954653,Mtr vada,1
8906001055358,Mothers lime pickle mild,Mother's
8901719122293,Parles,Parle
8901088886260,,
8906009532844,Max Protien,RiteBite
8901063151284,Britannia Digestive Biscuit,Britannia
8908003113821,Peanut butter,
8900075047127,yogourt,
8901246006448,,Del Monte
0890761008243,Strawberry milk,SHATTO
8901652141320,8901652141320,
8901030743153,Mancow Veg,
8908013328222,Nutty Chips,Open Secret
8906005500762,Khokha Bhujia,
8902346050287,,
8908019517231,,
8904304542360,,
8901057524421,,
8906009534237,,
8906069403566,Organic almond,
8855044037138,Basil seed drink,
8901512910707,Popz,
8904063206381,Kara Boondi,
8906074820556,Dum ke Rote,
8901473442484,Chips,
8906107170054,Chicken Sausage,Prasuma
8906134255076,,
8906081381323,Mullu Murukulu,Telugu Foods
8904145911318,Nepro HP,
2000000137012,Best Pulmonologist in Delhi,Unknown Brand
8906077630169,,
8901552020206,Mint Chutney,Ashoka
0641606975516,Pumpkin Seeds,rostaa
8901725132354,,Sunfeast
8906009079028,UNIBIC Splash Orange Cookies,unbic
8906009072128,Orange Splash Cookies,
8903023305799,coconut powder 100g,
8901030779640,Lipton GREEN TEA LEMON ZEST,Lipton
8906017080306,Sweet Lemon Pickle,
7906026538950,Max Protein Chips Peri Peri,RiteBite
8908004896730,Arpana Dilkush,
8906031064887,Mixed Frozen Berries,
8904124312136,life time vanila,
8904004405361,Soan padpi,
3635367399947,,
8410125510551,FİGARO OLIVE OIL Net quantity: 200+40=240 ml (219 g) FĪGARO SPANISH BRAND 20% Extra Since 1919,DEOLEO
9224942135144,Kopi cleng,
8908001631525,B curd,Aroma
8901058901580,Maggi 2-Minute Noodles,Nestlé
8904063253156,Haldirams samosa,Haldiram's
6271028061340,,
8901071302036,Sofit Soya Drink Chocolate,sofit
8904063253675,Homestyle Paratha,
8901207036897,,
8901719120756,Monaco,Parle
8901063337169,Vitarich Sandwich bread,Unknown Brand
8901058867398,Hot and sweet sauce,Maggi
8906027231156,,
8906018950141,,
8902080000906,Mixed fruit delight,tropicana
8906086205914,,
8906020491083,8906020491083,
8901399085338,,
8908017784246,Premium milk taste elachi,
8901058894615,every day,
8904063220028,Chips Mast Masala,Haldiram's
8901030926525,8901030926525,
8906033261055,Lemon green tea,
8906005504111,Soan Papdi,BIKAJI
8908010673233,Banana chips,
8905694528064,,
8901207050015,,Dabur
8904132954885,Campa,Soda
8906110190346,,
8901063016712,50 sweet and 50 salt,
8901764935275,,
8901304292837,Kakaji Namkeen,
8901560830316,Cheers Amla,
8901052010424,Tata Tea Premium,Tata
8901207900648,Dabur Chyawanprash,Dabur
8904004411218,Crush Peanut Chikki bar,Haldiram's
8906066854187,Nature Land Organics Pure Kachi Ghani Mustard Oil Cold Pressed,
8908011491690,,
0941440533874,,
8901030758300,Lipton GREEN TEA LEMON ZEST,Lipton
8901014002023,Top Ramen Masala,Nissin
8901052004669,Tetley GREEN TEA NATURAL MANGO FLAVOUR,Tetley
8904272600130,Storia Badam Shake 180ml pet,Storia
8901052022113,green tea,
8908010453040,In dia,
8908003972756,Rusk premium Toast,
8901765522245,,
3947460850578,Lipton GREEN TEA HONEY LEMON,
4974158124641,Good life masoor whole,
6937721224641,Good life masoor whole,
9901101224641,,
8903023272930,kitchens Hing 100g,
8903023004999,more Black pepper 100g,
8906009079073,UNIBIC Choco Ripple Cookies,unbic
8902710506044,Bagrry's,
8901441012015,Garlic papads,Unknown Brand
8901058859737,Nestle Nan,Nestlé
8901030083051,Taj mahal,Brooke Bond
8901304270347,Ponni Rice,Madhury
8906002130054,Udhaiyam moong Dhall,
8992761002022,Sprite 390ml,Sprite
8901233034522,Tang,
8904063281746,Minute Khana Aloo Tikki,Haldiram's
8901499009814,KELLOGG'S CORN FLAKES REAL ALMOND HONEY,KELLOGG'S
8901088054317,Coconut oil,
8900200023958,Venga Calorie Balance Orange,
8992761002060,Coca Cola Zero Sugar,Coca-Cola
8906128101082,For Sensitive Skin) | Non Irritating Non X001YQ13KV FACE SERUM Sticky | Brighte Minimalist 1044 Vitamin C Face Serum X001YQI3KV Sticky Brighte VitaminC Vitamin C,
8904335600671,Peanut butter,YogaBar
8901414003286,Khatta Meetha Mix,Bikano
8904076116905,Mala candy,
8993200667666,,
8901030987397,Lipton green tea  clear and  light,Lipton
8901512564306,Instant popcorn,ACT
8901262178662,Tricone Dark Chocolate,Amul
8901499012005,Kellogg's chacos,Kellogg's
8901491003490,,Doritos
3622447700002,,
8906097590009,electrolyte bottle,fast and up
8908000812260,Metro Garhvi Dahi,Metro
8099228294911,ISANGOL,200 GM
8904390501340,Oziva Plant Protein,Oziva
8908012365228,ghee,purabi
8906120106283,Prasadam Makhana,Farmley
8901440031048,eastern gooseberry pickle,
8906003950163,orange squash,new lalli's
8906163770038,,
8901012116609,,
8901440031024,tender mango pickle,
8901652140897,Marie lite biscuit,Priyagold
8888166610750,KHONGGUAN,
8991102320184,Tango wfr choco javamocca 110g,
8901014000012,Top Ramen Masala Noodles,Nissin
00103001,Tv,
8906127550614,Peanut Butter,Alpino
8906005610737,Fruit Cake,
8906127550003,Alpino Peanut Butter Unsweetened,Alpino
8908006930432,,
8901058896152,Maggi,
8908001503099,Taza Salt,Tatsa's
8906078260563,butter bke,cremica
8906078770987,Peanut butter,
8906088720163,,
8906013070615,v,
8906109110423,Cookie Heaven Badam cookies,
8906030944043,Mustard,
8901071301107,Sofit Soya drink,Sofit
8906013940017,Corn Flakes,
0749921050014,Low fat chocolate,L-men
8906002660728,Coconad,KLF
0814784025315,,Sunwarrior
8901393018073,Juzt Jelly,
8904064619845,Sucre de Canne Rond blanc,
8906004650024,Matta rice,
8906015747782,Mango Instant Fruit Drink,
8904422702707,Honey,
8901972075688,Dark vanilla flavoured rolls,Dukes
8906031312735,Enerva Breakfast Cereal,Enerva
8904083519386,Organic Dry Ginger powder,
8906019711604,Gluten Free Rice Maize Penne Pasta,Wheafree
8906005618658,Bauli moonfils chocolate 45gm,
8906007280037,Fortune Soya Health Refined Oil,Fortune
8901786431014,Coriender powder everest,Everest
8902042111077,AVT PREMIUM,
8902901224177,Best farm pista green,
8906030680361,Gurujee Cornflakes Masala,
8906030680514,Gurujee Ompudi Mixture,
8906030680149,Gurujee Ompudi Thin,
8906030680033,Gurujee Kharapuri Masala,
8906030680330,Gurujee green peas,
8906080231148,Raagi Khakhra,
8904063211828,Subz Handi,Haldiram's
8906091900057,Makhana,
8901058000528,Maggi Noodles,Maggi
8902433003998,Kesar Pista,Snickers
8908017415225,Peanut butter,Unknown Brand
8902188812067,Ramdev strong hing,
4895199504547,Chhoti bachhi,
8908010673592,Layered wheat bread,
8901548310328,Complan - chocolate,
8901662024538,Paneer Tikka Masala,Suhana
8908004010464,Two Majestic Cashew and fruit biscuits,
8902167000072,Chunky Chat Masala,
8904004415414,,
8906097331596,Parliament pista almond,
8904083523604,Organic Roasted Chickpea (Turmeric),
8901063165830,Britannia treat funky choco,
0738759759923,Kanchana coconut chutney,Kanchana
8901108166037,Nirma shudh salt,
8906042150579,Anil happala,Anil
8904113521969,Agro fresh jaggry,
8904112704363,Durga sessame chakra,
8901764239304,Minute maid mix fruit juice,
4901260222613,Minute maide gritty guav,
8908000385221,Dev snacks,
8908000384132,Dev kuzalappam,
8908000385139,Kuzhalappam,Dev Snacks
8906020932159,Green Chilli Pickle,Engine
8906074820532,Karachi bakery,
8901393024043,Chupa chups mango + orange flavour,Chupa Chups
8908003115269,Karachi bakery zeera biscuits,
8904063205520,Haldiram ajwain,Haldiram's
8906005610706,Pineapple Cake,
8901063093294,Britannia good day 250g,
8906010080198,,
8904043551999,modern fruity rusk,
8904043500386,modern milk rusk,
8901207005374,Honey,Dabur
8901719121906,parle g  200g,
8901138836122,Himalaya 150g,
8902281614810,sensodent kf 125g,
8901030926570,Pepsodent 200g,
8901719107528,Parle Fab Jam in,
8906097540424,Butter Cookies,Sapphire
8901725125745,,
8906056452263,Sonai yolo flavoured milk 180ml,Unknown Brand
8906056452249,Sonai yolo flavoured milk badam 180ml,Unknown Brand
0754523755670,Roasted almond,
8901063401211,Britannia cheese block 2000g,Britannia
8906001023357,Go cheese processed squares 200g,
8906070020400,Sharvas mixture,
8906070020448,Sharvas khara sev,
8901088081344,Saffola Peanut Butter,Saffola
0389000648765,,Nestlé
3034027802009,Mont dore eau petillante,
8904063280787,Gulab jamun,Haldiram's
8904109489846,Cow GHEE,Patanjali
0501009036200,,
8901826301536,"Verka Lassi - Sweet,",Verka
8901192102126,Mirch,
8902027000105,,
8908008948022,Baking powder,AJANTA
8901200200127,Parachute lite,Coconut hair oil
0759159789853,Whey Protein,Nack
8904104712055,JK Red Chilli Powder,JK
8906078160009,Ene bhut jolokia,Ene
8991002105423,Kopi Kapal Api Special,PT Santos Jaya Abadi
8906110160677,,
0048107209414,,
8906082577121,,
8906038789189,,
8906076132497,Fruit & Nut Cake,The Bakers Dozen
8901052000906,Tata tea Gold,
8906007280990,Fortune mustard oil 5ltr,
8904063204738,Mathis tikoni mathi,Haldiram's
4064613610083,,
8904320007027,DiSano Honey,DiSano
8901393020564,Tubes,
8904083512042,Organic Poha (Flattened Rice),
8906008630503,Relaxing cardamom chai,
8906041711528,Vezlay Veg Meat,"Best Foods,catchy court"
42116011,Fanta cocktail de fruits,"Fanta, Coca-Cola"
8906001380740,Twinnies,
8908000655119,Udhaya Krishna Ghee 500ML,
8901063163331,Tiger glucose biscuit,Britannia
8906068764651,,
8901047039034,Basmati,Kohinoor
06522807,nutella,
8901777403129,Vadila methi paratha,
8901030944901,,
8906046143546,Cardamom chai latte,
8904063203311,Chana Dal,Haldiram's
8908008674181,,
8901000121158,Chocolate extrafino Negro,
15650467,,Britannia
00630399,Organic Spicy Avocado Hummus,Trader Joe's
8901063012615,Milk bikies biscuit,Britannia
8901552020466,Mini Potato Schezwan Samosa,
8901063166424,Milk rusk,Britannia
8901719901881,Premium Rusk,Parle
8901689030031,strawberry crush,Mala's
8901161105066,President golden sella,president
6973041840741,,
7622201149437,Dairy milk milk chocolate,Mondelez
8904174006559,Fenugreek Powder,
8901786531004,Shahi Paneer Masala,Everest
8901040300032,Fleming,Unknown Brand
8906035290923,,
8906018206910,Tamarind Chutney,Real
8901207017025,Glucose d energy boost,Dabur
8902579002022,appa fizz,
8904132917057,danedar  assam tea,Aarambh
8908000275089,premium tea,City Gold
8904083307037,Processed Cheese Cubes,Milky Mist
8901042968995,3 Minute Breakfast Magic Masala Upma,
8902433003615,Galaxy milk chocolate 20g,
8904067709543,Banana Chips (Black Pepper),Jabsons
8904300200066,Mario Saunf,
8902433005794,سنيكرز شكولاتهبكريمة الفراوله 40جرام,SNICKERS
8906133401566,Body wise,
8902080104062,pepsi,Pepsi
8901552020183,Coriander Chutney,Ashoka
8902433005787,Galaxy Milk Chocolate Smooth Milk,"Galaxy,Mars"
8902005271138,Garlic Chutney,Umadi's
8993014011518,jamu sakit pinggang 15A backache,
8904063213297,Gujiya,
8901393024401,Alpenliebe Creamfills Butter Toffee,"Alpenliebe,Perfetti van melle,Perfetti"
8901393012828,Alpenliebe Juzt Jelly,"Alpenliebe,Perfetti van melle,Perfetti"
7622201762490,5 Star Bites Home Treats,Cadbury
8904132917095,kadak  tea,Aarambh
8906102210328,Marvel  tea YELLOW,
8906106070027,Jowar & Sweet Potato Cake Mix,Serapheena
8901023019883,Godrej expert black brown 3,Godrej
8904063258533,,
8906010913175,,
8906043521712,,
8901248297127,Kesh King AYURVEDIC oil,Emami
8901207033728,Odonil Lavender Mist,Odonil
8904083320104,,
8906005500045,,
8908018178341,,
8906022660746,,
8901689030239,pineapple crush,Mala's
8901689030253,orange crush,Mala's
8901689100680,blueberry crush,Mala's
8906008049008,white rose essence,
8901786081004,Everest Sambhar masala,everest
8906162070870,Small Peda,Almond House
8908018417228,Rose,Rose
8901047009235,Basmati Rice,
8901725013011,marie light,Sunfeast
8992726964976,Inaco,
8901155120211,Gits Moong Dal Vada Mix,
8901393018547,Juzt jelly,
8901071702935,Exotic Dark,Hershey’s
8906013032897,Masala delight,
8906163830145,Makhana,Farmley cheese and herbs makhana
0613070712027,,fssai
0742488364839,Plant Based Vitamin B12,Rasayanam
8908002377217,RARA Instant Noodles,Him-Shree Foods (P.) Ltd.
8906077361070,Makhana peri,
8906133020187,,
8902979035156,Mango ginger pickel,
8998866202978,Guribee Rumput Laut,
8998866201711,Kris Bee krunchy jagung bakar mentega bks 75gr,Calbee Wings
8901777967188,Kesar Pista ice cream,
8908000861046,Champakali Gathiya,
8991102715164,tango drink straw,
8906002005536,tomato ketchup,drowtkat
8902885440136,Riso soffiato,
8904151802112,QUR-DERM CREAM,
8906091900712,Whole Grain chips (Jalapeno),Roast
8904064662988,Huile de sésame,
8904063209948,Haldiram roti,Haldiram's
8904067702568,Hing Jeera Peanuts,
8852111021298,Tuna Chunks in Brine,Golden Prize
8906111441232,Majestic Red Bean Curry,Raasa
8906018944348,beer,tuborg
8906016415383,Godrej pure ghee,
8906074829566,Atta Fruit Biscuit,Karachi Bakery
0896867700258,CLUB  Air Mineral 330ml,
8906016415345,Godrej pure cow ghee,
8906040412631,kashmiri lal mirch,pushp
8904063257932,Fatafat Bhel,Haldiram's
0022080130001,Foundaton FV sk-forever,
8903300150135,Lime pickle,
8902570812958,Smart Choice Chana Garlic Papad,Spencer
8904288601121,Tomato Ketchup,
8906125983025,Cheese Popcorn,4700BC
7622201808044,5 star,
8906023418490,JAVA COFFEE,
8906003101350,Bikaneri Bhujia,Shree ram
8906131682035,Mighty Puffs Cheddar Cheese,Slurrp Farm
8901537021600,Dawat mini mogra 10 kg,
8908016531070,Jowar Miller Chivda,Kailas Bhel
8906000680810,Berries Blend,
7904417654470,Patanjali kacchi Ghani 1ltr,
7622202334894,cadbury celebration dry fruits,
8908001006316,milk chocolate dark,
8901595496341,Singapore,
8906006951402,Garam masala,
8906022340013,varalakshmi sabudana,
89080443,Maggi Tomato Sauce,Maggi
8904427704171,A2 Desi Ghee,Kapiva
8904422702608,Roasted diet flaxseed chilli lime,
8906072431853,Shahi Qawah,
8901440001102,Eastern Coconut oil,Unknown Brand
8906136650633,Crunchy Unsweetened Peanut Butter,Pintola
8908014602208,,
8901246002532,,
8904234106014,,
8906103740329,فازلين,
8908009851062,Red chili kutti (special),Shri Kaila masale
8901030825477,Women's Plus,Horlics
8901721003658,Prabhuji hal 658,
4901167152068,,
8901548310816,Smooth cocoa hazelnut,
72056127,,
8906037915015,,
8906001770053,,
8906072431310,Masala Tikki,
8906001055389,Mango & chilli pickle,
8904109440069,Olio di mandorle,
0793591411101,Gram flour,Nice food
8906064705269,Banana Chips,Unknown Brand
8901031014054,Griego avellana cacao,
8906044993433,,
8902756431102,CHICKEN NUGGETS,Godrej
8901052003693,Tata gold,
8901052020409,tata Chakra gold,
8901782000740,,Eight 8 AM
8901052030330,Premium Tea,Tata Tea
8901052020386,tata chakra gold bottle,
8901058000245,,
8906082570146,Beetroot nacho crisps,
8906138740035,,Unknown Brand
8908008998126,Shrimp,
8906072432126,Ginger Garlic Paste,
8904083536529,24 Mantra Organic Festive Collection,24 Mantra
8904083519379,Organic coriander powder,
8901248253109,Fairness cream,
8908004383896,Mangalam Bhimseni Camphor,Mangalam
8906078770178,Peanut Butter Creamy,
4006684370121,,
8906009071909,choco cookies,unbic
8901670812813,Peanut chikki,
8906082760295,Mixed Vegetable,
8908002008203,,
8906082520011,Aloe Vera Juice,Kapiva
8904287005531,Ragi Vermicelli,Bambino
8901721876313,prabhuji meetha mazza,
8906072430092,Kanwal Mirch,
8901552024099,Veg Spring Rolls,Ashoka
9087564273140,Creamy Fudge,
9537604348166,Delight Truffles,
8908002288216,P mark Basmati,
8908002288308,P Dalia,
8901393015850,Alpenlibe Gold,
8901063151505,Milk Bikis,Britannia
8901063162365,Marie Gold,Britania
3608580719007,Confiture cherry reserve,
8000105000853,Tindy Cappuccino,Asolo Dolce
3596710496037,Feuilletée,Auchan
8904132924383,Desi Kitchen Medu Vada Mix,Desi Kitchen
0637740481198,Lil'Goodness Milk Chocolate,Lil'Goodness
8908001956925,Tofu,Mooz Formaggio
8904082785072,Diet Bhel,
8904203160108,Cyclone coffee,
8901030926594,Pepsodent. 100 g,
8906058710194,Schmitten luxury Chocolates,
6949678500082,Thai Chew,
8906125980376,,
8901777024669,Bhindi Cuts Okra Cuts,Vadilal
8903363010490,,
0981156663809,,
8904063259714,Soystix,Haldiram's
8901233022574,Bourn Vita,Cadbury
8905950000181,,
9427936631015,Coconut Toffee,
8697530993869,manuella,
8906116951262,,
8903236700107,What Women Want,
8906075170001,Love candy,
8908005156246,Waferello,
8908017537750,Toffmels,
8906098025180,T5,
8906098026781,T3,
8907564273951,Truffles,
8901262010429,Water buffalo butter,Amul
8903662010221,Nutritia Brown Basmati Rice,Dunar
8907564273432,Eclairs,
8904132932982,Good Life unpolished urad gota,Good Life
8904132933002,GL unpo moong whole 500g,
8904132932890,GL unpo chana dal 500gm,
8908003113807,Peanut butter Honey,
8907564273449,Dry Nuts,
0743715017504,collagen refreshers,
8902901224993,GL moong whole 1kg,
8502004010495,Double delight,Karachi bakery
4251310305699,Med,Unknown Brand
8908012477006,cornado,
4464136181211,,
8906116956083,18g Protein Shake,
4901075702256,Dark Chocolate,Hershys
8901030025303,Vasline oil,Vasline
8901526607358,,
0961402971551,,
8906001025269,Whey Protein (Malai Kulfi),Avvatar
8901058902266,Maggi Masala Veg Atta Noodles,Maggi
8904064622937,Mango thokku pickle,
8908007060350,Pink Salt,
8901095004022,SOCIETY TEA,Society
0007015748545,Paper boat jaljeera,
8904064622999,Garlic pickle,
8908012477525,garlic,
8906009072425,,
8901058875577,Milkybar,Nestlé
8904004420388,STICKS JEERA,
8902433030697,snikers chocolate,
8901030831720,Kissan mix fruit jam 700g,
8906009621043,شكر ابيض مكعبات,
8907316007438,Dal Makkani,
8904004444025,Minute khana dum biryani,Haldiram's
8904132981546,urad chilka,Best Farms
8909081005244,Candyman sourzzz,
8902901001716,chakki aata good life,
8901155428317,Aloo raswala,
8906001056942,Mixed vegetables curry,
8907316007445,Methi mutter malai,
8904132926783,Good Life soya mini chunks,Good Life
8902901232363,Good Life soya chunks 200gm,Good Life
8902901224658,Good Life masoor dal 500g,Good Life
8902901225068,GL moong dal chilka 500gm,
8902901224986,GL masoor malka 500g,
8902901224849,GL urad whole 500g,
8902901214840,Urad whole 500g,
8906036300041,,
8902901127140,Lobia Red,Good Life
8902901232264,GL moth 500g,
8902901033519,GL pulses mix 500g,
8902901224672,GL moong dal 500g,
0769503843049,Chocolate Overload,Get-A-Way
8907516130653,Na,Na
0444233459950,Nevieya perfiyum,
8904234100357,,
8904355911917,Upsnac Sweet Cinnoman Peanut Butter,Upsnac
8904250603962,Oralyte ORS Orange,Oralyte
8908002026719,,
8906016414218,,
8904004401530,fatafat bhel,Haldiram's
8904132918375,Get Real 300 ml,
8908015694325,Chatmola,Rinka's
8906137050111,,
0712112112112,,
8904063220394,Moong daal halwa,Haldiram
8901522000023,Seagram's 100 Pipers Blended Scotch Whisky,Seagram’s
0045485120003,vj8,
89008454,,
8904064628632,Malabar Parotta,
8901155411319,Gits Chana Masala Medium,
0187291021171,Thyronorm  37.5mcg,Medicine
8904206203888,,
8901682000048,Hot Lime Pickle,Ferns
8906077361001,Dry Plain Bhakri,
3142567883300,Compact powder,Me-on
8907316005595,Carrot & chilli pickle,
8901414000766,Tasty — Spicy Coated Peanuts,Bikano
8901063325364,Toastea Rusk,Britannia
8904063212788,Instant Poha,Haldiram's
09041600,Ma Nan almond american,
8901725111465,Bingo potato Chips,
8904132911475,Yeah mixed fruit,
8906037622647,,
8904132919297,Desi kitchen  sanje masala,
8904113521457,Agrofresh green cardamon,
8901042954875,Matt chana masala,
0650245182230,Alaska Fish oil,
0722777382591,Venetian Spritz,
8904049111647,Triphala Churna (B.P.N),Unknown Brand
8904084100514,Amma herbal slimming,
8904104772110,Jk green Monosodium,
8907931002931,garden veggie chips,
8904083519935,ORGANIC GHEE,
8904043904320,Tata Salt,
8902901029864,sarvati aata,
8906005508188,Khajoor Dry Fruit,Bikaji
8901262151344,Badam Shakers,Amul
8904422700727,atta,patanjali
8908012731337,Dr. Brand,
8908012731023,cooking soda,Dr. Brand
4094966575265,,
8909987581224,,
8904132964082,chana independence 500gm,
8901719124600,Parle Monaco can 150g,Parle
8901972061018,Nibbles ranch,
8906005501134,,
8906009072661,Unibic Snapper potato,Unibic
8901030483011,Surf Excel,Surf Excel
8906009072654,Unibic Snapper potato spice 300g( 2ta),Unibic
8901725000592,Sunfest Marie Light,Sunfeast
8904132907669,Healthy life Chocho,
8901088139120,Saffola masala oats 1kg,
8904132928541,Aarambh  Muesli,
8904132928480,Aarambh corn flakes,
8906062861684,Brij Punjabi mixture namkeen,
8908004643587,GM Aloo Paratha,
8906083037037,High Protein paneer,Organic MANDYA
8906010505486,Gathiya (Gram Flour Sticks),
8904132934610,getreal pure tenders,Get real
8901058017557,Nestle Cerelac wheat apple cherry,Nestlé
8901155407312,Baingan bharta,
8902901222210,Good life turmeric powder,Unknown Brand
8902901223002,Good  life jeera powder,goodlife
5010482666736,,
8901440023258,Eastern cumin powder,Unknown Brand
8906044992856,Alo Frut Kiwi 1ltr,
8906038789424,organic grass fed ghee,
8904153388645,Eladi Day Cream SPF30,Forest Essentials
8908010907147,Jaw dropping skin,
8906015310351,Kachie karey syrup,
8906066204029,CREAMY MUSHROOM SOUP,KEYA
8906034160760,Lido Indian Basmati Rice,
8901652142112,Digestive,
8904083600183,Sandwich Masala,
8904063217707,Dhodha barfi,
8906006853867,Sweet cream vanilla,
8906084560022,Ragi with oats biscuits,Vaidya's
18655483,Matcha Green Tea,
8901216812260,KS Spark,
8906009078847,Unibic Choco ripple biscuit,
8901719120992,Parle Monaco biscuits 700,
8901207032080,Real Apple Fruit juice,
10132456,Helthy life Choco stars,
8901063155329,Tiger Crunch biscuit 400g,Britannia
8904342605409,Pomegranate peel powder,
8901207027994,Masala Guava fruit juice drink,
8904132949256,red chilli powder,independence
8906008814040,Extra Long Basmati Rice,Kohinoor
8904214500078,Bhatha Kani,Raju Namkeen
8901248240338,,
8906063161424,,
8902080002191,,
8904071706712,Roasted Kothmir Chivda,Unknown Brand
0944400002632,,
8903023305782,surja roasted chira mix,surja
8901512931702,Peanut butter regular creamy,Sundrop
5056185345608,Chocolate Mint Impact Whey Protein,MyProtein
8904422706262,,
8902080204052,Mirinda orange Flavour 750ml,Mirinda
8904272600574,Storea 100%guava juice,
8908003810225,,
8900025782528,,
8904018660022,Ginger Awla,
8904083513780,Mango Lassi Drink,
8906081123725,Premium Dryfruit Collection,Happilo
8902579103187,Frooti Mango Drink 1.2ltr,
8901037017417,HALDI DOODH,
8908002501223,,
8906089701055,Cayenne pepper ground,
8901552019002,Punjabi Samosa,Ashoka
8901738705354,Sesame Ladoo,
8906016350042,Samrat MP Chakki Atta,Samrat
8906009780153,Maganlal Chikki,Unknown Brand
8908006024537,Mullu Thenkuzhal,Amirtham
8901786650071,,
8902080002795,Tropicana Frutz Mixed Fruit,Tropicana
8904004403770,Moong Dal,Haldiram's
9909470509109,,
8906005618351,Fruit cake sliced,
8901063325074,Toastea,Britannia
8906173701596,Nitra Isolate Protein,Big Muscles Nutrition
8901928753004,Rich Marie,Bisk farm
8906120106337,Seed Mix,Farmley
8904063206930,Soan Papdi,Haldiram's
8850389106907,Mogu mogu,Mogu mogu
8906069416573,Fruit candies,
8901262030670,,Amul
0946459635021,Strawberry Greek Yogurt,Epigamia
8901595961436,Sweet corn,1
8901764092824,,
8901262174114,King Alphonso Gold Ice Cream,Amul
8901777770047,Alphonso Mango Ice Cream,
8901512930101,Sundrop Heart Oats Cheese n Herbs,Sundrop
8901052008346,,
8903023305669,surja bundi masala,surja
8904150501948,Microwaveable Roti,Pillsbury
8902167009921,MDH Kasuri Methi,MDH
8904064617025,Cardamon,
8906064701469,Kerela Mixture (Extra Hot),Kohzi
8906039951202,Cafetto espresso,
9198251969793,,
4960347600560,,
8909691000004,Pain de mie seigle graines,La boulangère
19017114,Popeorn,
7622202210372,Dairy Milk Chocolate,Cadbury
8906044920712,Hallmark Byadgi Chilli with stem,Hallmark
8904293726918,Classic Suji / Rawa,Flipkart Grocery
8904293728851,Classic Till Regular,Flipkart Grocery
8904043610610,Albumen care protien shake,Lidl
8906001054306,Mother's Recipe Chana Masala papad,Mother's Recipe
8904288621136,Custard power,
8906079010617,Luvit:Luscious,Luvit Roasted Almonds
8904043926117,Tata Sampann Unpo Urad Dal 1Kg,
0903491920676,,
8901042971322,,
8901030695117,excel,
8902102127024,Ujala  liquid,Ujala
8906080603549,,
8904132920316,GRAPHITE after shave lotion,
8904340700021,,
0731788453046,,fit nutrition
8901058004120,Milo,Milo
9899247644556,,
5059603179342,Original,Rage Coffee
8908007022013,Salsa,Habanero
8901396602323,Dettol,Dettol
8901595972241,Veg,Ching's Secret
8901595685233,Ching's green chilli sauce,Ching's
8901207500053,Odomos 100g,Dabur
8906042740053,Frozen Mixed Vegetables,Natural
8902101321997,Chess,
8904052500902,,
8040589974981,,
8904358365458,Marafy Rose Water,
8906001053132,Mothers ginger garlic paste,Mothers
8906001055150,Mothers carrot chili pickle,Mothers
8906001055433,Mothers mango pickle mild,Mothers
8906001055259,Mothers garlic pickle in vinegar,Mothers
8906004986079,,
8902901219579,Olive Pomace Oil,Siega
8906044992849,Alo Frut Kiwi 300ml,Alo Frut
8908008553738,Hydrolyzed Bovine Collagen,Myfitfuel
8908021337070,Godavari Doodh,Godavari Doodh
8901648010913,Dahi,Mother Dairy
8901058888805,,Nestlé
6291100213467,椰枣,
8908008553264,Advance MFF WHEY PROTEIN (chocolate Fudge),MyFitFuel
8904174430170,,
8902133055310,,
8906019580941,Mango Drink,
5903043101527,,
3948764082405,Kinley 1ltr,
8901725000219,,
0839640004198,,
0946608725115,BIJILI CRACKERS,COCK
8906062725115,BIJILI CRACKERS,COCK
8904008100620,Naturo delight mango,Naturo
7900043233324,,
8906090574587,,
8906076131490,Banana Bread,The Baker's Dozen
8901030960468,Horlicks Vanilla flavour Mother Plus 400g CBD,HUL
8901542000102,Complan Pista Badam Flv 500g cbd,
8908001705127,Paper boat jamun,Paper boat
8906088860531,Nouilles instantanées,
8906017290118,,
8902188574095,oignon frit blanc,Ramdev
8901512508706,nachoz,act2
8906044994188,Alo fruit pineaple,
8904063211477,Hot&Spicy Samosa,Haldiram
8902347001042,,
8906103240829,,
8907931003013,Veggie chips,
8904150502778,Nature valley oats and honey,
8901689702976,,
8904206207596,Lait de soja,Bon Déjeuner
8904232722049,Lait de soja,Bon Déjeuner
8904245401559,Rosemery Incense,Shrinivas Sugandhalaya (BNG) LLP
8901063165076,Good Day Chocochip Cookies,
8901063166387,Milk bikis,
8906021921305,Al Shafi Natural Honey,
8906119080686,,
8906119250546,,
8901248744065,Chyawanplus,Zandu
8901719913457,Cream Crackers,Parle
8908000339484,Karak Tea Instant premix,
8901058895711,Munch,
8908016224019,Vasaline,Curalene
8906076270793,Premium Riz Basmati,
8906010505233,Farali chevdo,
8901595963416,Singapore Curry Instant Noodles,Ching's Secret
8904063200563,Roasted Chana Cracker,Haldiram's
8901499011466,Corn Flakes Real Almond Honey,Kellogg's
8906010301927,,
8901155104327,Medu Vadai Mix,
04621831,Green Tea,Lipton
8906009073972,unobic disano coconut,unibic
8906009072784,Biscott,Unibic
3948063161429,Pure magic chocolush,
8901063098831,Good day butter cookies,
8901719128950,Krack jack butter masala,Parle
8901719127991,Krackjack butter masala,Parle
8901719122217,Crack jack,Parle
0001203333018,Britannia biscafe,
7622202013744,Bournvita biscuit,Cadbury
8901719129452,Fab Jam in,Parle
8901063162495,Marie gold,
8901719122279,Fab Bourbon,parle
8902041034520,Pickwick,
8901719129346,Hide and seek finest choco filled,parle
8902041020431,Creamy Wafer Biscuits,Pickwick
8901719127984,Monaco pizza,
8901972057714,Nice,
7622202395598,Oreo maha pack,
7622202035920,Chocobakes,
8901063017580,50 50 potazos,
8902041022671,Pick wick raspberry,
0738759759862,Guruvayoor Kutty Pappadam,Kanchana
8901063032705,Britannia treat orang,
8901058000252,8901058000252,Maggi
8901014000395,Top Ramen Curry,"Nissin,Top Ramen"
8901652143201,,
0041056003003,Masala Magic,maggi
8906006720329,Kashmir Honey,Lion
8906009510798,Ayush Cane Jaggery Powder,VVD
8906010361419,Chana dal,Town Bus
8901207014321,Coconut water,Real
8908010898094,Mustard oil,Nature Active
8901725136062,Mom’s magic,Sunfeast
8901757031465,Cardamom Chai premix,
8901037011842,Instant tea masala chai,
9504000021191,,
8906000210055,Chakki atta,
8908008948039,,
8901725135010,Oats chocolate,Sunfeast
8901058826760,Coffee Instant mix,
8904221699383,asitis,asitis
08847263,asitis,asitis
8908003115924,Badam (almond) Pista Biscuits,
8904063230058,Panchrattan,Haldiram's
10084717,,
8901747000723,Premium tea,
15842282,poosami,
8904147410925,Baking Soda,
8901552024730,Ashoka Chana Dal Tikki,Ashoka
8901414000063,Bikano Aloo bhujia 1kg,
8904063204554,Kawan paratha,Haldiram's
12672208,Loading…,
8901552014427,Green Chilli Pickle,Ashoka
8901155442313,Masala rice,
8901155429314,Aloo chana chat,Gits
8908000885011,mango drink,podaran
8900727003006,Tarallini alla contadina,
8904083510093,Organic Biryani Rice Pilaf,
8901047464034,Basmati,
8901052004393,Gold,Tata Tea
8901138030711,Cystone tab. 100,Himalaya
8901552000703,Chilli Pickle,Ashoka
8904221697679,Whey Protein DRC,As It Is Nutrition
8901722068113,bites,
8901304271153,HARIMA Soya Sauce,HARIMA
8906008812824,Fortune poha thick 500 g,
8901777317082,Methi Mutter Malai,Vanilla Quick Treat
8906010366841,Madras Mixture,Town Bus
10821999000403,Cream ‘n’ onion,yellow Diamond
8906050581143,Peanut butter,Fric Bergen
8901262221047,,
8901030735097,Vanilla Ice Cream,Kwality Walls
0300875127650,enfagrow essential 3,
8908006065035,Gemsip,
8901757010163,CTC Leaf Tea,
8906100181224,shinzAp,
8901207503559,Odomos,Odomos
8902717016744,satyam lapsi rawa,
8906009078762,Unibic oats 50,Unibic
8901595852345,Chilli Sauce,chings
8908000339361,Karak tea Instant Premix,Tea
8906010365943,Ghee Dry Fruits Halea,
89007587,orbit,wringle
8901552018920,Punjabi pachranga pickle,Ashoka
8901928202755,Bisk farm suger free,
8904084100453,Aloe noni,
8906024650387,,Unknown Brand
8901725181802,yippee,sunfeast
8908000339392,كرك,Herbal rea
8908004415405,Orbix,
8901928683004,sugar free marie,Bisk Farm
8906059636288,Greek yogurt,
8906113470186,Boules de Sésame sucré,CHITTI
01143119,match,
8908001017213,Cornitos Nachos Crisps Sea Salt,Cornitos
8904198840009,Euro surati nankhatai,
8806358509248,Tonymoly,Tony moly
2000000129042,Vada Pav,Unknown Brand
8901117248755,Gsh,
8904064618381,Vadagam rond,
8901774002141,Punjabi Chhole Masala,
8901262060080,,Amul
8904063252401,Panjeeri Ladoo,Haldiram's
8906008350692,Soya nuggets,
06832717,Strawberry et Cream,
8901848003098,Rasna chawanprash,
3948248702034,Zandu kesari jeevan,
3948248703246,Zandu chavanprash,
8904145912483,pediasure,Pediasure
8993374324587,,
8901542000560,Gulcon-D,
8906061490007,Aloo Paratha,Bombaywalla
8904111803319,gg,
8851759484847,HOT DOG BAR,
8908000770881,Premium milk rusk,Aditi marvel
8908000770980,Bakery rusk,Aditi marvel
0760412594794,Milk rusk,Dairy fresh
0760412595135,Butter rusk,Milma
8906137051637,Instant palada mix,Milma
8906010369613,Sona cake,GRB
8906010369804,Pineapple,GRB
8906010369835,Butterscotch,GRB
8901262050173,Khoa,Amul
8904132925717,,
4907465051737,,
8906020589049,Bread Sandwich White,iD
8906054104034,Malabar Porotta,
8901088081276,Saffola mayo 700 g,
8901014012312,TANGY tomato,"Nissin,Cup Noodles"
8901014012114,Cup noodles Rogan  josh,Cup Noodles
8901014012619,Cup noodle paneer  butter masala,Nissin
8908001658515,Qua Alkaline,Qua
7622202051647,Tang orange 500g pp,Tang
8906021121590,Sesame Oil,Aachi
8905002004068,t,
8906069400015,Veeba mayo,Veeba
8901808004561,Cooker cake 400 g,Weikfield
8901560050226,,
8904053506408,Chhole Masala,Goldiee
8901262153270,Amul tru orange juice 150ml tpk,Amul
8906028561153,,
0946446320244,Dates Syrup,Lion
7622202026447,Bournvita Shakti 500g pp,
8901542003158,Complan Rich Chocolate flavor,Complan
7622202051623,Tang mango flavour 500g pp,Tang
8901030985973,Horlicks chocolate delight flavour 500g pet,Horlicks
8901030976117,Horlicks classic Malt,Horlicks
8901542006227,Glucon D,glucon d
8901803001145,Amrutanjan,
8906001050643,Mathers manggo pickle 200 g,
8901155113114,Gits vermicelli kheer,1
8901808004554,Chocolate cake premix,Weikfield
8904208600951,Panner makhan wala premix,Rasao suhana
8901030966132,Dark soya sause,Knoor
0487559401869,Pizza pasta saus3,Veeba
8904037247600,Rolled oats,Soulful
8901058895735,Maggie ketchup Rich,
8906007280655,Fortune cotton seed oil,Fortune
8901441011049,Lijjat papad,Lijjat
4906230320290,Rose syrup,Rallish
8901042970868,Mutter panner ready masala,MTR
8906002990153,Gharrkul Mutton Masala,Gharrkul
8904293725898,DELISH Mayonnaise,"DELISH,Flipkart"
8906014779777,Table Top Salt,Table Top
8906027921224,,Unknown Brand
8906069401869,Chef's Special Pasta & Pizza Sauce Herby Tomato,Veeba
8906097598241,Fast&Up Reload,Fast&Up
8904042310016,Cocoa powder,Blue bird
8904132917651,Tea bags 100% Assam Tea,Aarambh
8901063165687,Oats Almond & Milk Cookies,"Britannia,NutriChoice"
8901491002097,Kurkure,
0041293365018,,
8901725111489,Bingo peri peri 50,
8906033740833,Mcvities Digestive,
8902346050089,Ener,
8901058875836,polo,
8901030795770,Horlicks Classic Malt 200g Pet,
8905507002378,,
8904093600029,,
8904043904887,Tata salt,
8902901066449,Best farms green peas,
8906049790068,murmura rounds,
8904042307016,Ajinomoto msg,Blue bird
8906066200038,Red chilli flakes,Keya
3948571010790,Lemon Flavour Fruit Salt,ENO
8902490174020,Uzhunnu paripp,Greenland
8901248707602,Trifala Churan,Zandu
8906069405348,schezwan chilli chutney,veeba
8901063342804,Britannia Brown Bread,Britannia
8904132917231,Snactac sweet corn soup,Snactac
0890761000773,Coffee milk - Shatto Milk Company,
8901808003359,Bekin powder,We
6271028056308,,
8901192205278,,
8906076130226,SOURDOUGH BREAD,German
9908395961443,Mix veg soup,
8904132973855,Independence Ragi flour 500g,Independence
8901399336812,Softouch 2.O,Wipro
8901399333200,Softouch fabric conditioner,Wipro
8901399191725,Gifty 2liter,
8901548310991,Everyuth200+50 g,
8901030495328,,
8901248101585,Boroplus soft 200 ML,Boroplus
8901207049323,Dabur ALMOND HAIR OIL FREE PACK,
8901207017889,Dabur Vatik ENRICHE with HIBISCUS,
8901207038440,Dabur Vatika ENRICHd  HAIR OL,Dabur
8906016490915,,
8907392000224,Moringa powder,Grenera
8904063220318,Sada Papad,
8901071732826,Sofit soya vanilla fflvr drnk 180ml,
8901277019226,PARK AVENUE signature collection (ZEST),
8901216813144,KS excite,Raymond
8901216813151,KS passion,Raymond
8904132921146,GRAPHITE no gas musky,
8907367000259,TMC noir,
5059883239965,The Why Decadent Chocolate,MyProtein
8904004414486,Gol Kachauri,
8901088200066,"2024,07:42 024,07:42 25/ml 17,L1",
8906069404617,Sugar Free Ketchup,Veeba
8903023305638,surja jhurimasala,surja
7908092474712,Black Dates,Date Crown
8901148251281,30C.,
8906151420082,LaxmiNarayan Cornflakes Chiwda,LaxmiNarayan
8903023305584,surja mahin agra bhujia,surja
8908010946436,Alishaan Superba 1121 Basmati Long Grain Rice,Alishaan Superba 1121 Basmati Long Grain Rice
8908004740637,Fataake,Star
8906001055143,Mixed Pickle South Indian Style,Bedekar
8904064644441,Moraiyo Flour,Annam
8901058905045,Soothers Herbal THROAT DROPS ECHINACEA & VITAMIN C,
8901595961009,Mix veg soup,
8908018407144,,
0245406100408,,
7906013430113,,
8906020930094,,
8906020930100,,
8906013663046,,
8906013663947,,
8908000423121,,
8901262175869,Amul Shalimar,Amul
0723172771034,,
8908012456056,Bread,
8908004203033,Morton brand Ghee 500ml,Morton
8901071701983,hershey-s,Hershey's
0946223490153,,
8906091860252,Kiwi pack of 6,
89059593898549,Cacahuètes enrobées de biscuit aromatisé gout salé,
8901725134327,Nice Sugar Sprinkled Biscuits,Sunfeast
8904738600650,Thon au naturel pêché à la ligne,U
8901730630241,,Unknown Brand
3948860630241,,Unknown Brand
3034660302416,,Unknown Brand
8906002081622,Briyani Masala,
8901719121401,Monaco,Parle
8901063093089,Good day Cashew,Britannia
8906130900277,Orian choco chip,
8902276005760,Tuda,
8904052202516,Organic Vata Tea sweet calming,
8901725119959,bingo,Ziggy Marley's Coco'Mon
01163917,Royal palace,
8906078262635,Oatmeal Digestive Biscuits,MRS BECTOR'S CREMICA
8906001384076,Coconut cookies,Mrs. Bector's Cremica
8906064281756,Butter Cookies,
8901071211307,Hershey's syrup,Hershey's
8904004441123,Motichoor Laddoo,
18967039,hira,
04626183,hira tabaku,
8901071701938,hershey-s,Hershey's
8906014082013,Hot and sweet pickles,
8901786091003,EVEREST Chhole Masala,Everest
8906014882040,Peanut Oil (Filtered),Gulab
8901161105011,Basmati rice,
8906001022930,Muscle Gainer,
4906065633916,,
8906020930025,,
8906007288095,,
8906013663923,,
8906007280716,Fortune rice bran 5ltr,
8906115423111,Snack bar,Wellbe
9466001300708,Salted Peanuts,Haldirams
0890040038145,Cranberry desidratado,Aline’s
8901670816743,Premium Quality Khakhra Oats Wheat Masala,Saras
8901098345528,,
8901552026406,Shahi Rajma,Ashoka
8906036676283,Badam Halwa,Nandini
8906159750211,manati wafer,nabati
6627208398698,Dairy milk,cadbury
8901067020067,Dettol,Dettol
8906013033283,chicken curry flavour,Wai wai
8906080603891,Guava,
03665510,Red Masala Peanuts,SGR
8901063151307,Good Day Cashew Cookies,Britannia
8904132946934,Joy land sweet chilli,1
8901071704168,Hersheys kisses,1
8901063162655,,Britannia
8906040371792,,
8904180002057,عمبة هنان,
8901725006839,Aashirwad Chakki Atta 5kg,
8901030825699,Horlicks,
8908000175235,Zen cola,50cl
8902246014273,Budweiser Beats,AB InBev
02691331,,
8993200664542,Mamayo,
0859748003831,The naked Bee,
8906062861653,Chivda Namkeen,Brij
8906005509260,Kolkata Chana chur,Bikaji
8902901026788,Good life grounding oil,Unknown Brand
8906016350202,Chana Besan,Samrat
8906049780892,Kenty's Jeera Masala,Kenty's
8901719124341,Parle Magix,Parle
8906063160359,Chatpati Bhel,Unknown Brand
8906003071394,Jira butter,Milkmade
8906031251515,Chakote Doughnut,Chakote
8908005753018,HAWABAN HARDE,Unknown Brand
8906036302151,Black Salt,Unknown Brand
8901063012493,Milk Bikis biscuits,Britannia
8904272600154,Storia Tender Coconut Water,Storia
8906070020509,Sharvas pakoda,Unknown Brand
8908012861928,Karachi dry fruit collection,Unknown Brand
4930020597036,mentos rainbow,Unknown Brand
8901044014942,Mapro Mazaana,Mapro
8904089325806,American Nuts Icecream,Havmor
4235151221800,moong whole 500gm,
8905507103143,TASTY PEANUT,FIRST CROP
8901262120029,Mithai Mate,Amul
8901560000139,,
8901576070201,,
8908017603035,vegan omega,zero harm
0946558360046,Craze crispy day,Craze
8901393026726,,
8906158360008,Craze Crispy day butter cookies,Craze
8908008229534,,
8904004415780,,
6627209324474,,
8901725004927,Bingo,
8906152260175,Sunder Coconut Cookies,Sunder
8908012712008,,
8901063092792,Britannia Good Day Butter Jeera Biscuits,Britannia
8901063155343,Britannia Tiger Crunch ChocoChips,Britannia
8906031251317,Chakote Super Sandwich Bread,Chakote
8906015551563,Nenimemi's Corn Mixture,Nenimemi's
8906059373015,Baker's World Milk Bread,Baker's World
8906089300616,Shreeji Refined Soyabean Oil,Shreeji
8908021055295,rainbow fruit cake,
8902570813887,Rusk,Smart Choice
8908000863309,Italian Pizza peanuts 🥜,Pipo
0940449633264,Peri peri peanuts 🥜,Pipo
8904145911394,Ensure,Abbott Healthcare pvt. Ltd
8908000863668,Rock Salted peanuts 🥜,Pipo
8540063200105,Cornflakes mixture,Haldiram's
8904043905648,Tomato Pasta,Yumside
8904043905662,Schezwan Noodles 🍜,Yumside
8906047441450,Chocolate cake mix,American pancakes 🥞
8020099006266,Pancake Mix,American Pancake Co.
8901030915949,Horlicks Hindustan Unilever,Hindustan Unilever
8906047441405,Vanilla cake mix,American pancakes
8902042141067,SUPREME,Avt
8901063402270,BRITANNIA DAIRY,
8901542000027,Complan,
8901030543944,BOOST,
8901058892772,2 minute noodles,
8901063402300,BRITANNIA DAIRY WHITENER,
8901058830460,Nestle every day,
8901058869408,"Nestle, EveryDay",Nestlé
8904049710659,Cream,
8901719130519,,
8906115883854,Glucose biscuit,Marino
8901058008463,Maggi pichkoo,Maggi
8902082803963,Green Chilli,Grandma's
8902082803956,Fresh tomato,Grandma's
8902082806384,Red chilli,Grandma's
8908003392257,Tomato sauce,Happy
8906136840126,Dark sauce,Happy
8901058001204,Rich tomato,Maggi
8904004401721,Navratan Mix,Haldiram's
8906002080328,Sambar Powder,Sakthi
8908009559364,Green chilli,Bakers
0948669559388,Red chilli,Baker's
9801998855235,Glucose,Relief
9801440010182,Glucose,Relief
8906009167428,,
8906009166544,,
8906009165240,,
8906009162447,,
8904145912452,,
8904145912353,Pediasure Chocolate flavour,Pediasure
8904145912438,,
8995151221270,mustika putri,
8906009167121,,
8901262090339,,
8901262080088,,
8904145912643,,
8904145912629,Similac,Abbott
8904145912636,8904145912636,
8901058904024,Milo for Teenage,"Milo,Nestle"
8901058009989,,
8901058007428,,
8901058897357,CERELAC,
4792024016476,,Maggi
0113002006000,,
8904132972025,Campa energy drink 250ml,
8901248164252,Dermi cool,
2107201510173,33 Herbals,
8901542001246,Nycil Germ Expert Prickly Heat Powder,Nycil
8902102163831,PRIL tamarind,
8903363010032,,
8903363007865,,
8904008202010,Madras Curry Paste,
8904132948570,Independence kan kan mein bharat,Independence
8901058003215,Nestle Lactogrow,Nestlé
8908007344214,KITCHEN TREASURES Appam Idiyappm,
8904011516609,Easy ldiyappam Powder,
8992933444216,Mom's Recipe: silky pudding taro flavour,
8997002050411,Naraya susu kedelai soya botol,
9595902300668,Garantea Jasmine melati,
3929005767473,KITCHEN TTREASURĘS Podi Puttu,
8908006779024,Ajmi RICE POWDER,
8908006779048,,
8904011507010,White Puttupodi,
8904011505047,,
8908006779130,,
8904011500042,,
8904011510195,,
8904011505825,Corn Puttupodi,
8906007240031,ELite Chakki,
8906007250870,Chakki,
8904011505726,Ragi Puttupodi,
8901725115340,AASHIRVAAD,
8906036676290,Santhrupthi Milk,Nandini
8904011505177,Instant uppuma,
8904011504156,Broken Wheat,
8908015543050,Black currant flavoured pea protein,Green Protein
8906069651349,Brunos,
89000564,Coca Cola,"Coca-Cola,Coke"
8904073712117,Golgappa,Kinge
8906016831336,Sirop,
8901552028998,ghee,Ashoka
4906600007455,,
8907316010278,,
8000500426029,,Tic Tac
8908001588508,MilkyMist Asal Peanut Bar,"MilkyMist,Asal"
6219990145132,,
8906009340401,Masala Chai,Chamraj
0736140278565,Half cooked Chapathi,Fresh and Tasty
8906065169831,Itc MASTER CHEF,
8901058852141,kitkat caramel chocolate coated wafer,Nestlé
9555123709008,,
8992761166052,Frestea,Unknown Brand
8901719122927,Parle rusk milk premium rusk,Parle
8906061980133,Super,Ra
8999988778846,8999988778846,
8903023305492,surja chana chips plain,surja
8901207095368,8901207095368,
8906090572200,Too Yummy!,RP - Sanjiv Goenka Group
8904293731691,Indie Flavours Bombay Mixture,"Indie Flavours,Flipkart"
8904084900633,Imitation Snow crab,
8906080601576,Aam padpad,
0890962071749,Biscoito Wafer - Balduco - Balduco - Balduco,
8901205027705,White tea,
8906002770694,Mini classic cold coffee,
8908020709007,Elemental Manga+,ELEMENTAL
8906165783906,Biozyme Performance Whey,MuscleBlaze
8901888005991,,
8906055442524,Organic Tattva mustard oil,Organic Tattva
7622201715670,Cadbury Celebrations,Cadbury
8901052087730,,
0769503153063,,
8906135071453,Millet cereal,Native food store
8901440210795,Turmeric Powder,Eastern
8908008116018,Um Rupa,M/S Marwein group
9909284390405,GODFATHER,Beard oil
7822201671062,,
8901030949654,Women horlicks,
6945210331343,,
8901242101406,Bambino Vermicilli,Bambino
8906107213416,Flyberry Spiced Okra Chips,Flyberry
8908023404039,Coated Peanuts Onion And Garlic Flavour,Tong Garden
8908014812010,A2 cow ghee,Sarthak satvik
8901192103017,KASHMIRI MIRCH POWDER Catch,MDH
8902167007415,VEG BIRYANI MASALA,MDH
8901192217110,JALJEERA,Catch
8902167000782,GARAM MASALA,MDH
8902167000751,KITCHEN KING 10% EXTRA,MDH
8902167000829,MEAT KA MASALA,MDH
8902167000140,MEAT KA MASALA,Mdh
8902167000836,CHICKEN MASALA mdh,MDH
8902167009242,SABZI MASALA mdh,MDH
8902167000799,CHUNKY CHAT MASALA mdh,MDH
8901058005752,a+ masala millet,Nestle la laitiere
8901393017939,,
8901396062400,Cherry BLOSSOM,
8901491104470,,
8908012759126,,
8901248268165,HE,Emami
0853414006454,ch,
80000000255746,,
8906012960023,Chaat masala,Bakers
8901014000456,koren veg noodles,geki
8904474000462,Prime Time White Slice Bread,Bonn
8906005912893,,
8906174280038,,
8906002520466,Thin Arrowrot,Raja
8906078160030,Ene bohut jolokia,
8906064655649,Wingreens ketchup,Wingreens
8939111645164,,
8905002105000,,
0043144299411,,
8906121300079,Herng nimbu pickle,Aamra
8907316003959,,
8904103330670,MAN force EPIC super thin,Man force
8201073217667,,
0890535631936,This is Food,Yfood
8904214501273,,
8906033530199,Snapin crunchy garlic,Snapin
8906027031732,Goda Masala,Prakash
5059603179281,Rage Coffee Dark Chocolate,Rage
8901552026604,Puff Pastry Sheet,Khansaama
8902269502702,For more information,
8901030831102,,Brooke Bond
8901262071246,,
8901063032859,,
8908009419149,Bauli moonfils strawberry 45gm,
0222299888866,,Unknown Brand
8904063206374,,
8904214503871,Khartoum mitha,Rawji
8901444036193,Golden Shafe rice,
8903662678902,Ola pragrant jasmine rice,
8901725120306,Big Vanilla Fills Biscuit,Sunfeast
8908009419101,Bauli Moonfils Croissant chocolate,Bauli
8992696525030,Chocolate Dancow Forti Grow,Nestlé
8992761130992,FANTA 1LTR,
8901786391011,EVEREST Tikhalal Red Chilli Powder,EVEREST
8905507013220,Imli tree ginger garlic paste 100g,
8905507013268,Imli tree garlic paste 100g,
8905507013244,Imli tree ginger paste 100g,
8905507013251,Imli tree garlic paste 200g,
8905507013237,Imli tree ginger paste 200g,
51012913,,
8905507001913,Soya chunks,First crop
51011622,Frist crop penut 500g,
8906115980218,Honey,Himalayan Natives
8905507001210,Poha,First Crop
8905507002347,Besan 500g(20),
8905507002361,Sooji 500g(8),
51012304,FC rice atta (9),
51012370,FC ragi atta 500g,
51012120,Fc saboodana 200g(20),
51008741,It lal mirch 50g,
0943927027234,FC khatta mitha 150g,
8905507001838,Appalam papad 200g,
8901719124006,Parle krack jack 200g,Parle
8905507002811,Pure burst Desi ghee 1ltr(15),
8904150900086,Organic Ginger Powder,Farm Organic
8904150900147,Organic Cinnamon Powder,Farm Organic
8903662010238,Nutritia Brown Basmati Rice,Dunar
8908002506761,Dates,Unknown Brand
8904256727471,fresho signature,
8906010090845,Dairy Cream,D'lecta
8901972076289,,
8904232858588,Oven roasted turkey,Meal simple
8903662010245,Nutritia Brown Basmati Rice,Dunar
8901972054942,Dukream cookies,dukes
8901491503044,Lays,Lay's
8909987299600,Rose milk mix,Amritha Rushikaa
8902042300532,PICKED PREMIUM LEAF TEA,
8906066200571,,
8850011053012,,
8907316002020,Ginger & Garlic Paste,
0046415240013,Mms1,
7906045423336,Water,
8906014738828,,
8904043901749,Tata Sampann Orgnc unpl chana dal 500 gm,
4905504002313,Maida 500g (17),
4905500440263,Sooji 500g (14),
9252369322335,Ragi atta 500g (9),
8905507002286,Pulses arhardal 1kg (8),
8905507002231,Brown chana,Unknown Brand
8905507002224,Kabuli chana 1kg,
8905507002262,Pulses moong dhuli 1kg (8),
8905507002187,Pulses brown chana 5oog (8),
8905507025094,Rajma chitra 500g(12),
8905507025100,Matar dal 500g (8),
7905522023526,Matar white 500g (14),
8905507020457,Chana brown 1kg (6),
8905507024721,Chana brown 500g (18),
8905507020433,Kabuli chana premium 1kg(12),
8905507025179,Utad whole black 500g(18),
8905507023571,Moong dhuli 500g(12),
8905507020426,Masoor malka big(12),
8905507020419,Masoor malka big 1kg (8),
0000927023540,Moong chilka 1kg (8),
51013170,Brown rice 1kg  (5),
8905507025025,Urad chilka 1kg (10),
8905507002156,Pulses masoor malka 2kg (8),
8905507002132,Pulses chana dal 2kg (8),
8905507002149,Moong dhuli 2kg (9),
8905507000985,Red chilli powder,Unknown Brand
8905507002880,Imli tree authentic paneer masala 100g(6),
51011581,Imli tree kasuri methi 25g(18),
51008758,Imli tree mix masala 100g(8),
51008760,Imli tree saung moti 100g(8),
51008746,Imli tree methi dana 100g (16),
51013273,Ready to fry snacks 200g(6),
8901052000913,Gold Tata tea 1kg,Tata Tea
8903662010382,Fusion Basmati Rice,Dunar
8901499009883,Kellags chocos 1.2kg,Kellogg's
4905501027234,Khata meetha 150g (20),
8905507027234,Khatta meetha 150g(24),
8905507027210,Navratan 150g (40),
9027507028901,Allo bhujia 150g((50),
8905507002620,Masala potato chips 50g (40),
7905553002620,Masala potato chips 50g (50),
8905507002606,Salted potato chips 50g(37),first crop
8903662010696,Sona Masoori Rice,Dunar
8903662010702,Gourmet Choice Sella Basmati Rice,Dunar
8903662010023,LEGACY Traditional Basmati Rice,Dunar
8901058905274,maggi 2 minute noodles,Maggi
8908019757682,Tender coconut fruit pops,Unknown Brand
8903662010030,LEGACY Traditional Basmati Rice,Dunar
8903662010085,Daily Basmati Rice,Dunar
8903662010092,Nawazish XXL Extra Long Basmati Rice,Dunar
8901262175890,Amul Kesar Pista Royale,
8901537081376,Thai Hom Mali Jasmine Thai Rice,Daawat
8907661008593,combipack of mifepristone tablets lp and misoprostol tablets lp,
8906064655694,Mayo,
8906077361513,Lemon pickle,
8993207730028,KEEP FROZEN (-18C),
8904063259516,Palak paneer (Tofu),
2000000133527,Asparagus,Unknown Brand
8901764038877,sprite,sprite
8908006168118,Classic Lemon Flavoured Ice Tea,
8997209271015,Somethinc,
8901414000896,Kaju Mixture,
8901719112584,,
8908010404080,Samadhan Dhanasaunf,Samadhan
8908007946029,Mighty Mango,
8908002951240,,
8906005500991,Aloo Kulcha,
8904004400458,,
8901552016025,phulka roti,Ashoka
8909177016109,Daily Good Red Masoor Whole,Daily Good
8901155111219,Gits Pakora Mix,
89007655,Doublemint,
8904063257406,Paneer Tikka Wrap,Haldiram's
8904209302762,Chicken manchurian masala,Aachi
8904209301574,Rice idli,Aachi
8901499011978,,
8901030957031,Vaseline,
8909106018303,PROTEIN CALCIUM IRON,Horlicks
4901424001214,Lotte choco pie,Happy moments
8906061982717,Ra Jeera Powder,Ra
8901719135309,krack jack rs,
8906112660571,True Elements Antioxidant Mix,True Elements
8908009274410,Berlino pasta,
8906014084987,Broken wheat,
8901774002455,Badshah Mumbai Bhaji Pav Masala,
8908002984385,,
4901075704335,,
8901777666104,Premium Kaju Katli No Sugar Added,Vadilal
9304034916520,Hot Chocolate - Original Dark 70% Cacao,Mörk Cacao Artisans of Melbourne
8906159660084,unpolished toor deal (arhar dal),
0769503843384,Berry Bliss Bar,Get-A-Way
8904132920958,snac tac manchurian,
8901595854080,,
8902710101515,bagrry's masala pats,
8901030083075,Taj Mahal,Brooke Bond
3948063365100,choco marble cake,Britannia
8901063363564,Nut & Raisin,
8901058010602,Noodles BBQ,Maggi
8901030927690,Holics,Hollicks
8906009075181,Unibic cake fruit n nut 140gm,
3948764042911,thums up,thumsup
8901207030352,Glucose c,
8901884078289,Dry Garlic Chutney,
8901725181222,Yippee noodles,
8908016539014,Raisin sans pépin,
8904082786345,Jowar Chips,
8009163000065,CHUNKY CHAT MASALA mdh,MDH
8902167000812,CHANA MASALA mdh,
8901719130694,parle 2020 604.8g,
8901939120208,Soya Flaces,Amutha
8908006646692,"Popped lotus seeds, himalayan salt and pepper",
8903363006363,Jelly mazza,
8901719130748,parle 20 20 ( 604),Parle
8906134530012,Oats Original Unsweetened,
8901542008931,Glucon-D,300
8906006640023,Relifspray,
8901779902248,Puttu podi,Unknown Brand
8904317306072,,
8901764052903,Limca,Coca-Cola
8908013194087,Cola Kombucha,
8904304714538,Heritage Rice Poongar Parboiled,
8992775305188,Gery salut malkist matcha latte,Gery Garudafood
8906067810250,On The Run Energy Bar Choco Crunch,
8904317306003,Biotique shop,
8906065169749,Itc master  chef,Itc
8902167001116,SHAHI PANEER MASALA mdh,MDH
8904063281142,Paneer Paratha,Haldiram's
8904137061007,Organic Virgin Coconut Oil,
8906040919420,Soya Chaap,
8901063136809,Britannia Digestives  Original,Britannia
8906107930283,chat-patt stick papad,
8906007950008,Raisins,
8902167000492,BLACK PEPPER POWDER,MDH
7902518430016,99060 74157,
6122088220102,string,
8904043902807,punjabi chola masala,
8906008971187,evi,
8901314592576,,
0611890984525,Lychee & Pink Guava,
8901414000261,Khatta meetha,
8901030859571,vaheed,We tr cg
8902167000737,JEERA POWDER,MDH
8906001055600,Punjabi teekha mango pickle,
8908010851976,Thyrodiet tea,
8901571007721,Horlicks,
08603029,,
0012345678912,foo,bar
8904004405613,Haldirams nagpur badam halwa,Haldiram's
8906012280411,Instant Ginger Chai (Unsweetened),
8900102025081,,
8906000920183,Chilly Kothmir Khakhra,
8902167001314,DEGGI POWDER mdh,MDH
8901777406120,Vadila,
8901331003109,6360933136,
8902167000775,PAV BHAJI MASALA mdh,MDH
8901552020596,Tandoori Aloo Kathi Roll,
8904208600173,Egg curry,
8906117004042,Golden sella,
8901764031182,Sprite,
8901192208019,KITCHEN KING catch,Catch
8901192208118,KITCHEN KING,Catch
8901192216113,Garam masala,Catch
8901192213013,MEAT MASALA Catch,Catch
8902167000768,Sambhar masala mdh,MDH
8901786100507,EVEREST Garam Masala,Everest
8901786150502,EVEREST Meat Masala,Everest
8901786130504,EVEREST Sabji Masala,Everest
8901786530502,EVEREST Shahi Paneer,Everest
8901786240500,EVEREST Cumin jeera,Everest
8903550001348,SUBHASH MUSTARD POWDER,SUBHASH
8904351701383,SUBHASH Chaap Masala,SUBHASH
8904351701352,SUBHASH kadhai paneer,SUBHASH
8904351700171,SUBHASH) rai powder,SUBHASH
8904351700218,SUBHASH Methi Powder,SUBHASH
8904008100057,Mango Fruits Bites,
3948764041259,Thumbs Up (Indian coke),Coca Cola Company
9835500008772,SUBHASH pili mirch,SUBHASH
8906113441919,8906113441919,
8939111427128,,
8901262140140,,
8903550002024,SUBHASH ACHAR MASALA,SUBHASH
8906097331558,Basmati Rice,
8901810747579,precious,
8901042955087,Lime pickle,
8906006330030,,
8904071705166,,
8904351702670,JPSC ANAR DANA,Jpsc
8901262151382,Kool,
8904209300096,Parada Payasam,Aachi
8901030950933,,
89000076,Hydration Sports Drink Mix,Skatch
8906173680020,Choice bread,
8906144570527,Cool berg high on Malt 330ml btl,
8904304365747,Cool berg mint beer 330ml btl,
8906144570480,Cool berg mint beer 330ml,
8908013140077,Jimmy's cocktail Margarita,
8901207043451,Pudina hara,
8903550000761,SUBHASH Amla Powder,SUBHASH
8901670816095,,
8901063033337,Treat CHILLI GUAVA CREME,
8906069402354,Hot Garlic Sauce,Veeba
8900220231000575,DAIRY KRISHNA PURE DESI GHEE,DAIRY KRISHNA
8907392000057,Moringa Bio,
8907392002549,Curcumine complément alimentaire,Grenera
8907459000082,,
0946457815005,DESI GHEE Madhusudan,Madhusudan
8907486301138,SIN EW Instantised Whey Protein Concentrate,SIN EW
8908000008748,Assam Tea Premium,Leo
8908000080157,Mr. Fresh Mixed Fruit,Mr. Fresh
8908000080201,Mr. Fresh Guava,Mr. Fresh
8906059240416,Moti Poha Chiwda,Moti
8908000106055,Indiras ragi huri hittu,Indira Foods Pvt.Ltd
8908000116924,Cure Masala,
8909081005138,SUNFEAST DREAM CRÈME,SUNFEAST
8901552024228,Tandoori l'achat naan,Ashoka
0001253412282,,
8903071006822,Tuna,Golden crown
09256989,,
8908000440098,Sunflower oil,SVS
8908000861770,Gopal Nylon Sev,Gopal
8901262153423,High Protein Milk,Amul
8909081005152,DREAM CREME,
8908000668256,Riz Basmati - Qualité Supérieure L'OR BLANC DES MAHARAJAS,
8909876543319,Chocolate Spread,
89006184,,Unknown Brand
8906146030555,Kaju Katli,Haldiram's
8908008551031,Amritsari khas,
5010775191617,Chocolate almond,Magnum
8906080603907,,
8901058854107,Atta noodles,Maggi
8906108531267,soups,
8906010505479,Chaat Chaska Tickilng Spicy Potato Wafers,Balaji Wafers
8901440218951,Eastea Harmony Black Tea,
8901792000167,Curry Pow. roasted 900G (geröstet) Suryaa,suryaa
8901440218944,Eastea Harmony black Tea 200g,
8901052009275,Tata Tea Premium,
8901725102760,B Natural Pomegranate Juice,B Natural
8901095900034,Society Premium Indian Masala Tea,
8901095030021,Society Premium Indian Leaf Tea,Society
8902347000687,Meri chai,
8901207014147,Coconut Milk,Hommade
8906094860006,Cashew blueberry bar,
8906094860020,Quinoa strawberry Bar,
8901030084188,Coffee Powder,Bru
8901030084171,BRU PURE,
8902901225754,green peas 500g,Good Life
0013508818527,GL rajma chitra 500g,
8902901225990,GL Panjabi mix 500g,
8902901222548,GL Panjabi mix 500g,
8902901224900,GL Chana Green,Good Life
8902901029840,Pulses kabuli chana 2kg,
7622202236365,,
8902901011722,Pulses rajma chitra 2kg,
8902901011692,Pulses moong chilka 2kg,
8906025020035,,
8903059606310,urad black split 1 kg,
8906025020042,Sona Sikka Refined Groundnut Oil,Sona Sikka
8906018540922,Thandai Powder,
8906058611286,Gaia Olive Oil Extra Virgin,Gaia
8901719130021,Parle happy happy,
8902901039795,Pulses brown chana 2kg,
0690225109000,Bemisal Shahi pakwan pri rice 1 kg,
0690225305754,IG daily pri basmati rice 1 kg,
0940947025127,Dawat super basmati rice 1 kg,
4901135025127,Dawat super basmati rice 1 kg,Daawat
6953774643802,Parle milk,
8904044240755,Dyna Thumb Spica Brace,Dyna
8996001351888,Wafello butter caramel 2k,
8901058001600,Polo,
8904132953772,Independence dubar basmati rice 1 kg,
8908012731535,Rock Salt,Mount 84
8901440200048,,
0903009006410,,
8906021929301,AL SHAFI,
8906125310111,AMERICAN HARVEST Natural Honey,
8906021922142,ALTAYYAB Natural Honey,
8906021922159,ALTAYYAB,
8906147190012,Overnight oats,Miheso
8906131681243,Supergrain Pancake,Mille
8901747002505,Instant ginger tea,Wagh bakri
8904132913639,Snac tac wafers chokolate,Snac tac
8901777766040,Vadilal,Vanilla Icecream
8908003001029,Maaza Gold Tea,Unknown Brand
8906111022691,Abu Kash Rice,
8901725018665,Bingo Hot & Spicy Korean Style,Bingo
8901747002468,Wagh,
8904156100411,Vanilla Ice cream,Ideal
4901459002996,,Maggi
8905618000959,Frozen Kothu Porotta,Lovely
8901905501703,super dream,monginis
9569733000448,,
8904474000295,8904474000295,
8908009192172,tomato paste,Indira's
2201044872129,Creamy cheesy blend,Veeba
8906023920382,Mozzarella,Dairy craft
8901725121761,Whole Wheat flour,
8904004409642,Delightful(Treat),
8908012051008,Noix de Cajou,
5056533862740,Red chilli sauce,Chings
8410179020723,Black pitted olives,Borges
6909825011472,Liquid sauce,Maggi
8906143890145,date sweetened peanut butter,The Whole Truth
8901248428309,Emami,
8906081382894,Idli rava,Telugu foods
8904050602066,,
8901030681547,Taj Mahal tea bags,"Brooke bond,Taj Mahal"
8901246006394,Del Monte tomato ketchup 900 g,
8906074829016,,
8904215103605,,
8904123527012,,Unknown Brand
8901058016000,,
5056185745460,,Myprotein
8901030819636,Seasoning powder,Knor
8903071001575,Cornstarch,Golden crown
8901246003140,Penne Rigate,Del Monte
6908207770396,,
8903071000042,MSG,Golden crown
8903071005290,PANKO,
8901777729175,American Nuts Ice cream,Vadilal
8904150500811,pancake mix,
8908012456100,,
8901725006549,B Natural guava,
8902080002047,Tropicana guava,Tropicana
8906005060013,Cocojal tn,
7907349003316,Bhelpuri chutney,Mothers recipe
8903071001315,8 to 8 sauce,Golden crown
8908012605119,Worcestershire sauce,Lea & perrins
8904132973312,snactac veg mayonnaise,
4901069009729,,Maggi
8999999596996,,
8908012363477,,
8906098790958,Peanut Butter,Marbella
8906082372283,Alphonso Mango lite,nic
89007570,,
8902579002503,TOFFEE CARAMEL FLAVOURED MILK,Smoodh
8908004057018,Ricebran Oil,Tulsi
8901542008764,,
8904004407372,,
8906056495475,,
4901265161429,Pure Magic Chocolush,Britannia
8907063166426,Potatoes spicy oven baked,Britannia
8908018414005,oswal Soap,oswal
8906033745067,Cookies 🍪 kajo,
0676360440079,,
6901247038402,dabur amla,dabur
4902886000227,,Unknown Brand
8999999025281,Jdokdkdkj,Hsiwjiwo
8901725121143,Aashirvaad whole wheat atta,Aashirvaad
0941458005608,,
8904089921008,Total curd,Heritage
8906112993358,Cookie,Lo
8903023305447,surja fried alu chips,surja
8901262020091,Cheese Cube,Amul
8906067022011,Carb blend,Muscleblaze
8001030559775,NET VOL 5 m 8 l90103o 899775 APPROVED,
8901725004552,8901725004552,bingoi hashtags
8906020492738,Doodh peda,Lal
8901393016475,,
8904100770042,Thick Sliced Bread,Bimbo
8906004264696,Uhshssh,Hbb
8901542002298,Complan,Complan
8901111071410,Vildaril M* 50 / 850,
8901058006148,maggie chicken noodles,nestle
8901058002294,Maggi Manchurian Noodles,Nestlé
8901111069349,Tiban M  *'* 20 /1000,
8906114820577,Soya chunks mini,
8901725110536,Ready To Cook Chapati,Aashirvaad
8901689030024,Strawberry crush,Mala's
8902082801754,,
8906069723114,,
8906077711363,,
8901111075906,Tiban Mp * 10 /500 / 15,
8901111077276,Diazac M ER ** 10/1000,
8901111079676,Empadil L * 25 / 5,
8901396153306,Harpic lemon fresh,Harpic
8939123210558,Peanut Butter Powder,My PB
0846203000238,,
8906090573641,Too Yumm Moong Dal,Too Yumm
8906125311996,,
8906032018841,Soya Granules,Nutrela
0784927304785,Gd,Hd
8901302202425,Dapzin 10,
8901111079294,Empadil M ** 12.5 / 1000,
8901111079270,Empadil 10,
8906095290475,Instant Lemon Rasam Mix,Adukule
8901148239906,SPARACID DS SY,Spagv
8901709019800,,
8907382040063,,
8901888008411,Dabur Real activ 100% juice cranberry,Dabur
8908006646739,Limes and chilli lotus seeds,Mr Makhana
00034872,,
8901745101507,RKG PURE Ghee,
8901030000812,Dalda Vegetable Ghee,
8906014086400,Brahmins,
8906014086417,Idli podi,Brahmins
8410125246344,Figaro oil,
8330396215330,Harpic lemon fresh,Harpic
8901030953408,Hazelnut Chocolate ice cream,Kwality Walls
8905950001256,,
8906015501414,keventer cheese and jalapeno bites,keventer
8901491002585,,Pepsico
8906000610206,McCain Crazy Fries with Masala Mix,McCain
8906000612293,McCain Cheesy Pizza Fingers,McCain
8906015501407,keventer onion rings,keventer
8906088704477,Coffee,Columbian Brew
8906065169374,ITC Master Chef Classic Aloo Tikki,ITC
8906168750387,,
6900090572132,,
8901138140625,Mentat,
8901440002376,Easter tuvr dal,
8903023305737,surja swali,surja
8906123570036,Pritam's Mast Cha,Pritam's Mast
8901302111970,Etorica 90,
8903023305454,surja kai Dana,surja
8906066830969,Strawberry Wafer Biscuits,Kravour
8901440222132,Curry Powder 2yrs prod,Eastern
8901440220756,Shawarma Spices 2yrs prod,Eastern
8908019040265,"Clear Whey Protein , Nimbu Pani",Protyze
8904287005418,Amore,Amore
8901808000044,weikfield corn starch,Weikfield
8901262151832,,
8902080002320,Gatorade blue bolt flv 500ml,Gatorade
8901440223030,Garlic Ginger paste,Eastern
8904132919563,Expelz ultra clean 500l,
8904077200016,Khakra,Maniarr
4987176033710,Cough drops,Vicks
8906029307477,eyetex pallavi kumkum spot,eyetex
8906069405119,Cheesy Melt Garlic,Veeba
8904271200348,Mosquito & fly killer Baygon max  625 ml,
8997017570416,BINTANG,
8904271200287,Baygon max  mosquito &fly killer  400ml,
8904271200263,Baygon max mosquito &fly killer  200ml,
8906088330263,sesame chakra,Durga Agencies
8906107172638,Everyday Chicken Steak Meatigo,Meatigo
8906006522824,,
8906021129022,Kashmir Chilli Powder,Aachi
8906062260753,Chia Seeds,
8901648090151,Strawberry Crush Ice Cream,Mother Dairy
8905063002669,VESTA,
8906107170092,Chicken Ham,Prasuma
8906108530567,inchi green chilli,
8906001025276,Chocolate Hazelnut Whey Protein,Avvatar
8906074086808,aswins Donuts,aswins
8906077362329,Peri Peri Penne,Jaimin Foods
8904120006503,Swamala Classic Chyavanprash,Swamala
8906010501327,Balaji Wafers Yumstix,Balaji Wafers
8908008717031,Saloni Kacchi Ghani Mustard Oil,Saloni
8901689030734,malas orange,
8906002082032,Sakthi Chilly Chicken 65,
9555540021394,Checkers,Cadbury
8908005126324,Boom,Bira
8908001105347,on1y cardamom,on1y
8908001105279,the only all purpose mix 40g,on1y
8901414000513,Bikano Dry Petha 400 G,
8904014802730,Alcool,Paul
8901063136632,Tiger,Britannia
8906002342587,Sooji,
8901248749527,Zandu Honey,Zandu
8901560000146,Nilon's Pickle,Nilon's
8906012460127,Riz basmati gold double deer,
8906021921459,Natural honey,
8908000106000,,splitz
8901058019346,noodles,maggi
8904063209702,Dal Palak,Haldiram's
8905285255898,,
8904061030346,Black Seed Oil,
8901499023735,Kellogg's MILLET MUESLI,Kellogg's
8901491703055,Rolled Oat Flakes,Quaker
8901725000257,,
8906067023889,hk vitals Fish Oil,hk vitals
8907316005328,SAMOSA CHUTNEY,Mothers
0941458903966,,
8906019771844,Nutraj anymany kishmish 500 gm,
8901764012907,8901764012907,Coca-Cola
8906020589285,Id maavu,Super by is
8906019210022,ID,தாயார்
8907734008291,Idly / dosa batter,Fresheys
00001119,,
0117790000391,Low Carb Chicken Caesar Wrap,Redefine
8901262071536,55% Dark Chocolate,Amul
8901304292936,,
8906118210411,Fudge Filled Cookies,Bickies
8906085460031,Single mari lentil crackers,Yash papad
8906015500325,Green Peas,Keventer
5032619320571,Royalty apple,Celebration drink
8906003210014,Sula brut,Drink
8906111321657,Tapioca,
8908005890034,Gingelly Seeds,Godavari
8901207044502,Dabur Vatika,Dabur
8904004404661,salted peanuts,Haldiram's
8906045090506,Nature day,1
8906045090902,Nature day,1
8906088330355,Durga corn mixture,1
8906088330416,Durga moong dal,Durga
8904132956032,Alans potata chips,1
8906054688282,Chuku happi powder,Ajwa
8901560043037,8901560043037,
8904109400667,Soundarya sabun,Patanjali
40135861,Organic,Royal
8909106024199,Bru Coffee 3rs Sachet,Bru
8906020580961,Onion Paratha By iD,iD
8901063136779,Good day chocoalmond cookies,
8901063151154,,
8902979020046,spinz exotic powder,
8906054078816,Kurnool Murmura,Elite Grains
9789388676229,an,33
8904030852306,Chargement…,
7640153867940,Dana Whole Milk,
8901030765353,Kissan,
8901764042508,Coke Brand Thumbs up 2ltr,coca cola
8906059936081,Origo Fresh Indian Raisins,
8904084100415,Amla juice,
8904083511427,Brown rice,24 Organic Mantra
8901792002949,Suryaa,
5727021001063,,
8902188541400,Coriander chutney,
8904004400953,Haldirams Mixture,Haldiram's
8906036670977,Nandini Paneer,Nandini
8901725005948,Sunfeast yippeei 360g,
9002490224844,9002490224844,
4987176177667,ARIAL 4KG,
8901052006052,Tata Tea Agni Elaichi Chai,Tata tea
8906018560074,Tea masala,Spyran
8901747001515,Waghbakri Premium leaf tea jar,Waghbakri
8901030807602,Taj Mahal,Brooke Bond
8902393003199,Gelusil,Unknown Brand
8901747001164,Strong dust tea,Wagh bakri
8901052003846,Strong leaf tea,Tata tea
8904327600931,Myfitness Chocolate peanut butter,
8939999817462,,
8904063211613,Mix veg paratha,Haldiram's
8906091241365,,
8906074823441,Ginget snaps,
8908004827055,Hashmat Noori,ok
8903363010728,Rajma White,Dmart Premia
8908017778870,PL Indian kishmish 500g,
5059883474236,Impact Whey Protein Chocolate Hazelnut,My Protein
3054001051612,,
5150420280263,,
8906020588233,Home style Whole Wheat Paratha,ID Fresh Food
8902268008700,digestive,
8901719123443,Kismis,Parle
8901725119201,yippee!,sunfeast
0723172772987,,
8906143040540,Whole wheat noodles,Yu
8901030918810,Brooke Bond Taaza tea,Brooke Bond
8901747003410,Waghbakri Navchetn tea,Waghbakri
8906143040830,Whole wheat noodles,Yu
8903363010551,Matki Whole,DMart Premia
8901052005109,Agni Strong leaf tea,Tata
8901747000259,Mili PREMIUM,Wagh bakri
3948747000259,Mili premium tea,Wagh bakri
8908007475031,Pani Puri Papad,Zayoo
8901764082412,Smartwater,Smartwater
8906013532366,,
7622202292927,Silk Hearts And Roses Tiny Treats,Cadbury Dairy Milk
4906475032613,wai wai,
8906017766231,Chicken Chili 65 Masala,Quality Food Products
8901414043879,,
8904026644175,tetmosol,
8901747001140,Strong dust tea,Wagh bakri
8909106014565,Red label natural care,Brooke Bond
3948747000341,Mili premium leaf tea,Wagh bakri
8903363011527,Josh Kadak tea,D Mart
8906017790090,Mohan lal tea,Mohan lal chay
8906012843647,pure clycerin,
8902901224221,Good Life Raisins green 200gm,Good Life
8901063342521,,
8901030804939,Dove,Hindustan Unilever limited
8906030680415,Gurujee fryums salt,
8902246000597,Budweiser lager,
8906046880694,Maida,
8943440002833,Dhara mustard oil 1ltr,
8904023007911,hair oil,
0890287000042,Sugar Cream Coulis,Délifruits
8908000870192,Methi Bhakarwadi,
8906005509277,Classic salted peanuts,
8903227021075,,
4987176077097,,Unknown Brand
8901088046442,parashte,
8901030840814,# 08/24 B042,
8901939125241,Soja Nuggets,Amutha
8901248713016,Abyadhi modhak,Unknown Brand
8908004778142,,
7622202309885,Bournvita 500g,
8902188721086,,
8901155305359,gits mini gulab jamun,Gits
8908017962279,Popped Chips,Wicked Gud
8901058012330,Kitkat 10 mrp,
8901808006794,Weikfield peene pasta,
8901808006817,Weikfield elbow pasta,
8904004408010,vermicelli sevai,Haldiram's
8901571013661,sensodine 20 MRP,
8901725001896,Aashirvaad Paratha,Aashirvaad
8901689702099,Strawberry Jam,Mala's
8904145913114,Ensure vanilla flv 400g,
8908000589391,Fizz Jeera Masala,Bindu
8906017291412,Spyci,Bisleri
9909404862027,Kachi Ghani Mustard Oil,Dhãra
8901808006800,weikfield fusilli pasta,weikfield
8906009011370,white label sugar,Parry's
8906133407155,Pure Himalayan Shilajit Gummies,Rootlabs
8902929003716,Kolhapuri Jaggery,Miltop
8904082786796,Sweet Sour China,Kimchi
8904124115515,Curd (Made From Double Toned Milk),Ananda
8906015587722,Nisha N.Black,
8904327600788,Peanut Butter (Coffee Flavour),MyFitness
8901786550500,hingraj,everest
8906059636738,Mixed Berries Greek Yogurt,Epigama Turbo
8904053500987,goldiee garam masala,
8904053502776,goldiee sabji masala,
7622202238765,CDM bites Almnd 54g,
8906007289085,Fortune ata 5kg,Fortune
8907866820969,,
8906097540677,sapphire luxury wafers,sapphire
8908009419392,Bauli moonfils vanilla 45gm,
8906001020608,8906001020608,
8906000610251,,McCain
8906015501049,,
8901030886287,,
8901030946097,,
8904089324939,Double Belgian Chocolate,Lotte
8901777828083,,
8901399102028,SANTOOR GOLD,
8901030789106,,
8908019757385,,
8908002008029,,
8901030952012,horlicks,
8906036071293,,
8908004010556,Chand biscuits,Karachi bakery
6901022731047,DR.Brand,
8906131682226,,
8906010369675,Grb  gulab jamun,GRB
8908000137059,Ms till laddu,
8901063012516,Milk Bikis,Britannia
0616859495050,Tandoori Tofu HoP,Health On plants
8904358326404,,
8906112151604,,
8906008811568,maida,fortune
8904053500383,goldiee chicken masala,
8908000668010,Extra Long Traditional Basmati Rice,Bappo
8906014765978,almond drops 190 ml,
8901152011963,Coconut Shreds,Ashoka
8906081120045,,
8908000233324,iyers rice papad,
8908000385283,Banana chips,
8904011505085,Double horse,
8901444060273,Mal bar taste,
8901888006387,Real pineapple,
8906010368821,coconut soan papdi,GRB
8908018568081,SilverStar Black Salt,SilverStar
8901719124297,krackjack butter masala,parle
8904405936556,,
8902351997577,strawberry puff,
2211008129609903,,
0822870444445,suruchi black salt 100 g,
8908002974430,,
8901063019201,8901063019201,Britannia
8906068765443,,
46932013,,Haldiram's
8901030865862,Knorr mast masal,Hindustan Unilever limited
8906110190155,Healthy Munchies Roasted Nine Grain Mixture,Unknown Brand
8904248980044,Vitamin d LORD'S HOMOEOPATHIC,
8904248980006,Vitamin D,Lord's
8901725100032,B Natural Litchi Juice 1ltr tpk,
8908000870802,Green Chilli Khichiya,Jaimin
8906040980376,Ragi glour,Hareena
8906022070804,Organic Ginger With Honey,Natures Nectar
8901071704960,Hershey's kisses cashews,Hershey's
8908009477996,HealthyHey pea and rice protein powder,healthy hey
8904281900481,Cavigo red ♥️,
8906069721080,Navaratn Mixture,Anand Sweets
8906001053804,Ginger Paste,Mother's Dairy
0946412940285,baby Kesar 10g,
8908009193063,Yojana Poultry's Omega Brown Eggs,Yojana Poultry's
8904053500505,goldiee chhole masala,
8906112662490,,
8901109325150,,
8904109905599,Herbal care ashwagandha spiced green tea,
8901248253116,,
8906010367459,GRB,
8901512920904,CHOCOLATEY SPREAD HAZELNUT,
8901030710681,Domex kill all germs 500 ml,
8901192207111,catch chana masala,Catch
8906020580763,Whole wheat paratga,
8901095029025,Society tea,
8901192101112,Catch black pepper powder,Catch
8901192212115,catch pav bhaji masala,
7300327771007,Chicken Liver Uncooked,Svensk Gardskyckling
0021000700714,,
8901725018320,Gulab jamun,Aashirvaad
8901774002172,Kitchen King masala,Badshah
8901138100629,Koflet syrup,Himalaya
8906009780214,Chikki,Maganlal
8908008267314,Khalis Basmati Rice,
8902080304097,Frooti FOR MKT ADDS,7UP
8901058007473,SUNRISE RS.10,Nescafe
01746305,,
8901058904017,MILO,Nestle
0764460291056,The Originote,
8901161124609,Basmati rice,Qilla
8901044154471,Falero Strawberry Pulpy Chew,Mapro
8904174416549,Hjg,
8906130481189,,
8907316000880,Poha,Mothers recipe
8906002413461,Dr. Wash,
8902127002016,Insert Repellent,
8908003819013,,
8906130484043,,
8904132918221,Ao so yum chilli veneger,
0081612954530,MTR rava dosa,
8904083310143,Milkymist Cheese Big,Milkymist
8906012844927,,
8906034821760,Fontana Milk Powder Full Cream,
8906034821784,Fontana Milk Powder Full Cream,
8901138500740,,
8904281906445,,
8906033740963,Mcvities BOUrBON,mcvities
7901140002080,tandoori chicken masala,Badshah
8906143620230,,
8901192210012,catch biryani masala,Catch
8901774001526,Badshah biryani masala,Badshah
8909081001147,bounce,Good Life
8901774001632,Badshah chicken masala,Badshah
8901774002103,Badshah chicken masala,Badshah
8901832081002,Annapurna ghee 100ml,
8906069401104,VEEBA CREAMY PEANUT BUTTER,VEEBA
8906121611106,,
8906045434225,Cyrpro B plus sirup,
8901662038245,,
8908018095006,Bonphool Natural Mangrove Honey,Bonphool
8906059700385,Chana Masala,Real Indian
8904089923415,Cow Ghee,Heritage
8906023649566,Thirumala cow ghee,Thirumala
8904422700819,Honey,Patanjali
8901832000201,Annapurna Cow ghee,
8907316007285,Dhaniya pudina,Mother's Recipe
8907316005281,Mother's Recipe Tamarind date chutney,Mother's Recipe
8908003623924,DNV Mustard kasundi,DNV
8906003202743,Sargam Garden Fresh Tea,Duncans
8906047529561,Disano apple cider vinegar,
8906003204549,Double Diamond,250 g
8906027122065,SAMS,
8906003209742,Gold Cup,Duncans
7906004122065,SAMS,
8906113441957,Beurre de cacahuète nutty naturel,Beurre de cacahuète nutty naturel
8906113441940,Beurre De cacahuète crunchy,Nutty
8906113441926,Beurre de cacahuète,Nutty
8901725100551,indisches vollkornmehl,
8904057396531,Hatsun Yoghurt Shake Strawberry,Hatsun
8908003032306,Sprig vanilla beans imp,
8901063405349,Cow's Ghee,Britannica
8901058869460,Nestle Everyday Dairy Whitener,Nestle
8901571006885,Eno,Gsk
8906095290284,Nipattu,Adukale
6009698811961,Banana shake,Unknown Brand
9907578603613,,
8906106170338,Sweet Chilli Barbecue Dry Roasted Almond,The Nut Makers Signature
8901221800061,Sohna mustard oil,Sohna
8906161300008,Mushrooms,Manegrow
8901774002011,Badshah tea masala,Badshah
8901774001694,Badshah sambhar masala,Badshah
0001540002059,Badshah rajwadi masala,Badshah
8901774002370,Badshah punjabi garam masala,Badshah
8901774001700,Badshah kitchen King masala,Badshah
8901786170524,Everest tandoori chicken masala,Everest
8901774001670,Badshah chole masala,Badshah
3948786071005,Everest pav bhaji masala,Everest
8906027121013,"SAMS RED, SOYA, GREEN",
8901786151004,Meat masala,Everest
8901786121076,Everest kitchen King masala,Everest
8906044540545,Iso7 Premium Protein Max,Health Farm
8902710100068,Bagrry's white Oats,
9346927008080,Paneer indian cottage cheese,Village dairy
8903363004260,Masoor Whole,Align Retail
8902717023346,Poha,Satyam
0903006355955,Rava,Samrat
8908000796119,Suji,Commander
8901063094208,Good Day Biscuit,Britania
0901764042270,,
7622202398759,5STAR MINI TREATS,Cadburry
8902171000112,Chittchore,Chittchore
8901030976100,Horlicks classic Malt 500g,Horlicks
8908009059178,Super Multi Grain Bread - Zero Maida Bread,The Health Factory
8904132973114,Raskik mango,Raskik
8906081922533,,
8904132975439,Campa 2ltr,
4906417340042,,
8904256721202,whole wheat paratha,fresno
8908018729666,Whole wheat sourdough bread,Suchalis
8901371090015,,
8901808000426,Weikfield Drinking Chocolate,Weikfield
8906000212004,Pillsbury choco oven cake mix,Pillsbury
8901042954547,MTR gulab jamun,
8901262180023,Paneer indian cottage cheese,Amul malai
8901030702556,Kissan sweet & spicy,
8906076130806,Pita Bread,Bakers Dozen India
8904132969117,Aarambh corn Flakes,Aarambh
8906068762497,Peanut Butter,Nutberry
8901777031667,Palak,Vadilal
8904355400046,Electro choice apple,
0769915232370,2JC3F,
8908006274741,Hugo Reitzel Piri-Piri imp,
0745178764469,,
8902764365154,,
8908008194115,noodles,shin-chan noodles
8908001338721,Karak tea chaizap,Chizap
0806360651209,Lotus,
8904103325331,Acne Star,MANKIND
8901663104000,Gala No Dust Broom,Gala
8906017815076,Madhusudan Desi Ghee jar,Madhusudan
8908014100179,Thanjavur Ponni Boiled Rice,India Gate
8901537061026,Devaaya bsmt prm 5kg,
8906007287890,Fortune bsmt Rozana dbr 5kg,
8902901226492,Amchur powder,Good life
8904221694975,ATOM UNFLAVOURED WHEY,Atom
8902901034417,Arva matarani rice,Good life
8906005274120,,
8906007288408,Fortune dubar basmati rice,Fortune
8902901223347,Good life poha/aval mota,Good life
8939117293574,Bawarchi,Poha
8908003623108,DNV ajwain,DNV
8902901222500,Good life ajwain,Good life
8906078180069,Red chilli powder,DNB
8902901223057,Good Life Dry ginger powder,Good Life
8906078181196,DNV Ginger paste,DNV
8902901222906,Good Life Poppy seed,Good Life
8904246910197,,
8902901232806,Good  life Flax seed,Good  life
8901192105110,Amchur power,Catch
8901192103116,Kashmiri mirch power,Catch
8902901241211,Good life turmeric powder,Good Life
8904104736013,Chhole masala,JK
8902901029888,Good Life multi grain atta 6kg,Good Life
8906167310865,Kali gota,Mark premium
8901725007911,Aashirvaad Select Sharbati Atta,Aashirvaad
8904057395534,Hatsun butter,Hatsun
8906078181431,Biryani masala,Dnb
8904477300972,Mysore pak 150 mrp,Bambino
8906020492776,Dharwad peda,Lal
8901030323867,ponds sandal,ponds
8906009079363,Fruit & nut cookis,Unibic
8908022254642,Mini Choco Almond Crunch,Phab
8904132969094,Aarambh Muesli fruit & nuts,Aarambh
8901777634974,Jumbon Puff Paneer Tikka,Vadilal
8908020463145,,
8904221694982,Whey Protein,asitis ATOM
8901148265950,Nise at,Dr ready
7906048075181,Unibic Fruit N Nut 140g,Unibic
8906009075167,Unibic Royal Vanilla cake 140g,Unibic
0000125465235,,
8908018023030,Patanwala Masala milk,Patanwala
7622202328886,,
8908018023092,Patanwala Kesar shrikhand,Patanwala
48023078,Patanwala Mango Shrikhand,Patanwala
8906167310711,Moong dal 1kg,
4908029023085,Patanwala Elaichi shrikhand,Patanwala
0948418023047,Patanwala Chaas,Patanwala
8908018023139,Patanwala Cow ghee,Patanwala
8906167310728,Moong dal 500,
8908019229271,,
8904132932937,UUrad dal 1kg,
8901207037627,Dabur honey squeezy,
8908019229295,,
8908005459101,Quinoa Flour,Nourish You
8901552028219,Aloo Kulcha,Ashoka
8904424804348,Party Snack,Happilo
8908015692468,Chicken Cheese Momo,Wow Momo
8901207040795,Dabur Gulabari Rose Water,Dabur
5766632527432,Mango/Lime Ice Cream,Underground
8906029450784,Meal Time Lime Pickle,Meal Time
8901030986000,Horlicks Health drink,
8904004443547,Punjabi Choley Wrap,Haldiram
11719472,,
0634359765251,Vegan Protein Powder,Genetic Nutrition
8901090324064,,
8904132953857,Moong dal 500,
8906014906098,Corn flakes,Savvy
8908018178730,,
6903300031016,,
8906001021278,Gowardhan paner,Gowardhan
8901030538032,,
8901512913708,,
8904132953949,Toor dal 500g,
3948764042508,,
8906010500351,Aloo Bhujiya,Balaji
00001295,Feed Grade Soybeans,"H‑E‑B, Rural Route 1"
00001296,Afresh Energy Drink Mix,Herbalife
8901544064430,Date,
8902710508697,Chco,
0009999996595,,
00996582,Parle g,
0009961930835,,
0009956130878,,
8907003002814,,
8901542003035,Complan,
8906414000914,Sok smaki Victorii czerwony burak 250,
8904048426629,Tata Chana dal 500g,
0000151009707,First crop Urad chilka 500g,
0000151009709,Urad dhuli 500g (2),
0000151009710,,
0000151009712,Lobia white 500g(4),
0000151009750,Long grain 1kg,
0000151010430,FC Dry fruits Pista R&S,
0000151010431,First crop pista 200g,
0000151010432,First crop Fig Regular(200h),
0000151011448,Mix dal 1kg (5),
0000151011621,Penut 200g,
0000151011626,First crop popcorn 500g,
0000151011880,IT Himg powder,
0000151012280,Imli tree hing 25g,
0000151012297,IT ginger paste,
0000151012425,Hara chana 500g (14),
0000151012881,Imli tree dhania 250g(26),
0000151012914,Soya granules 200g,
0000151013261,Chana bomay,
00015631,,
00157896,ghhh,
00200109,,
00020191,GOLDEN DALIA,Vital
0002123415241,,
02200929,Nutrilite All Plant Protein Powder,
8908018023146,Patanwala Cow ghee,Patanwala
8904132965881,UUrad Whole black 500g,
8904132965874,UUrad chhilka 500g,
8908018023115,Patanwala Pure ghee,Patanwala
8908018023108,Patanwala Pure ghee,Patanwala
8904132949195,Moong whole 500g,
8902901215540,UUrad dal 500g,
8906130900093,Orion Choco Pie Friends Like Family,
8906021910378,gulf dates,
0001225164660,,
0400008023153,Patanwala Cow ghee,Patanwala
8904043905457,salt,tata
8908018023122,Patanwala Pure ghee,Patanwala
7622202237973,Dairy milk,Unknown Brand
8906001024798,Four Cheese,Go
8901207035852,,
8903605017706,Soy sauce,
8906010504021,BALAJI WAFERS,
8906010504007,BALAJI WAFERS,
8906159410245,Bánh mì Otto Moonfils vị Bơ Kem,
8908021531201,Taste Box Banana Almond Slice Cake,Taste Box
8908009092601,"boyini, pochamallu",pochamallu
8901725016876,juice,b natural
8901719130397,parle,Parle
8901071701976,Hershey's,chocolate
8906113490702,Tata,soul Full
8906173950666,,
8901063142619,Britannia nutri choice,Britannia
8901689030123,mango crush,Mala's
8901725000851,Sunfeast all rounder chatpata,ITC
8906019647477,Abbott Digene,Abbott
8901725006969,sunfeast all rounder chatpata,"ITC,Sunfeast"
8908003545745,,
8908010900247,peanut butter,pintola
8901030761195,OTHER,
8901063402089,Dairy whitener,Britannia
8901058905649,,
8901088072250,Saffola soya,
8902264000548,,
6288084624853,Roasted Jowar Puffs,Heka Bites
8906010086978,Black Heena,
8908004944837,Tortilla Wrap 8&quot;,Fresh 2 Go
8901747002277,Instant tea combo pack,Wagh Bakri
8906036070470,Rajesh Chole Masala,Rajesh
8906001212614,Sarson Ka Saag,Sohna
8906081151438,Rose water,Girnar
8904132926745,My Home Freshner Citrus Groove,My home
8901725007560,,
8906009071848,Unibic Fuirt & Nut,Unibic
0059946710467,Wheat pasta,Flipkart supermart
8908735007443,Yogurt intero cocco,Sterzing vipiteno
8924455620670,Star garam masala,Vantillu spices
8901440202745,Chicken masala,Easten
8906027770747,shakti Smart Choice for healthy family,
8908001004152,Krishna,Krishna
8908002979930,Suji Ravva SRILALITHA,SRILALITHA
8908002979671,Refined Wheat Flour Maida SRILALITHA,SRILALITHA
8906005611055,cream delite,winkies
8924455668016,RAGI FLOUR,
8908017753006,bhujia,bhujialalji
8906079510704,BLACK RAISINS MADE FROM PREMIUM QUALITY NUTS SEED LESS,
8381012118016,MILK JUNNU POWDER,
4923126160334,Wonderland walnut,
8906095123629,Wonderland almond 500gm,
9900405120598,Wonderland Cashew,
6348042025426,Dairy Milk CHOCOLATE,
0941001014019,Lizith moong papad,
8526078180885,Dnv garlic papad,
8901499010728,Kellogg's chocos,Kellogg's
8901095700047,One Minute Tea (Masala Flavour),Society Tea
7914396008041,,
8901719125836,8901719125836,
8902268008403,Holland park Cashew Cookies,
8902268008397,Holland Park Butter Cookies,
8906143620216,Garlic Bread Protein Thin,Prolicious
8908012945666,Crunchy Roasted Edamame Sea Salt,Pink Harvest Farms
8906156101627,,
8906022340419,sabudana / Tapioca Sago,Varalakshmi
8902188601111,,
8901401000533,Threptin Diskettes,Threptin
8903023305621,surja gujrati chanachur mix,surja
8903023305553,surja chanachur jhal,surja
8903023305485,surja bhawnagri jhal,surja
8903023305775,surja chana roasted,surja
8908005312345,Nutty Tuxedo Chocolate Popcorn,PVR 4700BC
6279772183929,Skipjack Light Meat Tuna,Alwazzan
8906010368081,Butterscotch,GRB
8908005143666,,
8901030975806,,
8906125311057,,
8906181350717,suruchi katran papad 1kg,
8908016314093,Sundar kaju biscuit 200g,
8901088116268,nihar natural,awla
8906002940028,Besan,pan
8901262072670,55 % dark chocolate,Amul
8904288628135,baking soda,tops
8906044172272,Mega sandwich,
8901058010510,Munch brownie max,Cadbury
8906005671028,Masala Banana Chips,Charliee
8907316003270,MOTHER'S GREEN CHILLI SAUCE,Mother Recipe
8904103310849,Acnestarsoap,
8908012230007,Cold Brew Coffee,Sleepy Owl
89007877,wrigley-s,Wrigley's
0850020298259,Fermented Soybean paste miso,sakura
8906069723251,Butter Garlic Toast,Indian Bakery
8906057884865,YUM,
8908014603175,,
8901207007002,,
8909081000270,Sanfeast Dark fantasy chocolate cream,itc
8906074821485,Premium Cashew Butterscotch Butter Biscuit,Karachi Bakery
8904023000950,Cutis,Vasu
8906075000476,Rusk (with Fruit),Atul Bakery
8905950000150,,
8906066201912,garlic powder,keya
8906066201899,onion powder,keya
8901777485095,Vadilal cheese jalapeno,Vadilal
9281446008107,,Doritos
8410179020716,black sliced olives,Borges
8901777042687,Indian Style Mixed Vegetables,Vadilal
8904232110280,Olive Hot pot,Olive
0946459639906,,
7622202216725,Gems,Cadbury
8906143890060,Protein Peanut Butter,Whole Truth
8901262260664,Slim n trim milk,Amul
0048107238803,Gnc Whey Protein,Gnc Whey
8906159641168,coconut oil,
8901088129695,coconut oil,parachut
8901063365049,,britannia
8906083931861,dmb chana burfo,Unknown Brand
8906083931526,dmb kala jamun,
8906083930284,Laxmi rasgulla,
8906083931304,Laxmi gulab jamun,Laxmi
0701098267985,Gochujang,urban platter
8908018847735,Creamsicle,Brooklyn Creamery
8901030937576,Lipton Green Tea Honey Lemon,Lipton
8904335601241,oatmeal,yoga bar
8906022150162,أرز الوليمة,
8904035421590,,
0000101646321,,
8901725018092,Fantastik frut n nut,Sunfeast
8908004010310,Sugar Free Almond Biscuit,Karachi Bakery
8901939121984,Soya nuggets,
8904398600328,,
8901111046524,Momaderm,Ajanta
8906103240737,,
8904398600182,,
8901111001370,,
8904398600427,,
8901302097144,Coxib 200,
8906122281087,,
8906044909083,,
8904187835092,,
8901463131848,,
8901302097373,,
8901117056657,,
8906063983163,Grisolin,
8904134916881,Super Sypro,
8906045940702,DeraLab,
8906063981077,Tiagra 50mg,
8901030989858,ponds face wash,ponds
8906019633029,1 to 3 noodles chatpat masala,1 to 3 noodles
8906128672568,Mix Berry Smoothie,Regen
0788364292728,Spicy Mushroom Dimsums,Eat Prot
8906001025610,,
8904063210685,Haldiram's Roasted Crushed Peanuts,Haldiram's
8904250311591,May To Dec (8 Month),Tejas
8902979005937,spinz b b pro,
8901058019568,Maggi Pazzta,Maggi
8906170520688,micronized creatine monohydrate,nutrabay
8901030911347,suave essentials cherry blossom caring body wash,suave essentials
8906135990051,Treated water,
8908023145109,beyond fire,
8904132956094,alsns potato chips,
8906007200622,mucopain,
0048107239718,Pure Isolate Whey (Blueberry),GNC
8906016993447,,
8904104719047,jk rj mirch powder,jk
8901192203809,kewal Red chilli powder,kewal
8903489900200,betze lotion,
8901192106629,catch red chilli powder,catch
8901192104625,catch coriander powder,catch
8901192203816,kewal coriander powder,kewal
8906112840096,,
8901425052228,camlin SMOOTHER & BRIGHTER PAGES,
0756970360520,Collagen Hydrolyzed Type I And 3,IgorLabz
8906085171487,Basil Seeds,Nutriwish
8901531300022,Boroline,
8906020581371,Whole wheat chapati,Id
8908013172962,Mango Magic,Phab
8904063256546,haldiram badam pista,
8906095290314,Khara Chakli,Adukale
8908017074934,Mango Raisins,Madamix
8906064651122,Peri Peri Dip,Win green Farms
8904063224156,Paneer (Tofu) Paratha,Haldiram’s
8901063093478,Good day,Britannia
8906009077635,unobic (6pakes),
8901248104067,navratan hair oil,
8904132918368,get real coconut oil,get real
8903023004937,More Coriander powder 100g,more
8901440023739,Eastern Kashmiri Chilli,Eastern
8906010078539,Ganesh Jowari Atta,Ganesh
8908008820021,CRUNCHY Snacks,
7622202042508,CREATIONS Br Cadbury,
8901063139350,BRITANNIA bourbon 500g,Britannia
8902979003155,body lotion,nyle
8901063033382,Britania Treat (Chocolate Flavoured Cream),Britania
8901719130861,Parle hide&seek coco sandwich,Parle
8901719130120,PARLE JAM-IN,
8909081000263,Sunfast darkfasy,
8902901224931,B gram roasted whole,Good Life
8906091300574,Ripped Whey Isolate,Nutrabox
8901972057295,Dukes creme 4 fun,
8904132913622,Snacks Wafers ORANGE,
8908006936212,,
8901552028240,Onion Kulcha,Ashoka
8901047610530,Bombay Egg Curry,Kohinoor
8906734525708,,
8907316000033,Pickled Mango Ginger & Turmeric - Amba Haldar Pickled,Mothers Recipe
8904063215291,Chole Kulcha,Haldirams
8904083525424,Peanut Oil,24 Mantra
8901719130878,,
8906009077284,UNIBIC Sugar free,Unibic
8906012112880,olafresh,olafresh
8906009071282,Creamy Cheese,Unibic
6000000024292775,post office card,yes
8908012731047,Sakariya,Dr. Brand
8906007285025,Besan (Chana),Fortune
8906001056195,madras curry powder,
8906143891845,Peanut Millet Cocoa,Whole Truth
8908002029116,Soya flour,
8908012945710,Red Lentil Crisps Truffle,Pink Harvest Farms
8901689080012,mala's marmalade,
8901440023432,Eastern Kashmiri Chilli Powder,Eastern
8908010271514,Osmania Biscuit,Cafe Niloufer
8906002080113,Chilli Powder,Sakthi Masala
8906143621275,Barley Ladoo,Prolicious
8906009502014,Shrikhand,Chitale
8904004441925,Shahi Paneer,Dead Meals
4066684506661,,
8901393026672,Center Fresh,
8906160650654,Makhana Cream & Onion,Mr Makhana
8906023970011,lallsmixed pickle in oil,lalls
8908003032597,,
8581637226329,Good Bite,
8995026801996,BEDAK,
8904064619807,Chillies,Annam
8904390202902,ZM puriying 2yrs prod,
8906000212257,Betty crocker choco fudge cake mix,Betty crocker
8901242151104,Bambino soups,
8904083513513,Rice Flour Organic,24 Mantra Organic
8904358364864,Royal Crown Rose Water,
8908001361026,Jeerakasala Rice,
0705016600502,Eite 100% Whey Protein Powder Rich Chocolate,Dymatize
8906085174020,,
8906009620053,,
8906010505028,balaji solid masti,
8901088766593,safola noodles,
8908006217694,Millet And Oat Cereal,Slurrp Farm
8906131682431,"Wheat, Apple & Banana Cereal",Slurrp Farm
8908000729094,,
8906077362466,jaimin coconut water,Jaimin
8901088729970,coco india coconut water,
8904063210043,Cham Cham,Haldirams
8906009991061,Family Wonder Bread,Elite
8906077870114,matches,
8901207006784,,
8901777040669,Mixed Vegetables,Vadilal
8906009994277,Elite centoz CREAM FILLED,
0726962584753,Ragi Idli & Dosa Batter,Batter Box
8906162360629,Home Style Coconut Chutney,Chutnefy.
8901777034668,Green Bengal Gram,Cadillac
8906013922815,Pepper Cashews,Unknown Brand
8906113490719,Tata Soulful choco,tata
8906090574051,Too Yumm! Wafers spicy chilli,Too yumm
8906131682813,Chocolate Oatmeal With Fruit & Nut,Mille
0735980999951,Banana Rum Jam,The Gourmet Jar
8904132912861,elbo pasta,
8901435000486,Fresh one Tissues,
8901246003614,Sliced Black Olives,Del Monte
8906069400084,Sweet Onion Sauce,Veeba
8906144680370,White Chocolate Chips,Secret Aisle
8901030712067,LAKMĒ PEACH MILK,
7622202395741,Choco Creme Oreos,Cadbury
8906005618665,Bauli moonfils orange 45gm,
8904067711577,Jabsons Tandoori cashew nuts,
8904067705835,Jabsons Salted cashew nuts,
8904067705828,Jabsons Black pepper cashew nuts,
5059883474250,Impact Whey Keventers Chocolate Hazelnut,MYPROTEIN
8906013317895,Basmati Raic,Gauta's
8906002730223,Instant Idli Mix,Chitale
8906048954287,Batter chatter Rusk 175gm,
8906048954294,Batter chatter Rusk 1kg,
8936145611912,Chicolate 70%,Tbros
8906117360223,A2 Cow Milk,Country Delight
8906165785665,Biozyme Performance Whey Triple chocolate,Muscleblaze
8850291102998,Thai Chili Coated Peanuts,Tong Garden
8902188151210,Chana Dal,Ramdev
8901648091448,Nutrifit Probiotic Drink,Mother Dairy
8906165785382,Biozyme Clear Whey Isolate Icy Cola,Muscleblaze
8906143892019,Strawberry Shake 24g Protein Powder,The Whole Truth
4897036693612,,
8908003623429,DNV masala papad,DNV
8906131683063,"Wheat, Apple & Date With Milk Cereal",Slurrp Farm
8906001051503,Mother's Recipe moong papad,Mother's Recipe
8904104776682,urad bori,JK
8904104709338,jk matar boro,JK
8904104774725,jk masour bori,JK
8908003623597,DNV punjabi masala papad,DNV
8899456313897,divine vibes diwali handmade diya,divine vibes
8901365601135,prestige metallic  safety plug,prestige
8904293714724,cistern blocks,Flipkart supermart
8904293722866,Indian raisins,Flipkart Samarth Krishi
8906083670043,magic cleen stainless steel steel scrubber,magic cleen
8906012841919,hand cleanser,intimate
6221007004066,Chocapic,Chocapic
6278814367808,Fanta,Fanta
0735980999944,Orange Marmalade,The Gourmet Jar
14210259,Butter cookies,Unknown Brand
19015958,Veg hakka,Unknown Brand
8901396116158,Lizol allin1 2L 500ml,
0300676270401,,
0610708495963,rostaa Salted Mix,Rostaa
0639382000393,,
0690225106542,Brown Rice India gate 1 kg,India Gate
0706502242329,,
0748927026245,Gold standard 100% Whey Protein,Optimum nutrition
0748927052756,Pre-workout Watermelon Candy,"Optimum nutrition,ON"
0783942606690,chocolate herbal tea,Maison & Co
0801541100507,Tulsi Original,Organic india
0811594100102,0811594100102,Unknown Brand
0846203081695,Bakarwadi,
0850006000012,Coke Classic,Coca Cola
0852953001234,,
0942444797781,,
8901491709446,Oats Multigrain,Quaker
3033490165420,"Yaourts Gervais Aux Fruits, 24x50g 18+6 Gratuits",Gervais
3140307503037,,
3265490008012,,Roger Vidal
3379140002890,Lijjat Papad,Lijjat
3389090011088,Terrine de boudin aux pommes,Une histoire de goût
3420301704808,India's Magic Masala,Lay's
3538280055931,Chewing gum Green Fresh pack de 4,Hollywood
8906037692107,Savory chocolate,
4260121341215,Mammut,Weight gainer
4901465098334,goodat,britannia
5000128737883,,Unknown Brand
5425024150107,Caulier Tripel 33 CL Fles,Unknown Brand
5449000043382,Cocacola original taste,Coca Cola
6001069206581,Potato Chips Salt & Vinegar Flavour,Lay's
6009800461091,6009800461091,Unknown Brand
8901030251504,Taj Mahal Exclusive Selection of finest teas,Brooke Bond
8901030373916,Bru Gold,Hindustan Unilever Brand
77881212,Maggie Rich Tomato sauce,Maggi
7804320068565,Emiliana,Cabernet Sauvignon
7906018730478,Dalia,Savour
8004323130378,pasta,colavita
8696740100029,Dried Apricots,Türkel
8906034814250,Savory caramel,
8809111630258,Peace Juice Drink With Real Fruit Pulp,T'Best
8854761800537,Mixed Berry Fruit Jam,Chabaa
8900200025556,Venga Functional infusions Calorie balance Lemon lime green tea,Unknown Brand
8900200025624,Wenga,wenga
8901001555372,Mango lime Chutney,
8901001555549,Masala curry,
8901001555853,Mida Currypaste Tikka,
8901020102021,,Kingfisher
8901020104025,Biere Taj Mahal,
8901030083327,Lipton Chai Latte 3in1 Classic 25.7GR,
8901030154409,Darjeeling tea,Lipton
8901030450389,Redlable tea   500g,
8901030461224,chinese manchurian,knorr
8901030515293,Green Tea- Honey Lemon,Lipton
8901030534898,Kissan Fresh Tomato Ketchup,Kissan
8901030609275,knorr hong kong machow noodle soup,knorr
8901030614934,life buoy,Unknown Brand
8901030618581,Classic thick tomato soup,Knorr
8901030625381,bru coffee,BRU
8901030638220,ponds,Unknown Brand
8901030640940,,
8901030670930,Ketchup,Kissan
8901035055619,Digestive Qualité supérieure,al fina
8901041000313,salty,Unknown Brand
8901042954639,Dhokla,Mtr
8901042954677,Badam drink mix,MTR
8901042956183,Alu Muttar,
8901042957975,Vada,
8901047001024,Kohinoor Basmati Rice,
8901047001055,Riz basmati,Unknown Brand
8901047011368,Riz basmati,Unknown Brand
8904003910040,Shahi Biryani mix masala powder,Rakesh
8901047912436,Khatta meetha,
8901047912498,Mini Samossa,
8901047912504,Bhakarwadi,Kohinoor
8901047912788,Masala Moong,
8901047912818,Plain bhujia,
8901050095102,Peanut Butter,
8901052087426,Green tea,Tetley
8901058817836,Nescafe Classic Coffee,"Nestle, Nescafe"
8901058844627,Cerelac,Nestle
8901058844894,maggi rich tomato ketchup pichkoo,nestle
8901058850680,MAGGI MASALA NOODLES,Maggi
8901058851311,Maggi Masala 2 Minute 2 Noodles - 280 GM,Nestle
8906090570848,Veggie Sticks Sour Cream & Onion,Too Yumm
8901058853988,,Unknown Brand
8901058856125,Kit Kat,Nestlé
8901058856293,Masala Magic,Nestle
8901058857245,Kitkat,Nestle
8901058857931,Munch Nuts 10% Extra,
8901063004092,Good day (chocochip),Britannia
8901090212323,CAFE ROMA,Product of india
8901063136731,,
8901063138155,Thin arrowroot biscuits,Britannia
8901063138186,Nutri Choice,Britannia
8901063154025,Ragi cookies,Britannia Nutrichoice
8901063162143,marie Gold,Britannia
8901063164017,Sharma,Ji ka biskit
8901071301022,Sofit Soya Milk,
8901088047142,Parachute Coconut oil 100% Pure,parachute
8901138507091,Himalaya Herbals Chyavanaprasha 500g,Himalaya Herbals
8901138831523,Triphala Bowel Wellness,
8901138834234,Karela,Himalaya wellness
8901144311002,Tilda Basmati Rice,Tilda
8901155101111,Gulab Jamun mix,Gits
8901155101210,Gulab Jamun,Gits
8901155109216,Rava Idli,Gits
8901155116214,Gits Upma Mix 200G,
8901155426313,Matar paneer,Gits
8901157001150,Good knight silver refill,Goorej
8901157021028,Good Knight Power Active,Godrej
8901161120205,Lal Qilla Basmati Rice Suitable For Diabetes & Obesity,Lal Qilla
8901207872624,Dabur Honey,Dabur
8901233011202,Cadbury Original Oreo,Cadbury
8901233020341,BournVita,Cadbury
8901233021942,Dairy Milk Silk 60GM,
8901233022086,dairy milk silk bubbly,"Cadbury,Cadbury Dairy Milk"
8901233022093,,Cadbury
8901233023687,FUSE,Cadbury
8901233024042,perk,cadbury
8901233028361,Dairy Milk,Cadbury
8901248701105,jhandu balm,no
8901262151375,Cool Kesar,Amul
8901262151429,Amul kool Cofe,Amul
8901389050209,PASSPASSS  PULSE,Ds group
8901393005493,Happydent Complete,Perfetti
8901393012156,Just jelly-strawberry flavour,Alpenliebe
8901393016147,Centre Fruit,Centre Fruit
8901393017045,Chupa chups sour belt,Milka
8901393017205,Alpenliebe,PERFETTI
8901414004467,Bikaneri Bhujia,Bikano
8901414015609,Хркстящая пряная смесь All in one,Bikano
8901440013044,Sambar powder,Eastern
8901441010912,plain papad,
8901441011117,Papadam Neutral Ohne Fett Geröstet,Unknown Brand
8901441013012,Pappadum Rote Chili 200 g Lijjat Indien,Unknown Brand
8901483010512,Корнишоны маринованные,Big company
8901512890504,Nachos,ACT 11
8901491103060,Kurkure Hyderabadi Hungama,Kurkure
8901491103282,Cheetos,PepisCo India
8901491103787,Flocon d'avoine pour poridg,"Pepsico, Quaker"
8901491400107,,Pepsico
8901537006027,Rozana Gold  basmati rice,Daawat
8901537006164,Rozana Rice,Basmati
8901030926532,kissan chilli sauce,
8906001005278,Mother's Recipe Mixed pickle,Mother's Recipe
8901491702409,Quaker Oats,Quaker
8901499008138,Chocos Duet,Kellogg's
8901499009494,Oats Mango Strawberry,Kellogg's
8901542001857,Glucon-d,Glucon-d
8901552000680,Ashoka Mixed Pickle 500G,Ashoka
8901552002592,Lemon Pickle,
8901552011747,Ashoka Bhindi Masala,Ashoka
8901552019316,Original Indian Mango Puree,truly indian
8906078180649,dnv mango pickle,dnv
8908003623818,DNV Mixed pickle,DNV
8906001052548,mango pickle 400g,
8901552021449,Shahi Methi Matar,Ashoka
8901552021456,Bombay Pav Bhaji,Ashoka
8901552021463,Dum Aloo,Ashoka
8901560100273,Fusilli Pasta,Nilons
8901571000098,Horlicks Original Jar,Horlicks
8901571001354,THE DATE OF,horlicks
8904132918849,aaramabh,aaramabh
8906064658855,burger mayo,
8901595972234,Chilli Chicken Masala Mix,Ching’s Secret
8901719100277,Eclairs,Parle
8901719100826,Hide & Seek,Parle
8901719100956,Parle G,Parle-G
8901719255144,Parle-G,Parle
8901719404412,Hide &seek,Parle
8901719703034,Krack Jack Original,Parle
8901721100289,,
8901725118341,Kitchens Of India Strawberry & Mint Fruit & Spice Conserve,Kitchens Of India
8901725121198,Aashirvaad,
8901725131128,Farmlite,Sunfeast
8901725132767,sunfeat biscuits,Sunfeast
8901548100721,nutralite mayo,
8901725133511,Bounce,Sunfeast
8901725136031,Delishus gourmet cookies nuts & raisins,Unknown Brand
8901725136048,Mom's magic nut biscotti,Sunfeast
8901725150105,Whole Wheat Flour,Aashirvaad
8901725181420,Sunfeast Yippee Noodles,ITC Sunfeast
8901725181529,Yippe noodles,ITC
8901725198558,Mad Angles - Achaari masti,bingo
8901725953140,,Unknown Brand
8901745115009,Agmark ghee,
8901763080013,Symphony,fssai
8901764022807,Fanta,Coca Cola
8901764042324,Thumsup charged,Coca cola
8901764051258,Limca,Limea
8901764052408,Limca 2ltr pet,Coca Cola
8908000589872,Bindu fizza jeera,
8901542002731,complain royal choco pop,
8901777401125,Paratha aloo,
8901777404126,Paratha,
8901777425749,Vadilal Hariyali Naan,Vadilal
8901777445129,Paratha Malabar,Vadilal
8901777525128,Veggie fingers,
8901786160501,EVEREST Chicken Masala,Everest
8901786171002,Tandoori chicken Masala,EVEREST
8901786425006,Everest Turmeric,EVEREST
8901792002680,Soya,
8901792003359,Roasted Curry Powder,Suryaa
8901792003403,Roasted curry power,
8901803001190,Amrutanjan Strong,Amrutanjan
8901808000013,Weikfield baking powder,Weikfield
8901826301512,Verka Cow Milk Fat Ghee,Verka
8901874104691,Bikaneri sev,
8901884402206,Chutney datte tamarin,
8901888040183,Dabur Real Juice Orange,
8901905021300,,
8901972058353,Biscuit'bo,
8901972066105,Pirulitos,
8902049000022,KESAR MANGO PULP,
8902080011261,Tropicana Goyave,tropicana
8902080013869,Pomegranate juice,Tropicana
8902153000031,Apple,Maa
8902167000584,pulao masala,mdh
8902167001079,MDH' Masala Pour Poulet Au Beurre 100g,
8902269502399,Protichem (CHOCOLATE),Protichem
8906081380166,Ginger Pickle,Telugu Foods
8902335008985,Bourbon,
8902418000011,,
8902456505424,Insulin tablets 12X,SBL
8902519310248,register,saathi
8902579103880,Parlè Agro,Parle Agro
8902579131029,fizz,Appy Fizz
8902592000715,Soan papdi,
8902610240048,Чабрец (тимьян),Kamis
8904063230256,Paneer Makhani,Haldirams
8902979052382,Vanilla milkshake,Cavin's
8904001800220,Idhayam Sesame Oil,
8904001800237,Idhayam Sesame Oil,Idhayam
8904004400564,Lite Chiwda Lite Bite,Haldiram's
8904004400946,,Haldiram's
8904004405422,Sonpapdi,Haldiram's
8904004405910,Gulab jamun,Haldiram's
8904006291016,Minees Rich & Creamy,Unknown Brand
8904035417524,,
8904037203873,Noni juice,Modicare
8906032325376,sunscreen,
8904063200143,Haldirams Masala Moong Dal 200G,
8904063200150,Hara Chiwda,Haldiram's
8904063200167,Haldiram Dry Fruit Kaju Mixture,Haldiram's
8904063200174,Kashmiri Mixture 200G (bohnen &nuss) Haldirams,Haldiram's
8904063200204,Navrattan,Haldiram's
8904063200211,"Haldiram's, Shahi Mixture",Haldiram's
8904063200280,Haldiram Karanchy Mixture,Haldiram's
8904063200556,Gujarati Mixture Namkeen,Haldiram's
8904063200587,Haldirams Mini Bhakhar Badi 200 GM,Haldiram's
8904063200624,Madrasi Mixture 200G (pikanter Snack) Haldirams,
8904063200662,Mathri spicy fried wheat flour,Haldiram's
8904063200969,Moong dal,Haldiram's
8904063200976,Navrattan,
8904063205001,Haldirams Soan Papdi(desi Ghee) 500 GM,
8904073701043,CRISPY ET TASTY BUTTERFLY,JAYACO
8906010361266,Bombsy mixutre,Town bus
8904063232250,Dal tadka desi meals,Haldiram's
8904063233257,Haldirams Minute Khana Aloo Mutter 300G,Haldirams
8904063252340,Kaju Kalti,Haldiram's
8904063253606,Haldiram Dry Fruit Dal Biji,Unknown Brand
8904073705010,Roasted Hot Curry Powder,
8904063259141,Snac lite,Haldiram
8904063260253,Cookie heaven kaju pista,Haldiram's
8904064622906,Pickle Citron,
8904067700762,Khakhra,Unknown Brand
8904067708836,Soya sticks magic masala,
8904067709529,Banana chips,Jabsons
8904071700031,Masala Banana Chips,Chheda's
8904083300854,Pomegranate,Pom Wonderful
7901095325920,Toastea,
8904084100422,Aloe vera juice,Unknown Brand
8904084100477,Aloevera D-Blocker juice,
8904084100491,Aloe Panch Tulsi Juice,
8904084900138,Surimi,Lipton
8904109445361,,
8904109450112,,
8904110025163,Généreux,"Saint Agur, Savencia"
8904113900177,Egless chocochip Cake,Kidys Oven Fresh
8904117900395,Jaggery,
8904118102736,,
8904150200155,Almonds,Nutty gritties
8904158903140,AMLA OWDER (groseilles indiennes) Ayurvedic & Herbal),
8904158903218,JAMUN  KARELA POWDER Bittermelone-Rosenapfel,
8904209302014,Tandoori Chicken Masala,Aachi
8904223000071,,Unknown Brand
8904230395252,Jeera cookies,
8904230395368,Chocolate Cookies Sabri Pasand,
8904230395375,Cookies,
8904083524601,24 Mantra Low GI Rice,24 Mantra Organic
8906009072111,Unibic orange splash cookies,Unibic
8904245400477,Incienso Nag Champa 15GR. Saibaba,
8904256700320,Bb royal Honey,Bb royal
8904258700533,Guava Fruit Juice,Raw Pressery
8904583423022,Fornacine al parmigiano,
8906000210048,Whole wheat flour,Pillsbury
8906000597545,,
8906001051367,Red stuffed chilli,
8906001053088,Chicken Tikka,Mother's Recipe
8906001054597,Mothers Recipe Butter Chicken Mix - 100G,Mothers Recipe
8906076281676,Super Isolate Keto Whey,Neulife
8906001141006,Mysore Royal,Mysore Royal coffee day
8906002000104,Sandwiche Spread,FunFoods
8906002001156,Peanut butter creamy,Dr.Oetker FunFood
8906002004553,Salsa,Dr. Oetker
8906002080410,Poudre Curry,
8906002081929,sakthi Egg kuruma masala,
8906002527076,,
8906004563133,Diamond 7 Wonders Lentil Crackers,7 Wonders
8906005502575,Papad,Unknown Brand
8906009070902,unibic honey otmeal,Unibic
8906009071602,unibic choco nut,Unibic
8906009077314,Honey Oatmeal Cookies,Unibic
8906012510143,Huile de riz,
8906021883191,पतंजली च्य्वन्प्राश,पतंजली
8904287001250,,
0080878191444,fortifying damage repair,pantene
8906017290125,Vedica,Bisleri
8906017861486,Bisk Farm Burst,Bisk Farm
8906018383048,Butter delite,
8906019561186,Apéritif indien,
8906020491175,Mysorepak,
8906020730472,Dalia,savour
8906021120296,Aachi Briyani Masala,
8906028790027,,Unknown Brand
8906028801020,Corn flour,Butterfly
8906030680422,Fryrums Masala,Gurujee Home Foods
8906032010975,Nutrela Soya Chunks,Ruchi Soya
8906032010999,Nutrela Soya Granules 220gm,Nutrela
8906033261031,Premium Cardamom Tea,Ripple
8906033745111,Mcvitie's Tea Biscuits (100 G),
8906035790072,Organic green tea,
8906036672056,Milk Peda,
8906009070933,Butter cookies,Unibic
8906046143775,Golden chaï latte,
8906047521558,Disano Olive Oil,Disano
8906048500651,Protinex Chocolate Flavour,"Nutrica,Protinex"
8906050450470,Premium gur rewari,Lovely sweets
8906052374033,Moya,
8906056791348,,
8906056940074,Gold Smith Rum,Gold Smith
8906058610159,Stevia,Gaialite
8906059371875,Brown Bread,Baba Sai Bakery
8906065790004,Potato cracker,Pran
8906066202438,Mathura chaat masala,
8906070441106,Sukha Lemon Bhel,
8906078770062,Peanut Butter,Nubites
8906080600982,Jus de mangue,Paper boat
8906088280025,wagga wagga,Riverina Oils
8906090370189,dairy fresh shah anjeer ice cream,dairy fresh
8908000998827,Danone Sweet Lassi,Danone
8908001705752,Aamras Juice,Paperboat
8908002206364,Mineral water,Krushnai aquq
8908002485042,Khova,Unknown Brand
8908002979442,Brown rice,Srilalitha
8908003799025,Eau,
8908003819297,Henné,
8908004280003,Egg Noodles,Golden Grain
8908005144342,Breakfast protein bar - Apple Cinnamon,
8908005908043,,
8908008772009,Coconut crunchees biscuits,
8908008820007,Banana Chips,
89007938,,
89058947,Riz Rond du Sud,
89272412225441,Awesome product,Awesome brand
8991001780539,Twister,Delfi
8992775343883,Sugar cheese crackers,Garudafood
9300633929169,Chunk Light Tuna,Woolworths
9421025405822,Butter cookies,Connoisseur
94447750,double horse lime pickle,double horse
8901138501655,Ashvagandha,Himalaya
8901777405123,Paratha Onion,
8904006291023,Rich & crea minees,
3052911219214,Sirop,Monin
8904018300591,Medimix with Eladi oil,Ayurvedic
8906006722187,Dates,Lion
9556296321554,Chocopie,Cocoaland
8902167000331,MDH Chana Dal Masala 100G,MDH
8901037255369,MASALA CHAI,
8901052010417,Tata Tea Premium,TATA TEA
8906019566013,farali peanut cookies,
8908004711705,,
8906001140726,Funza Multi Grain Chips Periperi,
3948233030517,,
8901233030517,Diary Milk Chocolate,Cadbury
8902979035200,,
8906078770000,Beurre cacahuète,
8904049650597,Alishaan riz Indien long grain,
8907392002556,Infusion vègètale,
8906064280711,Butter Cookies,Danima
8901786020508,EVEREST Masala tae,Everest
8901719107474,Fab Bourbon Biscuit,Parle
8901571007745,,
8906006720343,Lion honey,Lion
8901058008425,tomato ketchup,Maggi
8901155103214,GITA Dosa,
8906001056867,Curry - Mother's Recipe Madras Powder 250G,
8901123003720,LOTTE PIE,Lotte
8996001312650,Malkist sugar crackers,
8901063401457,Britannia Cheese,Britannia
8906048500903,protinex mama,"Danone,protinex"
8906018992042,yélélé,
8906009340111,Korakundah,
8901058859331,milkybar ( choo - mix fruit ),nestle
8907459000235,,
8906059372131,Pain brun,Baker world
8904004405125,Soan papdi,Haldiram's
8904180001623,ELMAC Lemon Juice,ELMAC
8908000668362,Sella basmati Rice,
8901063136861,NutriChoice,Britannia
8908002846034,Goodrich,pizza topping
8902080104345,Pepsi Brand Drink 2.25 l,Pepsico
8908000106048,ragi huri hittu,
8908005508045,,
8906019961870,,
8901155443310,Veg pulao,Gits
03492222,,
8901259060321,Fisilli,De cecco
8908001528474,FUNTEN BIG CHOMP,FUNTEN
8906000591789,basmati rice,
8908001375139,Honey roasted almond,
8904246910173,Priya ginger pickle,priya
18072103,,
8906010020330,Baker Street Traditional Jeera Khari,
8901233031309,Coated Wafer Layers,Perk
8901652140538,cheez Bit,
8901001555525,Lime and chili pickle,
8901207011368,Extrait de Cardamone,Dabur
8904006291047,Minees Sandwich cookies banana creme,Treff
8906003382254,Miel pur d'abeille,Ruche d'Or
8901792003397,Roasted curry powder,
8902281603067,,
8901389050216,Pulse,
8901719656828,FAB !,Parle
8901153001529,Soan papdi,
8906026995028,Brimune Aloe Vera Juice - 500ML,
8908010673004,Malabar Porotta,
11017630,,Maaza
8906016420073,Groundnut Sweets,
8906045581899,Moong Dal,
8907316006011,Desi Schezwan Chutney,Mother’s Recipie
8901030478673,Bru Instant,Bru
8906070864028,Chikki assorted,Swadish Mithai
8901042956800,Vegetable Pulao 250G (vegeta. Reis) MTR,
8909500188640,Kinder Maxi 20 barres,Kinder
8906016420226,Cubes de caramel aux cacahuètes,
8901233028859,Dairy Milk Silk Chocolate,Cadbury
8902351222389,Patanjali doodh biscuits,
8008660163648,Frutti di Bosco Confettura extra 50%,"Buongiorno Natura, Menz & Gasser"
8901233025612,Dairy Milk Chocolate,Cadbury
8906013533769,Wafers,
8906070991687,,Unknown Brand
8904063252524,Murura,Haldiram's
8909499000527,Pur jus de citron,
8901491502047,Spanish tomato tango,Lay's
8904105511336,Mansyadi vati,
4000417451705,Ritter Sport Mini Mix 18er Beutel,Ritter Sport
80135890,Kinder joy boy,Ferrero
8906009077475,Assortiment de biscuits,leonian premium
8904063258342,Haldiram cookie heavilen coconut,
8904304353102,Bodypower Nutrition Whey Protein,Bodypower Nutrition
8906002001163,Peanut Butter (beurre de cacahouète),Dr. Oetker
8904013071007,Telephone Brand Sat-isabgol,
8906002080366,sakthi Sambar powder,
8903059608277,soan papdi,
8901030684777,Green Tea (honey lemon flavour),Lipton
8906103400117,,
0300450449092,,
8908002671971,Apetamin,
8906090570893,,Unknown Brand
8902167001017,MDH Dal Makhani Masala,MDH
8902167001109,MDH Arhar Dal Masala 100G,
8901499008527,,Kellogg's
8906077360158,Chili Coriander KHAKHRA,
8901414001480,Bikano Rasgolla,
8904018660077,Lemoniz Awla candy,
0850026619157,L-Carnitine,Dexter Jackson
8901764012709,,Coca-Cola
8901063035027,Milk Bikis,Unknown Brand
33658995,,
0336589311238,,Unknown Brand
8904109449222,Honey,
8901719702051,Parle Monaco Classic Biscuit,Parle
8902592002108,Classic Kaju Katli,
8908005462040,Peanut butter,Sonya
8908000836228,Pâte à l'ail et au gingembre,
8902188601395,Garlic paste,
8904103030785,Red Chilli Pickle,swastiks
89006948,Milkybar,Nestlé
9556995120946,Butter Cookies,Sapphire
8901414004405,Winter special Badam pista gur chikki,
8906020490529,Mysore Pak,
8906005530233,Huile de coco,
8901719112393,Parle G,Parle
8901155402317,Dal Makhani,Gits
4605810000088,Отруби хрустящие,Диетмарка
8901042956275,Paneer makhani,
8901042956756,Masala rice,
15420770,,
8903023270363,,
3948786131006,Everest sbji masala,
8904084100439,Karela juice,
8901777526767,Veggie nuggets,
8906036672933,,
8906038825023,,
8901058851335,maggi,Maggi
8906003071691,Multi grain bread,
8904103040296,sabji masala,swastiks
8901552000895,Ashoka Lime Pickle Hot (500G),Ashoka
8906005503350,Methi Para,
8801055707119,,
8906010321260,,
8904063207432,Classic nut cracker,Haldiram's
8901537024090,Daawat 5KG Basmati Rice,Unknown Brand
8904063210012,Haldiram Gulab Jamun,Haldiram's
8901030662409,,
8901715000229,بخور,Viji
8906072790059,Malai Sev,
8901192000101,catch sprinklers Table Salt,catch
8904209303349,,Unknown Brand
8901777524121,Veggie burger patty,Unknown Brand
8000500275009,,Tic Tac
8901030574252,3 roses,Brooke Bond
8901719112683,,Parle
8904006291009,Minees,
8906023412030,Cream Bell Pista Kulfi,Cream Bell
8901153970634,Chinese Chilli Oats,
8904168500094,Wild Forest Honey,
8904063200495,Methi Sev,Haldiram's
8901725135485,Mom's Magic,Sunfeast
8901491304782,,
8906109110843,Haldirams cookie heaven  fruit n nut,
8904072000048,Mota's Potato Chips,Mota's
8901030541506,,
8904186402158,Noni jus concentré,
8904006291030,Rich & creamy minees,
8901393019322,,
8906021122108,Aachi Cut Mango Pickle,
8906069930710,Asbah Dalia,Asbah
8901808003267,Panipuri concentrate,
8901233028392,Dairy milk,
8906090570787,Tandoori Foxnuts,Unknown Brand
8906033260508,Thé kundaly organic,
18325319,,group of doshi brothers
8901233025957,Marvellous creations jelly popping candy,Cadbury
8901777407127,Gobhi Paratha,Vadilal
8901153006883,Bruna Chana,
8906024450949,Typhoo Masala Green Tea,
89034538,Singapore Noodles,
14839126,,
8908008772030,Coconut crunches,
8902050001063,Chiwda,
8906070590224,Fresca,
8908003545011,Diabliss,
89034569,Poulet tandori pomme de terre,
8906000600641,Riz basmati grains longs qualité premium,
8901205001989,,Goldentips
3948719128608,Parle g  Royal,
8901233035956,Dairy milk,Cadbury
8901453000048,Sharbat rooh afza,
8901571006380,Horlicks,Horlicks
8908000655096,Udhaya Krishna Ghee 1LT Jar,
8901552025287,Butter chicken sauce,Truly Indian
8902050001025,Laxmi Narayan Chiwda,
8904004402513,Haldiram's Mini Bhakarwadi,Haldiram's
8901050083406,Peanut butter,
8904012501079,Asafoetida,
8902579000196,Parachute Coconut Hair Oil,Unknown Brand
8901001555082,Mango Chutney Sweet,
8901042959870,Gulab jamun,
07214776,,
8906033740031,Mcvities Digestive Cookies 230 G,
8901030634475,Kissan Orange Squash,Kissan
8901042957319,Minute meals Paneer Butter Masala,MTR
8908003086040,Thé vert,
8901542001765,Glucon-D,Zydus Wellness Products Limited
8908005573210,,
8904004402025,Haldirams All In One,
7613035477834,Perrier Citron,Perrier
3578840003637,Caillé de brebis,
8901030624247,Taj Mahal,Brooke Bond
8901741000927,Wai Wai instant noodles,Wai Wai
8901422000253,Musaji,
8902579103408,Appy,parle agro
8901440013372,Garam Masala,
8905618000218,Frozen porotta,
8901063026155,Cracker,
89004869,Hajmola Regular,Dabur
8901764031106,Sprite,Sprite
8906021120289,Biryani mqsala,Aachi
8906021127981,Aachi Badam Drink,Aachi
8906031313015,,
8901063093416,,
8901719111396,,Parle
0717273505087,,American Garden
8908001105033,Pink salt grinder,
8901725142490,Candyman FruiteeFun,
3088545004445,Honey,Lune decMiel
8901821004715,,Unknown Brand
8908004331057,Lemon Pickle,
6942836715182,Hersheys syrup indulgent caramel flavor,Unknown Brand
8908005823599,Mix fruit,
3073781051872,Queso,picon
96188460,Rich tomato ketchup,Maggi
8904120907428,Spice drops,
8904010690058,Fish Masala,
8904004412314,Chatpata Dal,
97951117,,
8908001658218,Quā,narang group
8904063234254,Mutter Paneer,Haldiram's
8906021128728,aachi Citron pickle,Aachi
8901058856446,Maggi noodles,Maggi
8901537006140,Riz Basmati,
8904117600677,Tandoori masala,
8904117600639,Meat masala,
40410906,,
8904064640139,Paruturai vadai,
9907932000027,Annapurna Desi Ghee 1 L,Annapurna
8901233034263,Dairy Milk Silk Roast Almond,
8908000668997,,
8901001556096,Pappadums,Mida's
8908010900032,peanut butter crunchy,
8901821002285,Dalla pickle,
8908010171104,Chips,
8901086260581,,
8908002984262,Soulfull Ragi Bites,Soulfull
8901138834289,,
8901571000203,,
3052910029562,,Monin
3052910041069,Honeycomb Syrup,Monin
8904004402810,Panchratan Mixture,Haldiram's
8901037009436,Lemongrass Chai Instant Tea Premix,Girnar
8908685008583,Sfornatini,
8908011489086,riz,Unknown Brand
8901719903724,O'Choco,PARLITE FOODS
8904063252388,Moong Dal Burfi,Haldiram s
8906057022151,Periperi nachos &salsa dip,Colonel & co
8901058858358,Multigrain fillows nesplus,Nestlé
8906038783224,,
8906021121187,Aachi Garam Masala,
8906021125949,Ginger garlic paste,
8901571003129,Boost,
8908004129173,,
8906033745098,Mc Vities Creams Chocolate,
03914119,,
8906021122139,Mango thokku pickle,
8901037255079,MASALA CHAI,
8901552000642,Mango Pickle Hot (achar),Ashoka
8901052022557,Tata tea Premium,
8908001753722,sagar,Pet Sapha
8906000211465,Betty Crocker Choco Chuck muffin mix 335g,
8901030667206,,
8905618000980,,
6294001809517,galaxg,
3533631197001,PACK 4X50CL LAIT CROISSANCE CANDIA,Candia
8901725192341,bingo potato chips chilli,
8901035055039,,
8906057901425,,
8906078390987,,
8902579108014,,
8908656123451,8908656123451,
8906172783227,Brazil nuts,True Elements
8901741080080,Rio Mango Alfonso flavour,
8901233025155,Cadbury Oreo Vanilla Creme Flavour Biscuit - 120 GM,Cadbury
8906012280046,Cardamon Tea,GeeBees
8906017861271,Tiffun,Unknown Brand
8901030671982,,Knorr
8904304688464,Pure green tea tulsi green tea,
8901491703635,Oatmeal with nuts,Quaker
8901491703628,Oatmeal with Apple & cinnamon,Quaker
8902268000421,,
8906019961146,Shortbread,
0080432400395,,Chivas
8904156700376,Mysore Park,
08260105,,
8901058857221,,Nestlé
8906005508072,Moong dal,
6907992400754,milk tablet,
8906033745296,Cookies 🥞,Mcvities
8901719101014,Biscuits Parle-G,Gluco biscuits
8901233036717,,
8902246004984,P,Budweiser
8904014800699,Paul John Brilliance,
8904681051141,Infusion Grand Sud,Lipton
5023221164073234,,
89086561234518,Moringa tea,Teranga
8801133003102,Honey Buttee Almond,Murgerbon
89007365,Bar One,Nestlé
8901037011408,Cool peppermint herbal infusion,girnar
8900500319447,Nutelle biscuits,Ferrero
40101871,Amandes organiques,BB Royal
8906078262048,,
8903109147251,Organic black gram whole (urad),Down to Earth
8809399700100,,
8904064627000,Curcuma moulu,
8906033261116,Jasmine tea,
8901396611400,Strepsils Ginger & Lemon,Strepsils
8906002240364,Groats,Unknown Brand
8901042957326,Bhindi Masala,
8901155406315,"Ready Meals, Pau Bhaji",
8904063258298,Bhel puri,Haldiram's
8901393016376,Chupa Chups Gum Filled Lollipop,Chupa Chups
8904083518266,Himalaya salt,
8901764241253,Schweppes Tonic Water,
8901233031644,Choclairs,Cadbury
12520314,,
8908002026535,Pani puri,BTW
8906001055204,Pickles au chili verts,
8902901223170,good life sabudana,reliance
8901808004912,Red Chilli Sauce,weikfield
8904009615949,,
8901943087061,Super basmati,
8901552020534,Punjabi Choley,
8901777967041,Kesar Pista Ice Cream,Vadilal
8901712190107,Silver needles rose white tea,
8904073701067,Pappadams,kings
8901050093405,Peanut butter creamy,
8903200012533,Paleta loncheada,maskarada
8901063154049,Britannia Nutrichoice Oatmeal Cookies,Britannia
0680569823984,,
8901777521120,Aloo tikki,
8904063253576,Roasted chana,Haldiram
8906082570696,Nacho Chips Quinoa,Unknown Brand
8906001386001,CREMICA MALT AND MILK,Unknown Brand
8902167000188,Kasoori methi (feuilles de fenugrec),MDH
8904063202338,Palak paneer (Tofu),Haldiram's
8906002982004,ankursalt,Unknown Brand
8906061480671,Apetamin,
8901491504324,Lay's American Cream,fritolay
8904250701019,Arroz,Unknown Brand
8904112603109,Signature basmati rice,Pansari
8904004400090,Soya chips,haldirams
8901030609251,Shanghai hot & sour chicken soup,Knorr
8906001050698,Mango Pickle,Mother’s Recipe
8906004562877,cullbulle,diamond
8906000212813,Betty Crocker Complete Pancake Mix,Betty Crocker
8906036670090,Shubham,Nandini
8410179007496,Spaghetti,Borges
8908001876025,Kesari,
8904145911080,PediaSure,Abbott
8906059636264,Greek Yoghurt Zero Added Sugar Mixed Berries,Epigamia
8904038109570,Pudina Boondi,Bikano
8901453040822,SAFI BLOOD PURIFIER,
8904296902869,Sesame chili bites,
8906019561056,,
8906047001159,Organic coconut sugar,Unknown Brand
8901512506405,Act II Microwave pop corn,Unknown Brand
8906021122634,Aachi Sambar Powder 200 G,Aachi
8906027030971,Kolhapuri rassa masala,Unknown Brand
8906090570961,Veggie stix,
8907592000277,Panela,
8904006291054,Miness,
8908010864013,mini soya chunks(BARI),
8904063259776,Vegetable Pulao,Haldiram's
8904018612519,Mix Mouth Freshener,
8904064651463,Multi Millet Chapati Mix,
8906081038913,Düyü,Tamashaee miad
8908005144120,Multigrain energy bar,Unknown Brand
8906003382230,Ruche d'or,
8901047610271,Southern Madras,Kohinoor
8906019962617,Black Pearl,
8908003105123,,
8901233036731,dairy milk silk,Cadbury
8906051302068,Chyawanprash,Gopala
8901063136243,Nutri choice 5 grain digestive,Britannia
8906088720170,Popcorn,Unknown Brand
8906055900079,,
8906070214083,Natural honey,Golden Choice
8901233034188,Silk chocolate,Cadbury
8906094860280,Cashew Blueberry Bar,
8901042957340,Tasty Delights : Pav Bhaji,
8906001385127,Bourbon,
0840222000149,LG Hing Powder (asafoetida),L.G.
8904272901718,,
8410415585023,Pata negra,
8904083300625,Milky Mist Cooking Butter - Unsalted,Milky Mist
8902167000256,Pav Bhaji masala,MDH
8906044992337,Mango,
8901155115217,Ready to cook savory lentil fritter dry mix Dahi Vada Mix,
8901719102035,Monaco,Parle
8904063259783,Jaipuri Dal Palak,Haldiram's
8901652140071,Butter Bite,
8906015613476,,
8901491983136,,Lay's
8901725192426,,
8901063142039,,Unknown Brand
8901725112332,Noormahal biryani,Kitchens of India
8901552008136,,
8901058851656,,
8906012650658,Strawberry food essence,Mr. Kool
8904109001390,Poppadoms,
8904256700467,"Tasties Hakka Noodles, Veg,",Unknown Brand
8902979035132,Mango Pickle,
8901882000152,Rice murukku,
8904064629103,Huile de Sésame,Unknown Brand
8901393012903,Juzt Jelly,
8906082652002,,
8901030516283,Sweet corn vegetable soup,Knorr
8906077360141,Fenugreek Chilli KHAKHRA,
8904063281258,Tandoori Garlic Naan,Haldiram's
7357914793294,Spiced Okra Chips,
8904063240026,,Unknown Brand
8906005503831,Chana cracker,
8908003115481,Rusk elaichi,Karachi Bakery
6009606260270,Weetabix,
0027917001883,Gummy Vites,
8904340730004,,
8904209306210,SRILANKAN BIRYANI MASALA,Aachi
8904209306173,CHETTINAD CHICKEN BIRYANI MASALA,Aachi
8901063362840,Cake gobble chocolat chill,
8904209306197,Sofiyani biryani masala,Aachi
19999926,Muesli - Crunchy Fruit and Nut,Kellogs
8904457507063,Code,
8906003982331,MEAT masala,
8901155486416,Palak paneer and brown rice,
8901155481411,Dal makhani and basmati rice,
8906009181172,Star Walnut Kernels,Star
8908003115962,Chocolate cashew biscuit,
8901153640544,Fish masala,Sangi's Kitchen
8901233025636,Cadbury Dairy milk,catbary
8906001590224,,
8901155487413,Ready meals,
8901552011624,Gobi Paratha,Ashoka
8901719111693,Melody,Parle
8901233036625,5star,Cadbury
8901719111532,Mozelo,Parle
8906117402411,,
8906020660137,Stevia,
8901063016590,50-50 sweet and salty,Britannia
8906017971710,Choco stone,
8906033740758,McVitie's Digestive,McVitie's
8904063200198,Nut Cracker Spucy Coated Fried Peanuts,Haldiram's
8901725198312,,
8906070217152,Miel pur d'abeille,
8901088055802,100% pure coconut oil,parachute
8902167000294,MDH T-plus Masala,Unknown Brand
8906010500245,Balaji Wafers Masala Sev Murmura,Balaji Wafers
8901070001787,Thé aromatisé mangue,
8901070000711,Thé aromatisé ananas,
8901414000087,Moong Dal,BIKANO
8901246004833,,Del Monte
8906078261447,Cremica trufills choco-filled indulgence cookies,
8906078261430,Cremica trufills choco-filled indulgence cookies,
8907592000727,Haba de soja entera,el world organic
8901888005304,Meil himalaya,Dabur
8902167000355,Dahivada Raita masala,
8904132917149,Soan papdi,
8901719902581,,Parle
8906003383060,ruche d'or,Ruche d’or
8901233036656,,
8901542017667,Glucose orange flavour,Zydus wellness
8901719111006,krack Jack,Parle
8906008848106,Mon café,
8901792000211,Piment,
8901670813117,Date-Tamarind Chutney,Saras
17616362,,
8901052010325,Tata CTC Tea Premium JR,
8907003505018,Seedai,
8908000339330,Karak Tea Cardamom FLV 10 Sachets,
8906012520173,,
8901063031807,Britannia Treat,Britannia
8904063281302,Tandoori naan,Haldiram's
8908000861107,GOPAL,gopal
8906033260492,Muunar Orthodox Tea,
8904063209849,Takatak Baked Chilli Cheese,Haldiram's
4792082700010,Amberella chutney,mc curtie
8906001055464,Mixed Pickle,
8908003115375,Rusk crispy and fresh,
8906009079356,unibic choco nut cookies,Unbic
8906009071138,Unibic butter cookies,Unbic
8902335011190,butter crunch cookies,
8901220457778,Triphala churna,
8902042212705,,Unknown Brand
8901138834838,Himalaya Chyavanaprasha 500GM,
8902080011445,Apple delight,
8908010900025,Peanut butter,
2112345678900,Cassonade Saint Louis,
8906000593417,Basmati rice,
8904063200570,Chai puri,Haldiram's
8906044992344,alo fruit juice,alo
8906070596509,Fresca Lime,
8906000120309,Himalayan black tea + natural lemon,
8904310145333,Pain de mie complet,Bonneterre
8906067022738,Raw Whey Protein 80%,MuscleBlaze
8906000151501,1121 Extra Long Basmati Rice,
8907392001412,POUDRE DE MORINGA,
0801541510047,Organic India Moringa Powder 100GM Free Shipping Usda Organic,
8901537006010,Rozana Gold Basmati Rice,
8901972067300,Choco Caramel Lollipops,
8906001052050,Chicken curry,
8906009993027,,
8901808004776,Falooda mix,
8901063019089,Little hearts,Britannia
8908012605003,tomato ketchup,Heinz
8901725136215,Dark Fantasy BIG Choco Fills,Sunfeast
8904037620120,Spaghetti N.12,
8902080013500,Tropicana Mixed Fruit Juice,Tropicana
8901035053745,Royale lemon,victoria
8901044213895,Mapro mix fruit jam,
8901071701389,harsheys spreads cocal,Hershey's
8906020490536,Kaju Katli,
8908003050942,Jumbo,
8906021122924,Aachi Puliyogre Rice Powder,
4710154018146,Alphoncine,
8901037010463,Saffron chai,
8904137012252,Coconut oil,
8908007064112,Masala tea,
8906064651078,Dill tzatziki,
8901682000161,Tandoori paste,
8904303700730,,
8906000210024,Chakki atta,Pillsbury
3045320524147,Raspberry Preserve,Bonne Mamas
8907179008764,sapori dintorni,
8904004402063,All In One,Haldiram's
8907592003353,,
8904258701127,100% Natural Mixed Fruit+,
8906001051145,mother's recipe Gujarati chhundo pickle 300gm,Unknown Brand
8901037024569,Chai from india,Girnar
8901719134074,parle occasion,
8901414003910,Kaju dhoda burfi,
8908006989157,Nutritius coconut crash chikki,
8904109409967,Noodles Chatpata,
8902335012111,Galletas,
8904246911019,Ginger pickle,
8901595963331,Hot Garlic,Ching's Secret
8908004673003,Cafe rhum,
8906068761339,Peanut butter,
8901058841114,NESCAFE CLASSIC,Nescafe
8906004561818,RINGS,
8901155446311,Punjabi Kadhi,
8901764012259,,Coca-Cola
8906021122559,Rasam Powder,Aachi
8901247576957,Streax Coffee Collection Ultralights Highlighting Kit,Streax
8904315100320,Nutritional yeast flakes,Urban platter
8901393017311,chupa chups,chupa chups
8904089804394,aroma magic toner,aroma magic
8901491368339,Multigrain Curry&Herbs Flavour,kurkure
8902167000232,Mdh Tandoori Barbeque,
8904064624313,Graines de Fenouil Sucré - Sugar Coated Fennel,
8906067080226,Atorvastatin Calcium Tablets,Unknown Brand
8906001052029,Vegetable Biryani,MOTHER'S ricipe
8901088095860,Virgin coconut oil,parachute
8904807500447,Miel de mil flores,consum
8901786080502,Everest Sambhar Masala,Everest
8906022340112,Sabudana,Shri Varalakshmi Company
8906080600937,Paper boat,Unknown Brand
8904063202420,Minute Khana bajra roti,Haldiram's
8906006170711,O'Yes,
8902268002982,dreamlite,
8904063202321,Paneer makhani,Haldiram's
8906014902229,,
7610407152580,Café n*7,
8901810000902,Table salt,
8906022780598,Shahi Paneer Masala,
8801043053181,"Nouilles instantanées, Super Piquant et épicé",Nongshim
8903300170010,Mango pulp,
8906077360271,Mathia KHAKHRA,
8901090312320,,
8901088095754,Virgin coconut oil 100% organic,Unknown Brand
8901042962047,MTR roasted vermicelli,MTR
8906001210139,Saag,Sohona
8901552023375,Garlic Chutney in Olive Oil,Ashoka
8904145911875,Pediasure Abbott,
8906078267999,,
8904004402599,Halke fulke,haldiram
8906012460486,Ris basmati,
8906106080538,Gujarat gotli,
8904078220310,Chyavanaprasam,Vaidyaratnam
8901571005994,horlicks,gsk
8906033261178,Thé vert au citron,
8902979023146,meera,
8901712100021,Earl grey tea,
8901719305092,Cheeslings,Parle
8906002979080,Mouth Freshner,
8906069411097,California Almonds,jewel farmer
8906133401221,,
8901233035192,Bourn Vita,Unknown Brand
8901552001434,Madras curry paste,
3700009272466,Taboulé à l'orientale,
8938505705972,Filet de panga surgelé,
8901656001026,Chinese five spice,
8906001050377,Mixe Pickle,
8904133700030,Masala chai,
8904304538660,appalam papad,
8904232700160,Mayonnaise,
8901537074354,brown rice,Daawat
8908004711095,Riz shazia,
8901552015516,Rogan Josh sauce,Truly indian
3266140061852,Raviolis aux tomates confites et romarain,Saint-Jean
8991001502773,Jakarta,Delfi
8901155107328,Khaman dhokla,
8901001555570,Ginger Pickle,
0748927060393,On Micronized Creatine Powder,On
8904304500759,Swad Tomato Ketchup,Swad
8906021924887,ARABIAN PEARLS,apis
8904057300378,,
8901155105225,Gits   Jalebi,
8901414001527,soan papdi,
8901030406249,Red Lable Tea,Brook Bond
8906071886029,Dark love,
8906021121132,Fish fry masala,Aachi
7640102140612,royal army,
8993175540902,richchoco napati,Unknown Brand
8901719106842,Parle namkin peanuts,
8901058869873,BARONE,NESTLE
8904063240033,Haldiram's khatt meetha,Haldiram's
8908013398010,VegPro Soya Chunks,VegPro
8901233031712,fuse,cadbury
8906028799198,Krazy snacks sauce,Fun Top
8901777441640,Rumali Roti,
8734100202503,,
8901552025249,,Truly Indian
8901571001064,Eno,Eno
8908012289135,Nutramore,Netsurf
8907885000229,,
8906034900168,CRUST & CRUMB WHIPPING CREAM POWDER,Crust & Crumb
8714800036016,Bavaria mango passion,Bavaria
89009093,,Sunrise
8901030005046,Pears,Pears
8906089380328,45% toasted milk chocolate pistachio-safran,
8906068761254,,
8906006781351,,
8901792003342,Suryaa Curry Powder Roasted Hot (900G),
8901063092334,BRITANNIA,GOOD DAY
8901552019958,Sweet Mango Chutney,Ashoka
8906057884285,krazy  700f,
8906057881055,chères Mango.  800f,
24869706,1to3 Noodles,SHRI RAJA INDUSTRIES
8901719112706,,Parle
8901725102555,,Sunfeast
8907931000524,,
6135275000029,,
8901138150891,,
8901571001996,Horlicks,
8901719105180,,
8901058869002,Munch,Nestle
8906002131198,UDHAIYAM toor dal,udhaiyam
8906026130238,,
8906002661374,Huile de coco,
73581277,,
8904086403026,candisten,poudre
8901491702188,Oats,Quaker
8901088093668,Productos alimentarios,
8906103421280,,
8906084790962,,
8904063255334,Haldiram bhujiya,
8901888000682,Chyawanprash,Dabur
8908007093334,,
8901747001096,Wagh Bakri Tea Leaf,
8904063209740,Vegetable pulao,Haldiram's
0191069161280,Omega 3,
8901725150112,Whole wheat flour,
8901764011023,200ml Coca-Cola Original Taste,Coca-Cola
8905035001935,Malabar Black Pepper,GITAGGED
8905035001881,GITAGGED Byadgi Chili,GITAGGED
8905035001898,GITAGGED Waigaon Turmeric,GITAGGED
8905035001904,GITAGGED Guntur Chili,GITAGGED
8906001385783,Glucose,Cremica
6001068587209,Maggi 2 Minute Noodles Beef 1 x 73G (Single),Maggi
8901152011932,Indian Green Peas,Ashoka
8901207032127,Real fruit pomegranate 180ml tpk,dabur
8906048501436,protinex,
8901499008015,Chocos,Kellogg's
8908000861169,,
8901047040023,Basmati Rice,
8906021123129,Aachi  Turmeric Powder,
89000670,Tamato katch up,
8904083517221,Moong Dal,24 Mantra Organic
2060012000007,Yop!,
8904063204349,Haldiram's Aloo Bhujia,
8906112840058,Peanut Butter,
8906069402668,Veeba,Veeba
8906002081226,Lemon rice powder,
8906001050032,Andhra Avakaya Pickle,
8906071510016,glucose D,glucose
8906005340184,banana chips,relish
8906074530011,blam,menthodex with
8908008940064,Loading…,
8901248121071,Navratna cool talc,
8901063161429,BRITANNIA CHOCOLUSH Pure,
8908004399002,Safran,
8901725196462,Curry aux haricots rouges,
0610708496007,Blueberries,
8901058866698,Masala veg atta noodles,Maggi
8907592001779,Arroz telangana sona,Elworld
8904073705027,Kings Roasted Curry Powder,
8906068350076,Achar pachanga,
89085578,Calamar patagónico,
8903662010047,LEGACY Traditional Basmati Rice,Dunar
8904004414493,Gol Kachauri,Haldiram's
14117862,,
8906087770022,,
7896512936028,,Unknown Brand
8906113440080,Peanut Butter,
8906009504131,Ghee,Chitale
8901595863303,,
8901063019072,Loading…,
8901491983150,Loading…,
0020357122682,Milk,Mestla
8907931000401,Garden Veggie Straws Sea salt,
8906022901207,,
8908003113791,Pesnut Butter,
8904150502808,Nature valley minis biscuits oats and chocolate,Unknown Brand
8908011038048,Drupe mango drink,
8901725196493,Dahl Bukhara,
8904043926797,,
8964000685761,Nan Khatai,
8903754313018,Tata,
8901063358096,Loading…,
8906006720350,Australian Oats,Lion
8904109405501,Elaichi Soan papdi,
8906008990010,Essence vanille,Nandi's Fun Food
8901262152167,Amul masti spiced butter milk,Amul
8908007370190,Milk,
8904004401967,Corn flaxes mixture,
8901700003020,Bredif,
7622201423155,Bourn vita,"bourn vita,Cadbury"
8904063210968,Tandoori garlic nan,Haldiram's
8901088172301,Loading…,
8901571004560,Loading…,
8901808004943,Hot peri peri sauce,
7622201139681,Loading…,
8901233013091,Cadbury Oreo Small Pack,cadbury
05847792,,
8908000296039,Chaal bhaja,
8901030452475,,
8901047912757,Chana Cracker,
8901063029231,,Britannia
8901207028014,Alphonso Mango,
8901207028571,Jamun Fruit Nectar Blend,
8906039951516,Tamilly,
8904198805169,Euro Namkeen Kachori,
8904063204578,Gluten Free Chapati,Haldiram's
8901537071018,Daawat Biryani Basmati Rice 1kg,
8904093817328,,
8905694533693,,
8906113470148,Anaikotti,
8903662010344,Elonga Extra Long Basmati Rice,Dunar
8902188874058,Biryani/Pulav Masala,ramdev
8904022906031,Bonn Bread Atta Whole Wheat Bread,Unknown Brand
8901030743030,Kissan,
8904221699543,,
8901047610561,Indian curry sauce,Adraki
8901090211371,,
8901063325357,Toastea Rusk,Britannia
06101800,,
08780839,NITIN SRIVAATAVA,
8906040400027,oregano,tushraj herbs
8901324009200,,
8908013210022,,
8904083510062,,
8904063253194,Kashmiri Mixture,Haldiram's
0099071671318,,
8901888095367,honey,dabar
8901826332226,Verka Toned Milk Dahi,Verka
8906021121538,Gunger pickle,Aachi
8901719106781,Namkeen - Moong dal,Parle
8902433006197,Snickers (Shareable Bites),Snickers
8901725008376,Sunfeast Kesar Badam Milkshake,Sunfeast
8901670813360,Sesame cikki,saras
8904004404227,Mini Samosa,Haldiram's
8901972061902,,
8904022907335,Milk short cake biscuits,Unknown Brand
8901719101625,Rusk biscuits,Parle
89004845,Vaseline,Unknown Brand
8908005285526,,
8904063256645,Aloo Tikki,Haldiram's
8906021122054,Aachi Mango Avakkai 300Gm,Aachi
8904008416851,feroglobin b12,
8901491702027,Oats,Quaker
8904011506549,Garlic Pickle,Double Horse
8901972070102,,
8902167000515,Tandoori chicken masala,
8908004076200,Milk Rusk,
8906067028846,Healthkart Nouriza Dark chocolate peanut butter,"Healthkart,Nouriza"
8906000421970,calciquick-k2,Dr morepen
8901058870183,maggi,Nestlé
08991676,,
13877057,,
8907931000166,Sweet potato bbq,
8907931000081,Sweet ptato spiced,
8907931000562,Garden veggie,
8907931000609,Veggie strwws,
8906061491363,Methi paratha,
8906001850861,Aceite de coco virgen orgánico DXN,
8906021925693,Miel,Unknown Brand
8901808004950,Aweet chili,
8908010900131,Unsweetened peanut butter,
8904084100460,Jus Neem et aloe,
8904018611215,Chandan 5 In,
8901262152242,Amul Kool Badam Flv 180ml,amul
8901030807138,Horlicks Classic Malt,Horlicks
0710779116320,muscle mass gainer,labrada
0804883000405,Chat Masala (Mix spices powder),BMC
6001240390047,Fruitree orange,
8906076272254,Riso,
8908003050935,Brown basmati rice,
8904258702100,RAW-P MIXED FRUIT 200ML,Raw Pressery
8902351999014,sobisco desire butter,sobisco
8906015270020,Durga ghee,
0784927150344,Monsoon Harvest Toasted Millet Muesli Cranberry & Almond,Monsoon Harvest
89006306,,Select
8904109467974,,Unknown Brand
8906113261692,immunity booster capsule,himalayan organics
8906024070291,Amla Indian Gooseberry Juice,
8901030532832,Fresh Tomato Ketchup,Kissan
8901499008718,,
8904064627512,Curcuma,
8901719105555,parle rusk,Parle
8904064613027,Parotta,
8901035053752,Thé noir fraise de jardin,Golden Victoria
8906031754467,,
8901719906145,Kreams Gold Pineapple,Parle
8901571010370,,
0015000047757,Yogurt blends snack,Gerber
8904063259257,Hara Bhara Kebab,Haldiram's
8906044991453,Aloe vera,
8906097400216,Zoff chicken 🐔  masala 5rs,
8906103580178,Grizzly pro gold edition,
8906013030831,Nouilles Quick Gout Pizza au poulet,wai wai
8901786161003,Chicken masala Spice Mix,Everest
8901063139190,Bourbon,Britannia
8908008669712,Raw Whey Protein,Powerus
8901670813759,Methi Barja Puri,
8901670813735,Diet Chakoli,
8901058839456,sunrise,Nescafe
8906031310014,Vestige Noni Capsules,
8901107030599,softovac.sf,
8906074442550,,
8901030726910,lifebouy,
89009314,Barone,
8906016410753,Godrej Jersey Ghee,Godrej Jersey
8901063151567,Toastea,Britannia
8901233033549,Cadbury Dairy Milk Silk oreo,Cadbury
13622114,soya sauce,purin
6194013816025,Yaourt nature,
8906001055129,Thokku pickle,
8000500257340,tic tac,
8906097400254,Zoff meat masala 5rs,
8901725101695,,
8900090240220,Food coloring,
8902850000013,Estern Cocunut milk 400 ml,Eastern
8906001016595,Mother's Recipe Madras Curry Powder,
8904064660458,Ribbon pakora,
8901063165694,Nutri choice,Britannia
8906078720005,Mugdal namkin,
8906012800326,,
8901393017816,chuppa chub bites,Chupa Chups
8906009991405,Dreams Choco Cup Cake,
8901035056357,Massana,
8901088175975,,
8904150501665,Cake mix,
8906126950002,tgb Bakery,
8901491000192,Doritod cheese flavor,20rs
8906005500755,khatta meetha tana-bana,
8906005500854,Bhikaji sub kuch,
8901670814374,Methi gathiya,
8908005215493,Kappalandi Mittai,
8904004401929,CHANA NUTS,Haldiram's
8480024754288,Barritas de platano y chocolate,Alteza
8901393016369,Chupa chups lollipop,
8906016790015,rajini,coca
8908002288339,P Sooji,P
3948571000203,,
8904137478546,Garam masala,
8901747000730,premium black tea,Wagh Bakri
8901047816239,Sag Aloo,
0706502234027,Happy bar,
0841165116751,potata,pran
8901808002031,Glucose D,
0981559101168,Milk Shakti 50 grm,
8901063362857,Britannia cake,britannia
8902858490410,Wood Children,
8904063200631,Chakoli,Haldiram's
8901063151352,Good Day-Cashew Cookies,Britannia
8906009504193,Ghee,
8901030050114,Pear’s Hand Wash,Pear’s
8901552013352,Tandoori roti,Ashoka
8904063214324,Haldiram navratan 440g,Haldiram
8904168500063,Himalayan Flora Honey,
8901138030018,Cystone,Nestle
8906002085286,pickles,shakthi masala
8904064628090,Pois chiche décortiqué cassé grillé,
8901233034560,Tang orange,Tang
8901724500024,Juice,
8908004415481,,
8902166136567,,
8904004401615,Kashmiri dalmouth,Haldiram's
8901058847482,Maggie Pazzta Chese Macaroni,Maggi
8906086330647,Ibuprofen,Unknown Brand
8904124700230,sega,sega
8906001210306,Spinach Puree,
8908001897310,American burger slices,
8907016009015,È un pennarello,
94164466,50 50,BRITANNIA
8906064230044,Chicken tikka masala mix,
8908008674013,nabati cheese wafer,Richeese
8906008459456,,Unknown Brand
8904091104109,FLUCORT - N,flucort n
8906054102481,Tender jack,
8901232494617,,
8901552025041,Punjabi Mango & Chili Pickle,truly Indian
8904232721936,,
8901107001520,Sertraline,Lupin Healthcare
8904109449727,Honey,
8904150501627,Pancake Mix,
8901719117978,parle,parle
8902041022497,Creamy Wafer Biscuits,
8901063165847,Treat,Britannia
8906013030695,wai wai maggi,xpress
8906121810028,Sing Bhujia,
8901042964294,MTR Garam Masala,
8906001055501,Mothers Punjabi Pachranga Pickle,
8908002984200,Soulfull Ragi Bites,SOULFULL
8904120903055,Spice Drops,Holy Lama
8901777798126,Roti Chapati,Vadilal
8901233022536,Bournvita biscuit,Cadbury
8901030681530,Tea bags,Taj Mahal
8904209302779,Chicken Tikka Massala,
8904004405521,Orange Soan Treat,Haldiram's
8904037000397,pankajakasthuri breathe easy,
8908006315451,Moringa powder,
8908010775760,pastiano,italian
8904084100538,Gingelli oil,
8904063259240,Sabudana tikki,Haldiram's
8906001055341,Pickle de citron épicé,
8902550005363,Long murukku spicy,
8901725100568,Atta with multigrains,
1947547011702,Glucon-D,
8904156711518,1 minute rasam,
8901088135061,Pongal,
8904156701984,Puliyogare,
8901552020237,Tamarind chutney,Ashoka
8904314500022,Jus coco,
8902433001918,,Snickers
8901030656026,Taj Mahal,
8904304338154,Feuilles de moringa sechées,
8901719255168,parle G,parle
61992887,Himalayan pink rock salt,himalayan
8906017630006,Raisins noirs,
8901058101577,Tomato Ketchup,Maggi
8904304337669,POWDER DE MORINGA,
8906020589414,Instant Coffee,iD
8902433003165,orbit,
8901155106321,Gits Khatta Dhokla Mix,
8901058101614,Hot and sweet,Maggi
8902080000869,,Tropicana
8904304500001,Swad kesar Mango Pulp,Swad
8906012906021,protein diskettes,kabi bite
8906019080069,,
8906032016991,Soya Granules,Nutrela
8901560141443,,
8904304538622,Joy appalam,
8906009452111,,
5056281162840,,
8901288230306,vicco turmeric cream,
8901042970578,ots,mtr
8906021121972,Lemon Rice Powder,Aachi
8901808003076,Weikfeild Jelly Orange,
8908004827031,Filter tabbaq,laziza
8906072793180,yo fun,darshan
8901042968193,"MTR cup poha ,80 g",
6991586420051,mars,
8906021927680,Pure honey,
8901111701119,,
8901884401308,Garmar in Brine,
3948719112683,Ganesh Kumar,
7800122000420,Misso,
8901120146710,sugar free,Zydus Wellness
8901030962240,lipton green tea,Lipton
8906054210032,Shanta G Khakhra,
8901537004030,Riz basmati,
8906143312562,أرز بسمتي سيلا هندي  / صابحه,
8906051438354,,
8904064627802,Nandhi,
14212376,,
8908005459163,Flaxseeds,nourish you
8901058100600,Nestle Milkmaid Condensed Milk Tin,Nestlé
8901552001069,Paste,Ashoka
8901765124654,Sonic jel pen,
0070177137069,twinings green tea,Twinings
8906001055488,Punjabi mango pickle,
8906032016571,Nutrela Soya Chunks,Nutrela
8902167000416,Sabji Masala,MDH
8901939122011,Madras appalam unfrittierte linsenchips,
8901719291135,LITE CRACKERS,Nutricrunch
8904084100576,Huile de sesame,
0787790207207,,
8901786041008,Jaljira Powder,Everest
8904028422467,Samosa chutney,
8906069402361,,veeba
8901595963317,Manchurian,
89009451,Wudy,
8901161104496,Fried Onions,
8904063203830,Panipuri,
8901161202017,Basmati Rice,
8902188482390,Ramdev Lemon Pickle,
8906005500052,Bikaneri bhujia,Bikaji
8901207004407,Real guava  juice,Real
8901088200349,Sampoorna Indian Hair oil,Paracuute
8901088200318,,
8908001105712,Black pepper,Clover Valley
8904004401516,Bombay mix,haldirame
8901786140503,Shahi Biryani Masala mixed powder,EVEREST
8904208600081,Palak Paneer,Rasoi Magic
8901414000216,Boondi,
8901233014081,Cadbury Zip Choc,Cadbury
8902080013036,Tropicana Apple Juice 100%,Tropicana
8901764935206,Minute Maid Orange Juice,
8906080600258,Paper Boat,
8906015612370,Hangyo Belgian Choclate Icecream,
8901262040037,Amul Shrikand,
8901233033563,Dairy Milk Silk minis,
8901393019964,Centerfresh Soft Chews,
8901747002185,Wagh Bakri Masala Tea 250G,
8906076271530,Premium Basmati Rice,Zeeba
8904109490538,Cow’s ghee,Unknown Brand
8906009182056,Pistachios,
6221134008227,galaxy,galaxy
08704122,tang,Active Energy
8901440023463,Cumin Powder,Eastern
8904232700337,,
8904004402056,All in one,Haldiram's
8900000002078,Raisin sans Pepin,
8902330001332,Equilibrio fette croccanti mais,
8901719656613,Parle Hide&seek Fab Orange,Parle
8906024450512,Green Tea Natural,
8906024451335,Green Tea - Lemon and Honey,
8901030456381,Taaza tea,brooke bond
0717524111128,Banana,Del Monte
8901058841138,Nescafe CLASSIC,Nestlé
8905002026015,Kingfisher ultra,
8906045946988,,Unknown Brand
8993175545839,,
8904065212526,,
8901207027321,dabur red paste,Dabur
6291108090992,Apple juice,Unknown Brand
8091491981538,Chile Limon Lays,Lay's
8900000103683,Cruscoro,
8908010431079,tower,
1949280800087,,hugs gold
8904057390324,cow ghee,hatsun
89002803,Biscotti regina,Palermo
8906011410079,Jeera udad papad,Ganesh
8908001017220,Cornitos Nacho Crisps Barbeque,
8901030521225,,
8906005183330,Jaggery Powder,
8904146967277,Traditional basmati rice,
8904064627697,Nandhi applam,
8901030674570,Brooke Bond Red Label Natural Care Flavoured Tea,Brooke Bond
8904063281265,Pudina Paratha,Haldiram's
8901155420311,Methi matar - gits ready meals,
8908002777239,Health mix drink powder,Brawn health care
13776121,we can eat this,
8906010366896,,
8901939121953,Riz rouge,
8901595852352,DARK SAUCE,
10012011000629,,
8904338600951,,Ecowix
8906069402644,Veeba eggless mayonnaise 250 g,Veeba
8906068800038,кюпен юниор,
8901207019036,Coconut oil,
8901552000857,Carrot pickle,Ashoka
8901552016124,Jumbo Punjabi Samosa,Ashoka
8901522001648,Blenders  Pride,
8901262201780,Masala butter milk,Amul
8901542001642,Glucond orange 450g,
19108113,,Dabur
8906076271592,Basmati creamy sella Rice,
8908001017114,Tomato Mexicana,
8901063405011,Britannia Cow's ghee,Britannia
8901058855845,Lactogen 2,Nestlé
8901063342910,Brown bread,Britannia
8901063136694,5050,Britannia
8901552025102,Punjabi Tandoori Paste,truly Indian
8901414000230,Kashmiri Mixture,
8908000870048,Plain Khakhra,
8904063254597,Tea time khari,Haldiram's
8901030779282,Green tea honey lemon 25 Tea Bags,Lipton
8901030646201,Bru Green Lable,Bru
8901491001113,,Doritos
8901414001879,Soan papdi,
8904358701195,Sesame oil,
8904076000044,pure ghe e,
8906027713935,Lassi,
8904063230027,Dal biji,Haldiram's
8901262071161,Tanzania chocolat noir,Amul
8906001053620,Ginger Paste,
8909509283339,Kinder CereAlé - Kinder,Kinder
8901712341028,Wild rose green tea,
8901030809958,,
8906078260044,,
8901063092433,Good day cookies,britannia
8908008374241,Triphala,
8908012498148,Pure mustard old,
8901393017373,Alpenliebe POp,
8906001055242,Garlic pickle,
8903363002556,mango merry,coco- cola
8906033743230,Mc vities oat cookie,McVitie's
8904063253804,Punjabi tadka,Haldiram's
8904281501602,Lite lemon bhel mixture,
8901777522127,Masala Fries,
8901777412749,Naan Garlic Butter,
8905060150905,Gur rusks,
8907592000598,Organic Arhar Dal,Elworld
8904110301243,Chips banane épicées,Kwality market
15323187,,Britannia
8906005503268,Bikaji,
8901719116063,Monaco,Parle
8904064648852,sesame oil,
8906005625779,Mixture ball,
8901058869088,Nouille masala,Nestle
8901796000101,oil,
8901052087624,Tatly green tean Lemon & Honey,Tata
8906074830067,Osamania biscuits,
8904063210456,Fresh Paner,Haldiram's
8909228229632,Excellence 85°/° cacao,Lindt
8904054107239,,
8902080000845,Guava delight,Tropicana
8906010363260,Pure Ghee,Unknown Brand
8906117930099,,
12622078,PREMIUM Milk Bread,
8901552014441,Ashoka Carrot Pickle Olive Oil,Ashoka
8887526801630,,
3948063139190,bourbon,britannia
8904067706955,Peanut Brittle,
8908002192032,enduta mass,fssai
8901552012539,Mixed Pickle,Ashoka
8901725113490,sunfe,
8904063202437,Ragi roti,Haldiram's
8901499006936,Kellogg's Chocos,Kellogg's
8906067023001,"High Calorie Gainer, Chocolate Flavour",Muscleblaze
8901155414310,Gits Vegetable Biryani Heat & Eat,
8904064610347,Groundnut oil,
8901047011108,Riz,
8904051323014,Hot mixture,
8905454464434,Wafer Rolls,
8904063210975,Phulka roti,Haldiram's
8901047039232,Rice,Kohinoor
8904355402828,Apollo Apple Cider Vinegar 500ml,Apollo
8901662024224,suhana,
8906016420233,Sesame Balls,
8901393017106,Chupa chups butes,Chupa Chups
8904004404715,Chatpata Dal,Haldiram's
8904150501634,Butter Milk Pancake Mix,Betty Crocker
8901848020378,Rasna fruit plus,
8908012566021,Raisins blancs,
8901138501785,,
8904064628304,Pois rond grillé salé,
8901030373930,Bru gold,Bru
8901030559266,Mexican tomato corn soup,Knorr
8904063203441,Ratlami Mixture,haldiram's
8906077361094,makhana magic masala,
8901491000659,cheetos,pepsico india
8904063281234,Phulka Roti,Haldiram's
8901552025065,Kashmir Masala Paste,Truly Indian
8906009993423,plum pudding cake,
8908010270005,Golden corn,
4101530003397,Milder Rahmjoghurt Haselnuss,Berchtesgadener Land
8906012890177,Rose milk shake mix powder,
8904109470066,Amla Murabba,
0070177181659,twi lemon tea,Twinings
8901399006715,Santoor 4*75g,Santoor
8901042954615,Idli Reis Frühstück,
06164548,,
16121816,honey,Saffola
6294003596620,MAGGI SAFRON STOCK 1+1,Maggi
9556001280046,MAGGI VEGETABLES NOODLES,Maggi
8901088150620,Parachute 200ml,Unknown Brand
8904004400267,Haldiram's Punjabi Tadka,Haldiram's
8901001555600,Norma curry paste,
8904063281777,"Mutter Kachori, 8 pieces",Haldiram's
8904057397101,Hatsun Curd,Hatsun
8909089904327,Marmellata fragole,Hero
8901747002093,Wagh Bakri Spiced Tea 250 GM,
8900035002500,Nodini zuccherati con mandorle,
8907392008176,Organic Amla Juice,
0705016520411,,
8906081381750,Tamarind Paste,
8906032014843,mahahkosh,
4290464120574,Arabiata paste sauce,
3194063577061,Kitkat sense,KitKat
6294003557621,Kitkat golden 5+1,Nestlé
6294003548711,Kitkat chunkie mini break 26+6,KitKat
7613035051911,Nestle toffee crisp,
6294003571672,Kitkat hazelnuts crunch,KitKat
8901747000433,Wagh Bakari,wagh bakri
8901037033448,Girnar Instant Coffee Premix,Girnar
06342001,maggi 2 minute noodles,maggi
89045763,Fette croccanti,Schar
4987176248787,tight blue bar 10 MRP,
8904043552088,cake,modern
8901207018572,Green mango,
8904042316360,Custard Powder,
8906059638503,Greek yogurt smoothie,
8906021923750,عسل,
8901047040320,BASMATI RICE,
8904355300131,Crunchy appetite with a touch and aroma of coming seeds,
89067239,Rillettes maquereau,
8908010412061,Peanut butter unsweetened creamy,
8907969000022,,
8908007811068,Moong Dal,"Sipani,Sipani's Bikaner"
8906013315259,,Garrido
8901552014489,Green Pees Paratha,Ashoka
8904063214454,classic nut cracker,"haldiran, Haldiram's"
8906021927710,Pure honey,
8906009071831,,
0815865000115,,
8901719116971,Milano,
8901052022564,Tata tea premium,
8901512141804,peanut butter,sundrop
8904063255006,Punjabi samosa,Haldiram's
8901552007641,Bhindi,Ashoka
8901037024576,Chai from india,
8906046931860,Ronfit forte,
8901030818097,,
07258879,semester 3,gjfglh
8886467115530,,Pringles
8901262090414,amulya dairy whitener,amul
8904209307002,Traditional Jaffna Curry Powder,Aachi
8901552005050,Palak Paneer,Ashoka
8901207027529,Real juice Litchi,
8901972057493,danish style butter cookies,
8909550502847,Nesquik,Nestlé
8904304338109,Feuilles de moringa bio,
8901058890631,Maggi 2-Minute Noodles 420g,Maggi
8901414000490,,
8904063254696,aloo bhujia,Haldiram's
8909500310447,Nutella biscuit,Nutella
8904082785034,Farali Chevda,
8904049652126,Riz basmati,Alishaan
89009109,Ispaghul,Grace
8901155133310,Gits nylon khaman,
8902379100058,Raw shrimp,
8901571001361,Horlicks,
8906070132639,Khari Shing,
8901414000438,Navratan mixture 1 kg,Bikano
8908004741979,100% Pure Silver Leaves,
8904188602921,Phool makhana,Saurbhi
8904341100639,Kitchen dip,Kitchen Dip
8901552025331,Tamarind and date chutney,Truly Indian
8904063200952,Khatta Meetha,Haldiram's
8908000713628,Soya chunks,24 carats
8906013030039,X-press istan Noodles,
8906074824981,Pista Soan Papdi - Mithai,
19060668,delicious choco flavoured wafer biscuit,Kravour
8992796011136,Cleanser,
8904405700171,Panino Bakes Pizza Base,Panino Bakes
8908004944578,tortilla,
8906021072007,Peanut butter,
8901030083037,Red Label Tea,Brooke Bond
2947746117280,Hide and Seek,
8904051326558,Bombay Mixture,
8908000861671,Gopal sing bhujiya,
8908006223039,Opera Mag,
8901155106215,Gits Khatta Dhokla Mix,
8906002730216,Instant Idli Mix,
8904063209788,Madala Vada,Haldiram's
8901552023719,Jumbo Punjabi Samosa,Ashoka
8904063257383,Minute Khana Shami Kebab Wrap,Haldiram's
0043000303863,Tang,Kraft foods
8901414002555,Bikano boondi,Bikano
8906026597192,Khakhra,
8904064627994,Mango pickle,
8901262071680,Hazelnut Chocolate,Amul
8906119090135,Candilicious Lollipops,
8908003050461,Basmati Rice,
8904208600029,Meal mix paneer makhanwala,
8906021128889,dhall rice powder,Aachi
8907003505063,Madras mixture,
8906097400087,Zoff red chilli 🌶 POWDER 10rs,
8904057300491,arun,
8904082785249,Soya sticks,
8904250612957,Powder,
8901014004133,Italiano cup noodles,indo nissin
8906009200538,Oat Granola,Express FOODS
8904063259264,Veg shami kebab - 12 pieces,Haldiram's
8905694516405,Mantequilla de maní,La Sabrocita
8901207024351,Hajmola,
4820179255201,,
8901138110710,Liv.52,Himalaya
8904063257376,Schezwan Chilli Paneer,Haldiram's
8907931002580,Straws tomato basil,
89063866,Diet Coke,Sainsbury’s
8907931002801,Garden veggies Wavy Chips,
8906080600586,Paper Boat Lychee Drink,
8901030094781,Red label,Brooke Bond
8906030061528,Olives noires,
8903662010146,FESTIVA Basmati Rice,Dunar
8906118210169,Jasmine rice,
8906001210146,Sarson ka saag,Sohna
8901014002061,Masala Noodles,
8908015845017,Gokul,
8906077360189,Farali Khakhra,
8906005501158,Coated peanut nut cracker,Bikaji
8900042002500,Nodini zuccherati con mandorle,
8901319505595,,
8904116600043,teinture,AMAR'S
8901394028019,Pani Puri,
0859400007191,,
8904214502614,Sing Bhujia,Raju
8901030810244,Biscoot,
8904177130534,,
8908003032139,Kitchen treasures Turmeric Powder,Kitchen treasures
8904083519447,Turmeric Powder,
8901030809415,Malt,
8901205030033,Cardamom Masala Chai,
8901552013390,Mabooj,
8904150502792,Nature valley minis biscuits oats and honey,Unknown Brand
8908009918567,Hait vitamins,
8906021123815,Sauce piquante,
8901296054857,ivermectol,
8901552025263,Coriander chutney,Truly Indian
8906001384052,Mini Cracker,
8906023940434,Ripe Mango Fruit Syrup,
7622201452889,silk oreo,cadbury
0841165115549,Mr Noodles,Pran
8904006251157,Africa choice,beltexco
8901725181543,,Sunfeast
8902188812050,Hing,Ramdev
8900272000239,Biscotti Senzaniente,
8904071701700,Roasted Chickpeas Hing Jeera,
8901030559259,Thai veg soup,Knorr
5186227067387,,
8901688938086,Vegetable burget patty,
8906001055167,Habiscus Oraganic Powder,
8908004149263,Manha,
8904004412543,lite cornflakes,"haldiram, Haldiram's"
8904188607643,Chickpeas Tyson,Katoomba
8904035416442,joy,joy
8908006217083,Millet pancake,
8901063325494,,Britannia
8904063256874,Paneer onion paratha,Haldiram's
8906081381941,Banana Chips,
8904063209733,Rajma Raseela,Haldiram's
8906046141047,Himilayan Black Salt,
8901725121242,8901725121242,
8901537077898,Premium snack,
8904674019837,,Nesquik
8906021121996,Aachi Lemon Rice Powder 200G,
8901001555778,Curry Paste Hot,
8906007971201,,
8904132910997,kaffe Instant Blend 200g pp,
8904064621442,Madras plain pappad,
8901747003694,Masala Chai Tea Bags,Wagh Bakri
8904063206398,Baby murukku,Haldiram's
8904304337485,Infusion tulsi maaya,
26246246,aloo sev,balaji
8901719119187,parle-G,parle
7622201101428,perk,perk
8902050003067,Potato Chiwada,
3274870545429,gurubandi giri,
8901277008404,Park avenue,
8904064616707,Frozen Malabar Parotha,
8904063230195,Bhelpuri,Haldiram's
8908000462090,Amla Candy,
8909099903570,Oro fibrattiva,Saiwa
8901764175022,Maaza Refresh Mango Drink,"Coca cola, Maaza"
8901138835903,,
8904300200004,Mario instant noodles,
8904300200011,,
8907931002955,Garden veggie chips,
8904004441888,Mutter paneer,Haldiram's
8902167000409,MDH Pani Puri Masala,
8901063151741,Marie gold,Britannia
8902167001048,Shahi Paneer Masala,
8904043902760,Garam Masala,
141467274452624222327242,naaptol,
8904063211088,Punjabi samosa,Haldiram's
8906019962747,MilkVita,
8907316004659,Spice mix for egg curry,
8901262200233,Amul Masti Spiced Buttermilk,Amul
8902579100087,Frooti,
8904063240255,Navrattan,Haldiram's
8904335600886,Yoga Bar Steel Cut Oats,
8904063253941,Fresh Paneer,Haldiram's
8906008351859,Millet Khichdi,
8906069402989,veeba ketchup,Veeba
8904063213686,Dal makhani with rice,Haldiram's
6934177719929,Ppp,
10026810,,
7071147763519,,
8904304501077,Mango juice drink,
8904057302556,aruna ice cream,aruna ice cream
8904063206039,Punjabi tadka,Haldiram's
8904063204585,Whole Wheat Naan,Haldiram's
8901088155915,coconut oil,parachute
8904360200976,Apsara elaichi tea 5rs,
8906021125437,Masala Vada Mix,Aachi
8904198805107,Chana Jor Masala,
8904004416336,kaju butter cookies,haldiram
8906062531006,,
8901095900317,Masala Tea,
8904064664241,Health mix,
8901304269662,rock salt powder,classic choice
8901552000970,Hot mango chutney,Ashoka
8906009991146,Plum Surprise,Elite
8904063255013,Haldiram Minute Khana,Haldiram's
8901248101042,Боро Плюс,Хімані
0891597003662,Protein Powder,
8904063202413,Minute Khana,Haldiram's
04115746,betty chocker,betty chocker
8906080601750,Paper Boat tasty apple,paper boat
8904063254634,JEERA CRISPY PUFFS,Haldiram's
8901721000039,Bhujia - Munchy Masti,
0841165115532,,
8906070020615,Sharvas butter murukku,
8908001017558,Nacho chips sweet chilli,Cornitos nacho chips
06112196,mario masala noodles,
8906098790941,Peanut butter crunchy,
8901042955988,MTR - Dal Fry Fertiggericht 300G,
8901063165359,Good Day Chocochip Cookies,Britannia
8904004408720,Moorukulu (Haldiram's),Haldiram's
8906000593936,Sana,
8906021071093,Peanut Butter,
8901157004243,,
8901414006515,Chana Pataka,
8901719101038,Parle - G,Parle
8904004417319,rusky aata toast,haldiram's
19040228,,
8908006634095,Green Snack Super Stix,Green Snack
06798725,Loading…,
8901552025089,Vindaloo Curry Paste,Truly Indian
8904063240248,Haldiram Bhujia 1kg,Haldiram's
8901063025394,Milk. Bikis,Britannia
8901063151383,Marie Gold,Britannia
8904063281494,Rasmalai,Haldiram's
8908015172014,Indiraa Foods Ulava Charu,Indiraa Foods
8901719102394,Biscuits digestifs nutricrunch,
8904063211620,,Haldiram's
8901302097540,Avas 40,Unknown Brand
8904067705149,Chikki peanut gold,Jabsons
8904063256812,Medu avada,Minute khana
8901030717376,Tomato Ketchup,
8906116950814,MuscleBlaze Protein Peanut Butter Creamy Dark Chocolate,MuscleBlaze
8901725100575,Atta with multigrains,
8902579131036,Appy Fizz,
8904109469152,Doodh Biscuits,
8906082523838,Aloe vera juice,
8901262200172,Amul Lassi 1ltr,Amul
8904004405231,,
8904063257468,Paneer onion paratha,Haldiram
8904124700582,flocons d'avoine,
8901959021363,Pasta,De Cecco
8906021121873,Kulambu Chilli Masala,
3607264512156,Cadbury celebrations,chocolates
8901747002239,Instant Masala Tea,
8901035053783,Victoria menthe,
8996001312483,,
8906091900224,Jowar puffs,
8906091900002,Tomato foxnuts,
8904209305541,Rice idli,Aachi
8908008559143,,
8906006720114,Qyno Dates,Lion
8908014167004,Naagin indian hot sauce,Naagin
8901058866711,Maggi veg atta noodles 290gm,Maggi
38787102,,Coca-Cola
8904049650009,Riso basmati alishaan,
8900175003009,Taralli al calzone,
8901063012448,,Unknown Brand
8907316006400,Mutter paneer tofu,
8901725112592,Gulab jamun,AAshirvaad
8901155427310,Rajama masala,
8906057900060,Masala Century Chicken Masala,
8906133400590,Vegan Plant Protein Powder,Be Bodywise
8904064622098,Ponni Boiled Rice,
4099200428963,Cashew Mandel Mix - chili,Snack Fun
8904063281319,Motichoor Ladoo,Haldiram's
18968246,Mandala,T.CON
89008294,Munch,nestle
8906021511124,dalia,
8904067709840,Tandoori Roasted Peanuts,Jabsons
8901030778445,Clinic plus,
8906009993041,Elite pineapple cake,Elite
8904063213754,Aloo Pyaz Paratha,Haldiram's
8906005505453,Bikaji badam laccha,
8904287001052,Vermicelli,
8906065902704,Queues de crevettes blanches,
8906088860401,Current Noodles,
8901123005960,Lotte Choco Pie Cocoa,
8901063368033,Cake Choco Chill Gobbles Britannia,Britannia
8901063362086,Britannia Golddes,Britannia
8908000861794,Bhakarvadi,
8906035750373,bhakarwadi,
8906037913615,,
8901725192211,bingo,
8906021126076,Chukku kappi,Aachi
8901248318020,,
8901552025188,Mango Chutney,Truly Indian
8901262177191,Cassatta Ice Cream,Amul
8908003545738,Diabliss,
8901063166059,Treat Buzzy Strawberry,Britannia
07133300,Aa Unbranded Masoor Dal-200g,
60000028,Aa Royal Suger Dimond-100g,
14000859,Aa Royal Black Salt-1kg,
10004073,Aa Royal Ragi Flour-1Kg,
8904043927220,Tata Sampanna Chilli Powder -200g,
8901023017254,Good night,Unknown Brand
8904083505914,Organic Urad Dal White Split-500g,24 Mantra
8904083514091,Organic Masoor Malka-500g,24 Mantra
8904083505938,Organic Urad White Whole-500g,
8904083506232,Organic Sattu-500g,24 Mantra Organic
8906010070861,Ganesh Chana Sattu-500g,Ganesh
8904083506119,Organic Besan-500g,
8906010070465,Ganesh Besan-500g,ganesh
8906010070243,Ganesh Maida-500g,
8904083506393,Organic Rice Flour-500g,
8906010070649,Ganesh Suji-200g,
8906010071042,Ganesh Wheat Dalia-500g,
8904043926667,Tata Sampann Masoor Whole-500g,
8904043926025,Tata Sampann Urad Whole-500g,
8904043926681,Tata Sampann Rajma(Chitra)-500g,
8901088074865,Saffola Medlmaker Soya Chunks-170g,
8904104735016,JK Soya Chunks-200g,
8906010070847,Ganesh Chana Sattu-200g,
8906010070076,Ganesh Chakki Ata-1Kg,
8901808000334,WeiKFiELD Freeze ICE Chocolate Flavour,
8901808000341,Ice cream mix,
8901808000396,WeiKFiELD Freeze ICE Butterscotch Flavour,
89003138,Dabur hingoli,
00000740,Hershey s milk nuggets,Hershey's
8901396323303,ديتول,
8906009804705,Biscuits,
8906027036003,Sawai red chilli garlic chutney,Sawai
8924445510035,,
8904063200723,HALDIRAM'S Mint lachha,Haldiram's
8904063213815,Vada Pav,Haldiram's
8901063162297,marie gold,Britannia Industries Ltd
07427707,,
8901399336010,soft touch 860ml,
8901399079801,safe wash FL 550ml,
8901435014056,HAND SHIELD,
8901058875744,munch nuts,nestle
8906084790320,Beardo 50ml 2/22,
8901088145183,set wet ref 120ml 2/22,
8901435009656,Fresh ones wips 2/22,
8904209306241,,
8904132918450,Get real talk 300g 2/22,
8904132919556,Get Real 300g talk 2/22,
8904132918467,Get real 100g 2/22,
8901030732423,F,
8908016071101,iu,j
0701098206885,Rolled Oats,Urban Platter
0039442047076,,
8907316003911,Hot Garlic Sauce,
8908004078891,,Darshan peanuts
8901725114848,Marie light,Sunfeast
8901030831713,fruit jam,kissan
8901552021326,Saag aloo,
8904051326725,Sesame sweet ball,
8909001233412,Amla Indian Gooseberry,
8904006302880,secret temp deo 150 ml,
8904013000007,Sat-isabgol Psyllium husk,
8901393017960,,Unknown Brand
8901063151574,Toastea Milk Rusk,Britannia
8906009072104,Cookies,
8901234100424,Kashmiri mukhwas,
8904132916975,Living,Unknown Brand
8901414002494,bikano bhujia,Bikano
8906005729897,Chill Coriander Khakhara,
8901440212010,Bombay biryani,
8901741020284,,
8901491982870,SHAREZ CrisP HERB & ONION FLAVOUR,Lay's
8904014807957,Whisky Paul John christmas edition,
00218818,,
8901972074049,,Unknown Brand
8906081380227,Tamarind,
8901571009596,Horlicks powder drink,
8902440003240,Betterave rouges,
8901063165823,50-50 Time Pass,
8901810003729,Attracts Money - 20 Stick Hex Tube - Hem Incense,
8906016011813,Indian kishmish,
9908463001088,Nutri Choice,BRITANNIA
8904063200532,spicy banana chips,Haldiram's
8000500360606,Moments,Ferrero Rocher
8904064616523,Semoule,
8904064661905,Poudre de canne à sucre brun,
8906037692046,Red food colouring,
8901140835939,Datteri Medjoul,
8909509926731,Kinder Sorpresa,Kinder
8901725101435,JALIMALS,
8904022900084,Brown Bread,
8904063210678,Roasted Crushed Peanuts,Haldiram's
8901155115415,Dahi Vada Mix,
8906028791192,,
8907931000449,Garden Veggie Straws,
8906057810062,Spicy plantain chips,
8906000593882,Basmati Rice,
8901972060165,Dukes Cream 4 Fun Pineapple,
8908012861195,,
8906014085724,semia payasam mix,
8902647340025,Hata orange,
8901058893434,special chicken 65 masala,Noodles
8901491365666,Kurkure Puffcorn,Kurkure
8901832202506,Annapurna ghee 250ml,
8908008970047,,
8904063210241,Naan  Nature,Haldiram’s
8908006646708,,
8901552025492,Garam Masala Gewürze,
8904063213167,Farali Mix Plain,Haldiram's
8904147434709,Citrus acid (Limbu Phool),
8904340700328,Pulse Kachcha aam,Unknown Brand
8901030756542,,Unknown Brand
8904063209474,Besan Paratha,
8904063203090,Magic Makhana,
8901138834210,Ashwagandha,
8901777182093,Coconut chutney,
8901491001052,Lays salted Chips 30,Lay's
0948417736061,Krunchy  wheels,
8901262010153,amul butter,Amul
8901246003508,Eggless Mayonnaise,Del Monte
8904109470127,Amla Candy,
8906079340394,Owreal om shanti,
8906087450979,Kodo Millet Vermicelli,
8901491001069,India’s Magic Masala 30,Lay's
8901725107659,Rich Butter Cookies,Moms magic
8901058869385,,
0834266001583,,Unknown Brand
8901786341009,Everest Dry Ginger Powder Carton,
8906024650455,Oats,Turbo
8901030516276,Knorr Mixed Vegtable soup,Knorr
8901414043411,Bikano Diet Chidwa,
8907316003904,Hot and Sweet Tomato Sauce,
8901810010031,lavender incense sticks,lavender
8908004362419,Pattumallay,
8901030733543,Loading…,
8904190108091,Cuor di forno,
8907821007480,,bom dia
8902456525040,,
8901414018204,Ramadana chikki,
8901414000360,Moong Dal,Bikano
8904063215383,Peanut gajjak,Haldiram's
8906048925621,Instant Ragi Dosa Mix,
8901792100157,Rice Flakes Red,
8906081381224,Telugu Mixed Vegetable Pickle,
514044402530001,Herbalife,
8908004791837,Simba lagar,
8901155118218,Uttapam,
8901058117783,Maggi Hot & Sweet Tomato Chilli Sauce,Maggi
8901063166042,Treat,Britannia
8906053840841,Bhel,Kalyan
8904304713937,Mixed pickle,
8901725113025,,itc
7524341327808,veda digestive,itc
09793972,cow ghee,mahi
8908000339347,شاي كرك,
8904063202260,Paneer Onion Paratha,Haldirams
8901088200721,Coconut oil,
8901063151338,Good Day,Britannia
8901560230314,NiLoNs,NiLoNs
8904360200945,Apsara elaichi 10rs,
8908001105705,seasoned salt,
8908000729100,Jeera soda,
8906035030758,freedom kachi ghani mustard oil,"no,Gemini edibles abd fats india private limited"
8901030825682,Horlicks,
8904063209726,Dilli style Choley,Haldiram's
8904063210951,Tandoori Garlic Naan,Haldiram's
8904018603289,Chia Cinnamon mix,
8904063215390,Sugar rewari,Haldiram's
8906014080071,Chemba Puttu Podi,
8697459292234,GLORY,
8906134530029,Coconut Milk,Only Earth
8904063252814,Samosa,
8904063281166,Muli Paratha,Haldiram's
8902061154857,a pen,
8901155110212,Rava dosa,
8901052031467,Kanan Devan,
8901888004154,Hajmola Anardana,
8906019564019,bites chana dal,
8906078263540,Butter cookies,
8904063230034,Haldiram’s,
8901155492622,Masala aux pois chiches,
8901719902482,Rusk,Parle
8901138501679,bacopa,
8901242289104,Hot and sour vegetable soup,
8908003113784,Creamy Peanut Butter,
8901719907074,Parle-G,Parle
8904010640138,Ragi puttu podi,
8901764125157,minute maid Guava juice 1ltr,
8908010856001,goa dairy,fssai
8906019100101,,
8901779324101,saras,
8906070590095,,
8906126950637,,Unknown Brand
8906012240323,Methi pachak,
8906018140252,Spring Roll Sheets,
0717273505384,Pancake Syrup,American Garden
8906002006236,Dr. Oetker Peanut Butter,Dr. Oetker
8906000210772,Pancake Mix,
8904304365877,Coolberg Non Alcoholic Beer,
8906059635106,Epigamia Greek Yogurt Vanilla Bean,Epigami
3073781103519,The Laughing Cow Creamy Cheese,The Laughing Cow
7901789120657,Parle peri peri chips,
8901777030660,Duran,Vadilal
8901030735363,Oreo and cream,Kwality Wall's
8908000295186,Mukharochak chira bhaja,mukharochak
0216305691557,Munch choclate bar,
8906068352247,Gulkand,
8901719108532,Parle cream n onion chips,
8901393015836,Alpenliebe gold cream strawberry flavor candy 152g,
8901777768181,Butterscoth ice cream,Vadilal
8901262010030,amul butter,Amul
8907735122675,Sapori di Vipiteno,
8906106711166,,Unknown Brand
8904082785652,Dry Methi Bhakri,
8904004418910,Takatak,Haldiram's
8906002525430,ZKhusboo,
8906734518229,kerala mixture,
8901058858532,,Unknown Brand
8901058893229,Maggi Sauce,Maggi
8904083517719,Peanut Brittle (Chikki),
8901058900187,Nestle,Maggi
8906078263038,,Unknown Brand
8908001105804,Hickory smoked bacon,
8906005505576,Dahi Kebab,
8904063259509,Kadhai paneer,Haldiram's
8906008350043,HEALTH MIX,Manna
8906012845764,بودرة أطفال حماية,KODOMI
8904073704945,Muskatblütenpulver,Kings
8904064672802,Frozen home made chappathi,
8907316004185,Gherkins,
8901389200031,Rajnigandha,
8906032018827,Soya Chunks,Nutrela
8901207032615,Real mango 2ltr,
8904209317148,Kasmiri Curry Paste,
8901552021111,Potato Paneer Schezwan Kathi Roll,Ashoka
8901552017831,Chatapata Aloo Kathi Roll,Ashoka
8904082780206,Khatta Dhokla Mix,
8906010505134,Balaji Namkeen,
8906010505424,Chataka Pataka flaming hot,Balaji
8906010505127,Chataka Pataka Masala Masti,Balaji
8906078260013,Golden Bytes Cashew Cookie,
8901548310038,dark chocolate cocorich,
8906005503336,Chat Papdi,
8908012203216,Fittr,
8906097332586,Desi Rusk,
8906110191312,,Unknown Brand
0754083603695,The Real Vitamin,BIG MUSCLES NUTRITION
8908001705042,Aam panna,
8908009186713,olena womans protein & superfoods,olena
8904084900039,Chele di granchio,
8904256710756,Frozen Green Peas,Fresho
8901777872031,Malai Kulfi,
8904063211408,Fried rice with manchurian,Haldiram's
8901086260055,,1500/7000
8901086260062,,
8901086260086,,1500/7000
8901207005671,Dabur Chyawanprash,Dabur
8901086260116,,1500/7000
8904109464676,,
8908009918406,Collagen,
8901052005468,Marsala Chai,
8901088026277,Pure Coconut Oil 2yrs prod,Parachute
8901548310021,Dark chocolate,
8901030824777,Sweet corn vegetable soup,Knorr
8901030516580,Chicken delite soup,Knorr
8902579000318,The still apple drink,
8906006171503,Oyes,
8908002390049,,
8901491001168,Masala munch,
9556439880344,Munchini,
8902434111111,Choco bar,
8906052051095,Roasted Peanuts,Diamond
8908015737008,Banana Chips,Ela
8901042956718,Sambar rice,
8904004400229,Soya Sticks,Haldiram's
8904104705040,jk poppy seeds,jk
8908002180367,Tim Tim walnut,"kashmir walnut group,Tim Tim"
8906094490180,Oats noodles,
8904250701521,Palak Paneer,Kohinoor
8906090572842,Potato Stix,Too Yum!
8901552006262,ALOO PARATHA,Ashoka
8904063257086,Bhel puri,Haldiram's
8903023283769,Mixed pickle,
8901725113735,Sunfeast Caker Layered with Butterscotch Crème,Sunfeast
8908011098790,,
8904064628038,Mango Thokku Pickle,
8906094760153,Max pickle,max
8904063230188,Chana Jor Garam,Haldiram's
8904109466199,Indian Gooseberry Tangy Candy,
8906013031159,Noodle snack,Tasty treat
8906036844187,Sesame oil,
8901155125117,Phirni,
8904147435638,Surti Mamra,
8908013328321,,Unknown Brand
8906090571241,Multigrain Chips,Too Yumm
8906040374175,RIZ basmati,
8901414000636,Crunchy Munchy masala masti,
8906024070246,Aloe vera,
8906000212332,Atta multi grain,
8904004403565,Roasted whole grain seasoned with spices chana cracker,Haldiram's
8901725116958,,
8904004406382,Agra taj petha,
8906081387110,Little millet idli rava,
8901751801804,Om Shanti,
3927291800560,,
8904245201029,Raddish Oil,Flora
8906057900268,Momo masala,
8904063252883,Jumbo Aloo Tikki,Haldiram's
2000000134284,,Unknown Brand
8901030081347,Mixed fruit spread,
8906029400208,Organic moong dhal,
8906021925259,شهد.     SHAHD,
8906041450168,Flocons de riz blanc/White rice flakes,
8906014086516,Brahmins palakkadan vadi matta rice,Brahmins
0089686018011,Mi Instant Sarimi Isi 2,Indofood
8904017013133,Roasted Chana with Skin,
8901030779688,Lipton GREEN TEA Pure &Light,Lipton
8904359401841,Banana chips Peri-Peri,Ol’tymes
8904063203113,Magic Makhana,
8690632244976,,
8908013746040,Organic Mojito,
8906023417745,Tadka chaach,
8904063281173,Mix Veg Paratha,Haldiram's
8906068220003,Bhakri,Suraj's
8906041450311,Gingelly oil,
8904083512400,Whole wheat flour,
8906074441164,TAIYO,Unknown Brand
8904067710990,Tandoori Roasted Chana (Chick Peas),Jabsons
8908014426330,Laccha paratha,
8901552013550,Paneer Bhurji Kathi Roll,Ashoka
8906145010220,Queues de crevettes,
8904206004317,Spirulina Powder,
8903386501456,Red mukhwas,
8904003021319,,
8901719506345,Kreams - Gold Cardamom,Parle
8903179014873,Trofie,
8906002082506,Sakthi ragi flour,Unknown Brand
8904063211064,Cocktail Samosa,Haldiram's
8901058817096,,
8901844170817,Jayamani sweet,
05977116,⛑️,1
8901552014137,Masala Vegetable Burger Pattice,Ashoka
8901571004409,Boost,
8901262040051,Shrikhand Elaichi,Amul
8906015880038,HAKKA NOODLES,
8906006940550,,
8901001555266,Fruit nut chutney,Mida\'s
8906022370843,Cashews,
8906030460239,Brown Bread,Moreish
8901063032163,,Britannia
8906135070197,Finger millet noodles,
3948764052309,Limca 1ltr,
8906047190730,,
8904067702520,Peanuts,
8904067709857,Roasted peanuts,Jabsons
8904064617513,Rice flour,Trs
8904209301017,Aachi diet dosa,
8904064615144,Besan flour,Annam
8904209314093,Uttappam mix,Aachi
8904064643512,Paniviragu,Annam
8904064643505,Kuthiraivali,Annam
8904064643499,Thinai,Annam
8908012429128,Door dhal,Adhava
8906009700021,Kesar Mango Pulp,
8939998541184,Animal health booster,
8901939121946,Jaggery powder,Amutha
8906036849755,Varagu,Spiceland
8901042962535,MTR Vermicelli440G,MTR
8901155723122,plantain strips,
8904304500223,Sweet lime chutney,
8906000211533,Chakki atta,
8901719109874,Loading…,
8902167001086,Karahi Gosht masala,
8901155726123,Plantain strips Tomato,
8901030551956,Custard powder vanilla,Brown&Polson
8901248702041,Kesari Jivan,zandu
8908011776186,,
8908000385016,Banana chips,
8901155725126,Plantain strips,
8908003972565,Rush,
8908006824434,Plain Yogurt,Parag
4901560032301,Sprite 1ltr,
7622201428525,Oreo Original,Oreo
8901207041969,,Dabur
8901155422315,Gits Ready Meals Punjabi Chhole 300G,
8901155724129,Plantain Strips,
8906009077802,Shortbread,Unibic
8907430002814,Trio de GP,
8901499007971,Chocos 675 g 2 ta,Kellogg's
8906014085052,Rasam powder,
8906046471731,Pepe Wafeez Chocolate flavoured wafer,Pepe
8904178401053,calrich,
8901552022231,Curry leaves,Ashoka
8906008990416,colorant,
8902852229115,Kombucha Cranberry,
8906089700485,Black Pepper Coarse organic,
3961696121707,,Milo
8904004403664,Tasty Nuts,Haldiram's
8906076131759,,
8904063257253,Pani Puri,Haldiram's
2000000133521,,Unknown Brand
8906080502507,dilshoda,15
8906021921572,Miel,
8908005459187,Quinoa Muesli - Chocolate and Banana,Nourish You
8901764082252,Kinley water,Kinley
8904063230157,Haldiram's Kaju Mix 400 GM,Haldiram's
8901491001090,Doritos,Doritos
8904063230089,Kashmiri mixture,Haldiram's
8904083512417,Ragi Flour Finger Millet Flour,24 Mantra Organic
8904209300645,Garlic Pickle,Aachi
3948864392206,Jolo chip,
8901153023774,Chocolate flavoured cream wafer biscuits,
8901088028080,fhgh,
8902049000053,Mango pickle,
8906046143997,Whole Black Eyed Peas,
8906009512327,Katta sambol,
19080178,anup,
4061458191135,,Moser Roth
0841541000001,Lait de soja non sucré,
8908015394850,Apis crunchy peanut butter,Unknown Brand
8901304233717,Ginger Beer non-alcoholic,
8901207023156,1234,hi cji
9789324197689,,arihant
8906071881109,Spicy BEATSS,
8901030766381,bluetooth speaker,
8901719906053,gold orange,Parle
8901716110620,mahabub Hasan,
8901030084133,,
5423156380003,,
8902979029896,Yellow Banana Chips,
8901719912290,Choco rings,Parle
8906096323233,Mélange Tikha Mitha,
8903285074860,hinbi,n
8906031053270,P40 DSR,
8901030826269,,
8906098611253,Loading…,
8901786271009,EVEREST Jaljira Powder,
8904209303431,vathakulabumu paste,
8901063342033,britannia bread,Britannia
5404017400443,,
8904221699291,Protein powder,ASITIS
8906061492742,Lebanese Falafel,
8904067706757,Roasted peanuts,
8901719115646,,
8906020491939,Milk Cake,Lal
8906096323240,Aloo Bhujia,
8904103309508,Prega News Mankind,MANKIND
8906017815434,,
8901764092152,Maaza Original 1.75ltr,HINDUSTAN COCO-COLA BEVERAGES PVT.LTD
8902579680701,,
8900035000872,Gamberi zucchine e pomodori,
8906137670005,Slim n Detox Green Tea,
8901262151306,Kool cafe,Amul
8901719117183,Hide & Seek,Parle
8906001052074,Chicken moghlai,
8901552020176,Jamun,Ashoka
4901260012283,Coca cola 750ml,
8908014774578,Cheese momos,
8904063253200,Plain Bhujia,Hadrian’s
0841541000605,Chocolat soy milk,
06799241,Parmod jhak mix,jhal mix
8904079902048,SULTAN,
8908000695023,Trauben-Mix kernlos,PC Foods
8904083524861,Palm jaggery powder,
8901747002475,3 in 1 Instant Tea,
8904063281180,Onion Parantha,Haldiram's
8902102197430,uday Das,
8906014762410,tel,
4311211326268,k,
8901030866876,si,
8906140970871,High protein paneer,Punjab Sindh
8906001056393,Pulpa mango,Mother's Recipe
8901777217665,Chikoo slices,Vadilal
8901747002444,Instant Ginger Tea,
8901537025042,Super Basmati Rice,
8908013421244,Al-Azawi Dates,Al-Azawi
07175420,Nabin boe,
92120884,7679940323,Mete
8908013252152,Granola,Fit flex
8901030404566,Brooke Bond 3roses Top Star Tea 250G,
8901928023701,Bisk Fram Eat-Fit Biscuts,
8906076131698,Sourdough. Pav,Bakers dozen
8906064490004,,Unknown Brand
8901030875229,,
0793591862477,kerala chips,beyond snacks
8907525040110,Sprite,
8904063212504,Haldiram Bhujia Flour Noodles,
8906019564361,Real namkeen,
8901491001137,India's Magic Masala,Lay's
8906069400657,Sriracha,VEEBA
8902080364053,Mountain Dew,Pepsico
8904083100485,Chicken breast,Zorabian
8904109493058,Chyawanprash,
359431092444516,,
8901491001038,Lays Spanish Tomato Tango,Lay's
8906068762947,peanut butter,
8901088116275,meena,meena
8908000369023,namak,Kristal
8902335012128,Marie Grand,
8906070215738,Miel,
8901058872880,Masala vag atta noodles,Nestlé
8906088694501,Sei White Tea,Teamonk
8901440001188,Lait de coco en Poudre coconut milk powder,
8901719100864,Kismi Toffee,Parle
8906006787353,,
8902080364091,Mountain Dew,PepsiCo
8901063325098,Britannia Toastea,Britannia
8901552022484,Butter Chicken Sauce,Ashoka
8904063256775,Jumbo punjabi Samosa,Haldiram's
8906142021038,Plix  fit and slim smoothie chocolate,Plix
8901014000159,nissin,Nissin
8906018540939,,
8906080240447,,Unknown Brand
8901207028007,Masala pomegranate,
8902080000180,Nimbooz Masala Soda,
8901242107118,Roasted Vermicelli,
8904063211392,Fried Rice with Chilli Paneer,Haldiram
8901063019140,Little hearts,Britannia
8901153008757,Karmiq kaju,
8901648013624,Lassi,
8908006135431,Sirop de rose,
8906128670380,Protein,Food strong
8901153008764,Karmiq 500g,
8901069697137,,
8902041014416,,
0670087379759,,
8908016314727,rok n roll,
8901063151543,Pure Magic Chocolush,Britannia
8901725115654,Sunfeast yippee 70g,Sunfeast
8901725181673,Sunfeast yippee 280g,Sunfeast
8901721000022,Prabhuji bhujia 200gm,Prabhuji
6908998023701,Eat fit thin arrowroot 300g,
6908918023705,Eat fit thin arrowroot 300g,
8901153007347,Tasty treat 600g,
7622201464486,Oreo,Oreo
8906009070759,Milk Cookies,Unibic
8906009079813,Choco Chip Cookies,Unibic
8906009070636,Fruit & Nut Cookies,Unibic
8901153005442,Tasty treat butter cookies 300g,
8906001720171,VRS FOODS LTD,
8906069400640,Peri Peri sauce,Veeba
8900000002450,Raisins blanc,Unknown Brand
8906021927703,عسل,
8901207004889,Chyawanprash,Dabur
8906002487370,Boomer Jelly,
8906040980673,natural sugar,
8901207032158,Litchi,Real
8906066208034,,
5277140654706,8349094878,
8901095900065,Society masala flavour tea,
8904296908557,Rice crisps,
8906046850697,Mount Blue Bread Sticks,Mount Blue
8906091900200,Jowar Puffs Cheese & Herbs,Roast Foods
2000000134762,,Unknown Brand
8901314595652,,
8901030829833,ashish,
8908015044045,aman kumar,hgebgf
8906006854031,Chocobar chocoholic,The brooklyn creamery
8901725000493,biswajit barik,Dust Cutter Beverage Co
8908000274761,Yellow banana chips,
1928342350470,manna oats,
8906008350470,Oats,Manna
8908005846024,soail sk,bengal tigar
8906067026996,Protein Peanut Butter,"MB,Muscleblaze"
8908001927116,Tofu Gold,Bio Nutrients Pure Diet
8906068762954,Peanut butter,Unknown Brand
8906019564279,Farali Chiwda Mitha,
89009550,hii b di KH do,fhxyiyc
8906381919097,Salted Caramel,Häagen-Dazs
8901052004386,tata Gold,
8906081383990,Cut Mango Pickle,
8901030865237,Tomato Ketchup,kissan
8905269007918,Gur rusk,
8901063363281,Roll Yo!,Britannia
0926883111551,Nimbu pani,Jalani
8906046850703,Mount Blue Bread Sticks Whole Wheat Sesame,Mount Blue
8901499009722,Crunchy Granola Almonds and Cranberries,Kellogg’s
8904022332557,,
19835125,,
8901764022708,Drink,8901764022708
8906005504869,Chowpati bhel,Bikaji
8901030887123,Orange Squash,
8908003972312,Mario Intant noodles,
8906090575546,K-Bomv Ramen,Too Yum
8906133407261,Sea Moss Gummies,Root Labs
8908014648886,Cornichons au vinaigre,
8901786011001,Kesari Milk Masala,
8901725132682,Dark fantasy,Sunfeast
8901779900534,Butter Chicken Curry Gravy Mix,
8901719117060,Rol a cola,Parle
8904296903101,Lemon pickle,
8904296903071,Tomato pickle,
8902080011032,Apple Juice,Tropicana
0811307030344,Taali Roasted Makhna,Taali
8904057303454,Strawberry & Mango Duet,Arun Icecreams
6281106041454,,Unknown Brand
8908003452340,Zoopy Instant Noodles,
8901764032608,sprite,Sprite
8901058891447,Maagi,
8901689705496,Armella's Strawberry Jam,
2280000510671,പത്തിരി,
8904004443578,Wrappo,
8906008440171,Murena gajak 500g,Mahalaxmi
8901725119508,Chat at matar,Bingo
8906012890498,Falooda,
8906006310131,Jeera Masala,
8903285074280,zaid,7985
8901088141734,Cold Pressed Virgin Coconut Oil,
8901063146334,Winkin Cow,Britannia
8908005077084,Honey Bell vanilla cake,
89005637,KitKat,KitKat
8906019567034,real bites Pani puri masala,
8904063204141,Poha,Haldiram's
8905269000018,Gur rusk,
8906005621764,Coconut Oil,
8908010376073,,
8905863064416,Krombachers Fassbrause Zitrone,Krombacher
8901063151260,Tiger biscuit,Britannia
0841541000223,Boisson soja,
8908017139176,Nutrela,
8900027003003,Friabile al finocchio,
8906001055082,Cit mango pickle,Mother Recipe
8903662000451,suhel,"suhel,9670185097"
8901738804002,Punjabi mango pickles,
8904063211514,Feni,Haldiram's
8902167001000,MDH Baingan Bhartaa Masala,
8901047000003,Diamond XXL Basmati Rice,
8906015540147,Redchilli sauce,
8901138834913,Homalaya,
8906021465359,Peanut Butter We Natural,
8906021129176,Gobi Manchurian mix,
8904004401554,Masala Sev Murmura,Haldiram's
8902346050072,Enerzal,
8901848000141,,
8901262060004,Cheese spread,Amul
8901414002760,Premium Jeera Cookies,
8906006850835,Black currant ice-cream,
8901233034201,Daily Milk,Cadbury
8904071704541,Loading…,
8908000861336,Sago ball,Gopal
8908001631303,,aroma
8902080205028,Mirinda 300ml can,mirinda
8902710100471,Steel cut oats,
8901063029170,Treat Jimjam,Britannia
8901242604907,Chili Powder,
8904147431685,Ragi flour,
8901030080319,Bru original,
4901001277254,Japanese Style Mayonnaise,Ajinomoto
8901058900194,2 minute noodle,Maggi
8901117252486,Maxirich Multivitamin,Nutrraceutical
8906057902941,Choco’s,
8901719904561,Parle-G,Parle
8904063252821,Cocktail Samosa,
8906083750042,Rose Food Flavor,
8901786031009,Pani Puri Masala,Everest
8906021123587,Tamarind rice Paste,
8901030406256,tea,Red label tea
8901095900089,tea masala,society Indian leaf tea masala
0077855496555,nutella,nutella
8000500289495,H,Nutella
8901138815264,green tea,tea
8904550067938,Amino EEA Xplode Power,
8901200100052,Parachute Pure Edible Coconut Oil,Parachute
8901393018868,Center Fresh xtra fresh,
8901984912940,brown bread,kwality
13994347,Chocolat au lait Caramel,
8906036677716,,Unknown Brand
8904083303039,Curd,
8906109530436,,
8906021922050,Himalaya Honey,Apis
14584028,,
8904063201942,Cocktail Samosa,Haldiram’s minute khana
8901725192327,Potato chips,
0710779116313,Labrada muscle mass gainer,Labrada
8906002482054,Snikers value pack of 3 45g each,
8901499010452,Kellogg's muesli crunchy fruit,Kellogg's
8901058891409,2 Minute Noodles,Maggi
8904004403657,Indian snacks Tasty Nuts,
8901063160378,Pure Magic,
2485754010006,Mediterranean Khubus 6's,
8901058893083,Rich Tomato Ketchup,Maggi
8902579131005,Appy Fizz,
0890364006196,Milk Chocolate Chickpea Snacks,Lebby
8901595963324,Schezwan instant noodles,
8906040910595,Himalayan salt,
8906112660182,Whole oatmeal,True Elements
0962600000227,musa khan,
8991001780898,Twister,Delfi
8886467100277,Pringles - Original,Pringles
8906009804675,Milk Blast,
8908008438288,,
8901725113544,Glouse,Sunfeast
8901063166318,Nutri choice digestive biscuits,Britannia
8901560270228,Garlic Paste,
8906010505394,Masala Sev Mumra,
8902579000967,Smoodh,
8901233023748,"Cadbury Bournvita Original Refill,500G",Cadbury
8901042970066,Roasted Vermicelli,
8906001210382,Mango Pickle,
8906005670359,Butter Chakli,Charliee
8904071700376,Farali potato Chivda,
8906002770182,cothas vanila milkshake,
8904071306752,Jaggery Pesi Gur,
8903363001993,,
8908002145212,,
8901414003279,Tasty Spicy coated peanuts 1kg,
8906040912384,Gluten-free Pink Salt,
8904109490507,12 FE8 2025,
8908010900056,Peanut butter,Pistols
8901207039966,Glucose,
8908013479139,The Whole Truth Bar Cranberry,The Whole Truth
4792024001069,Coconut Milk Powder,Maggi
0411946928004,Maaźa 250ml,
8901058898705,Koko Krunch,
8906065793227,Mr noodles,
8901491990219,Doritos,Doritos
8901030795817,Horlicks,
8901063032323,Treat Cream Wafers,Britannia
8901792004615,Roasted curry powder,
8901491001120,Lays american style cream and onion,Lays
8908000391277,Gluten free cake rusk,
8909790001452,Chanachour,
8901808000242,Custard powder,
07811173,kinley,Unknown Brand
8901030820014,Juniors Horlicks Vanilla flavour 500g Pet,Horlicks
8901491981538,Lay’s Chile Limon,Lay’s
8901725198329,Bingo mad angles,Bingo
8904083300519,Milky mist butter,
8904083310129,Milky mist cheese slices,Milky Mist
8901155115323,Dahi vada,
0701098216310,Soya milk powder,
8901588100057,Curry powder,
6291100930630,Just pomegranate,
8904188605892,Saurbhi soya flour,
89000816,Happydent,Happydent
8901063151048,Chocolate flavoured waffles,Britannia
8902049000503,Alphonso Mango slice,
8904049650580,Riz basmati,Alishaan Superba
8906075002241,Ajwain pudina,
8906054210490,Jazzy jeera,
8904067710914,Roasted Haldi chana,
8908007167356,Himalayan Pink Salt Roasted Manhana,Makhana Walas
8908009192035,Indira's Ragi Masala Idli,Indira's
8906010090081,Cheese spread,
8901030822131,,
8901741001115,Aloo TamaInstant White Noodles,wai wai
8906002082452,Weet,
5900447082452,,
8901725000523,yippee noodles,Sunfeast
8906091240313,Punjabi Mango Pickle,
8901030083907,Bru instant coffee 200g,
8901262030601,Amul cow ghee,Amul
8904018675910,Red mukhwas,
8901050085103,Crunchy Peanut Butter,
0613070715486,dark compound chips,
8906016016528,,
8901058898613,Maggi,Maggi
8908008556692,Cookie man hand pund chocolate cookies,cookie man
8904043904405,Paneer masala,
8908005312536,French butter & pink salt popcorn,
5059603179441,COFFEE,
8901725112653,Sunfeast Dark Fantasy Choco Nut Fills,sunfest
8906097260261,,
8906069401111,Veeba  peanut butter,Veeba
8906069411721,Fit mix,Jewel farmer
8906140081515,Chicken Masala,
8904255700840,Urad Crisp,
8908005100645,Mixed pickle,
8902579130183,Frooti kesar Mango pulp,
8901777459614,Veggie Spring Rolls,
8080360830808,,
8908010213613,Nacho cheese,
8901088050562,Saffola Oats,Saffola
8901030646225,green label bru,bRU
8904004405019,Haldiram's coxonut soan papadi,Haldiram's
8904004404401,Indian Snacks Boondi (Chick pea balls),Haldiram's
8904004400830,Haldiram's chana jor garam,
8901030083884,Bru original 50g,
8901030084164,Bru pure 50g,
8901030083891,Bru original 100g,
8901030083860,Bru pure 100g,
8901030083877,Bru pure 200g,
03771420,noodelS,Golden
8901063093485,Good Day,Britannia
8901414002449,Peanut chikki,
04469568,kissan,
8906003514181,Pani puri magic,
8901552003131,Madras Curry Powder,
8901233025476,Cadburydairymilk Silk Fruit & Nut 137 GM,
8901063325371,rusk,
8901030783234,sankalp,
8904083516514,Organic chickpea shake mix,
8906057900220,Meat Masala,
8904004405323,Soan papdi,Haldiram's
8904235700600,Basamati Rice,
8904063203069,Magic makhana,
8904005452043,sankalp,William Saurin
8902579107017,Frooti,
8901063032316,treat creme wafers,Britannia
8901414004344,bikaneri bhujia,
8904071701229,Soy snack,
8906143440128,कोल्हापूरी दरबार चिकन ६५ मिक्स,
8908004740057,Potato chips Star,Unknown Brand
8901884402107,chhundo,rishta
8901537025110,Super Basmati Rice,Daawat
8901088043953,parachute oil,
11651236,,act II
8906012280022,Masala tchai spiced tea,
8907525100159,Water,Unknown Brand
8904246910364,Mango Thokku Pickle,
8901552000772,Gor-keri Pickle,Ashoka
4901263052910,Limca 250ml,
8902442171671,Cruesli,
8906027031961,Kolhapuri Chiken Masala,
8906019564293,"Bites! Khao Real, Khilao Real",
8901047912771,Navrattan mix,
8901725121648,Atta with Multigrains,ashirwad
8901242101611,Vermicelli,
8901242107415,Roasted vermicelli,
8901786351008,Everest rasam masala,
8901786490509,Everest fish curry masala,Everest
8901302106563,Modigram LX,Micro Labs
8906135090010,Honey flavour peanut butter,
8904063230478,Purani dilly choley With plain combo meal,Haldiram's
8902550005264,Tapioca chips,
8906001051022,Kerala Lime Pickle,
8904150127537,Organic Grass-Fed Ghee,
8904071700918,Mix Farsan,
4906427520366,नवजीवन हिंग,
8904071700291,Masala Criss Cross Potato Chip,
8904071700284,Salted Criss Cross Potato Chip,
8904071702462,Behel Mix,
8904071704152,Instant Bhel Puri,
8901662029168,Chicken Tandoori Mix,Susana
8903553190414,राम बंधू पापड मसाला,
8904071702004,Masala Boondi,
8904198801000,Getmore - Tingling Tomato,
8904198801017,Getmore - Chatpata Masala,
8904198800119,Chips - Masti Masala,
8904198800133,Chips - Tingling Tomato,
8904071700864,Nylon Sev,
8904071700888,Roasted Poha Chivda,
8904071700970,Bhel Mix,
8904071700840,Tikha,
8904071700925,Manglori Mix,
8904071704336,Alu Bhujia,Chhedas
8904071703261,Ratlami Sev,
8904004400151,Plain Bhujia,
8901719119248,Kismi - Assorted Toffees,Parle
8901719119279,Kaccha MANGO Bite (Bigger),Parle
8904394734836,Creamy Peanut Butter,MaraNatha
8906000442401,Pure honey,
8904063257413,Classic mix veg,Haldiram's
8902080013296,Tropicana Orange Delight juice 1ltr,Tropicana
8901138110017,liv,Unknown Brand
8902292000398,,
3948764032806,3948764032806,
8901207038037,,doy
8906007280013,,
8904051202111,Tapioca Chips,
8901262151658,Lassi Mango,Amul
8901725111960,Dal makhani,
8906068761292,Peanut butter,Unknown Brand
8904063214423,Khatta Meetha 440g,Haldiram's
8901161105288,Lal Qilla broww rice,
8904314600067,,
8906004390487,Sikkim,
8904004418903,Taka-Tak,Haldiram's
8906015742015,Watermelon,
8901042957074,Rava idli,MTR
8906031311424,Rice bran oil,Lite House
3948764012914,Cocacola zero,Cocacola
8901774002080,Tandoori chicken masala,
8901725114060,Mini Idli Sambar,
6927849460878,Graine de tournesol au thé vert,
8901777770177,Premium Alphonso mango ice cream,
8906033671106,Munchee Chocolate cream,
8902979052412,Cavins strawberry,
8902979052399,Cavins chocolate,
8410179008059,,Borges mini penne Rigate
8901014004737,cup noodles masala,Nissin
8902330121542,Pane morbido ai 6 cereali,
8901414004375,All time mixture,Biicano
8901120143528,,
8904063259400,Minute khana,Haldiram's
8906116880500,,
0722220581328,,
8904064628113,Sucre de cane,
8909740330373,Super Spoon,Kri Kri
8908001658034,Ocean Fruit drink pink guava fruit flavour,Ocean
8904355401692,,
8901747003915,Instant Cardamom Tea,
8904083516569,Sattu flour,
8904323500013,Desi jaggery,
8908003972282,Trdp Mario instant noodles,
0921111870163,,
8901777050668,Shredded Coconut Nariyal,
8906048735701,حلوى ابوعود ابو بقرة milki,
8902246014310,Zesty Orange,Santé
0890237000047,Cuajada hondureña,La cremosita
8901560191196,Garlic Pickle,
8886467122408,Pringles Sour Cream & Onion Flavour Potato Crisps,Pringles
8901302063897,,Unknown Brand
8904067700755,Jabsons methi papad,Jabsons
8901719112645,Monaco Cheeslings,Parle
8904063255020,Cocktail Samosa,Haldiram
8909104845970,Peanut satay Chunky sauce,F.Whitlock and sons
8901042958439,Uttapam mix 500 g,MTR
8906070215349,Honey,
8908011600092,Natural honey,
8906064281213,Hazelnut Wafer Roll Creamy Wafer,
8901037011255,Detox desi kahwa green tea,
8901725116736,Yippee magic masala,Sunfeast
8908003050652,Basmati Rice,Himalaya River
17671750,,Manjeet Singh
7622201150242,Dairy milk chocolate fruit and nut,Cadbury
8904011510225,Vadim Matta,Double Horse
8904063253255,Nut Cracker Spicy Coated Fries Peanuts,Haldiram's
8901414000346,Natkhat Nimbu Lemon Hit Namkeen,
8906044992603,Mixed Berries alovera juice,
8904209301703,Rice Dosa mic,
0725000030702,,
8904109450136,,
8997033001529,East Bali Cashews Chili lime,East Bali Cashews
8908002377057,Rara instant noodles,Rara
4901593863880,Schezwan Chutney,Ching's Secret
8904214503017,Raju makkai chevda,Raju
8906100880639,Tangy tamarind sauce,
8906077360745,Ragi coriander khakhra,
8907316005618,Mango Pickle,
8901058894547,Maggi Pichkoo,Maggi
8904103010022,Gulab Jamun Mix,
8904109409998,Atta Noodles,Patanjali Ayurved
8901058867923,Atta Maggi,Maggi
8906082524248,Organic Cow Ghee,
8901888005267,,
7622201432249,Oreo chocolatey sandwich biscuits,Cadbury
8906036300751,,
8906041270018,,
8900095067648,Marinierte Sardellenfilets,Medusa
8901808000495,Weikfield jelly crystals,
8901063162334,,Britannia
8906045511889,,
8908015676208,Herbed Tari,
8901888005366,Apple Juice no added sugars+ no added preservatives,
0701098245433,Mason & Co Sea salt dark chocolate,Mason & Co
8904355400657,Glucose D Lemon Flavour,
8901030825651,Horlicks Chocolate Delight flavour 200g pet,
8904272600871,Storia Mixed fruit juice 750ml,
8902979043458,Lemon pickle,
8901777965139,Classic Malai Kulfi,
8901207027550,Real Green Mango,
8901058896824,Pazzia cheese macaroni,Maggi
8906015120554,,
8901014002412,Top Ramen chilli,Nissin
8906068763258,Peanut Butter Crunchy,Victoria
8904043902821,Paneer Masala,
0946510460685,Gram masala,
8906082393370,special rice murukku,
8904272600857,Storia Mango Juice 750ml,Storia
8908006024551,Butter Muruku,Amirtham
8906005508850,,
8908007167172,,
8901719240393,Kaccha mango bite,Parle
8906005500038,Bhujia,
8901058893670,Ketchup,Maggi
8902967100484,black dog,
8901542008535,Complan,
8908014602000,,
8901207017575,Dietary Supplement Powder,
8901552023580,Backed Vada Pav,Ashoka
8904083516521,Organic Chickpea shake mix,
8906010501495,PopRings Cheese Chilli Flavour,GIPI
8901246003591,Extra Virgin Olive oil,Del Monte
8938527759809,Fresh rice vermicelli,Bun Tuoi
8908007716073,,
8906016970400,Samba wheat brokens,
8901063162136,,
8906044993044,Alo Frut Orange Juice 1ltr,
8908005144311,yoga bar 20g protein hazelnut,Yoga bar
8906087420347,Masala peanuts,sowbhagya foods
8904090906520,Garlic mixture,Rajam snacks
8906005505026,Tandoori Garlic Naan,
8904063213181,Lemon bhel,
8904063259325,Multigrain Homestyle Paratha,Haldiram's
8902268006331,بسكويت نايس انمول,
8901725118457,Dark fantasy,Sunfeast
8906002979158,Mouth Freshener,
8908008615849,Freeze dried pomegranate,Frubites
8906001050964,Bombay Sandwich Spread,
8908007167332,Pudina Punch,
8904091117703,Relcer ANTACID 180 ml.,
8901719656712,Fab strawberry,Parle
8902080185023,Sting,PepsiCo
8901826332332,Lassi,
8906076131223,Lavash,The Baker's Dozen
8902080001798,mountain dew,
8908005879251,,
8904059130065,Guggulutiktaka Ghee,
0890969002005,Eggs,Mae’s Eggs
8904063253293,Mathri,Haldiram's
8904012501123,Yellow powder,
3760034710883,Galette Oignon Lardon,
8906084410877,Roasted Makhana,M.O.M
8906112666474,Chocolate Wheat Flakes,
8901972061025,Spicy crackers,
8901086261281,Zecuf,
8906120560030,,
8904355401791,Cane jaggery powder,
8906002730117,chitale instant khaman mix,chitale
8901499010711,Kellogg'sCHOCOS,Kellogg's
8907003504943,Murukku,
8906005502995,Gulab Jamun,Unknown Brand
8908000838260,Kaju delight cookies,
8901810002944,Incense Sticks,Hem
8904304713579,Rice Apaalam,
8906112660540,Antioxydant mix,
8906042150098,Vermicelli,
0415646044880,,
8901246005373,TOMATO KETCHUP CLASSIC BLEND,Del Monte
8000500366769,Tic Tac,"Tic Tac, Ferrero"
8904246930515,Garam Masala,Priya
8904071702202,Salt-n-Pepper Banana Chips,
0534545346564,,
8901262060097,Amul cheese spread,Amul
8906105470002,,
8906001385721,Biscuit avec crème,
8908017762077,,
8901117251748,,
8906012446039,Mix fruit candy,
8906084290011,HDepot,
8906082010000,,
8901030866661,3 Roses Natural Care,
8904265407524,Coconut cookies,
8906085460246,Lentil crackers,Unknown Brand
8906015010053,,
8906058350741,,Unknown Brand
8904004441765,Dal makhani,Haldiram's
8908001105750,Oregano,
8906028801976,BUTTERFLY BAKING SODA,
8908004896709,Sweet bun,Arppana
8904043551630,Modern bread long,
8904063210906,Homestyle Paratha,Haldiram's
8906041453077,Petit mil,
8904441376002,Hot peri peri sauce,
8904063213143,Surati mix,Haldiram's
8901721000510,Tok Jhal Misti 400g,Unknown Brand
8906040911769,Jalapeno Roasted Makhana,Veer
8901017000408,Pani puri masala,
8901882000763,Chillies,
8904214502270,Nylon Sev,
8904063253262,Boondi,Haldiram's
8904063254573,Tea time Khari,Haldiram's
8901262152235,Amul Kool Rose,Amul
8904063215154,Taka tak,Haldirams
8901552014434,Garlic pickle,Ashoka
8901161101013,Lal Qilla Traditional-Royal Basmati Rice,Lal Qilla
8908000273283,Chocken masala,
8903451817161,Bresup,
8906082524255,Kerala virgin coconut oil,
00000703,Baileys Salted Caramel,Likör
8901694005352,The zero zuccheri San benedetto,
8904071701113,Madras mix,
8908015201202,,Étoile du Sud
8906021122672,Health Drink Mix,
8906028801051,Butterfly Icing Sugar,
8906091520361,Chicken tikka,Sardar
9043572403344,Fish Oil,Unknown Brand
8901155119215,Gota Mix,
8901063142299,Nutrichoice,Britannia
8901063026254,nutri sugarfree  cracker,
8901063028166,Britania Nice time,Britannia
8901725114985,Marie Light Veda,Sunfeast
8901063032330,Britania treat,Britannia
8901063032309,treat orange,Britannia
3948063031869,britania treat,
8901063012332,milk bikies,Britannia
8901063012349,Milk Bikis,Britannia
8901063035102,milk bikis,Britannia
8901063014152,vita marie gold,Britannia
8901063018297,time pass,Britannia
8901063138162,Nutri choice Arrowroot,Britannia
8904124312105,life time,
8901063325623,,Britannia
8901063325586,toastea bilk rusk,Britannia
8901063004146,good day,Britannia
8901063094154,good day pista badam,Britannia
8901063094185,good day,Britannia
8901063094147,good day,Britannia
8901063092402,Good Day,Britannia
8901063098657,good day,Britannia
8901063092495,good day butter cookiew,Britannia
8901063091016,harmony,Britannia
8901725102876,mom's magic,Sunfeast
8901155133211,Nylon Khaman,Gits
8901414041981,Amritsari kulcha,
8904004412192,Khatta Meetha,
8906008812138,Refined Sunflower Oil,
8901155108219,Sambar,Gits
8901747002260,Instant Ginger tea,
9788120288034,book,
8906015741971,Hjeh,
8908001246842,Crax Corn rings,
0706502242497,Oat clusters and Ragi flakes eith strawberry,
0873529002721,Placerville Hardware Mints,
8908003133089,SAT ISABGOL,
8906020460027,White Bread,Harvest Gold
8904095000667,Nimbu Pani,
8901747000877,Wagh Bakri tea orange peko,
8901063341500,White bread,Britannia
8906056040286,,
8904022990023,Sandwich plus,
8904064672215,Graines de pilon ( moringa),
8901777041666,Frozen bean,Vadilal
8901848000752,rasana,fruitplus
8901725114862,Marie light,Sunfeast
8901719124723,Parle-g,Parle
8901058897500,Nan pro2,
8901030831737,KissanJam Mixed Fruit,
8902188882114,Turmeric Powder,
8906069961011,Plain Buttermilk,Sanchi
8906007280020,Fortune oil,Unknown Brand
8901058898330,Nescafe choco mocha,Nestle
8906009534732,Max protein 7 grain breakfast cookie,RiteBite
8904004402162,Haldiram Fine Sev (BHEL SEV),
6930297401225,,
8907931000005,Sweet potato chips,
8901725150129,Whole wheat flour,
8901542002052,Glucon-D regular cbd,
8904004417081,Bhujia sev,Haldiram's
8906044172319,,
8906005917171,,
8906059636882,EP frt yogurt,
13213722,,
8901453000031,ROOH AFZA,
8906005508249,Shakkar para,
8902434114419,Center fresh,
8908005758778,Instant tea premix Cardamom Chai tea Latte,
8904063253309,Bhelpuri,Haldiram's
8908003972176,Mario masala noodles,
8904063204233,Rava Idli,Haldiram's
8906009451091,Biotique cream,Unknown Brand
12033393,Total war pre workout,Unknown Brand
8902292604589,Super Apeti Plus,
8906046144512,Himalayan Pink Salt,
8901648018186,Classic Dahi,Mother Diary
8901117259508,,Unknown Brand
8901063151079,Chocolate Flavoured Premium Crème Wafers,Britannia
8908006727421,Neycer,Neycer
3948764092800,maaza,coco-cola
8906005913456,Akash peanut,Unknown Brand
8901063136328,Bourbon,
8904051200582,Sweet Banana chips,
8908006024582,Seedai,
8904067700809,Peanut,
8904198401682,,
8906019564132,Ratlam sev,
8901233026497,Cadbury Milk Lickables 20g,Cadbury
8901233028637,Cadbury Dairy Milk Shots 18g,Cadbury
8901233024622,Cadbury Oreo 60g,Cadbury
8901552017909,Masala Paneer Kathi Roll,Ashoka
8904063230126,Navrattan,Haldiram's
8908013172269,Strawberries & Cream Protein Milk Shake,Phab
8908007167028,Cream & Onion,
8901262071543,,
8906067920478,Chanachur,
8901414043657,Chips tangy tomato,
8901648025788,Milk shake,
8901552021180,Ginger,Ashoka
9837124562128,,
0907073082653,Lahori zeera,
8906001056959,Alo Mutter,
8904137454670,Black salt,
8904051306505,Avalose Balls,
8906001055549,Stuffed Red Chilli Pickle,
8901088141222,Masala oats,
8904049710468,Natures essence gold,
8902080013395,Tropicana Mixed Fruit Delight 1ltr Juice,Tropicana
8906014085748,Lime Pickle,
8906130140451,Farali Chevdo,
8906118210183,THAI Jasmine Rice,
8901042970608,Minute Rasam Garlic,
8903363006592,TeaCountry Green tea,Unknown Brand
8901499008343,CornFlakes Almond Honey,Kellogg's
8901193503922,MaQintosh Whiskey,MaQintosh
8902080001125,,Pepsico
8908012922032,,
8904327600924,Myfitness Peanut Butter,Myfitness
8001724107381,Dark fantasy,Unknown Brand
3948725101381,,Unknown Brand
8906069721363,Maida Matar,
8904082785676,Bhakri,
8906069402033,,
8908018009003,,
8901652142136,Butter Delite,priyagold
20110126999998,Zara,
7622201718091,Disinfecting wipes,Unknown Brand
8901491002134,Gourmet Vintage Cheese & Paprika Chips,Lay's
8901542013010,Glucon-D Instant Energy,
8906001400400,Asafoetida,
8901719123887,Parle-G,Parle
8906023414348,,
8904067711614,Chilli n garlic chana roasted chickpeas,Jabsons
8901063151192,Premium Cream Wafers,Britannia
8904037000380,,
8908005144175,20G protein bar almond fudge,Yoga bar
8906003514204,KHAJURI IMLI CHUTNEY,
0946422350500,,
8901058868418,Rich Tomato Ketchup,Maggi
8901180055021,,
8908012471004,Indian tonic water,Sepoy & Co.
8901552020473,Plain Paratha,Ashoka
8901042959269,masala idli mix,
8904083512103,Basmati Rice,
0078895135886,Light Soy Sauce,Lee Kum Kee
8901414043923,Matar Paneer,
8906055440117,Organic red rajma,
8904083502685,Organic mango jam,
8901155145221,badam pista falooda,
8907525000237,Coca-Cola Original taste,
8904258701950,Choco mint protein shake,
8908015676000,Sweet ripe banana chips,
8906080601620,aamras,
8908000274570,Malabar porotta,Viswas
8901747002451,Instant masala tea,
8906001056706,Poha on the go,
8904083519829,Organic 7 Grain Atta,
8906081380142,Mango Avakaya,
8901774002110,Pani puri masala,
8906014081252,Kashmiri chilly powder,
8906009532509,Max Protein - Active Peanut Butter Bar,RiteBite
8904057395992,Curd,
8904073601015,Sharbat rose,
8901882000756,Fine Cacuum Salt,
8906091722062,Natural Hobey With Cinnamon,
8908009475022,Chochofan,
8902268010857,Yummy,Anmol
8906010505240,Aloo Sev,
8904015200566,,
8906110980022,,
8906010505271,Chana dal,
8901063363939,,Britannia
2000000137791,,
8904221699512,,
8908014678012,12345,1234
8901393024227,Juzt jelly,
8901047046056,Charminar basmati rice,
88902395,7879271239,banjara
8901764032158,Sprite,Sprite
8901552006941,Mixed vegetable Paratha,Ashoka
8906140210052,Halvason,
8906101801350,,
8906090451550,زلمی احمدی,666
8901439001687,Corn flakes,
8906047001227,Organic Coconut Oil,
0041790600476,Olive oil extra virgin,Bertolli
8906046142051,Brown basmati rice,Pride India
8901058892819,Maggi Noodles,Maggi
8906033745333,CREAMS,
8906034042479,,
8901719305917,Hide and seek chocolate chip cookies,Parle
8901725117092,Yippee magic masala noodles four in one pack,Sunfeast
8901499009043,kelloggs chocos multigrain,Kellogg's
8906027713546,Dahi,
8901414000124,Bikaneri Bhujia,
8906126280260,Gladiator,
8901155101418,Gulab Jamun Dessert Mix,Gits
8901440206897,Kabsa masala,
8902979007412,strawberry milkshake,
8901939174652,Chips de manioc,
8908017415201,Peanut Butter,
8901848020354,Rasna,
8902579001490,Mango drink,
8905694516450,Peanut butter,
8904064616080,Ragi,
8901304282036,Sitophaladi Powder,
8902702141109,cola,
8906069960601,Sanchi ghee,
4906466060601,,
8908001700320,Desi Ghee,
8901542006234,Glucon-D,
8904004405729,Rasgulla,Haldiram's
8904004408034,Mo'plleez Vermicelli,Haldiram's
8901030876981,Red Label,
8901030025297,8901030025297,Unilever
8906102980726,,
8901414004337,Omar Rahimi,brand
8901037255086,Masala chai,
8901537006157,Rozana riz basmati,
8908013741007,Raja Chuna,
8901063032514,Britannia Traet Croissant,Britannia
8908014060053,Pep 300,
8902132210116,Mango Pickle,
8902979001045,PURE COCONUT OIL,
8906001055426,mango pickle,
8901648092537,cold coffee,
8901764981036,peach,Coca-Cola
8906010502973,Papdi gathiya,
8904063209665,Malai sev,Haldiram's
8904109491504,Chyawanprash,
8901874123821,Pan Pasand Ravalgaon,
8901440001294,Matta Rice,
8901058900866,Maggi,Maggi
8901595972210,Schezwann fried rice masala,
8906011145193,Kids-pro,
8901030084140,BRU Original Coffee,
8908000088085,,
8901014002047,Top Ramen Masala Noodles,Nissin
8906019350094,,
5411361325506,Purée de céleri rave,
8906015310115,Rose Syrup,
3653584142078,acetic acid,sarwar
8901571000036,Horlicks - chocolate delight flavour,
0717273505476,worcestershire,American garden
8901648092599,india,all
8901023019913,,
8906014480673,Taan jeera masala sofa,
8901023028502,CINTHOL,
8901747002796,Green Tea,
8901414004726,Moong dal,
8906005503794,Pani Puri,
8904063211606,Lachha Paratha,Haldiram's Minute Khana
8904064678712,Karnool Sona Masoori Reis,Anupama Rice
8906002730124,Instant Khaman Mix,
8901155144224,Rose Falooda,Unknown Brand
8901414043930,Chole curry,Bikano
8906102981013,,
8906003103385,,
8901565001698,Tomato Discs,Peppy
8904319300894,Dry fruit burfi,
8904004439892,Paneer Paratha,Haldiram
8901063163287,Tiger glucose biscuits,Britannia
8901314676757,,
8902080000852,Litchi delight,Tropicana
8906029580412,Sambar powder,
8901047000164,"Savoury & Sour Chilli, lime and ginger pickle",Kohinoor
8906121360226,Rose flavour falooda,
8904063204592,Gluten Free Tandoori Nann,Haldiram's
8901262152334,Amul Kool Royal Elaichi Flavour,"Amul,Kool"
8906117403654,,
8906081381705,Andhra Mixture,Telugu Food
8907316006417,Palak paneer,
8901063166066,Treat Crazy Pineapple,Britannia
8907525000145,Coca-Cola original test 400ml,Cocacola
8904063257550,Bhel Puri,Haldiram's
0608603896367,,
8901058904000,Instant noodles,Maggi
8850534118267,,
8907316006424,Paneer (tofu) Makhani,
8906064281466,Butter cookies,
8907316005106,Chana palak,
8906002730018,Instant Gulab Jamun mix,Chitale Foods
8904049101907,Madhunshini vata extra power,
8901042969770,MTR asafoetida,
8904082786406,Phool Makhana,
8904063256911,Cookie Heavan Kaju Cookies,Haldiram's
8906036670175,,
8906105612617,sunscreen matte finish,wow
8906078264028,Crackers with Italian Herbs,
7046122277183,,
8901052010233,,Unknown Brand
8901058903904,Masala Veg Atta noodles,Maggi
8906005501356,Chana dal,
8906130900338,Choco-Pie,
8906031882047,Rose milk drink mix,
8901777977040,Kulfi pista,
0712345678904,Farb,
8901905502151,Butter pound cake,
8908001105729,Black Peppercorn Grinder,
8901719124075,,
7622201138486,Bournville,Cadbury
8904406247347,Dry Fruits,
8904109420344,,
8901652142068,Butter bite pistachio,
8904063214768,Haldiram's Chatpata Dal,Haldiram's
8901595863822,Peri Peri (Masala),
8906020588400,Malabar Parotha,
8901107030582,Softovac,LUPIN
8906042150159,Pearl millet vermicelli,
8906056633020,,
8901725111663,Yippee Creamy Corn Pasta,Sunfeast
8904913014449,Grissini con Ido resistente,
8904063213150,bhel mix spicy,
8908014757014,Chana Masala,Hocco
8904022903863,Butter Bonn Biscuits,Bonn
8904049100603,SWASARI PRAVAHI MADE IN BHARAT,
8902433004117,Orbit Sepermint Flavour,
8906058351205,,Unknown Brand
8906069404143,,
8901401000281,Threptin,
8901719124143,ParleG gold 75 g,Parle
8992730950194,,
8901808003038,Weikfield Cherry Jelly Crystals,
3948207014147,,
8907316007469,Navratan Korma,
8901414000377,Watkhat Nimbu Lemon Hit,
8901552001960,Kesar Mangopüree,Ashoka
8904063281593,Yellow Dal Tadka,Haldiram's
8904063259363,Masala soya chop wrap,Haldiram's
8904004444001,Dal makhani,Haldiram's
8901882000046,Peanut Cake,
8904063281531,Haldiram mutter paneer,
8904063210142,Soan Cake,Haldiram's
8906153090313,Pure Butterfly Pea Flowers,
8904063204103,Minute khana,Haldiram's
8904258700595,Raw Pressery Sugarcane Juice,Raw Pressery
8906001021698,Topp Up Milk Rose Flavour,Gowardhan
8904089802987,Aroma Magic,Blossom
8906115981284,Roasted Flax Seeds,Himalayan Natives
8901399088162,,
8901042968933,Gulab jamun,
8906066202551,Pizza Oregano,Keya
8904004416091,Gorus cookies,Haldiram's
8901030825514,Women's plus caramel,
8908013915163,Plant Protein,
8906112840065,Peanut butter,
8904067709352,Jabsons sesame  laddu,
8906089380359,Dunkle Schokolade Schwarzer Knoblauch,Unknown Brand
8901393017908,mentos,fssai
8901207028533,Mango Fruit Juice Nectar,
8906112840089,Peanut Butter With Honey,Bicky
8906021123679,Biryani Rice paste,
8901888900838,,
8906081945457,Cold Press Virgin Coconut Oil,
8901037017424,Green Tea - Kashmiri Kahwa,
8904004410167,The World's best Kaju Katli,Haldiram's
8904063211378,Vegetable Jhalfrezi,Haldiram's
8901030783029,,
8902080000821,Tropicana,Tropicana
8904067708751,Soya sticks Tangy Tomato,Jabsons
8904027400794,Ashwagandha,
8904317300834,Biotique K.K 3no Darkest Brown,
8904022914951,Milk short cake,Bonn
8907525000183,Coca Cola,
8906005627636,Rose Water,
8906004620782,DHARA RICE BRAN OIL,
8901058903201,Munch,Nestlé
8904084900114,Armomy,
8906009073255,Almond and Pistachio cookies,
8906089151737,Indian rice basmati first class,
8901095900171,Society masala tea,
8906151420037,Laxmi Narayan chiwda 200gm,
4260661754926,,Unknown Brand
7622201778781,,Cadbury
8906081381361,Chekodilu,
8901058897241,cerelac,Nestlé
8907003505087,Rajapa layam Thattai,
8901262020060,Amul cheese block,Amul
8904071701175,Chana Chor,
8908007167363,Roasted Makhana Khatta Meetha,
8901928350951,Googly,
8906027051006,Kolhapuri Rassa Masala,
8906133440121,,
8907316007421,Amritsari Rajma,
8907316007452,Mumbai Pav Bhaji,
8904067702513,Gud Chana,
8906047522371,Extra Virgin Olive Oil,
8901058866766,Massala oat noodles,
8901542013140,Glucon D,
9900496606247,,
8901262171557,Chocolate family pack,Amul
8904063216168,Bombay mix,Haldiram's
8907432021295,Gur,Trumart
8907316002013,Garlic paste,
8907003508828,Rajapalayam mixture,Adyar Ananda Bhavan
8906002528554,,
8904063210920,Aloo kulcha,Haldiram's
8906081384539,Garam Masala,
8908003115368,Kesar pista biscuit,
14634135,universal wiper blade 350 mm,
8904018303776,,
8901044124900,Ma,
8904043551821,,
8901393019483,Chupa Chups,PERFEITI vanMelle
8906009803821,,
8904208600111,Spice Mix For Paneer Makhanwala,Rasoi Magic
8902281608802,Carmicide,Unknown Brand
8906005504852,Chowpati bhelpuri,
8901725198138,Mad angles mmmmm masala,
8904063259349,Tandoori Garlic Naan,
8906013032583,нудъли с телешко,Wai Wai
8906010505493,Wheels,
8904004440096,Tandoori Garlic Naan,Haldiram
8904109445187,Patanjali kesh kanti,Patanjali
8906038784238,Chyawanprash,
8901058898347,Nescafe,Nestlé
8906045141901,,
8901324013924,,Unknown Brand
8901440031390,Kadumanga,Eastern
8901058900927,,Maggi
8906082391154,Banana chips,
8906010261122,GOLD WINNER,
8904082760017,Besan gram flour,Gaay
8901058892789,Maggi,Maggi
8908000278707,Ripe bananas chips,
8904067702667,Khakhra,
8906020492547,Kesar Peda,
8901777552124,Motichoor Laddoo,
8901042968988,3 minute breakfast vegetable upma,
8901548100561,Nutralite choco spread,Zydus wellness
8906055440476,Organic Brown Sonamasuri Rice,
8906001211334,Dal Makhani,
8901719903427,,
8901719912627,,Parle
8901042969695,3 min breakfast,
8904073797213,COCONUT WATER,
8906086610053,,
8901741006103,WAI WAI Tasty & Delicious Chicken Bhujiya,
8901499008787,Cornflakes,Kellogg's
8904004400427,Lite Mixture (Chiwda) Sensible Snacking,Haldiram's
8901042969046,3 minute breakfast vegetable upma,MTR
8906022070583,Van antara,
8901393016680,Chupa Chups Bites,Chupa Chups
8901030882579,Red label,Brooke Bond
8901725114350,,Sunfeast
8902393003250,BECOSULES Z capsules,Pfizer
8901721000756,Prabhuji mix 350g,
8901526592616,,
8906023901268,Hapima Fried Rice Mix,
8901058895926,,Maggi
8904289001500,Stevia leaves powder,
8901777768044,Butterscotch ice cream,
8901777681176,Kesar Mohini ice cream,
8901777025666,Vadilal baby okra,
12076963,,
8906048500668,Protinex Rich Chocolate Flavour 400g Jar,"Danone,Protinex"
8908004860083,,
3948725104641,,Sunfeast
8906068220188,Kjakara,
0000101713364,Fresh Mango Raw,Unknown Brand
8907316006738,Dal Tadka,Mother's Recipe
8901888002563,Grape,Real
8901810010000,,
0073893212256,,
8901030764936,,
8901719112560,,Parle
8901041000115,,
8906011831799,,
8901719122880,Parle's wafers,Unknown Brand
8901537076679,Brown Basmati Rice,Daawat
8901058852165,KitKat,Nestle
89009765,Nescafe classic,
8901063166462,JimJam,
8901725105211,B Natural Mixed fruit fibre 180ml cbd,
8906039420425,Mithi orange candy,
8901905501178,مونجيني كيك برتقال,
8901905501161,مونجيني كيك الذبدة,
8901905501185,مونجيني كيك بالذبدة,
8904011503074,Double horse,
8906013640108,Lilo Chevdo,
8901905501208,مونجيني كيك شيكولاتة,Unknown Brand
8904063216809,Palak koft,Haldiram's
8904063209924,Tandoori Naan,Sher-E-Punjab
8939113955452,,
3496872010112,,
01737875,Glucon-D,
8904063216106,Besan ladoo,Haldiram's
8904214501075,Mangalori Mix,
8904258701967,Protein milkshake cold coffee,Raw pressery
8902080704057,Lehar Soda 750ml pet,Pepsico
8906059460326,Truffles,
8901123005762,Caramilk bars,lotte
8906009803784,Dukes Waffy straberry,DUKES
8901086130105,Metrogyl Gel,
8908005505068,NACHO CHIPS,
8906009073323,Unibic Snappers,unbic
8906019564316,Chana Jor Garam,
8906095375127,Nylon sev,
8901777459096,Veg Spring Rolls,
8906001057314,Bengali chutney,
8904150503508,Cake mix,
8906021927635,Dates syrup,Apis
8901741001542,Mama,
8906008351651,Proso millets,Unknown Brand
8901047912740,Bombay Mix,Kohinoor
8901741007605,Chicken Flavored Instant Noodles,Wai Wai
8904268848256,Organic neem powder,
0870351005203,,
8906021129978,,Aachi
8906105100527,,
8906002488490,doublement,
8935001726449,fruit-tella,Fruit-tella
8901741001351,Wai wai,
8906076272582,Laila Basmati Ricep,
8904109401961,Divya jal,Patanjali
8906001385301,Butter cookies,
8901207028304,Glucose,Dabur
8901036341704,,
8901030830389,Viva,
8901512509505,Act 2 Instant Popcorn,
8901262172493,Amul Chocochips Icecream,Amul
8906021927406,Fruit Blast Mixed Fruit Jam,
8901595961443,Mix Veg Soup,
8901725115029,Marie Light,Sunfeast
8906010913113,Dairy day junior Sandae,Unknown Brand
8904052502180,,Unknown Brand
8901030904578,Bru Instant 100g btl,
8902167000058,Kashmiri Mirch,
8904256717830,Brown rice chips,
8901012320242,Guruji ompudi,
8902901223927,Good Life Almond 500gm,good life
3948764042270,Thumbs Up 750ml pet,Thumps up
8904004409949,Sweets,
8901725003319,Yippe noodles,ITC
8904067711690,Lemon & Mint Chan roasted chickpeas,
8906081382092,Atukula mixture,
8901207030109,,
8904083500414,24 mantra 1kg,
8901499009135,Corn Flakes Original,Kellogg's
8902901222524,Cardamon green,
8906000597347,Royal India 5kg,Royal India
8901552016438,Tamarind concentrate,Ashoka
8904214505226,Surati Garhiya,Raju Namkeen
10100233,,
8908001158794,FOGG,
8904158008289,vasnalcare,
8904071305342,ketchup,best gold
8901088167987,flora,parachute
8902335028884,Butter cookies,
8901248104043,Navratna,
8904145911820,Pedia Sure,200g
8901058873412,KitKat,Nestlé
8906001387015,English oven,English Oven
6084010320161,Dana,Dana
8901047000072,Mango Chutney,Kohinoor
8906135091956,عسل طبيعي,
8901242400608,Kai Murruku,Anna bytes
8901777630082,Tandoori Paneer Pizza,
8906012840646,نجیب الله,شمسی
8906005502063,rasgulla,bikaji
8904300200851,Instant noodles,
8906068762237,peanut butter,
8908007295943,Sunaulo kiran,
8908006217465,"Mango, Ragi, & Rice With Milk Cereal",Slurrp Farm
8906037060012,Suji Rusk,Veer jee
8906137490146,Coconut Dreamz,DiamondR
8906131680260,,
8906001055273,Gorkeri,
8902246004656,haywards,the originl
8904063257116,Lemon bhel,Haldiram's
8906135091536,DIET PEANUT BUTTER,
8902268011601,,
8906005507143,Soanpapdi,
1234567899992,Jasmine Rice,Eagle Brand
0712345100009,,
8906064281497,Butter Cookies,
8904063257390,Punjabi Choley,Haldiram's
9562192324802,Ajmi Bundle Pack,AJMI
8906033339174,,
8906001053521,Mother's recipe ragastani sweet lime pickle,Mother's
8907316000828,,
8901725121259,,
0850015415876,Veggie Chicken,Good dot
8906077360028,Softy Chakli,
8901063165618,Little hearts,Britannia
8901725102678,Aashirvaad whole wheat floor,
8907316002181,Kerda Pickle,
8906087452003,Ragi,
8906036675859,,
8906064231447,,
8904355400305,imported olive oil,apollo
8904063281661,Bhindi Masala,
8904063216236,Dal Makhani,Haldiram's
8901725116095,,Sunfeast
0769807193628,,
8901042956213,MTR Ready-To-Eat Rajma Masala,MTR
8901552001106,Tandoori Paste,Ashoka
8906071264612,,Unknown Brand
8906108410333,Ancient grains pancake mix,
8901552023399,panipuri concentrate,Ashoka
8906075000735,Soanpapdi Sweet Soft,
8906074823526,Almond Millet Biscuit,
8901088141260,Masala  oats,Soffola
8901414043947,Dal Tadka,
5054267012585,Raspberry lucozade sport,Lucozade
8906016890210,P-MARK KACCHE GHANE MUSTARD OIL,
8901042961217,Badam Drink,mtr
8906057903269,Moong dal,
8901155440319,Sarson Ka Saag,
8901088141246,Saffola Masala Oats,Saffola
8901042957852,Mutrar Paneer,MTR
8906070439219,Organic Masoor Dal,
8906125313389,Natural honey,
8906070439073,Organic Rajma Chitra (Red),
8906070438366,Organic Tur Dal (Pigeon Pea Split),Unknown Brand
8906011190544,Muthiya,
0890376002278,Chives Kimchi,80Million Kimchi
8906005502636,Anjeer Dry Fruit,Bikaji
8908004539101,Corn on cob,Merc
8901552013741,Butter Chicken Paste,Ashoka
8906066700521,Kettle corn,
8901512507501,ACT II Microwave Popcorn Butter Lover's Flavour,ACT II
8908004279113,maggie,Unknown Brand
8901719117213,Parle HIDE&SEEK,Parle
8901777798942,Microwavable Roti Chapati,
8901777449622,Paratha Homestyle,
8901030315381,Bru instant Coffee,
8908003545813,Poudre de Jaggery,
8901155441316,Paneer makhani,
8904004401417,Bhavnagari,Haldiram's
8902089010067,TEZ Mustard Oil,TEZ
8902500076795,Misura privolat,
8901414001510,Gulab Jamun,Bikano
8901052003372,Tata Kannan Devan tea,Tata Tea
8908004096017,Salted Peanuts,Panjwani
8901747003199,Instant Cardamom Tea,Wagh Bakri
8906004620188,Filtered peanut oil,
8906010501488,Poprings Masala,Balaji Snacks
8901725111472,Mad angles 50,Unknown Brand
8906046144062,Quinoa and Basmati whole grain mix,
8901058902372,Maggi pazzta,Maggi
8901042956206,Navratan Kurma,
8901088102872,Parachute Coconut Oil,Parachute
8906031310038,Flax oil,
8901047016059,Basmati Gold,Kohinoor
8906078264165,Crackers veggie,
8901396315100,,
8901042968209,3 Minute Breakfast,MRT
8904063252890,Paneer pakoda,Haldiram's
8906020460652,Brown Bread,Harvesh Gold
8902187000748,Fish Curry,
8901777974537,Mango kulfi,
8901058901320,Maggie,Maggi
8906034821845,,
8906021120685,Coriander Powder,Aachi
8906011830082,,
8906135620323,Punjabi tadka,kakaji
8908000835368,Ringo Star ring,Unknown Brand
8906009534718,,
8906029451170,green chilli sauce,meal time
8906019567010,,
8904333707303,,
8903363003997,,
8906005618030,Winkies chocolate swiss roll,
8901552023382,Date and Tamarind Chutney,Ashoka
8904063240101,,Unknown Brand
8901063151055,Wheat Rusk,BRITANNIA
8908009918413,Herbalance,
8906071450039,,
8904063252456,Patisa,
8906118210374,Danish style butter cookies,
8901058895742,,Maggi
0841165141203,puddinh,Pran
8902335004499,Nice sugar sprinkled coconut cookies,
8906006783614,Tomato ketchup,Unknown Brand
8901058891645,Maggi masala magic,Maggi
8908005758037,Turmeric Latte Mix,
3948246005373,Tomato Ketchup,Del Monte
8908006514847,Muffets and tuffets Burger bun,Unknown Brand
8904132913226,Snac tac Tomato Ketchup,Unknown Brand
8906002001118,Pasta & pizza sauce,Dr. Oetker
8902901126464,Yeah mango juice,Unknown Brand
8908000233232,Iyer's Punjabi Masala Papad,Unknown Brand
8904272600055,Storia mango shake,Unknown Brand
8901719909412,Chocolate Rolls,Parle
8904132928510,Corn Flakes,Aarambh
8901725003128,B Natural Mango bitz,
8901042969688,Tomato Rice Powder,
8908009419637,Sauli moonbills - choco,Unknown Brand
8908009419651,Sauli moonbills - Vanilla,Unknown Brand
8908009419644,Sauli moonbills - Strawberry,Bauli Moonfils
8904258701974,protien milkshake,RAW
8902901225181,Moong dal whole 500g,Unknown Brand
8906080601637,Pomo juice,
8901456000021,Roasted Crispies,
8906012446022,Santra candy,BP GOLD
8901491983198,MAXX MACHO CHILLI FLAVOUR,Lays
8905507002354,,Unknown Brand
8901808004042,Sunny lemony,
8906002130016,Toor dhal,
8900012800402,tu,Chf
8901262220385,Kaju Katri,Amul
8901786121007,Kitchen King Masala,Everest
8904198803561,Navaratan Mixture,
8904010696142,Egg Masala,
8901234100189,BANTA SODA Jeera,
8901138505219,,
8934043905379,Tata Gofit plant protein,Tata Gofit
4902443544492,Cheetos,Cheetos
8901030819865,,
8901777588178,Kesar pista kulfi,
8906088860913,Current Cheese Balls,
8904043901039,,
8901220905682,,Unknown Brand
8901741000026,Wai wai masala noodles,
8906032019169,Patanjali Atta noodles Chatpata flavour,
8901595971244,Ching's Hot and sour,
8906081380234,Telugu karela pickle,
8901552000338,Gujarati Methia mango pickle,Ashoka
8991001122117,,
8906015310290,Khus Syrup,
8901023019715,,
02542221,,
8201764002152,,
8906015613216,Hangyo Roasted Almonds Icecream,
8906015614978,Hangyo Pink Guava Icecream,
0890204524361,Сырок глазурованный ваниль,Ферма
8906054102092,Uzhunnu Vada,Tony’’s delight
8901088017381,Saffola Gold 1 Ltr pouch,Saffola
8906000920046,Crisp Wheat Khakhra - Masala,Daadi's
8906001380139,Short bread biscuits,Cremica
0890237001303,“Margarita Mi Canton” salvadoran cookie,Margarita
8906061300900,Jeera Bhakhri,
8901030881411,Tomato Sauce,
8901928152500,Mast Jeera,biskfarm
8901262175845,Icecream,Amul
8901207033551,Hommade imli sauce,Hommade
8906020492219,LAL Dharwad Peda,Unknown Brand
8902901227581,Walnut Kernels,Unknown Brand
8901741001306,Korean fusion,
8906070741121,,
8906030680071,Gurujii kara boondi,
8901207004414,real juce litchi,
4796008920018,Real Apple juice,
89009727,rich tomato sauce,Maggi
8904045410386,Multani rajbhogprash,
8901058890617,maggi,Maggi
8901262175074,Amul nutty ice ceam,Amul
8904063283757,Kaju rose katli,Haldiram's
8904319300689,Badam pista mix,
8907459000365,Kopiko,Kopiko
8901111011119,,
8908002974942,Coconut mittai,arcot mani mark
8906081384362,Jaggery Powder (Unrefined Cane Sugar),Swetha Telugu Foods
8904132912823,Snactac bikaneri bhujja 1kg,
8906070020455,Sharvas Sev nice chilly,
8906070020592,Sharvas corn mixture,
8906070020417,Sharvas ompudi,
8904112704042,Durga butter murukku,
8904084101528,Gur Jaggery,
80972945,Kinder joy,Kinder
8906009531373,Max Protein,Rite it’s
8904063281586,Kadhai paneer,Haldiram's
8908004362273,Tea Lockart,
7622210063465,Cadbury dairy milk,Cadbury
8904147407796,Šugar candy whole (Khadi Sakar),
8906006723023,Dates Jam with mango,
8902042212583,gold cup,
8908811489552,Basmati Riz,Milan food
89085967,Gamberi croccanti,Bofrost 8596
8904067708744,Soya Sticks Chinese Chatka,Jabsons
8906010505318,Namkeen,
8904063205063,oats idli,Haldiram's
8906014900324,Corn Flour,Kwality
8906125980024,cheese Microwave popcorn,4700BC Popcorn
8901304269457,hygenic,rich and roy
8901314579416,brash,
8904304711582,Suggi peanut masala,
4958517103102,Suggi salted peanuts,
8904304711599,Suggi classic salted peanuts,
8901725102746,Cow Ghee,
8904063281630,Malai Kofta,Haldiram's
8906105100398,Horlicks,
8906119530112,Zuggi Crushed peanut Chikki,
8906119530082,Zuggi peanut Chikki,
8901719124877,Parle Maire,Parle
8901491990097,Doritos Sweet Chilli,Doritos
8901719123122,Hide and Seek choco chip,Parle
8901088098472,Set,
8901719124068,Parle Rusk real elaichi,Parle
8908013841004,BL Roasted Suji,
8902433002014,Bounty Miniatures,
8904113521280,Agro Fresh Idli Rawa,
8902089020066,Til Sona,
8906014640046,Vanaspati Dalda,
8906014080064,Brahmins Fied Rawa,
8901393016185,Mentor pure fresh mint sfree,
8902433003585,Galaxy Crispy Chocolate,
8904132912779,Bikaneri Bhujia,
8904132917255,Boondi,
8901058869736,Milo cocoa malt milk,
8906014085601,Brahmins appam powder,
8906014080026,Brahmins putting pudi,
89007716,Orbit sweet mint sugar free gum,Orbit
8906046076134,,
8906078721316,Gopal Dry fruit Kachori,
8904063240286,Moon daal,Haldiram's
8904214500504,Nylon Gathiya,
8908013252015,Crunchy Granola,Fit & Flex
8901777612064,Coconut cookies,
8906097300196,,
0590835001025,,
8126515112341,,
8904112704141,Durga Cornflax mixture,
8904112704165,Durga puffed rice,
8906000920015,Daddis plain khakra,
8907003505070,A2b pepper sev,A2B
8904112704455,Durga moong dal,
8906070020431,Sharvas pepper sev,
3225111101102,Suggi peanuts,Unknown Brand
8904085900090,Ambika Appam papad,Ambika Appalam Depot
8902901224825,Good life urad dal chillka,Good life
8901052003723,Tata tea gold,
8906006051201,Bejar flour,Unknown Brand
8901725006358,Sunfeast Smoothies Strawberry with Chia Seeds 300ml,ITC
4796008920056,Real Fruit Power Orange,Dabur Real
8901688900083,Vegetable Spring Rolls,Sumeru
8904406403095,Tamyam creme Chocolat wafters,Tamyam
8908015975851,,
8901058904963,tomato kerchup,Maggi
8904010631730,Puli Inji,
8904104651262,Stilo,
8901063004207,Britannia Good Day Chocochip Cookies,Britannia
8906075003989,Nut Khatai,
8906010366902,GRB Buffalo ghee,
8901414000186,Bikano,Bikano
8906012469939,,
8906001055372,Mango and chilis pickles,Mother's receip
8904209318190,pani puri,aachi
8906021128568,Madras Sambar Powder,Aachi
8906014902168,Multigrain Choco Flakes,Kwality
8901047039010,Basmati,
8906034510008,Kanthil,
8908018084000,Jolochip,
8906065400064,Chai gold,
8906005500243,fatafat Bhelpuri,Bikaji
8906026347193,Jamaican All Spice,Unknown Brand
8906004620263,Thara kachi Ghandi oil,Unknown Brand
8901777002667,Shelled Green Pigeon Peas,
8906018940081,Tuborg,
8901696552175,Kitchen king,
8902080001897,Gatorade,
8902901224009,Good Life cashew 2 pieces 200gm,Good Life
8901648001386,MD Mishti Dai,
8901777626085,Overload veggie pizza,
8904067709345,Rajgira gud,
8905694500510,Sprouvita,
8906008810837,Fortune khichdi,
8904132929104,GL course besan 500g,
8902901232370,Good life Soya Chunks,
8902901221855,Best Farms white peas dry,
8906055440704,Organic tattva organic Arhar (Tur) dal 1kg,
8904117900067,Pro nature Moong Whole dal,
8904063215352,Gur rewari,Haldiram's
8906081380173,Tomato pickle,
8901414015524,Bikano shahi mixture 1kg,Bikano
8908000385269,Dev snack mullu murukku,Unknown Brand
8901888872623,Honey,
8906035872341,Kafma,
8901725111458,Bingo chilli sprinkled 50,
4901521111458,chips,bingo
8902901224207,Good life piste salted,Unknown Brand
8904112704066,Durg pakoda,Unknown Brand
8901787000714,Kuttu Flour,
8906013641709,Sing Bhujia,Jagdish
8906019350100,Amalas,Unknown Brand
8904258702421,Alphonso Mango juice,
22020969,,
8908001010825,Nirmal Salt,
8908001954068,Sanjay Avrebele masala,
8906087770008,,
8906010505257,Balaji mix namkin,
8906010505516,Balaji Classic Sev,
8901207018589,Real guava juice,
8904008427284,Co Enzyme Q10,ultra Q300
8904323500235,Puffed rice,
8906032019190,Patanjali Noodles classic,
8908005312253,Himalayan pop corn,
8901719122644,Happy Happy Choco-Chip Cookies,Parle
8901725135430,Moms magic butter cookies,Sunfeast
8901199140879,Supreme Blend,
8904004442212,Paneer tikka masala,Haldiram's
8907525000015,Coca Cola,
8901207006241,Dabur Chyawanprash,Dabur
8901595863570,Ginger Garlic,
6288084624860,Roasted Chickpeas,Heka Bites
8902080002054,Tropicana Litchi Delight,PepsiCo
8901719121685,20 20 butter cookies 200g,parle
8908013841035,Sir bhagyalakshmi maida,Unknown Brand
8908001876032,Zafferano,
8901764082306,Kinley with Minerals,
8901512881205,Sundrop Peanut Butter Regular,Sundrop
8906005617095,Fruit Cake,
8904064664166,Maismehl,Annan
8901542000058,Complan,
8904067711874,Gachak,
8901826482006,Desi Ghee,
8908006646746,Makhana piri piri,
8904304711513,Suggi crushed peanut chikki,
8901207035524,Homemade tomato chutny,
8901888030351,Pineapple,Real
4796008920070,Cranberry,
8901086260192,Zecuf Herbal cough lozenges orange flavoured,
8901719124389,Magix chocolate,
8901058850390,Classic,Nestlé
8901063023956,Marie Gold 400g (1),Britannia
8901747003991,Green tea,
8904083519331,Organic Coriander Seed,
8902901031249,Tibar Basmati Rice,Good Life
8901088017411,Saffola gold Blended oil 5 l,Saffola
8902901031232,Good life rozana dubar bsmt rice 5 kg,Unknown Brand
8901262070379,Bindaaz,
8906015741247,,
8901058898354,Nescaffe Chilled latte Shake,Nestlé
8902901031225,Good life rozana rice 1kg,
4906400009444,Fortune kachi ghani mustard,
8908000120280,Safal premium sunflower oil,
8908002622089,Sun premium oil,
0840205709366,Special dry cake,
8901248703284,,
8901155101326,Gulab Jamun Mix,
8906018320616,Magi Pulpo Mango,
8904063209658,Balti Mixture,Haldiram's
8000500257265,,Tic Tac Ferrero
8901491002141,Gourmet limed and cracked pepper chips,Lay's
8906140203450,Natural choice mixed dry fruits 400g,Unknown Brand
8902901039436,Good life bellar bal split,Unknown Brand
8906026162307,Dried Chili Chutney,
4901263042270,Thums up 759 ml,
0949602304119,7up,Unknown Brand
8906080600234,Aamras,
8904083519867,Organic 7 Grain Methi Atta,
0840205718573,Potata,Pran
8902901265118,Good life piste salted,Unknown Brand
8902901223910,Good life almond 200gm,Unknown Brand
8901063016842,50 50,"britannia,"
8906014086509,Chukku Kappi,Brahmins
4997435600324,,Unknown Brand
8902433003196,Orbit,Orbit
8904340700007,pulse,
8906002975372,mouth freshener,
8901725132866,Dark fantasy coffee,Sunfeast
4901265094147,Britannia good day pista,
8901725119430,Moms magic cashew,
8901063028227,Britannia nice time (8),Britannia
8904067702599,Jabsons Peanuts Black Pepper,
8904109465338,Hing goil,
8904970666643,Chinotto,
8901548100110,Nutralitefat dwhomga3 chltrl 500g,
8901088017398,Saffola gold,
8908000233355,Iyers rice wafers papad,Unknown Brand
8901441017027,Lizzath punjabi masala papad,Unknown Brand
8906070210030,Ginger with honey,Honeyman
8901512890702,Tortilla Chips,Act II
8904152822287,Panic puri,
16458086,Nariyal,
8901207019999,Dabur glucoplus,Dabur
7622201710576,Dairy Milk,Cadbury
8901414037519,Premium coconut cookies,
8901552007733,Stuffed colocasa,Ashoka
8904027401203,Baidyanath Bhringarajasava,Baidyanath
8904206003952,Avira organic tumeric powder,
8906003982256,,
19060088,Fortune pro expert per oil,Unknown Brand
8906005503305,Paneer Schezwan Kathi Roll,Bikaji
8904063258410,Yellow banana chips,Haldiram's
8906081384317,Chicken masala,
8901522000313,,
8906038782746,Kamadudha Rasa (with Mouktika),
8906003105044,,
8901030850400,Mixed Fruit Jam,
8906009073248,Choco Hazelnut Cookies,
8906065030186,Jeera Biscuits,
8901552011631,Muli Paratha,
8906149350056,Monkfruit sweetener,
8424963726043,,
8906151420075,Lakshminarayan cornflakes,
8000500348208,Moments,"Ferrero, Ferrero Rocher"
8901396389163,,Unknown Brand
8904113522423,Agro fresh corn flour,Unknown Brand
8901161105028,Golden Sella Parboiled Basmati Rice,Lal Qilla President
8906102980962,,
8901233033525,Dairy Milk Silk Oreo,Cadbury
8906009534053,,
8907931002788,garden veggie,
8901719121852,Parle-G Original Gluco Biscuits,Parle
8901058117752,Rich tomato Sauce,
8901058850482,Sunrise,Nescafé
8901063405202,Cow’s ghee,Britannia
8902082806865,Grandma's Peanut Butter,Grandma's
8902901222203,Good life coriander powder,
8901042954585,Sambar Mix,
8904333915753,Gran chicco,
8906018250227,Good Morning Cow Ghee,Good Morning
8904067700137,Chana Jor,Jabsons
8906112664869,Protein crunch minis,
8901042955308,Upma,
8904037000410,Breath Eazy,
8904064617308,Sago,Annam
8901552022262,Garlic Naan,Ashoka
8904145912087,Ensure,Unknown Brand
8901689020032,Rose syrup,
8906081381354,Karapusa,Swetha Telugu Foods
8901030795862,Horlicks Classic Malt 1kg CBD,
8901972050050,Desire,
8906008812008,,
8908013524181,Popped potato chips Italian Cheese flavour,
8901777429747,Vadilal garlic chilli naan,Vadilal
8904342400240,Kaju Katli,
8906092350035,Paan Candy,
8901030900112,Hot and sour vegetable soup,Knorr
22510501,,
8901393019063,Center Fresh 3 layered gum,Unknown Brand
8904051201824,Coconut milk powder,
8906136751927,mouth freshener,
8906040912223,Harar Murabba,
8901058889987,Maggi pasta,Maggi
8908013938001,Patisa,
8901777386989,Samosa,
8906009531212,Ritebite nutrition bar,
8901071731959,Sofit almond drink,Unknown Brand
06366936,Kitchen treasures dates pickle,Kitchen Treasures
8908005767756,Kitchen trresures hot and sweet,Unknown Brand
8901719914959,FESTO,PARLE
8906095290338,Khara Muruku,Adukale
8904022907908,Black-Jack Cookies,
8851613003580,Siracha,
8909192808277,Sokoliki,Sokołów
8906144491082,French Vanilla Instant Coffee,Sleepy Owl
5059603179427,,
8901542017629,Glucon D Nimbu Pani,Unknown Brand
8904268848249,Organic Haritaki Powder,
8904063209818,Medu Vada,
8904600054406,La molisana,La Molisana
8901719901386,Monaco classic regular,Parle
8902269023023,,Unknown Brand
8908002915525,matxin,mitvana
8906015741087,Pina Colada,
8906123550533,Quinoa patty,
8906010503338,Flamin’ hot,
8908000296060,,
8906064656622,premium veg mayo,
8901399241123,santoor,
8904004414516,Mini samosa,
8904018621467,Chandan Mango Khatta Mitha,
8904150127483,Barra de arándanos,Laddubar
8904159486451,,
8901777605066,Dry fruit cookies,
3948262152211,,
8907316000811,Bhelpuri Chutney,
8901414001763,Agra gur gajjak,
8906032019176,Atta noodles,
8906095373864,Fafda,
8904188607025,Anar goli mukhwas,
8904256717946,Choco Flakes,bb Royal
8908011423035,Classic cola,
8901725100346,Aashirvaad ghee,Unknown Brand
8908015543005,Pineapple flavoured pea protein,
8901777595107,Jalebi,
8906010369286,Thenkulal murukku,
8901738550312,Red chilli khichiya,
8901491981521,,Lay's
8901042969039,MTR Poha,
8904145912728,High protein chocolate,
8901414003392,Premium marble cookies,
8906078265988,Craquelins legumes,
8901571005802,Horlicks Junior 4-5-6 Original JR,
8902901222807,masterd big,good life
8906090572118,Karare,Too yumm
8901440219019,Tea,Eastea
8901058904055,Maggi atta noodles,Maggi
8908012788270,,
8904206249381,,
8901491001144,Maxx sizzling barbeque flavour,Lay's
8906131680581,millet noodles,Slurrp Farm
8906105100374,Horlics,Uniliver Careline
8901063166165,Treat Burst Choco Creme Fills,
8904049100566,,
8901552001083,Curry Paste Mild,Ashoka
8901063363793,Britania cake pineapple,Britannia
8901725116149,Dark fantasy chocolate shake,Sunfeast
8906062261231,White quinoa raw,Jiwa
8908008175169,,Unknown Brand
8901063166592,Biscafe,Britannia
8901972079389,Cookie,
8901777987179,Gulab jamin mithai ice cream,
8906071452156,,
8901747002710,Cardamom Flavour Tea Bags,
8906074200150,Tamtam,
8901414008663,Boondi laddu,
8906046141115,Dry Mango Powder,
8904063256782,Masala Dosa,Haldiram's
8906064705337,Jackfruit chips,
8901512140609,Peanut spread,
8901058895636,Sunrise,
8906107859188,Kohlapuri jaggery,
8906107550146,,
8946664542691,Walnut,Mayur Trading Company
8908006217458,Cereal fo little ones,
8904109420030,Ashwagandha Capsules,
8906055441589,Organic red rice,Organic Tattva
8901725102807,Flour,
8904064623644,Palm Sugar Candy,
8906036847102,Reismehl,
8904288621112,8904288621112,tops
8901972061032,Duke Nibbles Salted,Unknown Brand
8901972053525,Dukes Nibbles Masala,Unknown Brand
8901781002721,Fennel saunf,
8901262221245,Elaichi rusk,Amul
7622201712631,cadbury,Cadbury
8901552022255,Naan,Ashoka
8904902001443,Sugo all'astice,
8901088077095,Soya Chunk,Saffola
8901058904703,Maggi masala oats noodles,Maggi
8904132918184,Snac tac celebration,
8908009450104,fruit bun,homa
8901071302111,Soya Chocolate Flavor Drink,Hershey's Sofit
8904085900076,Papad,Ambika
8904112704356,Durga peanut chakra,Unknown Brand
8906144800129,Cream roll,
8906006051362,Vijay maze flour,Unknown Brand
8906070020639,Sharvas kodu bale,Unknown Brand
8901242400646,Madras Mixture,
4901448954176,Mtr idli dosa chilly chutney power,Unknown Brand
8993351120447,,
8901030794193,,
8904132911017,kaffe,
8902080002030,Tropicana Apple Delight juice,Trooicana
8901764111105,Coke Zero Can,Coca-Cola
8901777541746,Sabudana Tikki,
8906010503482,Tomato Twist,
8906001723288,Nandan cow ghee,Unknown Brand
8901207035517,Dabur garlic chutney,Dabur Homemade
8904132919426,Desi kitchen kesari halwa,
8902335008572,Kreme-e rich chocolate biscuit,
8901262180030,Paneer,Amul
8904083524663,Gongura Pickle,
8906005500892,Sub-Kuch Navratna Mix,Bikaji
4902035003369,,Unknown Brand
8902433003769,Galaxy  MILK CHOCOLATE,Unknown Brand
8906009531311,Choco Slim Bar,
8906090573993,Potato stix,Too yumm
8906078720142,Dabela Chana,
8901207035128,Real apple 🍎  juice,
7622201717926,Lickables,Cadbury
8901233034300,Cadbury dairy milk silk bubbly,Cadbury
7622201150181,Dairy Milk,Cadbury
5000159544917,Bounty,Unknown Brand
7622201715717,Cadbury celebrations,Cadbury
8901207042102,Chyawanprash,
8901052005680,Chakra Gold Premium Tea,
8904004414455,Mini Bhakarwadi,
19020808,7up Nimbooz,"7up,PepsiCo Inc."
8901040227162,,
8901777024683,Okra,
8904208600272,Methi mutter malai,
8901058904178,,
8904063253279,Chana Dal,Haldiram's
8906091900552,Gourmet Chcoolate,
8904109489921,Karela amla juice,
8901777001684,Green Peas Mutter,
8904109470196,chyawanprash,patanjali
8903875394019,Milk n sugar bun,Bread House
8902901222197,Good life chilli powder,GOOD LIFE
8904206251865,,
8906095374823,Surati Bhusu,
8908016382061,,
8906002081523,Chicken masala,
8908009587114,Roasted muesli super seeds,The Rooted co
8906069692540,Manga,
8901552018760,Ashoka kathi roll,
8904113521198,Agro fresh Ragi flour,
7904145521198,Agro fresh Ragi flour,
8902901031577,Lokwan wheat,
8906021061209,cashews blissfully salted,Molsi's
8901063017566,Britannia patazos,Britannia
8906022321111,,
8906001056287,Mothers recipe marinade pasta,
3948764362309,Minute maid pulpy orenge,Drink
4908278001605,Frooti,
8902167009907,,
8906005505330,,
8901747002703,Ginger tea,
8901747003861,premium spiced tea,vagh Bakari
8901088034616,Saffola active,Unknown Brand
8901052005475,Elaichi,Tata Tea
8902080364084,Mountain Dew,Pepsico
8906119530105,Zuggi chikki,
8906119530099,Zuggi chikki,Unknown Brand
8904011506662,,
8908007271008,Umadi's Groundnut Chetney,Unknown Brand
8901155423312,Undhiu,
8901456000182,Chaakri Roasted Crispies,
8902188560104,Haldi Chana,Ramdev
8906015500899,KEVENTER Mozzarella Cheese Stick,KEVENTER
8901764011634,Coca cola pack of 6,Coca-Cola
8906005501189,Coated peanuts (nut cracker),
8906090571562,Too Yumm - Multigrain Chips,RP Sanjeev Goenka Group
8993058107611,,
8901030815140,Taj Mahal Tea,
8906013640030,Bhakharwadi,
8901725001315,Bingo,
6291067305250,قهوه ‏,شهي
8906000212325,"Pillsbury multi, grain flour",Pillsbury
8901242605201,,
8901207032103,Real Guava juice 180ml tpk,
8901888005397,Real active 100% orange juice,"Real,Dabur"
8904132944671,Campa cola,
8904132944688,Campa lime & lemon,
8904132944695,Campa orenge,
8904073778328,Himalayan salt,
8904064629769,Himalayan rock salt,
8906023721309,Sumul Dairy Chhas,sumul
8901071732437,Hershey’s milk shake strawberry flavor,Hershey's
8901042968223,upma,
0853237000714,,
8901063014282,,Britannia
8906120101820,mkhna,
8906127550140,Peanut Butter,Alpino
8906066203008,Dark Soya Sauce,Keya
8906078265964,Craquelins Fromage,
8906013641358,Mini Bhakharwadi,
8908018045070,Disney chocos pack of 6,
8904132937246,Campa cola,
6521542541270,Maida,
8906064656974,,
8906064656721,CHIPOTLE MAYO 180 g,
8906064656714,Wingreens sauce,Wingreen Farms
8901023005800,Ezee,
8906059639906,Vanilla Milk Shake,
8901719707490,Murano chocolate chip cookies,Parle
8901393019926,Chewy Dragees,Mentos
8901542003028,Strawberry,Complan
8906064701964,Palak murukku,
8901560083552,Nilon's Tooty Fruity,
8901262030243,Amul gee,Amul
8904132919228,Desi kitchen rasam,
8906090574037,,
8901719123900,Parle g gold,Parle
8906042150616,Anil Happala,Anil
8936036027402,Orion,
8904117904003,Honey,Pro Nature 100% Organic
8901058000221,2 minute noodles,Nestle
8906077122411,milk,
8904132919532,,
8901719119026,Parle Assorted Candy orange bite,Parle
8901123001306,Lotte Fruto Pie Fluffy Cacks Filled With Strawberry Cream,Lotte
18996456897990,,Unknown Brand
450091552000000160,,
8901248704014,Zandu Pancharishta,Zandu
8901725004545,Sunfeast milk shek 300ml pet,Sunfeast
8906005610836,Winkies muffins,
8592522001648,,
8906081380180,Gongura pickle,Telugu Foods
8904067712611,Crunchy Peanut butter,Jabsons
8906015501445,Keventer  Paneer Double Decker,Keventer
8906000612316,popcorn,
8908012477020,,
8901058905571,munch,nestle
8901192227003,Dahi Masala,Catch
8902901225860,Good life idly rawa,
8906091682779,Chocolat,
8901103016047,,
8904208601033,Veg Kolhapuri,Rasoi Magic
8901088046404,,
8901058868739,Maggi fuzion,Maggi
8906060310825,fruit Slice cake,
8904004416367,Atta Cookies,Haldiram's
70056000256230223,,
8906013371279,Gur Rewari,
8908005823292,,
3948207001635,,Dabur
8906003381714,Organic Raw Honey,Little Bee
0890464809871,Pao croissant,Oba
8906046260144,Bana,
8901542000089,Complain Creamy Classic 500g Cbd,
8908002237023,Terra banana chips,
8904057303539,,
8901719126970,Parle 20 20cashew biscuits,Parle
8906080678998,Xlx hakka noodels,
8902579002039,appy fizz,parle agro appy fizz
8908013746224,,
8901063146181,Brtn wnkn cow vanila milk shake,Britannia
8904113521228,Agro fresh sooji rawa,
8908000233300,Plain Papad,Iyer's
8901552000963,Sweet Mango Chutney,Ashoka
8901972071055,Milk short cake cookies,
8906001051008,All in one chutney,
8906111440006,Tata Q pasta,
8908009573186,Triphala Churna,
8908004064016,GHEE MURUKKU,SR FOODS
8906119620226,,
8901063092709,Good Day,Britannia
8901777411124,Pain indien,Vadilal
8901030825668,Horlicks chocolate Delight flavour 500g pet,Horlicks
8906014640053,Dalda,Dalda
89000014,,Unknown Brand
8902901027303,Pulses Urad Daal,
4904230505808,24 Mantra organic Tur Dal,
8901652141030,Biscuits,
8901414000858,NAMKEEN,
8906009993188,Elite cake,
8904063253415,Roasted Chana Cracker Heeng Jeera,Haldiram's
8902592000272,,
8901764402807,,Coca-Cola
8902979043489,Pudina pickle,
8901030825521,Horlicks Protein Plus Chocolate Flavour,Horlicks Unilever
8906074200976,Mini Mathiya,
8904177102173,,
8901725116835,Sunfeast milk shek,Sunfeast
8906002082636,Masala,
8904004400571,,Haldiram's
8901719120695,,Parle
49001602,Manak Green Raisins,
8904132919273,Desi kitchen Chhole masala,
8906021121941,Aachi lemon paste,
8904132919242,Desi kitchen Idli Chilli powder,
8906063460558,Swad Chulbuli Imli,
8906046685251,,Unknown Brand
8901063146280,Winkin cow thick Lassi classic 180ml,Britannia
8904132919303,Desi kitchen rajma masala,
8904132917163,Snac tac Gulab jamun,Snac tac
8908000233225,Iyer's Punjabi masala papad 200g,Iyer's
8906000610862,aloo tikki,McCain
8906075290655,Fig walnut raisin cookies,
8901719902567,Rusk milk,Parle
3948063028227,Britannia nice time,
8908005758662,,
8908014665050,Yogurt Drink Mango,YoPop
8901296052075,,Unknown Brand
8906163440009,Weintrauben,
8901414049451,Kesar petha,
8901719123597,pale fab bourbon,parle
8906066201356,Keya sea salt grinder,
8901058901856,Nan Pro,
8901595853861,Just Soak Whole Wheat Hakka Noodles,Ching's Secret
8901972076425,Éclairs choco,
8939111642958,choco ragi millet cookies,immunity
8904077299126,Jeera Papad,
8906119250034,Prem dulhan mehndi,
8901806000114,,
0731788468095,Peanut butter Cookie Fudge,FitFeast
8901058905472,Kit kat,Nestlé
8901537062016,Riz basmati,
8901786131006,Everest Sabji masala,Everest
8902901224160,Good life walnut kernels,
8902901224092,Good life chironji 100gm,
8902901001723,Maida,
8904545454552,Bright star,
6942836717933,COOKIES 'N' CREME,Hershey's
8902901026122,Good life fluttered groundout oil,
8906006330184,Gemini soybean oil,
8901058904758,Kitkat,
8901725711979,,
8901030825491,Women's plus chocolate,
8904118402874,Sardines With Hot Chillis,Blodan
8902901029628,Good life sugar 5 kg,
89009703,Tomato ketchup,Nestlé
8901719122187,krackjack,Parle
8901719124624,Parle manaco cheesling,Parle
8904073701685,,
8908000502024,Sunpure Physically Refined Sunflower Oil,Sunpure
8908000420151,Sil Baked beans in Tomato Sauce,
8901246003607,Del Monte Extra Virgin Olive Oil,Del Monte
8906001584315,Cream 4 fun,
8901030686061,,
8906020460430,Harvest gold,
8901016000058,surjeet,singh
8906021924498,,
2000000146047,,
8907931000661,เทอร์ร่าสวีทโปเตโต้รสเค็ม,
8903174000369,Weintrauben,
8901747004714,Instant masala tea,
8901030824128,Horlicks,Hindustan Uniliver
8901764122613,Minute maid gritty guava,Minutes Maid Gritty Guava
8904052566328,Choco Chips,Dinshaws
8901542001628,8901542001628,
8901082054214,,Unknown Brand
8906104471000,,
8901207018596,Litchi,
8901764021251,Fanta orange added flavors can 300ml,
8908014705268,Twist khari,
8908014705015,Maska khari,
8908014705329,Milk baby rusk,
8908014705343,Dark Belgian protein rusk,
8908014705381,Italian mini bun roll,
8901719414084,monaco cheesling,Parle
8901246005793,Ketchup,Del Monte
8901052034574,Agni 1kg,Tata tea
8904132917040,Aarambh danedar Assam tea 1kg,
3948764175091,maaza,Tetra Pak
8902167001239,Bombay Birany Massla,
8904067702537,Roasted Peanuts,
8901821001097,Dalla chilli,
8901063032453,Treat Croissant Vanilla Créme,Britannia
8908002912104,,
8906135620590,masala munch chips,
8901063014312,Vita Marie GOLD,Britannia
8906078264295,Cashew cookies,
8908004684641,,
7790580983406,Jardinera con choclo,Arcor
8904132917088,Aarambh Classic Dust tea,
8908000695016,,
8903386501517,Sugar coated fennel thick,
8901063146204,Winkin cow milk shek,Britannia
8901719123801,Parle MONACO 400g,Parle
8902901224801,Good life dal mix500g,
8901088072267,Soya Chunks,Saffola
0859072007437,Isopro Whey Rich Chocolate,Isopro
8908005312321,Caramel Popcorn,PVR
8901414048102,,
8904230900678,Sona masouri raw rice,
8908016247001,,
8902269503198,Oflokem D,Unknown Brand
8901786090501,Chhole Masala,Everest
0764804138535,Fit warrior,
8906141240157,Manuka honey,
8901595971237,Sweet Corn Veg Instant Soup,Ching's
8901030902376,Mixed Vegetable Soup,Knorr
8901090328109,Tata Coffee Grand Classic,TATA
8906082370081,Pure malai kulfi,Cream pot
8901491001076,American Style Cream and onion chips,Lay's
8902082800627,,
8904043908052,Dried Figs,Tata Sampann
8906015501438,cheese chilli patty,Keventer
8906135620392,Kakaji Punjabi Tadka,Kakaji
8908012230090,sleepyowl Sweet Charge,
8906122260983,Idli Rava,Balaji
8901262152273,Amul tru,Amul
8901777520154,Rose Pista Shrikhand,
8904214502812,Mamra Mix,
8901725115845,Sunfest caker,Sunfeast
0992880034469,,
8908016386021,Fennel Cane Jaggery,Bebe
8852111021274,Tuna,Golden Prize
8906003511746,Aam Panna,Jalani
8901808003045,mango jelly,weikfield
8901689020025,Mala's rose syrup,
8908003799018,Ula,
8901552023481,Garluc Naan,Ashoka
8906133400446,Gummies,BodyWise
8901030658754,Taj Mahal,BROOKE BOND
7622201756956,,Cadbury
8904083503972,24 Mantra chilly powder 200g,
8904083515241,24 Mantra Turmeric powder 200g,
8902901222388,Best farms cardamom 50g,
8901491981835,,Lay's
8904083519423,Organic Curry Powder,
8901047000157,Lime pickle,
8901537020184,Brown Basmati Rice,DAAWAT
8902901711172,Good life tureric powder,
8902901222241,Turmeric powder,Good life
8906064656752,Wingreens veg mayo,Wingreens
8902901222593,Good life chilli guntur sttemless,
8901071731942,sofit,
0986641993188,elite,
6001941222258,Good life chilly powder,
8904132925564,snactac masala noodals 560g,
8904067706962,Barre sesame,
8906015501339,momo,
8902901223033,poppy seeds,Aoo
8906070590040,,
8906001024880,gowardhan cow ghee,
4906435641435,Mcvities 1kg,
8901972058636,Dukes waffy pineapple,
8904063259370,Chocolate Burfee,
4987173864249,Vaporub,Unknown Brand
8906097590221,Charge Immunity Booster,Fast n Up
8908000339477,,
8901662015161,Jajeera Masala,
8901059883007,Ginger garlic,
8906040919017,Amla Powder,
8901042954554,Gulab jamun Mix,
8906077361285,Bajri Dhebra Khakhra,
8901262020084,Cheese block,Amul
8902579001605,Frooti mango drink,
8901071701365,Hershey's milk booster,Hershey's
8902901222425,Best farms pepper black 50 g,
8901030824913,Mother horlicks 500 g,
8902901225808,Goodlife sugar big crystal,
8906003381431,Honey maple syrup,Little bee
8904304338314,Poudre de moringa,
8904064664708,Nannari syrup,
8908008742316,,
8901207000324,,
8906024370155,Jeeru,
8906118940080,Multi Grain Ladoo,
8904063214140,Manchurian balls,Haldiram's
8901414032491,Chana almond bite,
8901071704205,Choco tubes,
8906009532813,,
8906153090122,Butterfly pea tea,
8906153090023,Butterfly Pea Matcha,
9902062151472,,
8908000233102,iyers gold finger papad,
0946602150616,Happala,anil
8906064655663,pizza pasta sauce 450g,Wingreens Farm
8906112993341,Keto Almond Cookies,Lo! Foods
8901063142459,Britannia nutri choice herbs,Britannia
8904113522058,Agro fresh bansi Rawa,
8908014694012,BL Bansi Suji,Sri Bhagyalakshmi
8908011807095,Brown Basmati Rice,Banno
8906059160240,chia seeds,Regency
8901725008826,,
8901810480001,,
8901296000939,,
8906013891241,pentasure,wellmed
8901014002313,,Nissin
8901030900310,Soup,Knorr
8901719124716,,Parle
8904300201445,Butter biks,
4008417323008,Mushroom,
8908011326008,,
0944769471490,,
8906094620495,,
8904109449215,Patanjali honey,
8901117278134,,
8908007271138,Umadis garlic chutney,
8906142011138,Sea salt,
8906463679031,Nandini chocolate Milk shake,
8901393024197,Happy dent white,
8901030882555,Red label natural care 250 g,
8901042960593,Khaman Dhokla,
8901939127078,,
8906020490574,Lal dharwad peda,
8906071887781,CrèmeCups,Lávian Exotique
8901821008034,,
1384126132725353,whirlpool,205        magic wine orchil
8902929004737,,
8901414015500,Shahid mixture,
8908009274489,Mushroom soup powder,Berlino
8908005144625,Muesli+ Almond+Quinoa Crunch,Yoga Bar
8901058904697,maggi Masala Oats Noodles,Nestlé Maggi
8904043927152,tata sampann red chilli powder,TATA
8904104712048,Jk red chilli powder,JK
8904132969070,Energ,1
8901552014120,Ashoka,
8901808007494,Sweet chili dip,
8906000400500,Hiran brand Sat Isabgol,Deer Brand
8904083518860,Organic Jaggery Powder,
8906005662095,Granulated instant coffee,
8908009419019,Bauli Moonfils Croissant,Bauli
8904057300842,,
8904004400472,Masala moongfali,Haldiram's
8904043926643,Unpolished Chana Dal,Tata Sampann
8904103331301,,
8908000105096,,
8901058864182,Nescafe gold,
8901719911729,Kreams gold,Parle
0612001717926,Cadbury lickables oreo,
8906000591802,,
8901063164291,Tiger biscuit,
8901725000622,sunfeast Mom,Sunfeast
8901063090347,,Britannia
8902268010840,,
8901063164321,Tiger Kreemz Orange,Britannia
8901063162549,Marie gold,Britannia
8902268011144,Dream lite,
8904067700526,Roasted chana chick peas,
8906734517208,Idiyappam,
8908001948098,Kayam Churna,
8906002660544,klf coconut oil,
8904234103372,Mayonnaise,
8906014765992,Bajaj almond drop,
5055287045539,,
5055256045539,,
8902167000010,MDH JAL JEERA MASALA,MDH
8906021124706,Meat Masala,Aachi
8901808006893,,
7622201383749,Bourn vita,Cadbury
8904340700076,Pass pass,
3948725118938,,
8901030897412,,
8901063092747,"Good day Rs, 5/-",Britannia
3948063164291,Tiger,
4901249125478,Parle - G,
8901393024302,King legend,
8901207028311,Glucoplus c,
8906010366940,TOWABUS alooo bhujiya,Town Bus
8908015856068,Assorted Tea Collection,roshi
8906068352179,indian gooseberry,
8906010368548,Ribbon Pakoda,
8904422700116,,
8904004416619,Haldiram Matka Jhatka,Haldiram's
8904063258373,Yellow Chips,Haldiram’s
8904109400902,Patanjali soyabin oil,
8906077361582,Gor keri pickle,
8901014000364,Masala noodles,Nissin
8901682000987,Ginger Paste (Minced),
8906065166045,Frozen Green Peas,Farmland ITC
8901725001070,Aashirvaad Double Roasted Suji Rava,ITC
8908006315796,Organic Jaggery Powder,
8901552014991,,Ashoka
8908011747513,Chana dry fruit burfi,Haldiram's
8901440031079,Garlic pickle,
8906026347469,Oregano seasonings,
8904083525646,Organic Ragi Flakes,24 Mantra Organic
8908013863006,Epiphany snacks,
8906036300126,Tillie (Sesame) Chikki,
8901721004150,Kaju Barfi,
8939113045474,Dark Chocolate Wafflings,Waffle lov
8901512107602,Blended Edible Vegetable multi source oil,Sundrop Lite
8901777446126,Mooli paratha,
8901042956749,Tomato Rice,
8906045941529,gentacort mf cram,
8906005618580,rich butter fruit cake,Winkies
8901063325746,toastea premium rusk,Britannia
8904056240187,Aloo bhujiya,Haldiram's
8906013310704,Basmati rice,
8901088050159,Nihar,
8906084382037,Dry Kachori,
8908000502987,Sunpure Sugar,Sunpure
8904146309879,Iodized Salt,Spar
8902901222791,Moti Rai,
8904103020014,Puligurey packet,
8901042970493,MTR PULIOGARE POWDER,MTR
8906000611883,Veggie Fingers,
8904064628007,Citron pickle,
8901030820946,Boost,
8904132911000,Kaffe instant,
8902901226638,Rice Rawa,
8906010090005,D'lecta Cheese Cubes,D'lecta
8902041020448,pickwick strawberry wafer,
8906030680064,Green peas masala,
8904073778335,Himalayan salt,
8901747002956,Instant Ginger Tea,Wagh Bakri
8906001055525,Sweet lime pickle,
8901725115876,,
8901499008671,Kellogg's Corn Flakes - With Real Almond & Honey,Kellogg's
8901725135201,yippeei pasta cheese,Sunfeast
8906010505356,Singh Bhujia,
8901719126109,parle 20 20 choco,Parle
8908001006477,ask food cherry,
8904209303882,Citron pickle,Aachi
8901030807183,horlicks classic malt,
8901030807220,horlicks classic malt 1kg,
8908000385085,Dev thatta,
8993470490063,Ojin nice katti,
8906019350155,Amalas sprill murukku,
4906678492030,Ojin masala piri,
8908000385276,Dev masala kuzhal appam,
8906019350148,Amalas masala mutukku,
8908000385177,Dev salt diamond,
8908000385030,Dev rice murukku,
8901552020480,Paratha,Ashoka
8906672733081,,
8901972077521,,
8901393024432,Juzt Jelly,
8906005501769,Nashta samosa,
8906064452972,natclum,
8901207047220,Dabur kulking oil 87ml,
8901207047589,cool king 42 ml,
8901248104791,Navratna oil 90 ml,
0941008100807,Navratna oil 180 ml,
8904084100699,Aloe wheat grass,
5011501013548,,Unknown Brand
8906082391321,Peanut Masala,
8904049100191,DIVYA Kesh Talla,
8906047262673,,
8901242178200,Pasta,
8904063205988,Kesar Rasmalai,Haldiram's
9506000024554,,
8901848001315,,
8902901222869,Good life mustard yellow,
8939998483774,,
89008485,Choo,
8906132961191,Cut mango pickle,
8908001017046,Cornitos nacho crips,
8906084412291,Roasted Makhana Smoky BBQ,M.O.M
8908001103817,,
8901207046117,,Dabur
8903300180064,Concentré de tamarin,
0928447271008,Umadis grounut chutney,
3929007271008,grounut chutney,
8902188826095,,
8904132912786,aloo bhujia,snac tac
0041001017024,punjabi masala papad,Lijjat
8906064655670,Cheesy sauce,
8905269010550,Punjabi Biscuits,
89006382,Vatika,Dabur
8904198805329,Namkeen,
8902080304349,7up 2.25,7up
8901138030612,Cystone,
8904011503517,,
8904006230077,Super sandwich cream lemon,Dyna's
8906081128805,Rose Almonds Dryfruit Bar,Happilo
8901035061955,Peppermint Infusion,
8901595972227,Chinese secret planner chilli masala mix,
8904004404265,gol kachauri,Haldiram's
10479107,,Unknown Brand
8901058904741,Nestle kit Kat (Ind),KitKat
8908010900698,Brown Rice Cakes Lightly Salted,Pintola
8906059639913,Strawberry Milk Shake,Unknown Brand
8902167000577,Hyderabadi Birmanie masala,
8901063166431,Suji rusk,Britannia
8904011506723,Double Horse,
8903241110113,Pravin mixed pickle,
8901719122910,Parle real elaichi rusk 182gm,Parle
8906002007547,Salad Mayonnaise,
8901248104142,Navratna oil 50 ml,
8901491001786,Wafers Style Salt with Pepper,Lay's
8906020492066,kaju katli,
8902246006810,BEACKS ICE,
8906015551518,,
8906047000688,Organic Rice Dosa Mix,
8906113441834,Pate d’arachide,Bogo
4904789600054,,
8901414000483,,
8906026900046,Pure & Hygienic Sugar,Madhur
8901781001045,SUNRISE PURE PASTA MASALA,
8908002753639,Red Cow PASTA PENNE,
8901884401223,Rishta ginger pickle,
8906122600567,Nut Lick,
8904083509455,organic kesar mango pulp,
8908011789001,,
8906153090610,Butterfly Pea Tea,
89006511,classic chocolate,nestle
8904067712543,Peanut butter creamy,
8904064608610,Sesame oil,
5880176023882,,
8904004443998,Punjabi choley,Haldiram's
8906033740574,Oat cookies,
8906080600616,Alphonso Mango,paper boat
7622201636012,Tang Lemon,The Natural
8906015657104,Bikharam Bhujia,
8901741000248,Chicken Curry Noodles,Wai Wai
8901035061641,The victoria,
8906020962446,,
8904082785218,Banana chips,
8901722060056,Frozen peas,
8901542001703,Glucon D 500g cbd,Dabur
8901491400008,Uncle Chipps,"Uncle Chipps,frito-lay"
8908000870017,Methi Khakhra,
8901058866483,Nestle Crunch Wafer,
8906105100855,,
8901047211713,Pudding Rice,
8906001584223,Dyna,
8901928352504,BISK FARM googly225g,
8906097590054,Fast&Up Vitalize,Fast&Up
8901719121418,Monaco,Parle
8906068761285,Honey organic,
8901937571019,,
8904091183906,Glencet,
8904132925519,yeah,
8901063155442,Tiger Krunch ChocoChips,Britannia
8901042954790,Puliogare,
8906027120993,Green Chilli sauce,
8906027120986,Red chilli sauce,
8906027121006,Soya sauce,
8904132918238,Vinegar,
8901042970417,Special Garam masala,MTR
8906061921013,Mango Chutney,Minchey‘s
8906001055266,garlic pickle in vinegar,
8908830046095,baby 1,conad
0690225306300,0690225306300,
8906015614749,Butterscotch cone,Hangyo
8906020589278,Curd,ID
8906084410914,Roasted Makhana - Cream N onion,MOM - Meal Of The Moment
6281105795006,Vita Mix,Baja
8906065660031,,
8905507010007,Aloo bhujia 1kg,first crop
8901071731126,Hershey strawberry syrup,Hershey's
8906027120160,,
8902519002556,classmate,
8906098831224,bajra chips,
8901117272002,,Unknown Brand
9590232043995,Sulay,
8901058869453,EveryDay Dairy whitener,Nestlé
8901058002324,Polo,
8901248104159,Navratna oil 100 ml,
8906014016018,Gulab jamun,
8908000420175,Real Tasty Tomato Ketchup,Sil
3948071701389,,Hershey's
8907392014115,Moringa pomergranate infusion,
8906080230691,Mexican khakhra,
8905604000338,Healthy wheat grass mango,Jivo
8901542001147,nycil,
8902901222661,Good life coriander whole,
8901063146600,britannia,Britannia
8904082800638,Flying bird vanila essence,Unknown Brand
8906051270411,OPAL,
8904083510109,Organic Quinoa Pilaf,
8901030783661,,
8906002663323,Sesame Oil,Tilnad
8906113591690,,
8902939891174,Garlic Papad,
8906067021427,Mulivitamin,HK Vitals
8904422704329,Dates Syrup,
8901296042175,Sunflower oil,
8901047000126,Spicy & Sour Mango Pickle,
8901058001785,Lemon Iced Tea,
8901248104784,Navratna oil 45 ml,
8904063210104,Karachi halwa,
8902393003502,disodium hydrogen citrate syrup,
3118860175091,,
8906059638923,epigamia,
6925892891236,Charmted,
7622201443290,Cadbury Dairy Milk,Cadbury
8901688915124,Sumeru sweet corn 500g+500g,
8901688415013,Sumeru green peas 500g+500g,
8901648027638,Dailycious,Mother Dairy
8901648025610,Mother dairy lassi,
8906001020431,Go cheese block 200,
0230826705517,Britannia cheese spread,
8902901061420,Good life Anjeer Fig 250g,
3948662024668,,
5056517311714,,
8908005758754,Senso,
8901058905281,Masala Maggi noodles,Maggi
8906014765947,Bajaj almonds drop 45ml,
8906014765916,bajaj almond drops 20 ml,
8906010363123,Kerala Mixture,Town Bus
8906015741360,,
8908003115221,Karachi salt biscuit,Karachi's
0946442003097,,
0603981816259,,
8908005758792,Chai karak,Senso
8906008814033,hgg,
8904004404449,haldirams Boondi 200g,Haldiram's
8904132924406,Snactaccrean & onion,
0890223061311,Trousse de salade grillarderie,Taylor farms
8904063219572,Punjabi Pakoda,Haldiram's
8908003113456,Sugar-free Peanut Butter,Super Nutri Foods - India
8908002622096,Sun premium sun flower oil 5ltrs,
0049084067806,,
8908009193070,yojana poultry,
8906115982274,Anacardi,
8906005666765,Sucre jagré,
8906014201209,kio karpin hair oil,kio karpin
7622202015366,Choco Crème Flavoured Oreo 288.75g,Cadbury
8906078261423,Saltine crackers,
0041240100044,Baggrey white oats,
0927152591234,,
19117799,manoj,say ni
8904268866908,I gain,
8903363008770,Oats,Nutri Delite
8906082571648,,
8904004444032,Minute Khana Paneer Makhani,Haldiram's
8901595853878,Veg hakka noodles,
7560102886504,ghee,
8208866203401,,
8902188441106,Chana Rosted,
8901652142761,Butter delite,
8906036404947,Abhizyme,Unknown Brand
8902901223989,Good Life w320 Cashew 500gm,
8902756780019,chikin Lucknowbi seekh kabaab,
8906002006427,"Dr. Oetker, funfoods, chocolate spread",Dr. Oetker
8429417241714,,
8998898151404,tolak angin anak,
8906055500088,fruits,
8901030935176,fruit,
4901434975178,bru,
8904011301519,,
8906016977119,Mayil Double Roasted Rava 500g,
8901063033160,Britannia treat rs 10,Britannia
8901063033177,,Britannia
6901759124723,,
8905507017808,,
8905507017792,,
8901207023422,,
8906021924566,,
0754083605446,Essential Whey Protein,Big Muscle
9508522295894,,
8901030877148,Red label 1 kg,
51010750,Walnut whole 400g (5),
51009672,Raisins 100g (25),
51009667,Almond 100 (5),
8905507001845,First Crop urad masala Papad,First Crop
48013623,Fb tea 500 (11),Full Bloom
8901719123979,Krackjack 400 (2),Parle
8905507000817,Fb strawberry jam 500,
8901719124860,parle,Parle
8901052004652,Tata tea premium,Tata tea
8901063016859,50 50 Sweet & Salty,Britannia
8905507002125,Arhar dal 2kg(10),
8905507002248,Chana dal 1kg,
8901063018327,,Britannia
8905507002699,,
8905507002453,,
8902080013302,Tropicana apple 1ltr (5),Tropicana
8901088716581,Safola gold 5ltr,
51013731,,
8905507009766,,
8905507023885,FC masala twisteez,first crop
8906004620287,mustard oil,Dhara
8905507004310,,
8905507002675,Pb health drink classic 500,
8901719115608,Hide & seek 120g sandwiches orenge,Parle
8901719115639,Hide & seen 120g creme sandwiches chocochip 120g,Parle
51008751,Kalonji 100g,
8901063092464,Good day cashew 200g (8),Britannia
51008759,Rai,
8905507002873,Sambhar masala,
8905507020648,Coriander powder 500g,
8905507000992,Coriander powder 200g(40),
8905507020655,Imli tree red chilli powder 500g,
8901786432011,Everest coriander 200g(2),
6957148425612,,
8904011503821,Ponni Rice,Double Horse
8903794000008,puffed rise,
51010770,Makhana 50g (12),First Crop
18905507017860,Pista 500,
8905507017846,Premium cashew 500,
4901119121944,Parle happy cake,
8901063019188,Little Hearts,Brotannica
8905507017822,Pre Almond,
8905507016023,Imli tree Hot & sour soup,
51010816,First crop Munnakka 100g,
8905507002682,Pure Brust,
3047686401018,Everest Kutilal,
51011451,FC Dry Dates,
8906081949073,,
8905507000312,Pure burst eclairs (40),
51010431,Pista roasted 200g(8),
8905507002170,Pulse chana dal 500g (10),
8905507002194,Pulse massor malaka 500g (10),
8905507002255,Massor malaka 1kg (10),
8905507025186,Mix dal 500g(2),
0000927002217,Rajma chitra 1kg(10),
8905507020372,Arhar dal 1kg (5),
8905507024707,Kabuli chana primium 500g(5),
8905507019420,Tasty black salt 100g(8),
8905507015170,Sharbati atta 1kg(10),
0000927001791,Veg hakka noodles ( 6),
8905507019468,Sendha namak (20),
8905507019482,Roasted jeera powder 100g(20),
51008748,Javitri 50g(22),
8906082370913,dry fruit overload,
51013260,Boondi 100g(24),
8901063094246,Britannia gd pista badam cookies 600g,Britannia
8905507016016,Tomato soup (100),
3948719122644,Parle happy happy 400g(10),
08036094,Mixed pickle Mustard (11),
4801859411117,Mixed pickle Mustard (11),
8905507015217,Sharbati atta 5(1),
8905507000374,Wheat atta 5kg(5),
8905507015224,Sharbati atta 10 kg(2),
8905507000367,Wheat atta 10kg(3),
8901063142367,Britannia NutriChoice oats chocolate & almond,Britannia
8901778448853,Real apple 1ltr (8),
8901499008312,Kellogg's corn flakes real honey (12),Kellogg's
8906082390348,Sweet banana chips,
3047393020946,Alpenliebe juicyfills (12),
22062767,Electral,
51011620,FC saboodana 500g,
51012001,FC walnut 1kg (7),
51013790,Ilachi dana 200g (10),
8901725121112,Aashirvaad Atta,Aashirvaad
7622201427337,,Alpen Gold
8901393020946,Alpenliebe (13),
8901721001210,Prabhuji chat pata 900,
8901063325616,Bri toastea 700g,Britannia
8905507028958,FC tasty peannuts 150g,
4901218124860,Parle Marie 300/g,
8901414010093,Bikano dry fruit mixture 250g (20),
8901414008595,Bikano lajawab mixture 250g(22),
8901414016408,Bikano all time mixture 250g(25),
8904296900155,Homestyle Garlic Paste,Fabsta
3948721000626,Prabhuji jhal chanachur 1kg (22),
8901721000237,Prabhuji khatta meetha 400g(22),Prabhuji
8901414000797,Bikano lajawab mixture 500g(16),
8901721000008,Prabhuji bhujia 1kg (12),
8901414008649,Bikano paneer bhujia,Bikano
8901414000018,Bikano cornflakes mixture 200g(44),
8901721000695,Prabhuji aloo bhujia 1kg(24),
3948537006010,Daawat rozana gold 1kg (11),
8908006274239,Pepinillo agridulce,Hugo Reitzel
8901030887857,,
8904422700352,Amla murabba,
8908010412030,Peanut butter,
8902579130015,Appy Juice Packet,Parle Agro
8906048501382,Protinex Chocolate Flavour,Protinex
0981619013721,Tropicana mixed fruit delight juice,
8905507002460,Full bloom juice mango 1L,
8905507002477,Full bloom juice guava 1L,
8901719119255,Parle Cafechino,Parle
8901063365032,Britannia cake gobbles 30g,Britannia
8901719122774,Parle krackjack 800g,
8901088716574,Safola gold oil,
51009670,Cashew 100g,
51010814,Flax seeds 100g,
8905507401942,Imli tree tasti black salt 100g(8),
8901719126093,Parle Rusk 327g,Parle
8901063325760,Premium Bake Rusk,"Britannia, Toastea"
4901269324660,Britannia Toastea 200g,
8901063142541,Britannia nutri choice 200g(sys),Britannia
8901719112485,Parle Hide & seek black bourbon 100g(24),Parle
8901066813943,Britannia bourbon (3),
4905501002354,Daliya(2),
51013963,Premium basmati Rice 1kg(3),
8901537012134,Elina rice 5kg (1),
8905507016030,Sweet corn veg soup,
8901719117220,Parle Hide &seek 200g(30),Parle
8908001246118,,
8906101350964,Bajri Methi,
8901063092631,Britannia Good day (60g),Britannia
8901063139343,BRITANNIA BOURBON4+1,Britannia
8906017290088,Bisleri Water,Bisleri
8901648001775,Lassi,
8901192215116,Catch sabzi masala,Catch
8901138819729,Himalaya baby gift pack (3),Unknown Brand
8901905022260,,
8906010366919,GRB ghee,
8901512102805,Sundrop Super lite advanced,
8906009220598,Nutrifud Rich Milk milk cake,
8906010366803,Town Bus Butter murukku,
8906035141065,Chipo orange halwa,
8902901218947,Good life sunflower oil,Good life
8906059372476,,
8906069402965,Imli.,-
0788000652626,,
8902901027983,8902901027983,
8906031931196,Premium Instant Coffee,Levista
8902710205206,Corn Flakes+,Bagrry's
8146066850127,Organic Whole Wheat Chakki Atta,Natureland Organics
8906097402081,Cumin Whole,Zoff
8906151121125,Rajgira ladoo,
8908003623948,vinegar,
8904004424676,Gol Kachauri,Haldiram's
8904145911363,ensure Vanilla flavour 200g,
8904089311298,,
5028197973636,British rose,
8901063138131,Britannia nutri choice thin arrowroot 400g,
8901719123795,Parle monaco(200g),parle
8901063018341,Britannia 50 50 time pass (63g),Britannia
8901777606063,Butter almond cookies,
8901808000051,Cornstarch,Weikfield
7622201766177,,Cadbury
8904103030358,,
8902635580310,,
8901848000004,Rasna 20g cbd,Unknown Brand
8901207018336,,
8908005462002,Peanut butter,
8908006646906,Phool makhana,
8901262140041,,
8908016029256,,
8904146329280,chashews,spar
8906009532943,max protein,
8901719122682,Parle 20-20 Nice,Parle
8901058900231,Maggie Souce,
8906032430117,RKG 500 ML,
8904063212511,Navrattan,Haldiram's
8906089700409,Chili Flakes,
8901262020244,Amul Cheese,Amul
8904220109890,Медецина,
8906082393691,Tamarind pickle,
8901786395019,Tikhalal,
8902710506051,Fruit & Nut Muesli,Bagrry's
8906047529554,Peanut butter,
8901725132934,Dark fantasy,Sunfeast
8901522002669,Royal stag Whisky,
8902967210749,No.1 LUXURY,
8906078263229,Bourbon,
8901648092643,,
8901063365162,Britannia Cake Roll Yo!,Britannia
8908012241652,Malty Original Non-Alcoholic,Malty
8901648019718,Mother Dairy Ghi,Mother Dairy
8906138740158,Ready To Eat Savouries,Vellanki's
8906149090143,Masala Sev,Mayur
8906001820499,,
8906009459554,Biotic,
8901063028197,Britannia mibe time (300g),Britannia
8906014201100,keo karpin hair oil,keo karpin
8906077362015,Orange candy,
8901499011312,Kellogg's,Kellogg's
8906008350036,Manna Health Mix 1KG,
8901262020305,Amul Cheese,Amul
8901262140034,Delicious Fat Spread,Amul
8901063401136,Cheese Slices,Britannia
8901063146464,Britannia winking cow strawberry 180ml,Britannia
8904288601398,Red Chilli Sauce,Tops
8906023940021,Guruji,
8905507000299,Pure burst butter toffee (50),
8905507000756,Pure burst mango mano(system ),
8901393024494,Alpenlibe gold(system) 351g,
8901393024760,Alpenlibe eclairs plus(5),
8908005690214,,
8859128691179,uglobe drink with chew,
8906081121646,Peanut butter,
8906010366827,Khara Boondi,
8855044038371,,
8905507010014,First crop navratan 1 kg,
8901414000070,Bikano bikaneri bhujia 1kg (30),Unknown Brand
8905507009995,First crop khatta meetha 1kg,
4905501002590,First crop cream onion potato 50g,
8904004403534,tasty nuts,Haldiram's
8904022915453,,
8904063216403,Khatta Meetha,Haldiram's
8904011506525,Tender Mango Pickle,
8906144122122,Jackfruit chip,
8901030904257,talk,
0041218716581,Saffola Gold 5 Ltr(40),
8906006855014,Ice Cream Rocks Cotton Candy,Baskin Robbins
8901035055909,Thé,
8901719119286,Mango bite,Parle
8904433043998,Snickers kesarpista42g,
8905507002217,Pulses rajma chitra 1kg,
0945927402257,Pulses Rajma chitra 1kg,
51012914,First crop soya granuals 200g,
8905507026398,Imli tree pasta pizza sauce 300g,
8901414000650,Bikano bikaneri bhujia 1kg,
51012915,First crop saboodana big 200g,
8905507026381,Imli tree veg mayonnaise 250g,
0040210015524,Bikano shahi mixture 1kg,
8904132952591,Campa Cola,Unknown Brand
8904132952614,Campa lime,Unknown Brand
8906130730690,Sweet potato chips,
0005540022901,First crop aloo bhujia 150g,
8901063162501,Britannia marie gold 1kg,
8904089315920,rajwadi kulfi falooda ice cream,havmor ice cream
8902635106602,,Unknown Brand
8904083512219,KABULI CHANA CHICKPEA,24 Mantra Organic
8904256706810,Royal dried cranberries,
8901042956725,Curry Rice,
8908006817016,Kaalai,
8901058001167,Pichkoo,Maggi
8904004405224,soan cake,Haldiram's
8906014645287,fiona,
8901044220084,Mapro jam,
8904011505016,double horse,
8902901227321,Walnuts shell 500gm,
2703942212231,GL apricot 100gm,
8908005204619,Amlamrut,
8901207032110,Real litchi juice 180ml,
8900905096134,,
8906068760769,,
8901719125768,Hide & Seek Milano Chocolate Chip,Parle
5037409297293,,Unknown Brand
8901648026297,,
8904089325486,tajmahal ice cream,havmor
8905507001852,Amritsari papad,First crop
8905507001869,First crop moong papad 200g,
8905507001791,First crop veg hakka noodles.  150g,
3948721000695,Prabhuji aloo bhujia 1kg,
8901721000176,Prabhuji khatta meetha 1kg,
3948721000176,Prabhuji khatta meetha 1kg,
8901721000626,Prabhuji jhal chanachur 1kg,
4905501027210,First crop navratan 150g,
8905507022901,First crop aloo bhujia 150g,
8901552020138,Mini potato peas samosa,Ashoka
8901030873096,,Unknown Brand
4901001432141,Real guava,
0089688788011,,
8901088051125,,
8901123005724,Coffee Bite,Lotte
8901058890006,Pazzta cheese macaroni,Maggi
8908006217076,Millet Dosa Spinach,
8906131681250,Vanilla millet cake mix,
8906131680611,Millet Vermicelli,
4906116580084,Rice Rava Idly Batter,iD
8908000276550,idiappam,viwas
8902268008052,,
8901565001711,Peppy cheese balls,
8904304711605,Suggi green peanuts,
3961900011596,,Kellogg's
8935311110488,Vifon,
8904063204127,Kadhi Chawal,
0820294212589,kaju cornflakes,Bhikharam Chandmal
8908007181093,Evergreen button mushroom,
16150080,Mushroom button,
8902269023801,,Unknown Brand
8903234621701,Pure whey protein blonde chocolate,
0804883000245,BMC Biryani Masala,
8904015400010,,
8908000381438,Durga peanut ball,
8902167000430,Panorama masala,
8901161105431,Lal Qilla Basmati rice,
9555028700568,nata de coco,dolphin
4901560032806,,
8901042970554,Minute rasam,
8905507000749,Pure burst orange candy,
7901325024494,Alpenliebe gold 361g,
8901393015829,Alpenliebe gold (156g),
8901063032804,Britannia treat (50g),Britannia
8901719122637,Parle happy happy (400g),Parle
8901719123894,Parle -G (800g),Parle
3948063142022,Britannia nutri choice (250g),
8901063325883,Britannia Toastea (217g),Britannia
8905507001425,First crop Suji bake Rusk(200g),
8901719123276,Parle Hide&seek(250g),Parle
8901063017399,Britannia 5050 maska chaska (300g),Britannia
8901063017696,Britannia 5050 jeera(260g),
8901414008588,Bikano lajawab mixture 500g  (sys),
8901414001640,Bikano all time mixture 250g,
8905507002613,Tomato potato chips 50g,
0905527006200,First crop cream n onion chips 70g,
3147014003171,Top romen curry 280g,
5907453004843,Cup noodles veggi manchow 50g,
5550762026381,Imli tree veg mayonnaise 300g,
8905507000824,Full bloom strawberry 200g,
8905507001166,First Crop Fruit & Nut Muesli,First Crop
8901052000098,Tata tea gold,Tata tea
8901111000861,Zaha 500,
8901548145326,Stevia,
8901161105424,LQ CLASSIC BASMATI RICE 1KG,
8906082577053,Crusties,Cornitos
8901088205740,Saffola Masala Oodles,
8906020461239,Crem Treat,Bimbo
3589008712001,Fortune export total balance oil 5l,
8906075172623,Pineapple Chat,Madhur
8901414004689,8901414004689,
8906004620256,Kachi Ghani Mustard Oil,Dhara
8906076278270,dubar,
8906040374816,Basmati rice,Indian salaam
8904063214799,Haldiram nimbu masala 220g,Haldiram's
8908019150575,Bombay hot bhelpuri masala 130g,
8908019150568,Bombay hot bhelpuri salted 130g,
8904063214348,Haldiram navratan 220g,Haldiram's
8904063260512,Haldiram lite mixture 250g,Haldiram's
8906082572089,Sizzling jalapeno 77g,
8906062861387,Brij roasted chana 400g,
8908019150520,Bombay hot bhuna chana 500g,
8906020491946,Lal Shahi mysore pak,
8904067709369,Peanut Gud,Jabsons
8901414001190,Moong Dal,Bikano
8906047529547,Disano  peanut butter,Disano
4901069901153,nestlelactogen formula 1,Nestlé
8901058902143,Nestl lactogen1,
8902570806049,sc coffee,
8901030743139,,
8901414000551,Bikano soan papdi 250g,Bikano
8904319300368,Haldiram Agra petha 350g,Haldiram's
8901414048201,Bikano besan laddo 400g,
7622201762896,Cadbury chocolairs gold 557.5g,Cadbury
7622201762919,Chocolairs Gold coffee,Cadbury
8452433000232,Snickers Almond,"Snickers,Mars"
9900440700328,Pulse kachcha aam,Pass Pass
8904340503288,Pulse,Pass Pass
8901512500601,ACT II Original,ACT II
8901512507709,ACT II Original,ACT II
8901512541901,BUTTER DELITE,ACT II
8901512540102,Act II Classic Salted,ACT II
8904073713367,Haricots rouges,
8902901224054,Good life APRICOT 100gm,Good life
8902901222685,Good life fennel,
8906122262024,Wheat flour,Balaji
8904071704572,Yellow banana chips,
8908003059129,murli soyabean oil 1ltr,Unknown Brand
8906090571180,Multigrain Chips Tangy Tomato,Unknown Brand
8906002000883,myo,Dr. Oetker
8904049650016,Riz Basmati,Unknown Brand
8903241111332,,
8905507000961,Pure Burst Dairy Whitener,Pure Burst
8901751361551,,
8901552025416,milde Würzsauce mit Kokosmilch,truly india
4901126963360,chings noodles,
8906017815045,,Unknown Brand
6908012901015,Tata tea premium 1kg,
8901401000410,,
8904132946026,liberato caramon,
8902269510691,,Unknown Brand
8905507017785,First crop almond 500g,
8906031931950,,
8908001518055,,
8901058901931,,
8939112794182,Roastum Roasted Multigrain & Flakes Lime N Mint,Roastum
0946109040106,Candy,
8906149900213,Candy,
8906037151437,Bail juice,
9907933023933,,
8906003926557,noodles,
8906015500967,keventer,
8908012509219,Shreeji,
8901764481253,,
8904112704295,Peanut ball,
8908000233249,Iyer's papad long chips,Iyer's
7312201761790,Oreo Red Velvet,Cadbury
8906113441933,Peanut butter,Nutty
8908004607015,,
8901088045674,parachute Jasmine oil,parachute
2000000125105,Cardamom seeds,Unknown Brand
8901063342491,Atta sandwich,
8901063325777,Britannia Rusk,
8904408000179,Food gate mutton masala,
8904408000360,Food gate tamarind,
8904076000051,Nambisan's pure ghee,
8992933231113,Pop Ice - Milk Shake chocolate,Unknown Brand
8906090574198,Namkeen Bikaneri Bhujia,Too Yumm!
8906010367398,GRB Rasmalai Patty,GRB
9789979734109,,
8939108413196,,
8901058890716,Nestle Optifast,Nestle
8904112704394,Durga puffed rice rool,
4000210000063,Bikano Aloo bhujia,
8906005500397,Bikaji aloo bhujia 1kg,Bikaji
8904063216397,Navratan haldiram 1kg,Haldiram's
8906026900060,,
6284651163312,Toliven Spanish olive oil,Toliven
8904063253958,Rasmalai,Haldiram’s
8901157045161,Musk,
8908019150469,lahsun chura,Bombay hot
8904063214331,Haldiram aloo bhujia 220g,Haldiram's
8901414010499,Bikano tasty 220g,
4904464200005,Haldiram bhujia 220g,Haldiram's
8906158650123,Rabgrace chana dal 350g,
8908019150438,Bombay hot Agra mox 400g,
4007272751278,Bombay hot bhujia 400g,
8906158650512,Rabgrace dite mix curry patta 350g,
8908019150223,Bombay hot hing papdi 240g,
0682564048096,Kaleva boondi 110g *2,
4906459650239,Rabgrace dite lite mix 350g,
8906158650376,Rabgrace Panjabi mix 350g,
8906158650246,Rabgrace madrasi mix 350g,
8906158650109,Rabgrace bhavnagri 350g,
8906158650383,Rabgrace Panjabi tadka 350g,
8906158650185,Rabgrace gathiya 350g,
8908019150421,Bombay hot Panjabi mix 400g,
8908016247018,Traya Health Tatva,Traya
9090314890108,Candyz orange 100g,
89007990,,
8901972062930,creme 4 fun,dukes
8901414028234,,
7001376117500,glucose biscuits,Sunfeast
8908002676983,,
8901304269907,Rose milk,
8906082520028,,
8901719122781,Parle Monaco 700g,
8901719128837,Parle happy happy cake 30g,
8901063362376,Britannia gobbles fruit cake 90gm,
51009673,FC raisins 250g,
8905507016986,First crop masala cashew 35g,
8905507017006,First crop roasted almond 35g,
8901035057996,8901035057996,
0110890524672,Moongdal 500g,
8902901224627,GL chana dal 500g,
8901088131209,parachute Jasmine oil,parachute
8901030558924,clinic Plus coconut oil,
8901088157674,parachute Jasmine,
8483033143746,Ginger nuts,
8906033743346,Mc vities ginger nut  120g,McVitie's
8901063146426,Winking cow,
0048107239800,vsbhs,shahh
8906000920596,,
8901262173605,Icecream American Nuts,Amul
8906005060044,cocojal pineapple,
8902901133851,yeahi guava,
8992777311606,,
8902979006415,Garden Cruncho Big,Doritos
0709251504465,Krystal aqua water,
18902901224726,GL Toor dal 500G,
8904132932999,unpolished masoor whole,Good Life
8906055440179,Cowpea white 500g,
8906055440124,Organic chana dal 500g,
8904043926322,Tata Sampann Moong Dal,
8904043926421,Tata smp unpo green moong 500g,
8904117900081,Pro Nature org moong yellow 500g,
8904117900104,Pro Nature org urad blk split 500gm,
8904043926520,Tata smp unpo moong dal chilka 500g,
8906055440728,Organic tattva moong dal yellow split 1kg,
8904043926315,Unpolished Moong Dal,TATA sampann
8902901221930,Best farms toor dal 1 kg,
8902901221763,Best farms green chana 500gm,
8902901221732,Best farms chana dal 1 kg,
8902901224467,Best farms soyabean yellow 200gm,
8904132932913,GL unpo toor dal 1kg,
18902901224610,GL chana dal 1kg,
8902901224917,GL kabuli chana 1kg,
8002901124917,GL kabuli chana 1kg,
8902901127027,GL soya bean yellow 200g,
8902901127010,Hours gram 200g,
8901648009474,MD pure ghrr 1ltr,
8901648094746,Mother Dairy pure ghee 1 ltr,Mother Dairy
8901262030878,Amul cow ghee 1ltr,Amul
8904124117083,Ananda ghee 1ltr,
8901262030700,Amul pure ghee 1 ltr,Amul
8904422702233,cow ghee,Patanjali
8908000911048,Gyan Desi ghee 1 ltr,
8901262030175,Amul pur ghee 5 ltr,
8906002091058,Anik ghee 1 ltr,
8908000911055,Gyan Desi ghee 500g,
4906402091034,Anik ghee 500ml,
8906002091034,Anik ghee 500ml,
8901262030267,Amul pur ghee 500ml,
8906002091027,Anik ghee 200ml,
8904422700215,Patanjali cow ghee 500ml,
8904132929111,GL pure ghee 1 ltr,
0690125103801,Unity biryani rice 1 kg,
0690225106801,Unity biryani rice,India Gate
8901537012127,Elina lng grn rice 1kg,
0690225101172,IG bas rice clasic 1kg,
0669025101132,IG bas rice clasic 1 kg,
8904146328108,Bong bhog rice 1 kg,
8906008814095,Kohinoor ex lng basmati rice 1 kg,
8906007287258,Jubli regular lng grn rice 1 kg,
8906007283205,Fortune biryani spe basmati rice 1 kg,
0926997283205,Fortune biryani spe basmati rice 1 kg,
02412418,Organic tattva white basmati rice 1 kg,
8906007282475,Fortune super basmati rice 1 kg,
8906007287883,Fortune rozana basmati rice 1 kg,
8906007289504,Fortune biryani classic prim basmati rice 1 kg,
8902901034226,GL biryani basmati rice 1 kg,
8901537077669,Devaaya biryani basmati rice 1 kg,
8902901036114,Sona masoori rice 2 kg,
8902901036251,Parmal raw rice 2 kg,
8902901226867,GL dosa rice 1kg,
8902901223156,GL idle rice 1 kg,
8902901226959,GL Sona masoori rice 1kg,
8902901034431,GL wada kolam rice 1kg,
8902901223286,GL jeerasar rice 1 kg,
8902901034424,GLambemohar raw rice 1 kg,
8902901231014,GL surti kolam rice 1 kg,
8901262090421,Amulya Dairy Whitener,Amul
8901023022951,Good night gold flash liquid 2 refills pack,Unknown Brand
8906032018605,Patanjali namkin biscuit 70g,
8901499009661,Kellogg's corn flakes original,Kellogg's
8906032018933,Patanjali dudh biscuits,
8904422704770,Patanjali digestive biscuit,
8906017670804,Shalimar coconut oil,
8901781002622,Sunrise Sarsoo,
8901781000109,Sunrise garam masala,
3948781002721,Sunrise Saunf,
8906125680023,Calcium lacted Chhana,
8908012768043,R M Maharaj Kaka Jeera,
8901781002257,Sunrise ajwain,
8901781001137,Sunrise haldi,
8901781001021,Sunrise pure panch phoran,
8901781000055,Sunrise chat masala,
3948781000086,Sunrise chicken curry masala,
8901560273144,Nilon's ginger garlic paste,
8901781000376,Sunrise dhaniya powder,
8904422700734,Patanjali kali mirch papad,Patanjali
8901781000369,Sunrise jeera powder,sunrise
8901781000352,Sunrise Lal mirch powder,
8901058904987,Maggi Pichku,Maggi
8906099360136,Green chilli sauce,
8906099360150,Herald's Soybean sauce,
8906136760196,Rose water,
8901786140107,Everest Shahi biryani masala,
8908017770010,Mala Chanachur,Halder's
8901117252608,Cipla kids Levosalbutamol Levolin cough Syrup,Unknown Brand
8901207008481,,
8906010846343,,
8904422701106,Patanjali black salt,
8901314599476,diabetic 70g,
8901130280756,,
8906007287012,Fortune Everyday rice full grain 1 kg,
8906060590029,Mango Pulp,Melda
8902080001644,Sting,
8906111540744,Fun Flips Puffs Cheesy Pizza,JK Foods
8904380603481,Hit vanilla,
8906081381668,Kara Boondi,Telugu Foods
8906151420068,best chiwda,
8906151420105,Potato Chivda,Laxminarayan
8901441014019,Moong papad,Lijjat
8901441011025,Lijjat udad papad,Lijjat
8904304711568,red chilli peanut,
3948262200196,amul butter masti 15,
8901207019005,Dabuur Amla Hair Oil,
8901595862801,8901595862801,
8906134971266,Samosa Chutney,Apna
8901719921162,,Parle
7622201138424,,Cadbury
8908002915709,Manjistha,matxin singles
8906077040876,,
8904063220134,pudina chips,haldiram
8906059910081,,
8904083506614,Kismis,24 mantra
8901808003441,,
8902080204564,,Pepsico
8906013032224,X Press Instant Noodle Masala Delight,WAI WAI
8903023269602,Jaggery,Papas
8904083300656,Cooking Butter Unsalted Pasteurised,Milky Mist
89007600,,Orbit
11011622,,
8904234100470,,
8901030553868,Lipton yellow label tea,Lipton
8908013746064,Cravova kiwi mojito,
8901542001659,"Glucon, d",
8908000668263,EXTRA LONG TRADIONNAL BASMATI RICE,BANNO
8908003876542,Whey protein,Unknown Brand
8904132949744,Campa cola 200ml pet,
8901552025430,Tandoori Masala Würzmischung,truly indian
8030853001833,olive oil,Frantoi Cutrera
8904064617704,Sojastücke Medium als Fleischersatz,ANNAM
8908005151135,Korean Style Instant Noodles,Wang Ramen
8901030850523,,
89008478,Milkybar,Nestle
8906071340514,Hhffb,
8904288612806,mixed pickle,tops
8906042350689,pani Puri,naturals
8904258703244,Raw mixed fruit,
8904300201568,Cake rusk,
8904043905730,Yumside Delhi Style Dal Makhani,Tata Sampann
8901111349137,,
9556252213503,,
8906020470514,Besan Mehl,Besan
8901725158538,,
8908005144052,multigrain energy bar,yogabar
8904239603303,Gee,
8904001801029,Sambandhi Sesame,Idhayam
8902133055655,,
8908003133096,,
8901063363595,Muffills Choco Vanilla Flavoured,Britannia
8906120100823,Farmley Cream & Onion Makhana,Farmley
8906040411542,Jal jeera,
10012031000312,FruiteeFun 3 in 1,"Candyman,ITC"
8908007271091,Agasi chutney,Umadi's
8906042150715,Happala No. 4,Anil
8908007271077,Puthani chutney,Umadi's
8901585862880,Paan Kharek,Unknown Brand
8901117250352,oral rehydration salts,cipla
8904132918818,Sweet Corn Insta Soup,Snac tac
8908000137080,Nice Peanut Chikki Energy Plus,BMS Sweets
8902579001681,Appy,Parle Agro
8901725006341,Sunfeast smoothies Litchi with fruit chunks 300ml,"Sunfeast Smoothies,ITC"
8906015501315,Chaupati Aloo Tikki,Keventer
8906015501827,Veg Nuggets,"Disney Delights,Keventer"
8901648092667,Cheese Cubes,Mother Dairy
8901063146488,Britannia winking cow vanilla 180ml,"Winkin' Cow,Britannia"
8902276007214,,
8901725105181,B Natural Litchi Juice,"B Natural,ITC"
9578545203541,Tgm Fudge graham. crush 1kg,
8906116958995,Whey,Muscleblaze
8904063254979,,Haldiram's
8904064622623,Little millet,Unknown Brand
8908010412092,Dark chocolate peanut butter,
8908013674602,Peach Mojito,Cravova
8901565001322,Cheese Balls,Peppy
8901972073196,Chocolat Chip Cookies,
8904112704103,Durga rosted peanut,Durga Agencies
8904238301736,Fogg master,
8908004691021,Manchurian Stick,Sun Shobha
8904132943520,Good life miniket rice 10kg,Good life
8901036541661,,
8901071732734,HERSHEY'S SYRUP,Hershey's
8908005658214,Plain Dahi,Osam
8906000921081,Badam Ghee Laddoo,Daadi's
7622201675660,Cricket Edition Oreo Original,"Cadbury,Oreo"
9975788754069,Sabja Seeds,Jack & Nick
8906005912343,,
8902702181044,,
8900052890005,Macarrons Fontseca,
8906034251963,BEST CLEAN ASTA,
8906034251987,BEST CLEAN ALOE VERA,
8906046934908,ICONA BABY,
0770189111612,,
8907790000048,Mr. Bear,Ribbons & Balloons
8903363007971,Bisky bites,Unknown Brand
8903363006837,Real Elaichi Toasted Bread,Royal Toast
8902433005398,Snickers Miniatures,Unknown Brand
8902433005411,Snickers 13x Family treats,Unknown Brand
8904051300367,Porotta,Instant Delight
8904064672819,Masala Dosa,
8904083312062,Shrikhand Mango,Milky Mist
8906033661367,Soan papdi Nagpur Orange,Sur Dhenu
0890975104069,Chanachur Tandoori,Bombey Sweets
8906017400104,Thandai,
8904422700710,Patanjali Atta 10kg,Patanjali
8904982600055,Mango Shake,Storia
8906030680408,Gold finger,Gurujee
8901440201212,Berry hills white oats,Berry Hills
8906130900239,Choco-Pie,"Choco-Pie,Orion"
8901512680204,Sundrop Heart blnd edbl oil 1ltr,Sundrop
8901088155458,Saffola Gold,Saffola
8904132949003,Independence Atta 10kg,Independence
8906000212240,Multigrain Atta,Pillsbury
8906000210314,Pilsbury fresh Atta 5kg,Pilsbury
8901088193801,parachute,
8901063343719,,
8901042967325,MTR POHA 60 g,MTR
8906069400091,Marinara Pizza & Pasta Sauce,Veeba
4901219117120,,
8906046761597,Harry syp 225ml,
8908006217977,cereal,
8906038783187,Gai Ka Shuddh Ghi,Shri Shri
8906017815069,Gowardhan ghee,
8901777410127,Paneer Onion Paratha,Vadilal
8904422703988,,
8906078265353,Coconut Cookies,Mrs Bectors
8908005543152,Nutricharge refresher 200ml,Nutricharge
8904083315056,Dairy Whitener,Milky MIst
8901199150380,,
8901058004786,Nestle classic (15g),Nestlé
8906041846213,Satrin tablets,Unknown Brand
8906086510001,WOW  laddus,
8901058798487,nestle Nan pro formula milk,
8901161104564,LAL QILLA BASMATI RICE,
8901063092761,Good Day Butter Jeera,Brittania
8848017111102,Anchor White,Anchor
8908003113128,AMERICAN GREEN CREAMY PEANUT BUTTER,
8904256724470,,
8904256724487,,
8904104709055,,
8908001945721,,Unknown Brand
8902901223064,Good  life  pepper powder,Good  life
8902901028003,Good life chakki atta 10kg,
8904132912762,Snactac katta meeta,snac tac
8906090572224,,
8906070590286,,
8904132919419,Poha Mix,Desi Kitchen
8902901222326,Best farms mace,
8906069720786,Kaju katlis,
8901192221117,Chhole Masala,Catch
8904089313810,Vanilla Ice Cream,Havmor
8904109465246,Pachak Hing Peda,Patanjali
8906069416092,Annardana Goli,Paansmith
8904319301532,,Haldiram's
8904057303317,,
8904063240194,Bhujia,
8901052087600,Tetley tea,Tetley
8903363009050,,
8907003505117,Butter murukku,
8904899923025,Poker,Lago
8906004560163,Chips,
8901806002651,Vegeta,
8904064662124,Toor Dal,Annam
8901063136915,BRITANNIA BOURBON CHOCO,
8906004563454,YD potato chips,
8906004563478,YD magic masala chips,
8904132917330,Healthy chocos,
8904067711263,Jabsons roasted peanuts,Jabsons
8902901223248,Good life boiled kolar rice,
8906009993225,Jackfruit Pudding Cake Sliced,Elite
8902042300709,Avt leaf tea,
8906069401388,peanut butter,veeba
0890029001931,Mushroom Swiss Brat Patties,StoneRisge
8908021226206,,
8906010369705,Sambar Powder,GRB
8902269501200,ORS Orange Flavour,Alkem
8902346012407,Electral,
8908012692096,Daily greens,Wellbeing nutrition
8902901108880,SHREE,
8906098027245,Kaprika,
8901571011759,,
3948648094746,,
8901030937132,8901030937132,
16046137,Metrogil,
8901088081184,Mayonnaise Eggless,Saffola
8901207038136,,
8906168240086,Bread,
8904011300369,,
8904064644175,Sugar coated fennel seeds,
8901571011360,,
8906102430504,,
8906120586276,Coffieine,
8901531300107,BOROLINE,Unknown Brand
8906002006250,,
8925262423232,Dryfruit NUTRITIOUs,
8901552025201,BENGALI Mango & Ginger Chutney,India
8904004401066,Khatta Meetha,Haldiram's
8902080002221,Tropicana,Tropicana
8541810205206,Bagrry's Corn Flakes Plus,Bagrry's
0944512704042,Durga butter murukku,
8901052005253,Tata Tea Agni,
8906016010083,,
8908007271114,Coconut  chutney,
8906024370643,Jeeru 1l,Unknown Brand
8906024370186,Jeeru 500 ml,
4987176170347,CoughDrops,Vicks
8906157842178,mahima jeerakashala 1kg,
8904422700123,Anardana Goli,
0464543490818,,
8906100593317,Patanjali Divya jal 1ltr water,
8906021125925,,Aachi
8906123687086,Fhjh,
4960486030006,Gurujee fryums,
8906030680231,Mixed mixture,
8906033530069,pnsta mix,Snapin
8906033530816,Snapin,
8906033530045,Snapin,
8908019098051,Break shake,
8901741070678,,
8904063223050,Punjabi  Sarson Da Saag,Haldiram’s
8906036070838,Rajesh haldi paudar,Rajesh
8901834001206,Maazza,
8902080305025,7up 250ml can,
8906035140686,Chipo,
8901207043239,Real guva sip & win,
8904132952645,Campa Orange 2ltr pet,
0981290362606,Minute maid,
8901440206309,Eastern  chilli chicken masala,
8901063092754,Good Day Fruit &Nut,Bratania
8901725111441,hi,Good Day
9900403369081,Green valley club soda,
4796008921084,Real mixed fruit,
3948725105150,B natural Apple,
6908425332413,Hershey's milk shake (chocolate flavour),
8906080602832,Swing paper boat (lush lychee),
8904132948174,Campa (cola) 500ml pet,Unknown Brand
4906678020615,Butter Murukku - Spicy,Sharva's Snacks
8904132948273,POTATO CHIPS,Alan's
8906070060192,Corn Mixture,Sharva's Snacks
8904002500570,Badam Milk,MASQATI
0940010861003,Parth jaggery,Parth
8904113522003,Agro fresh jaggery,
8908000137035,Peanut Chikki,BMS Sweets
8906050591852,Banjaras,
8906005670427,Salted Peanuts,Charliee
8908000137073,Peanut Chikki,BMS Sweets
8906010500702,,
8902901225846,Good life rice flour,
9909827277897,SUGAR BOILED CONFECTIONERY,
8902901130935,Good life raisin premium 200gm,Unknown Brand
8902901069976,Good Life Munakka 200gm,Good Life
8902080104086,,Pepsico
8903363008138,,
8906062814451,Nutritin ultra,
8994591080010,CDR BIRU FORTOS ISI 10,Bayer
8901595862658,Ginger Garlic Paste 5 MRP,Smith & Jones
8906113441971,Beurre de cacahuète,Nutty
8909099995858,Premium Saiwa,
8901063410312,The Laughing Cow,BRITANNIA
8901063401648,BRITANNIA - TLC,Unknown Brand
8901719121432,Monaco Classic Biscuits,Parle
8904004415971,Coconut cookies,Haldiram's
8904130853340,boAt AIRDOPES 131 True Wireless Earbuds,
8901595972128,Paneer Chilli Masala,
8903241110090,Mixed Pickle,Pravin
8903241110281,Lime pickle,
8903241110045,Mango Pickle,Pravin
8903241110021,Mango pickle,
8904063220226,chips,Haldiram's
8902901225983,Good life khichdi,
8902901127058,Good life doublebeans,
8902901225082,Good life rajma chitra,
8904132933026,Good life masoor whl blk,gL
8904001800244,Idhayam gingelly oil,
8906000210628,Cooker cake mix,
8906002006489,Sandwich spread,
8906002005789,Tandoori veg mayonnaise,
8906139760032,,
8904675029842,Milk chocolate,
8902901227789,Best farms black cardamom,
8906058610036,Gaia lite Sugur Free,
8908012945420,Pink Harvest Pasta,Pink Harvest
8901063344129,Whole Wheat Sandwich Bread,Britannia
8904293709515,,
8906021122450,,Aachi
8908008374258,Thé bio,
8903105020442,Yardley Elegance Lather Shaving Cream Super Smooth With Silicone,
8902246003314,Haywards 5000 super strong soda,
8904132924444,Snac tac masala  chips,
8904132916067,Snactac khatta meeta,
8904067703367,Jonson falari mix,
8904335601883,oats,yogabar
8906068764330,,
8901088051477,,
8901725119416,,
8195155806552,Gulf Dates,Gulf Dates
8901155122116,Gita RABDI,
8904110555714,,
8902167000201,,
8901131170063,Brauner Rum,Old Monkeys
8906380093605,cow ghee,Foods Pure
8904083506218,Organic Ragi Flour,24 Mantra Organic
8902901011241,Quinoa,Good Life
8906112480544,Desi Ghee,Dairy Best
8901030722059,Taj Mahal,Brooke Bond
8906105100442,,
8903363010193,Bhagar,"Premia,DMart"
8903363004079,Bhagar,Premia
8908003080437,Khari Sing,Santosh
8994171103962,White Koffie,
8901063363809,Gobbless Choco Chill Cake,Britannia
8904258700243,Raw Valencia Orange Juice 250ml Imp,RAW Pressery
8903363003980,Idli Rava,Premia
8903363004222,Idli Rava,Premia
8904320018245,Pasta,Di sano
8906066201721,Pizza Seasoning,Keya
8901725012731,yipee noodles,sunfeast
8901786541003,Rajma Masala,Everest
8904085900052,Ambika appala 325g,
8906169390100,,
8908003648743,Junk tail leech tail,
8900070006570,,
8903321258759,With Vitamin E,
8904214804374,Blue haven faundation,
8904018658685,,
8902433103643,Galaxy smooth,
8901014003174,Nissan Top Ramen Curry,nissin
8906160930251,,
8901905022987,Inspiration Collection,Monginis
8908014602031,Ice pops,Skippi
8902901030358,Good Life Black Raisins 500g,good  life
8904064600669,Madras Papad,CHAKRA product of India
8906012312679,gee,tapan group
8901030962226,Lipton,Lipton
8906152260083,,
8902579001438,Appy Fizz,Appy
8901030964923,,
8901012189177,ক্লিন ক্লিয়ার ফেসয়্যাশ,
8901012116708,জোনসোন বেবি তৈল,
8908008142017,হিমালয় ফেসয়্যাশ,
8908008142000,হিমালয় ফেসয়্যাশ,
8901837445021,,
8906000210307,Fillsbury chakki atta,
8906000212233,Pillsbury multigrain,
8901012116630,জনসোন সাবান,
8906136390102,,herbal
8901552023368,Mint Chutney,
8901552023641,Sweet Mango Chutney,
8901247573574,,
8904215500220,,
8906090572149,Karare Noodle Masala,Too Yum
8906116957530,Multivitamin,
8901063151086,BRITANNIA,
8906035500473,,
8906078260068,CASHEW COOKIES,
8901571003648,biscuits eg,
8906143890459,,
8906005504456,Chips BIKAJI Cream & Onion CREAMY POTATO CHIPS,
8901023028670,Godrej no 1,
8904037212219,Well,
8904073797992,Tasty crispy indi1n curry biscuits,
8904103031935,(Avakay,
8904377511553,,
8904132949782,campa orange flv 200ml,
8904132949768,Campa Lemon 200ml pet,
8901425000311,,
8906036672346,Nandini chaddar,
8906010090296,Feta,D'lecta
8901548100011,Nutralite Delicious,Nutralite
8904256727730,,
8904053505777,Snack sause,
8904004418163,,
8901262275408,Vasundhara ghee,
8904300201209,Marie,
8906143890077,,
8901071701969,Kisses milk choc,
8902102230519,Margo,
8901138500672,Gasex,HIMALAYA
8901848001087,Rasna orange,Rasna
8908013746019,Cravova green apple mojito,
8904258701714,Raw coconut water,
8901725006556,B natural,
8901030866111,deep moisture,
8901552008150,Aeroplane Lemon pickle,
8901440001133,Easterm COCONUT OIL زيت جوز الهند في ١٥ مل ١٣٥ سعرة حرارية و في ١٠٠ مل ٩٠٠ سعرة حرارية,
8901745105000,RKG Pure Cow Ghee,
9555052728927,,
8901560020649,Nilons,
8902901008234,GL mixed dryfruits 500gm,
8901725006150,Marie light,
8904103031010,Ginger and garlic paste,swastiks
89002681,Natural,
8904193407467,,
8902286041123,,
8901719917189,BISCUITS,
8904272905716,,
8904250604747,Utrojoy,
8904035422986,,
8906150210264,Soan papadi,
8906009993072,La' Elite Premium Plum Cake,Elite
8906037691933,Vanilla Culinary Essence,Bajaj Savory
8906037692251,Almond Culinary Essence,Bajaj Savory
8906070020462,Sharvas khara boondi,
8906084690774,OM BHUJIA,
8906084690798,OM NAVRATTAN,
8906084690767,IM ALOO BHUJIA,
8906084690828,OM KAJU MIXTURE,
8904045801092,ROYAL CINGELLY BALLS,
8906021125192,Tamarind paste,
8901414048485,Shahi mixture Bikano,
8901595972562,DATE OF MFG: USE BY:,
8902433005336,Milk Chocolate,Galaxy
8906006050778,Vijay Puliyogre,
8901414000094,BIKANO BADAM LACHHA,
8904109401589,patanjali honey,patanjali honey
8902901223354,Rice flakes,Good Life
8906125821068,,
8901499008411,Muesli With 21% fruit & nuts,Kellogg’s
8906134530197,,
8906016490977,Elite rusk,
8901063032644,Cream wafers,
8908005243267,,
8906113490856,Tata soulful,Tata Oata
8906113490818,Tata soulful,Tata Soulfull
8906113490825,Tata soulful,
8906113490849,Tata soulful,
8901088194839,Saffola masala oats 1 kg,
8901499011220,Kellogg's oats,Kellogg's
8901088171755,Saffola masala  oats,
8904335600770,Yoga  bar oats veggie magic,
8901088724036,Saffola karra crunch,Saffola
8901088746526,Combo saffola crunch,
8901042968827,Garam Masala,
8901725105150,B Natural Apple juice 180ml tpk,b natural
8906017291443,Limonta,
8901090111046,,
8902080504084,Water,Pepsico
8904063214379,,Haldiram's
8901131721715,JUL23,
8904422700833,Patanjali  Honey,
8904132922211,Snactac pineapple,
8904422700840,Patanjali,
8901552021203,Ginger Garlic paste,Ashoka
8902201294078,Good life mixed dry fruits 200gm,
8906083120043,Ethiglo soap,
8906019770052,Nutraj walnut kernuls 200g,
8902901224085,Good life dry fruits combo pack 300g,Good Life
8902901226362,Good life Magaj seeds 500g,
8902901227567,Good life walnuts in shell 1kgs,good life
8901612000636,,
8908006989461,8908006989461,
8901764012938,Coke 8 pack,Coca-Cola
8904132954786,Campa,
8904026640160,,Unknown Brand
8906000431009,,
8906027912001517,Green pista,
8906082522480,APPLE CIDER,
8901063092730,britannia,Britannia
8904004400649,Haldiram lemon bhel,Haldiram's
8904004404210,Mini samosa,Haldiram's
8906005500885,Bikaji navaratna mix,
8904004402834,Panchathanthra mix,Haldiram's
8901220600013,,
8904132909946,,
8904320018344,,
8901512545909,ACI 2,
8904075602089,,
8901030887932,sampu,lokal
8902901049701,Gl pista 200 gm,
8902901224061,GOOD LIFE APRICOT 200 g PP,
8904137412519,Dry Coconut Whole,
8901063004016,GOOD DAY CHOCO COOKIES,BRITANNIA
8993175531696,NABATI SIIP RICHOCO 4G,
8901063030022,BRITANNIA BOUR BON,
8901063017832,,Britannia
8906054210971,Garlic bread,
8901233031323,,Cadbury
8906113441810,,
8902901001778,Broken Wheat,Unknown Brand
8906009077406,UNIBIC VANILLA CREAM COOKIES SUGAR FREE,
8902080002078,Pineapple Delight,Tropicana
8903950888303,,
8906066180347,Rehmat,
8900740451464,,
8901725005863,Magic Masala Noodles,Yippee
8905110007111,,
8906009070445,unibic choco kiss,Unibic
8901719129186,monaco pizza,Parle
8906140201623,Nature choice dates,
8902901034356,Pl Bolar cashew 500gm,
8902901224184,Pista,Unknown Brand
8902901231991,Black raisins 100gm,
8902901224214,Raisince green,
8902901224245,Good Life Raisins yellow 100gm,
8902901223903,Good life almond,
8902901069969,Good Life Mixed dry friut 400gm,
8906016014708,Gourmia rosted almond,
8906134670183,Ajmi pathiri,
8908006779086,Ajmi pathiri spl,
8908006779093,Ajmi idiyappam,
8906045944397,,
8908018014007,Certified Organic Wild Honey,Indigenous Honey
8901491001526,,Lay's
8906009079899,UNIBIC Choco Hazelnut Cookies,Unbic
8906125670420,Jaggery Powder,Gula's
8908000655140,Agmark Ghee,Udhaya Krishna
8906010265403,Filtered Groundnut Oil,Cardiac Advanced
8906010268602,Cold Pressed Gingelly Oil,Cardiac Advanced
8906042150036,Roasted Short Vermicelli,Anil
8904001801067,Sambandhi Sesame,Idhayam
8904105900215,,
8904132948235,alans bugles,
8902292004440,Poudre adulte,
8906127550072,Peanut butter,
8906027999001,Green Pista,
8902901224153,WALNUTS,
8901058898545,Special masala,Maggi
8901192213112,MEAT MASALA,Catch
8901042968926,Spicy Sambar Powder,MTR
8901262010085,Butter Unsalted,Amul
8906097402395,Black Mustard,Zoff
8901058900316,,
8904278591647,,
8902433005688,Galaxy Fusions Dark Chocolate,Galaxy
8901725004262,Choco double,
8901063410176,,
8906064451074,200 ml COCOA BUTTER BODY LOTION All Skin Types,
8906000151174,Aastha atta,
8901030752841,DARJEELING,Lipton
8902901222319,Best farm kalonji,
8908002845297,,
8904045850045,Royal palada,
8901725117085,Sunfeast  yeppi 240g,
8903799000508,Bonne maman fraises,Bonne maman
8906105612075,WOwskinscienceindia,
8901058905212,,Maggi
8908001268219,,
8901088076050,Saffola IMMUNIVEDA,
8906001381426,,
8901030960536,Majestic Kesar Pista,Kwality Walls
8901262173599,Amul Rajbhog,Amul
8905507020402,pulses,First crop
8906021151009,,
8906105612747,,
8902838100094,Betatop Carvedilol 25 mg,
8901030876974,Red Label 500 g,
8901052034604,AGNI,tata
7622202031519,Cadbury Hot Chocolate 200g tube,Cadbury
8906128671509,,
8906035030826,,
8901662024804,,
8901725120399,Bingo mad angles,
8904132950641,Alans salsa,
8901030795848,Horlicks,
8901088150712,CocoNUT,
8901030820038,Junjor Horlicks,
8904000901294,,
8901719127465,PARLE CHOCO CHIP,Parle
8907003508637,Seedai,
8906044006690,Alo fruit litchi,
8904132912793,Snactac bel,
8904132913240,Sun crush,
8901414010475,Bikano navaratna,
8904132912908,Snactac tasty peanuts,
8904067709499,Jonson sabudana,
8904004404760,Chatpat dal,
8904004414158,Haldi katta meeta,Haldiram's
8906113441964,Nutty Beurre De Cacahuete,Nutty
8908002894011,,
8904248940024,Prostokare,Lords Care Better
8904004440300,Cocktail Samosa,Haldiram's
8902259003622,Fragrant Sticks,
8901117078284,Gupill.,
8901030993381,Horlicks classic Malt 1kg Pet,
8901440203544,Eastern meat Masala100g,
8908009082091,shareat jalballs,
8901552023344,Koriander Chutney,Ashoka
8906021124140,,Aachi
8906057905423,,
8901047361920,,
8906044992351,Alo Frut Guava Juice 1ltr,
8906064280438,CHEVALIER,
8904320001049,,
8904013000021,,
8908010310077,Pure cow ghee,
8904004440041,Tandoori Plain Naan,Mopplleey
89008706,Rahul kumar,
8901262071307,Amul milk chocolate,
8907003504998,A2B pakoda,
8907003505049,A2B ompudi,
8901719129254,Parle wafers,
8904132956070,Alans,
8906019562121,,Real
8901138821845,The Himalaya Drug Company,
8902579002596,Smoodh Toffee Caramel,Parle Agro
8902579002565,Smoodh Chocolate,Parole Agro
8904045801290,,
8906078890142,,
8906058612023,Gaia Protein Cookies,Gaia
8908000097575,Gaia Multigrain Cookies,
8904287001243,pasta shott,bambind
8908009116154,Craft bakery butter cookies,
8901018018297,Bread,
8906128100528,Hsh,
8906033742936,Dark cookies cream,McVitie’s
8906078721354,,
8906069970044,,Unknown Brand
8903329093253,lindor,Lindor
8901725012946,,Sunfeast
8906010369842,Soan papdi,
8901972078047,olla creams,olla
8901063032873,,
8906069721967,Anand ribbon pakoda,
8904132919372,D K Rava idli,
8904132917262,Masala boondi,
8901058005660,,
8906005505224,Chips Cream & onion,Bikaji
8906103400391,Benzo Cocoa with Creamy Flavour,Abhi
8901030743047,Fresh Tomato Ketchup,Kissan
8906077360448,Chana Jor,Jaimin
4906409077291,Unibic Sugar Free Buscits,Unibic
8904221695668,Whey protein,Asitis
8906009502021,SHRIKHAND,
8901058905656,Cerelac,Nestle
6294017118887,Kit kat,
8906004562884,Chulbule,yellow diamond
3948491405003,Plain,Uncle Chipps
8904209302755,Butter chicken masala,
12111202,Minis Mix Eggs,Cadbury
8906005618238,,
8908007381103,,Unknown Brand
890582780009607500006605,Jamón mercadona,Unknown Brand
8908014602048,Ice Pops,Skippi
8906018902621,,
8908020473021,Grapefruit Mint,Hippo
8904063205667,Bhakarwadi,Haldiram's
8904063205650,Methi Puri,Haldiram's
8901414034853,Bhakar Badi мини-рулеты с начинкой из нутовой муки с солью,Bikano
8901414000674,Bikano Gathiya,Bikano
8047143890152,dark chocolate peanut butter,the whole truth
8904132917682,Green Tea Honey and Lemon,Aarambh
8901817671499,Honig Madu,
8908018177115,Roasted Pistachio,LGN
8906009070926,Unibic choco rs 5,
8906097970108,Rasam Powder,JPF
8939118232466,Fiery Green Chilly,BiteoRite
8904054100346,,
8906054110721,Good Bread,
0030006720343,,Unknown Brand
8901888004833,Real Mosambi fruit juice,
8901393024234,Juzt Jelly Strawberry,Alpenliebe
0841541000421,Caramel,So Good
8908003819037,,
8906010701482,,
8906003210731,Zinfandel Rosewein,Sulawesi Vineyards
8906069610247,Jolliz Salty Chunks Moong Dal,Anand
8908002105117,Brown Bread,BakesFresh
5909449414056,Ghee,Godrej
8904063259905,,Haldiram's
8904063204202,Khatta Dhokla,Haldiram's
8906154300329,Aloo Bujia,
8901888008008,Real masala mixed fruit juice,
8901207024542,Real masala Pomegranate fruit juice,
8904145912414,Pediasure Vanilla flavour 22g pch,Abbott
8901030932069,Kissan squeeze,
8901220600136,Baidyanath HONEY ASLI AYURVED,
8906005611178,Lite bite,
8902710501513,Chocolate Whey Protien with Almonds Muesli,Baggry's
8901741000910,wai wai noodles,Wai Wai
8901848000059,Rasna,
8906072430016,Kanwal turmeric powder,
8906021123624,Garlic Tomato Thokku,Aachi
8906035141737,Chipo,
8906019350032,Amalas,
8906019350254,Amalas,
8906035141522,Chipo gathiya,
8904132949751,Campa Cola 1ltr pet,
8904132949775,Campa Lemon Flv 1ltr,Reliance
8904132949799,Campa Orange Flv 1ltr pet,Reliance
8904268702251,,
8906013183223,Dr. Vaidyas - Dr. Vaidyas Plant Protein Chocolate,
0616967515497,ISO PRO,
8901414026421,Besan Burfi,
9007395873258,Ginger Garlic Paste,Smith and Jones
6009544950523,Anabolic Amino Gold,USN
8906002660704,Coconad Edible Coconut Oil,KLF (https://coconutboard.nic.in/)
8901393017212,SOUR BELT,CHUPA CHUPS
8901725016890,B Natural Chatpata Jamun juice,
8901888007780,Real Mixed fruit juice 180ml,
8906080600784,Paper Boat Delicious Low Sugar Anar,
8908001705196,Paper Boat Jaljeera Drinks 200ml,Paper Boat
8908001705806,Paper Boat Chilli Guava,
8906133401375,Little Joys NutriMix Nutrition,Little Joys
8901725005856,,
0726962607315,M BIGMUSCLES NUTRITION,
8902080514045,Gatorade lemon flavour 500ml pet,
8901088081306,Saffola peanut butter,Saffola
9908488008130,,
8904053507269,,
8906067029812,Fish oil,
8906001056416,Mother's Recipe Kesar Mango pulp850 gr,Mother's Recipe
8902121000520,presto mixed pickle,
8908000861596,,
8908007766030,Train Marka Mustard Oil,Train Marka
8905795000339,Multigrain Health Drink Mix,isha Life
8906080600135,Peperboat,
8908004963944,Mehnat Shaki fresh atta,
8905507023519,Matar Green,
8904209305015,Gram flour,Aachi
8904285504333,TAIYO,
8906144491426,Intense Java Xpresso,Sleepy Owl
8904082709047,,
8902979035170,Garlic pickle,
8901030725814,100 g TK 185,
8904250601029,Pilo go medicine,
8901030780004,HONEY LEMON 100 tea bags,
8901030921636,knorr cream of Broccoli,Knorr
3087690080946,,
8901063142442,Nutri Choice Seeds,Britannia
8901058003734,Maggie korean noodles,Maggi
8901030899355,Mayonnaise,
8901719127410,,Parle
4901465346565,,
8901063338593,100% Whole Wheat Brown Bread,Britannia
8901725013400,,
8908001158862,Fragrance Body spray,FOGG
9909477290048,,
8906068762190,,
8901030876943,Brook bond  red lebel,Unknown Brand
8901088193825,,
8906043580948,,Unknown Brand
8900201371294,Arumbu murukku,
8901030624230,Brooke Bond  taj mahal tea,Brooke Bond
8901972067225,,
8904109420023,,
0941458001846,,KitKat
8906102210069,YELLOW Since 1994,
8906021122429,Pepper Chicken Masala,Aachi
6045716550535,HAMMER THOR GERMAN FORMULA 60 Capsules,
8901063029248,Jamhljam,
0948443603429,,
8906007611602,Kreamy magic,Kwality
8906027713584,,
8906127200243,,
8906032370796,,
8901725113186,Paneer Makhni,ITC Master Chef
8993500211187,,
8903950701114,Lazza Ice Creams,Lazza
8906020461055,Harvest Gold White Bread,Harvest Gold
8908013328000,Choco Almond Cookies,Open Secret
7622201762582,Cocoa,Cadbury
8906012160423,White Slice Bread,Perfect
8901491002950,Herby cheese Instant oats Quakers,Quakers
8902167000348,Fisch Curry Gewürz,MDH
4906409993263,Elite banana pudding cake,Elite
8901117280915,Omnigel,Cipla
8906010503444,8906010503444,
8901560141412,,
94943863,YogaBar protein oats+,
3948764052279,Limca line lemon flv 750ml,Coke
9001962200942,Kool Badam Flavour,Amul
8904272600062,Storia Banana Shake 180ml,
8903363010230,Chana dal 1 kg,Premia
8901207037955,Odomos Naturals,Dabur
8901296049136,Revital H,Revital
8901014000425,nissin noodels,Nissin
8906144634380,Xfin,250
50166480,Twix,Mars
8906080602672,Paper boat Slurpy Mango 750ml pet,
8007001658034,Ocean Fruit drink pink guava fruit flavour 500ml,ocean
8902080524044,Gatorade orange flavour 500ml pet,Gatorade
8902080534043,Gatorade blue bolt flavour 500ml pet,Gatorade
8904312987788,,
8904006307342,Wild ston,1
8908001158305,فوق,مالك النزلة
3260420053216,apple beer,chinar
0840205719266,,
0008492632006,,
8904109610011,curry leaves,greentech
8904013451229,Symphony GREEN TEA HONEY & LEMON,Goodricke
8904013451243,Goodrick  Symphony GREEN TEA GINGER AND TULSI,
8901052087778,Tetley Immune GREEN TEA Classic,
8901052087785,Tetley GREEN TEA Immune with added Vitamin C Lemon & Honey,
8901023023675,Godrej Cinthal,Godrej
8901014012213,NCODIES SEA FOOD CURRY 70g,
8901014004676,,
8904063214560,Mexilla sweet thai chilli,Haldirams
8901063401525,BRITANNIA,
8901719125775,Mix berries milano,1
8901719128882,Nutri crunch DIGESTIVES,
8901719114038,PARLE fab jam in 150g,Parle
8906019772353,,
8622262766016,Bourn Vita 5Star,
8906009071732,Unibic Choco nut Cookies,Unibic
8901063007826,Britannia 50 50 potazos,
8903459071732,UNIBIC choco nut,
8901719127212,JAM-IN 495g,
8906009072685,Unibic shortbread,
8901972055161,Dukes Waffy chocolate,
8901719130045,Parle happy happy 396,Parle
8901928112009,Bisk fram Bourbon150g,
8901719123788,Parle manaco 250g,Monaco
8901972056960,Dukes bourbon buy3 get2,
8901042970660,Upma,1
8901719130151,Parle hide &seek milano 125g,Parle
8904013460016,Goodricke Thurbo DARJEELING TEA WHOLE LEAF,Goodricke
8904013460191,Goodricke  ROASTED DARJEELING TEA,Goodricke
8907790000031,winny Vanilla,Ribbons & Balloons
9555701506159,,
8904035424973,,
8901972060189,Dukes bourbon,
3948786091003,,
8905507060859,8905507060859,first crop
8901063017535,Britannia gol maal,
8901450011955,,
8908005977032,,
8906075341296,,Austin
8904083302070,MilkyMist Fruit Yogurt,Milky Mist
8904063205070,Aloo Gobhi Paratha,Haldiram's
8906068764149,,
7622201385064,CHOCOBAKES,Cadbury
20240214309838183,A247-LHUB-APF-,
8901440205647,Super garam masala,Eastern
8901030882593,Natural Care 1kg,hul
8901842022316,,
8901063401280,8901063401280,
8901030735325,,
8906027120382,SAMS NOODIES VEG HAKKA FAMILY PAC,
8906108530062,Inchi  veg  chow mein noodles,
8906108530048,Inchi multigrain hakka noodles,
8906108530055,Inchi  rice hakka noodles,
8906108530000,Veg Hakka Noodles,Inchi
8906013033115,wai wai noodles,Wai wai
8901030820021,Junior Horlicks Vanilla flavour,Horlicks
8901030954665,Horlicks Vanilla flavour Diabetes Plus 400g Cbd,
8904145912384,PediaSure Vanilla Delight flavour 400g cbd,
8904004408911,Yellow Banana Chips,Haldiram's
8906021121408,,Aachi
8908005545217,,
8901030954733,Horlicks Protein+ Chocolate Flv 400g cbd,
8901030976087,Horlicks Classic Malt 200g Pet,
8906069402675,Veeba mayonnaise,
8901030986048,Chocolate Delight flavour,Horlicks
7622202026263,Cadbury Bournvita 200g pet,
8901030949661,Horlicks Women+ Caramel Flv 400g pet,
7622202026423,Cadbury Bournvita 500g pet,
8901030976032,Horlicks Classic Malt 500g pet,
8906013030688,WAI WAI x press Delighting India,Wai Wai
8904369300301,Garlic Paste,MDS
8901725100537,Atta with Multigrains,Aashirvaad
8906117000969,,
8906064701155,Special Murukku - Kozhikoden,
8906017862353,,
8906027821258,Achar Masala,Parrot
8906059636639,Epigamia turbo protein shake,Epigamia
8901030795879,Horlicks Classic Malt 2kg Jar,
8901030795855,Horlicks Classic Malt,Horlicks
7622202026607,Bournvita Shakti 1kg Pet,Unknown Brand
8901030825712,Horlicks Chocolate Delight flavour 1kg CBD,
8901030825705,Horlicks Chocolate Delight flavour 500g Cbd,
8901030985980,Horlicks Chocolate Delight flavour,Horlicks
8901542000072,Complain New Royal Chocolate Flv 500g Cbd,
8901030949678,Horlicks Women+ Chocolate Flv 400g pet,
8906003050016,,
0608603896510,,
7622202026584,Bournvita Shakti 1kg pp,
8901030915857,Junior Horlicks Vanilla flavour 400g Cbd,
7622202026522,Cadbury Bournvita Shakti 750g pp,
7622202026508,Cadbury Bournvita Shakti 5 Star Magic 750g pp,
8901023022968,Good knight GOLD flash,Unknown Brand
8901365995920,prestige electronic gas lighter,prestige
8901242204503,,
8906010502317,,
8906003950378,,
8901571005659,,
8904117902733,,
7993417924836,,
8906021072281,crunchy peanut,kaldini
8904063211460,Hot & Spicy Samosa,Haldrams
8906117363538,Makhana,Country Delight
8901414000872,Dal Moth,
8906010501228,Scoopitos Masala Flavour,Balaji Wafers
8904221698997,Whey Protein Concentrate,"Asitis, as·it·is"
8901414014343,Patisa,
8904132925731,Snactac 950g,
8904132950757,Campa Club Soda 200ml pet,
8901058900118,Nescafe Sunrise 50g pp,
8904132917545,Kaffe Instant coffee 50g po,
8901058004748,Classic,Nescafé
7622202031496,Cadbury Cocoa powder 150g pet,
8901071702102,Hershey's Cocoa,Hershey's
8901058903300,,
8906001050704,Mango pickle,Mother's Recipe
2698201756697,,
8906009533148,Max Protein GrainBreakfast Cookie,RiteBite
84504517,Kinder Joy,Kinder
0661706974370,,
8901652140637,Puff,Unknown Brand
8904344620462,Cinnamon & Brown Sugar Biscuits,LaVida
8907316009357,Bhelpuri chutney 85g,
8906001056591,,
8905507001593,,Unknown Brand
8905795000247,,
8906012844293,,
8901725017903,Mad angles achaari masti,Bingo
8904054608064,,
0431627066061,,
9427142066021,,
8901860010302,Fevikwik Gel,Pidilite
8901262030564,Cow Ghee,Amul
8901725013677,,
8908000097568,Gaia Oatmeal Cookies,Gaia
8903754000123,Gluco+ Strawberry Jelly Energy Drink,Tata
9505000021549,,
8904123503016,,
8901719130724,parle 2020 gold,Parle
8904300201018,Coconut crunchy,
8901175069064,,
8901725013004,Marie light family pack,"Sunfeast,ITC"
8906009073729,Big & Bold Fruit Blast,Unibic
8901719123948,Parle g gold 500g,Parle
8901719126123,PARLE magic ORANGE,Parle
8901928272703,BISK FARM Chatpata,Bisk Farm
8906009073736,UNIBIC BIG BOLD choco blast,
0001678530004,BISK FARM Rich Marie,
8901719128264,PARLE ALOO BIKKI,Parle
8901719128271,Parle aloo bikki,Parle
7622201756932,Cadbury Oreo coco creme,Oreo
8901719127359,Parle milk shakti,Parle
8904064662537,Mohnsamen,Transfood
8904064619906,Schwarzkümmel,Transfood
8906077362060,Double methi masala khakhra,
8904132919440,Badam drink mix 200g,
8903996006372,Osteo Gel,L'Amar
8906080600913,8906080600913,
8901138819965,Himalaya,
8906059636004,Greek yogurt,Epigamia
8907020526096,,
8901512926401,,
8906076132602,Choco Chip Cookies,the Baker's Dozen
8901725002190,Sunfeast all rounder cream&herb,
8901725001612,Sunfeast all rounder chatpata masala,
8905457893170,,
8906167243873,Panchmeva Dry Fruits Mix,Whole Farms Everyday Essential
8904063258458,,
8901058865660,Gold Cappuccino,Nescafe
8901542000065,Complan Kesar badam 500g cbd,
8463580000433,Veeba cheese chilli,1
8906064655700,Garlic sauce,1
8904132919464,Dk khaman dhokla,1
8901063016682,5050,Britannia
8901719128486,Parle g rs 10,Parale
8901453045926,Sualin,Hamdard
8904109490439,,
8901030882609,Red Label natural 1kg,
8904004412956,Navratan mix,Haldiram Snacks Pvt. Ltd.
8906077361872,Roasted chana,Jaimin
0890304001359,Érable Vinaigre balsamique,Oliv
6285835000461,Sneakers Mini,
3948725132866,Sunfeast,Sunfeast
8906009078014,Butter cookies,Unibic
7622201712617,Chocobakes choco chip,Cadbury
8901725003876,Dark fantasy,Sunfest
8906009072012,Pista badam,Unibic
3948063160293,Pure magic chocolush,Britannia
0903443743346,Ginger nuts,McVitie's
8901052003471,Kenvan Devan,
8904972833595,Tomato Local,Unknown Brand
8901030985997,Horlicks chocolate Delight flavour 750g pp,
8901262153287,Amul tru lychee 180ml tpk,
8906127143168,,
8901725006594,B Natural select coconut water 200ml pet,B Natural Select
8906160930862,Lavian festivities,1
8902335005779,,
8906151231374,Ragi chips - Snackable,
8906037691940,,
8906037692091,,
8906060451184,,
8939111430166,Creatine Monohydrate,wellcore
8904145912049,PediaSure 7+,Abbott
8901063163348,Tiger rs 10,Britania
8901725003074,Bounce 10 choco,Sunfest
8901063155466,Tiger crunch 20,Brita
8901725015510,Dream cream cooki,Sunfest
8901063138469,Britannia Thin Arrowroot,Britannia
8901063163355,Tiger 25,Brota
8901719121661,2020 blue,Parle
8901719124945,8901719124945,
9407852667589,,
8906010367602,Soan Cake,
8906135070258,ISO Ripped,Primabolics
8901242111504,Bambino Pasta,
8906048501900,Protinex diabetes care,
7622201766078,Bourn vita 500 g,
8901058826784,Nescafe classic,Nescafé
8904300201520,Pistachio biscuit,Mario
8901848001094,Rasna Insta,Rasna
8903363001948,Coffee,House
8901848002275,Jaljeera,Rasna
8906021122719,Vermicelli Payasam,
8997232970534,Lemonilo gorme kaldu jamur 40g,
8993351122625,GREENFIELDS,2
8906048502242,Protinex 400g,
8904132912731,Snactac vermicilli 900 g,
8904132916074,Snactac vermicilli 450 g,
8904132912991,Plain snactac vermicilli 450 g,
8906001050650,Manngo pickle,500g
8908019874020,Goli soda Orange,Unknown Brand
8901058004700,Nescafe classic Coffee,Nescafé
8901542000003,Complain royale chocolate Flv 200g cbd,
0608410873971,,
8902167001161,Karahi Paneer Masala,
8901725110123,Moms magic  50,Sunfest
0890444238103,Caprese Chicken,JUIT
8430689601083,Olive Oil,Queen
8901860630616,,Unknown Brand
8902188801115,Chiily powder,Ramdev
8904082761007,Rice flour,Gaay
4901189005410,,
8906013030138,Hakka noodles,Wai wai
8906010502508,Crunchem Peri Peri Flavour,Balaji
8906039390100,Besan,Magic Cook
5941304905057,,
8901722066355,Frozen sweet corn,Safal
8904293703148,Chilli Green,Unknown Brand
8904422702417,Amla Chatpata Candy,Patanjali
9220079597695,,
8904132975316,Campa energy drink 200ml,
8906087776420,FACE SERUM,
8901808004516,Pasta Sauce Red Tangy Salsa,WeiKFiELD
8908005807025,,
8906036572431,corn flour,prime
8904004400410,Ratlami Sev,Haldiram's
8886467122866,pringles,Pringles
8901542002175,,
0908449459154,Zero Maida Bread,The Health Factory
8908014062187,,
8906065680572,,
0890497000429,Naan Rounds,Stonefire
8908001347471,Milma strawberry,Milma
6361748018271,,
8904037225127,Chawanprash,Dabur
8901120143139,Sugar free mature 300 p pet,Sugar free
8904150503638,Pillsbury gold atta 5kg,Pillsbury
8908002984194,Tata Soulfull Ragi Bites Choco Fills 250g,
8901725110833,dark fantasy Choco Fills 600g,
0034000871766,Hershey milk chocolate bars king-size 2.6Oz Bar 18 boxes of 12 bars,
0034000070725,Hershey milk chocolate bars king-size 2.6Oz Bar 18 boxes of 12 bars,
8901262020268,Cheese amul 1 kg,
8904145912070,Ensure chocolate 400g,
6161106960194,Nescafe Coffee classic instant 1.6gm sachet,
8904132949386,Good Life ALMOND value pack 500gm,Good life
8906095121397,Value pack,Wonder land
8904395001036,California almond,
8905599699067,Pain de campagne 100% épeautre,Ölz
8902901224078,Good Life Mixed Fruit 200gm,Good life
8902901011593,Dry dates,Good life
8902901224047,Dry dates chuawara,Good life
0921902617809,PARLE MONNCO Pizza.311.04g,
8906019649594,Cremaffin Plus,Abbot
4971618417374,FISH FOOD SAKI HIKARI BALANCE M 2 KG,Hikari
8906010500221,Balaji Wafers Mung Dal,Balaji
0048107237561,Mega Man One Daily Vitamin,GNC
8904132934559,Utsava,GoodLife
8901071732796,soya drink,sofit
8906078180724,Dnv red chilli sauce,
4804888792363,Agar Agar (Gulaman),Fiesta Pinoy
8908003623856,Dnv tomato chili sauce,200 g
8906048501894,Protinex diabetes care 200g cbd,
0710859306214,Yum Nuts Tangy Tomato,Vittal
8906005670243,Charlie laddu,
0710859306245,Yum Nuts Roasted & Salted,Vittal
8906116957387,Biozyme Whey Protein - Ice-cream Chocolate,MuscleBlaze
8901719127434,Parle Monaco salted,Parle
8902901034400,Gobindbhog atap rice,
8901399190223,Giffy,Unknown Brand
8903227023055,Agmark Chilli Powder Grade: Standard,Sanchay
8904209301048,Millet Dosa Mix,
6044647004414,Real litchi,
8904132916982,Snac tac wafers,
8901542000225,Complain royale chocolate Delight 1kg,
8906021920520,,Unknown Brand
8901712321075,Green Tea loose,
8902080001347,,Pepsi-Cola
8901888006578,Cranberry,Real
8901207038648,Pomegranate Mini Goodness,Real
4906089411385,,
8904221699529,One whey protein concentrate,Asitis
8906021072274,Mantequilla de Maní Untable,Kaldini
8904333792118,,
8906017863169,Soan Papdi,Indiaah
8901689031175,Kiwi Crush,Mala's
8904004402421,Halke Fulke Salted Potato Chips,Haldiram's
8901030634451,Kissan Lemon Squash,Kissan
8906017291542,Rev,Bisleri
8908003133003,Sat-Isabgol,Laxmi Brand
8906018540915,Gopaljee Thandai,Gopaljee
8901491003216,,Lay's
0738759759947,Guruvayoor Special Pappadam,Kanchana
8904335600732,Dark Chocolate Peanut Butter,Yogabar
8904085900137,Appalam Papad,Ambika Appalam Depot
0743724576535,Guruvayoor Special Pappadam,Kanchana
8908004896013,Pepper pappadam,Guruvayoor
8908004896419,Mulak pappadam,Rohini
8908004896129,Aanamark pappadam,Guruvayoor
8908004896068,Aanamark Pappadam,Guruvayoor
8908004896204,Rohini pappads,Rohini
0743724576900,Payar Vattal,Kanchana
8902905422418,Pepper Black,Best Farms
4902907666005,Pepper,Best Farms
9017761826474,Curd Chilly,Kanchana
0757901826474,Curd chilly,Kanjana
8906142950963,Pavakka Vattal,Kanchana
8906142950956,Rice pappad,Kanchana
8906081500465,Honey,Apis
8906001025559,Govardhan ghee,Nandini
0942809020059,Tilson,Tilsona
8904011506716,Garlic Pickle,Double Horse
8904011503258,Fish Pickle,Double Horse
8902082000669,Hot & Sweet Lime Pickle,Grandma's
8902082000430,Garlic Pickle,Grandma's
8904011506693,Dates Pickle,Double Horse
3948764042904,Thumbs Up,Unknown Brand
89000588,,Sprite
4907748011014,Moong Papad,Lijjat
8901719919992,,
0890128001276,Wine,Cops
8901248756037,Amla Health Juice,Zandu
8901248756075,Aloe Vera Health Juice,Zandu
8904422702998,Giloy Juice,Patanjali
4906459636639,Cookie Cream Protein Shake,epigamia
8903071005337,Apple cider vinegar,Golden crown
8901030926457,Orange marmalade,Kissan
8908017808003,Pro health,
8857118730969,Kecap manis,Megachef
8906030061535,Sliced Black Olives,Romera
8901246004963,Pizza and Pasta Sauce,Del Monte
8908000231016,Mozzarella,Choudhary cheese bazar
8905110006954,Nimyle,Unknown Brand
8906078720890,Masala Ponga,Gopal Namkeen
8904132919198,Garlic paste chutneys,
8906068764675,,
8901719123092,Hide&Seek Black Bourbon,Parle
8905507002729,Peanut butter Crunchy,First Crop
8904329100835,Rainbow Hearts,Rainbow Hearts
8904145912650,Similac Advance,Abbott
8901888005960,,
8902901027990,Good Life Mp Wheat Chakki atta 5kg,Good Life
8904132948563,Filtered Groundnut Oil,Independence
0890497000535,Nann crisps,Stonefire
8906058611569,Gaia Dark Chocho Chip,Gaia
8901023018411,Aer Spray,Godrej
8901207040450,Roghan Badam Shireen,Dabur
4937577033710,CoughDrops Menthol,Vicks
7316577045263,Bearing Grease,SKF
7622201758042,Dairy Milk Silk Minis,Cadbury
7622201762476,Dairy Milk Minis,Cadbury
8906072845483,Roasted peanut,Jack & Jill
0003839068890,Roasted & Salted Pistachios,Snactac
8904132968813,Roasted & Salted Cashews,Snactac
8902979042987,Mango thokku,
8901207024856,Chat Cola,Hajmola
8904132918214,Besan Ladoo,Snactac
8906010070144,01 Apr 2025 to 30 Apr 2026,Ganesh Mummy's Own
8901725006679,Atta with Multigrains kg,Aashirvaad
8905507035567,Maida,First crop
8905507025087,Rajma red,First crop
8906009070520,UNIBIC Orange Splash Cookies,
8901030900334,Knorr Chicken Delite,Knorr
8901063014206,Britannia Vita Marie Gold,Britannia
8004004401247,HALDIRAM Farali Chidwa,Haldiram
8902042113439,AVT premium tea bage,AVT
8901120143214,Sugar free,
8901120143771,Sugar free gold,Sugar free
8901548431009,Sugar free green 10gm,Sugar free
4411183387677,Sugar free natura,Sugar free
8901548430033,Sugar free natura sweet drops,Sugar free
8902042300501,AVT premium leaf tea,AVT
8904132917675,Green Tea,Aarambh
8901030781063,Green tea Honey Lemon,Lipton
8904132946323,Masti Oye Poha,Masti Oye!
8901058904338,Nescafe Classic,Nescafé
8906032010616,Refined Sunflower Oil,Sunrich
8901052005086,TATA AGNI TEA STRONG LEAF 1KG,
8906111540492,Chips Mix Masala,Fun Flips
8906111540508,Chips Cream & Onion,Fun Flips
8902080002214,Tropicana Guava Delight,Tropicana
0004535400090,Omega-3 Fish Oil,Apollo Life
8908009196095,,Unknown Brand
8901063401198,Cheese Block,Britannia
8904042306019,Corn flour,Blue bird
8901719125263,Parle-G Kismi Dal Chini Cinnamon Biscuits,"Parle-G,Parle"
8906115883809,Roundy,Marino
8906097545795,,
8901030634444,,
6910630029255,,
8906144331357,,
8906035712258,Jb,Jh
8902901001808,GL lapsi rawa,Good  life
4904839949256,Independence red chilli powder 200g,Independence
8901030842115,,
8901786410507,Kashmirilal,Everest
8908002295344,Amar,
8906143890411,Hazelnut Protien Bar,Whole Truth Foods
8908016716422,Protien Powder - Mango Ice Cream,Fulled
8908016716590,Protien Bar - Fudge,Fuelled
8905110003687,Nimyle,
8905110006572,Nimyle 2l +500ml,
8904006303702,,
8901560053036,Green chilli sauce,Nilon's
8902901222609,GOOD Life Chilli Guntur withstem,
8901560274547,Nilons Ginger Garlic,NILIONS
8901748001422,Ruchi Cumin Seeds,Ruchi
8901030904554,Bru coffee 25g,
8908021055059,,
8902102231042,Margo,Jyothy Labs
8902901044454,Sure water 1ltr,
8902901044447,Sure water,Thirsty Tales
8904132972032,Campa runner energy lemon flavour,Campa
8901414037540,Premium Almond Cookies,
8906095125302,,
8901030921780,,
8901138837402,,
8901777694091,Mango Sandwich Ice Cream,Vadilal
8901063032880,,
8901023018398,AER FRESHNER,
8906165780660,Pre-workout WrathX - Voodoo Black Flavour,MuscleBlaze
8906075801578,,
8901725012830,Yippee Noodles Magic Masala,Sunfeast
8901052010318,Tea  premium 250gm,Tata
8904132917071,Classic  dust tea,Aarambh
8906009073965,Danish Coconut Cookies,Unibic
0789458525180,Crispy Rice Thicks,Haim
8908006389230,,
2490570461031,,
8903664042480,IRIS,
8908008820731,Coconut milk muruk,Crunchy snachs
7905419350186,Amala madhuraseva,Amala
8908023922021,Jodhpuri Jeera,Unknown Brand
8901542002014,Glucon D instant energy,Glucon D
8908006844111,,
7904442603016,,
8904132917613,AWSOYUM Soya Sauce,
8691707095318,VIP,Chocolate
6754642603597,Punk apple flavour,Candy stick
9556032027917,Almonds covered with milk chocolate,SAPPHIRE
0115550720053,,
0028161044275,Avocado oil,Indulgeoessentials
0605923340884,,
0605923340891,,
0849525090000,,
3614224028121,,
0079400476081,,Dove
8906165783890,Biozyne Whey PR - Molten Chocolate Cake,MUSCLEBLAZE
8904293703285,,
8901314032058,,
6281004231438,Safari peanut crunch,Gandour
8906072845407,Peanut candy,Jack & jill
8906019350049,Peanut ball,Amalas
8906072845414,Peanut ball,Jack & jill
8906019350339,Peanut masala,Amalas
8908008820052,Masala peanut,Crunchy snacjs
8906072845452,White peanut,All fresh
8908008820533,Rice murukku,Crunchy snacks
8908000385252,Ghee muruku,Dev
8906108240299,Sweet kuzhalappam,Magic bite
8908000385108,Pakkavada,Dev
8904245708184,,
8904293704770,Mango Banganpalli,Unknown Brand
8906009881430,,
8901012189511,,
0942440375075,Thatta,Dev
8908000385054,Kadala mavu mixture,Dev
8908000385184,Madhura seva,Dev
8906013032613,Wai  xpress delight,
8904206218615,,
8904209322937,,
8901670811076,Chana salted roasted gram with skin,SARAS flavors of Asia
8906040480289,,
8901063021037,Tiger Brita Biscuits,Britannia
0701098289048,,
8901888007353,Real Apple juice 1ltr tpk,
8908016029997,Fritts,
8901512556301,ACT II Movie Theater Butter Popcorn,ACT II
8906116952085,,
8904573699437,nata cocinar,Hacendado
6900258701282,Protein Milkshake- Choco mint flavour,Raw Pressery
8906007950022,Mix Seedless grapes,
8901526594498,,
8901526594535,,
8901262220132,,
8906034814199,Peanut Butter Sugar Free,American Harvest
8904132924390,Poha Khatta Meetha Mix,Desi Kitchen
8904132925434,Besan ladu,
8906078180854,Kala bori,DNV
8906015540109,Soya sauce,
8906027120023,Grreen chili sauce,
8906001051343,mother's Red chilli,Mother's Recipe
8906069400008,Veeba Olive Oil Mayonnaise,Veeba
8904083512424,Organic Corn Dhaliya,24 Mantra
3870003849862,,
4904012646224,,
8904083306962,,
8904051205532,Indian Lacha Parotta,Nilamels
4901452005666,,Maggi
8906033742943,Tasties Rs. 10,Mcvities
8906033742646,MEVities,Mcvities
8906065458560,Choco Stick,Gone Mad
9089879457000,,
9089879457024,FLOWER BUCKET - 120 GM,MANGALMAY FRAGRANCES BRAND / AGARBATTI PRODUCTS
8906000210611,Cake,Pillsbury
8904150503843,Pancake Mix,Pillsbury
8904132918856,Snack tak soup,
7001716001674,Yeppi,
8906010910389,Dairy day mini cone magic,Dairy day
6989636903159,WRDBEAUTY,
8908009082084,Shareat foochka,1
8906033744435,Digestives minis,McVitie's
8906033742844,digestive multi7grain,McVitie's
8906033742851,mcvities hobnobs,mcvities
8906020730625,,
8908000092006,,
8901063029323,Jim jam Britannia biscuit,BRITANNIA
8901764052309,Limca,Coca Cola
8906046142754,Indian White Basmati Rice,Pride Of India
8904970596474,Sprouts Chana Brown,Unknown Brand
8908019808216,,Unknown Brand
8904050704067,MADE IN INDIA,
8901741000293,8901741000293,
0769503204840,,
8901526594511,,
8908004804308,,
8901493137711,Active dried yeast,Fruitomans
8436534713598,,
8901030819995,,
8904293704077,Cucumber English,Unknown Brand
8904293117747,Mango Totapuri,Unknown Brand
8904075601846,,
8904132925724,,
8908016809087,Plant-based chicken seekh kebab,Blue tribe
8904271101065,,
8904246910470,Priya tomato pickle,1
8906001050117,Mother's Recipe Karnataka Cut Mango Pickle,Mother's Recipe
8908012531609,Coconut Chutney Instant Mix,Khrishika
8901138822286,,
8901393016628,Chupa Chups Strawberry flavour,Chupa Chups
8901207017056,,Dabur
8904083533870,Organic Murukku,24 Mantra
8904083512141,Urad Dal,24 Mantra Organic
8904083512158,Organic Moong Dal,24 Mantra Organic
8908003623955,DNV Masala Papad,DNV
8908007323356,Shoestring Fries,Hungritos
8901849285004,Sale iposodico iodato,
8908008103469,Peanut Butter Unsweetened,The Butternut Co.
8901144312009,Tilda Basmati Rice,
8901764022302,Fanta,Coca Cola
0810113510811,Collagen Peptides,Gorilla mind
3657164808026,,
8904109470172,,
8904100430243,,
8904109470134,,
8908010012452,Sudarshan Agmark Cow Ghee,Sudarshan
8906086110027,conitenental vegetables sauce,N--pure
8997240890145,Npure,
8904386101851,,
8904042812657,Gaijjak & Rewri,
8906125981403,4700BC Popcorn,4700BC
8906144590068,FRENCH ESSENCE 200 ml,
0666538000365,Himalayan,
8901030877124,Brooke Bond Red Label,Brooke Bond
8906034570187,,
8901396044505,,
8906083200301,Ffggg,
8906131681328,,
8901030930966,Comfort,
8901440203421,Palada mix eastern  India.,
8908014587031,Rice Cakes,Grainic
8906068764828,,
8906042180217,,
8904018605245,,
10134223,O bay sunscreen lotion,
8906126820022,NAMAN,
8902102230472,Margo shop,Margo shop
8906067026392,Fuel One,MuscleBlaze
8901030841095,Essential Healing,Unilever UK Magnum Freepost ADM3940 London SW1A 1YR. Careline 0800 731 1507 Unilever Ireland Ltd
8901023020353,Cinthol,Godrej
8906168640190,,
8906112662766,Muesli,True Elements
8901781000048,,
8904043905655,TY pepper masala,1
8904043905686,TY veg biryani,1
8901042967349,MTR khatta meetha poha 60g,MTR
8906151420235,Laxminarayan mix farsan,1
8904033601871,Glory,
8901719125799,Parle hide and seek milano jazelnut,Parle
8904132948631,Independence Sunflower oil 5l,Independence
8906113441988,Beurre de cacahuète,
2000000150575,,Unknown Brand
8906058610234,Digstive Cookies,Gaia
8901491502016,Classic Salted Potato Chips,Lay's
8906145191561,Keva Acai,Keva
8906113490627,Tata soulfull,1
8906049670636,Masala,Masala
8901719125638,Parle Rusk Real Elaichi,Parle
0265152002672,Best Before: Crimp See on MRP: (nclusive of all taxes) (nclusive of fall taxes),
9089898000003,BOBY SAFFRON,J.S. VARAKHWALA
8906071889266,,
8906081920881,,
8902433005763,70%coCÓA,Galaxy
8901777082669,Vadilal moth dew bean sprouts,Vadilal
8908008225888,Premium Assam Leaf Tea,Parry‘s
8901670294404,Banarasi mix paan,Aekshea
8906065795153,FRUIT DRINK,PRAN
8901719258619,Bourbon,Hide & seek
8904067700519,Roasted Chana Chickpea,Jabsons
4906406532502,Active Peanut Butter Protein Bar,Max Protein
2296637125669,Oreo,Cadbury
8901088718554,Soup,
8906009077420,Pineapple cookies (sugar free),UNIBIC
8901030623752,,
8906090574181,,
8904049101679,,
8904117510112,Pizza bread,Super pizza bread
8901725007119,,
8901207045035,Chyawanprash,Dabur
7622201710934,5star,Cadbury
8904064618466,Malabar porotta,Anam
91358523,Chili venegar,
8901777308080,Dal Makhani,Vadilal
8902292001517,,
0787099828059,,
8904293714458,8904422700123,
8901052000807,TATA GOLD,
8901414034884,Methi matthi,
8906034814304,ساڤۆری زجاج ٢٨مل,
8906081581778,Bakery cookies,
8908000276512,Vegetable Cutlet,Viswas
8901512548504,Golden Sizzle,Act II
8906078180908,Mosur bori,
8906048501627,Protinex Chocolate Flavour,Protinex
8906078160061,Bhut jolokia,ENE
8906078160078,Bhut jolokia,ENE
8904145912056,PediaSure 7+ Chocolate Flavour,PediaSure
8904145912032,PediaSure 7+ Vanilla Flavour,PediaSure
8904132921283,Snac tac   ver micili,
8901248126335,,
8904004404692,Peanuts,Haldiram's
8908012987000,,
8904132970670,Good life 10kg aata,
8901207038389,Dabur Amla hair oil  3 HAIR BENEFITS,Dabur
7622801423272,,
8906116820452,Almond Praline,
8906133472320,024B007/023218,Carmel Organics
8904004444018,Dal Tadka,Minute Khana
8903363011404,,
3947042054639,Dhokla,
8901512924209,Yumpasta,
7622202030871,Temptations - Almond Treat,Cadbury
8902080404179,Slice,
0030769499036,,
8904116101038,LIBRETA PROFESIONAL CUANDO CHICO 100 HOJAS,Ferrini
8906004620485,Dhara Refined Sunflower oil 5l,Dhara
8901777967171,Premium Kesar Pista Kulfi,Vadilal
8901499011176,kellogs froot loops,Kellogs
8901063162419,,
8901248240314,KESH KING ayurvedic hairfall expert,Emami
8908003623887,Dnv green chilli sauce,
8901542000508,Glucon D,zydus wellness
3948764311253,,
8906130900079,,
8993175554374,,
8906069405140,,
8904150127353,Cinnamon Whole SriSri,
8904150127360,Cloves Whole SriSri,
8904150127346,Cardamom Whole SriSri,
8906038784306,Rasam Powder SriSri,SriSri
8901399000065,Softouch pink2L,
8901063363212,,
8994287316133,Sanqua,
8906058612016,Gaia Cookies Ragi,Gaia
8901207006869,Dabur Sat Isabgol,
8901571012459,Iodex,GSK
8901207035623,DABUR ALOE VERA JUICE,Dabur
8904109467615,Giloy Juice,
4987176131263,VapoRub,Vicks
8906151150545,Zeera Masala Soda,Mr. Fresh
7622201385125,cadbury,Cadbury
8901058007435,Nescafe Classic Black Roast,Nescafe
8901719129018,Marie,Parle
8901414042124,Tandoori Naan,Bikano
8906139040684,,
8904082780350,Idli,Uttam
8906151910330,Sweet Bread,Haiku Tastes Like Home
8906112663046,Pumpkin Seeds Roasted,True Elements
8906078160047,Ene bhut jolokia,ENE
8902331000099,,
8908012692300,,
8901670150229,Soya Tikka Achari,Dev
8906032325017,,
4906600400836,Dr. Oetker Funfoods Peanut Butter,"Dr. Oetker,Funfoods"
6001374081033,Clere,AMKA PRODUCT (PTY) LTD
8901063165700,,
8906043192417,,
8904293704848,Sapota Chikoo,Unknown Brand
8904071707061,,
8906112667068,Californian Almonds,True Elements
8904063224101,Millet Cookies,Haldirams
8906002528257,,
8904103030716,,
8901721000251,Prabhuji AIO 400g,Prabhuji
8901806202143,,
8904293463243,Mango Sindhura,Unknown Brand
8904009616724,,
8902167000164,MDH Peacock Kasoori Methi Dried Fenugreek Leaves,Mahashian Di Hatti Pvt. Ltd.
8906089820725,,
0890237006681,Pineapple coconut milk,Ricco’s
0044066000000,,
8906033261642,Ripple Iced Green Tea Premix,
8906119860028,Mango - Swaras,
8906094877585,,
8906102430641,Omega 3 Fish Oil Supplemeny,Neuherbs
8908002192018,Endura Mass Chocolate Flavour,Endura Mass
8904256702393,,
1157567116275,Hazelnut,Cadbury
8908008674785,Wafer richeese,Nabati
4902057468917,Mango thoku pickle,Ruchi magic
8000500394854,Kinder Joy,Kinder
8906032019466,Patanjali Marie biscuit 10 MRP,
8906117090786,Rice Popped Chips,Brb
8906066202117,,
8906036670557,,
8904063204134,Minute Khana Upma,Haldiram
8901725107666,8901725107666,
8901782335064,Horlicks Classic Malt,Horlicks
8904288601473,,
8906013182202,,
8901058000146,,
8901138500757,PILEX TAB,himalaya
8903726208847,Quetiapina 100 mg (Hetero),
8907432024678,,
8906010750114,Premier Paper Handkerchief,Premier
8904117400734,Tulips Cotton Buds,Tulips
8901207044144,,Dabur
8904004400861,"Nagpur, Maharashtra,",Haldiram
8908000445055,,
8906136760011,,
8901071704779,,
8906144565936,,
8904109624261,Patra,Niks Cuisine
1901040902523,,
4005292006859,,
8901453000567,,
8901058005639,,Nestlé
8901552018913,Punjabi Mango Pickle,Ashoka
8901117254923,,
8901725119829,,
8901542001307,Nycil Germ Expert Classic,Nycil
8901552028134,Mint Chutney,Ashoka
0946443449030,,
8000500257173,,Tic Tac
8905507016993,,
8904145933525,Eptoin,Unknown Brand
8903059508935,,
8904150503836,Pancake Mix Chocolate Flavour,Pillsbury
8906001052784,Mother's Recipe Mixed pickle,Mother's Recipe
8901138824037,HIMALAYA BABY POWDER,
8901928312904,,
7622202026485,,
8901030898457,jasmine,Jasmine
8904352004063,Facewash,Biotique
8901560582192,,
8906007283113,,
8908010238593,Pro skin makeup remover wipes,
8908010238609,Pro skin deep cleansing,
8901030944734,8901030944734,
8908003463001,,
8906142023445,,
8904288627138,,
8901848000134,Rasna,Rasna
0944444404683,,
8906043199768,,
8906048500460,,
0754523847009,,
8901233020433,,
8904474000530,BONN Prime Time Brown Bread,bonn
0796554738970,,
5513313056206,,
8904089318242,Choco Brownie Cone,Hawmor
8904327600436,Peanut butter - Chocolate,MyFitness
8904083533412,Pearled Barley,24 Mantra Organic
0667554448261,pink chiffon,bath and body works
8901652142174,Cheese Cracklng,Priyagold
7622201150150,CHOCOLATE,
8901399001819,Max Kleen,
7622201762063,Dairy milk chocolate,Cadbury
8908006173259,,
8904335602323,Cashew,Yogabar
8904335602309,,Yoga Bar
8906119644994,Sel rose cristaux,
8906097590764,,
8906018080428,,
8906045636278,revital,complément alimentaire
8901719130243,,Parle
8906005506955,8906005506955,
8901277018939,PARK AVENUE cool blue,
8900800702130,,
8908017270466,,
8901023019890,Godrej Rich cream dark brown,Godrej
8904132919679,Freshener orchid bloom,My home
8904132919709,FRESHNER lavender trail,My home
8904132920415,Freshener,My home
8906061450346,,
8904288601541,,suzyj
8908017808058,Sel de roche,
8906055440001,Organic Tur dal,Organic
8901764000010,,
8993002010318,Scarlett,
4630017970933,Titan gel gold,
8904083312086,,
8901786551002,Everest hingraj powder,Everest
8906055440018,Organic moong green dal 500g,Organic
8906010720018,Aava Mineral Water,Aava
0890333032355,Teriyaki sauce,Clover valley
8901512932402,,
8906082981027,,
8901063365247,,
8904296900070,,
8901719124365,,
8906021922494,,Apis
8904063254559,,
8908003317878,Pani Puri masala  Net Wt.:100g for the pecket once opened,
8901786432004,,
8904258701547,Almond Milk,Raw Pressery
8901030900129,Sweet Corn Vegetable Soup,Knorr
0787099827939,,
8901207049972,,Dabur
8906017810132,,
8906002489480,Extra,
8901030949647,Horlicks,Horlicks
8906070280033,Chips kerala 4 sr,
8906070280163,Piri murukk,
8906070280132,Garlic murukk,
8901484010962,Tapioca stick,
8908001246224,,
8904132927018,Enzo,
8919654675019,,
8901138831073,Power glow licorice face wash,Himalaya
8908000738270,Meriba,Meriba
8906055790205,,
8906006170025,,
8906004562518,,
8906111540515,Chips Classic Salted,Fun Flips
8906015015249,,
8996001312476,,Mayora
0723172769604,,
8997024460656,Mc lewis spaghetti sauce,mc lewis
8904250303831,CAMFLORA Champa and camphor,shubh kart
8906080601583,fanta,
8901748000555,,
8908012926894,Fitspire aspire to fitness,Whey
8908005035756,,
9900419350103,Groundnut sweets peanut candy,Amalas
5391523470896,Lysine 100,
8906078180823,Sabundana Papad cumin flavour,DNV
8901042971551,8901042971551,
8901499010469,Kellogg's muesli nuts delight,Kellogg's
0062322100028,,
8906003511906,,
8901063012639,,
8904422706064,,
8901512929907,Oats,
8901042967875,Badam,
8906042150173,,
7622202203381,,
8906097591389,,
8906075590106,,
8904109465208,,
8413531002047,,
8906044993105,,
0840205719198,,
8901483112995,burger pickle,Tify
0003100013086,,
8904071704589,,
8901023028519,Cinthol,Godrej
8906032991519,,
8906027591014,,
8908019758191,,
18290899,,
6965432110892,Finger lollipop,
0948449709774,Ginger,
9903204402612,,
0948449082082,,
8906007281089,,
8906036670625,,
8901248428286,Emami handsome,
8904474000257,Sandwich Bread,Bonn
8901088129848,Masala oats,Saffola
8908008803284,,
8906008201345,,
0694365849482,Bundeli Jeeraa,Bundeli Jeeraa
8908013080373,Coco mama,Organic coconut powder
31593011,,
8906145150377,Fudgesicles,NOTO
8901030979880,,
8904089927338,Badam milk,Heritage
0806360340509,,
8904011503654,Avalose Podi,Double Horse
8904221699178,,
8568081129215,,
8901414042117,Garlic Tandoori Naan,Bikano
8904132943476,GL Matta vadi rice 10kg,Good Life
8904340700984,,
0941247444052,ROGHAN BADAM SHIREEN,Dabur
8901207032936,Honey tos 100 ML,
8901207026492,Ashwagandha teblets,Dabur
8901207030482,KABZ OVER,Dabur
8901725016258,Dark fantasy bourbon,Unknown Brand
8902080001521,Slice,"Slice, Pepsico"
8906044992290,Alo Frut litchi 300ml pet,
8906044993112,Alo Frut anaar 300ml pet,
8906044992498,Alo Frut mixed fruit 300ml,Alo Frut
8904300200844,INSTANT NOODLES CHICKEN Flavor - TRDP Mario - TRDP Mario,
8901063138360,,
8904304806547,,
8906147701485,,
8908005459941,Jumbo Rolled Oats,Nourish You
8906089502386,,
0984448026948,Medmix 125*5,
1511084876416,,
8901030902352,knorr Tomato chatpata,Knorr
8906011145247,Medislim,
8901030869136,,
8901052002474,Lank Basmati Rice 1121 - 30KG,Lank
7622201763497,Tang lemon,Tang
18901057309025,Arts,Aroma
8906009075600,Swaadesi shahi kaju katli,UNIBIC
8090011773514,HYOXY MINERAL WATER 200 ML 5 RS.,
89080030,,Nescafé
8906111540799,FUN FLIPS ( HOT & SAUCY ),Terrestrial Foods Limited
8090011773521,HYOXY MINERAL WATER 500 ML 10 RS.,Hyoxy
8090011773538,HYOXY MINERAL WATER 1 LTR 20 RS.,Hyoxy
8906111540775,FUN FLIPS ( CHEESY PIZZA ),Terrestrial Foods Limited
8901725112769,,
8901725112776,Sunfeast Caker 23gm,Sunfeast
9902663032484,,
8908009419002,8908009419002,
8901063365292,8901063365292,
8901063365094,,
8901777019665,Frozen Bottle Gourd Dudhi,Vadilal
0769503433165,skincare,
8902269252157,,
8901719130014,Happy happy biscuit - Parle - Parle,Parle
8904103030709,,
8904041744133,Granola,Sante
8906093850343,Xtra charge,Sprey
77777568,,
0890497000542,Naan crisps,Stonefire
8906037210103,Sindhi Papad,Krishna
8906021121149,garam masala,
8906013030602,,All Seasons
0794712506706,,
8901542000218,Complain,
8901725115784,,
8902328013613,Ors,Galpha's
6963256442069,,
8906059240119,,
8906030580029,Rice flour,
8906173930101,,
8901207045790,,
4906403090883,nivaran,Healthy cough syrup
8901725009151,,
0890237000870,Pupusas Queso con Loroco,Mi Cantón
8906032990512,,
8906152260113,,
8901719127069,Nutricrunch Honey And Oats Digestive Cookies,Parle Platin
7622201763329,Orange Tang,Unknown Brand
8906019772018,Chia Seeds,Nutraj
8906143040489,,
0356995203200,Pulpy,
0005537835804,Pulpy,Coca cola
8906078180397,Kalai bori,Dnv
8904059120073,Kalyanaksharam,Kottakkal
8906107550092,,
8901207048470,Dabur Chyawanprash,Dabur
8901071731072,Chocolate Syrup,Hershey's
8906150345812,Bevzilla Hazelnut Coffee,Bevzilla
8906009077123,,
8904405884000,Spari,Spari
8906003510114,,
8901192114105,Catch black pepper 100gm,
0551153645612,,
8902042010073,,213
8901777186091,Chili Garlic Chutney,Vadilal
8908012692232,,
8906032959106,,
4901465422788,,thiswin
8906075530096,Oval papad,Pinkio
8999809400017,"POM SD041317161 BPOM RI kulit dari dalam untuk awal kesehatan kulitmu, wNo. 10 CI No. 47005. onesia oil), Potassium sorbate,",
8904025930996,,
6001159125440,Bio oil,Bio oil
8906074952462,xinng Schezwan chutney,
8904327601921,Peanut Butter Crunchy Dark Chocolate,MYFITNESS
8901725013691,Bingo mad snack,
8901648026013,Mother Dairy Masala Chach,Mother Dairy
8905950000198,,
8908000233096,Iyer's fryme papad,Iyer's
8904063253859,,
8901063142558,,
8904155712516,,
0796554039794,,
8901058012415,Munch max,Nestle
8906063130512,Table grapes,
8901560053029,,
0946450090775,,
8905222260121,,
8901552024075,Vada Pav,Ashoka
8904063216533,,
8901542002458,,
8908000420144,sil Soya sauce,
8906039950908,,
8901117249998,Prolyte ORS Apple Flavour,Prolyte
510805016002696,,
8906087370406,,
8906105030008,,
8893478690130,,
8901450001772,,
8906119641115,,
3948786270507,,
8906057954124,Mikis Growth Formula,Mikis
8901314000958,,
8901440211914,8901440211914,
8901725003098,,
8904137482055,Tutti Frutti,Herman
8939111430234,Creatine,Wellcore
8901063166233,Britannia Teat,
8901652142044,Priyagold butter bite,
8906097331749,Parliament pis,
8906032019138,,
8908006646289,Mr. Makhna podina party,Mr. Makhana
8906097331725,Parliament cashew crunch,
8901652140187,Priyagold,
8901652140217,Club Creme Orange,Priyagold
8906109110195,haldiram cookie  heaven,
8906032018926,Soya Chunks,Nutrela
8901748000661,,Ruchi
8906117360063,,
8908001631013,Milk aroma HOMOGENISED STANDARDISED PASTEURISED,
8902167007941,MDH Soyatein,MDH
8904063257215,Haldiram fatafat bhel,Haldiram
8901725121228,Aashirbaad 5kg select aata,Aashirvaad
8904132949010,Independence aata 5kg,
8906010070151,Ganesh ata 5kg,
8901314625564,,
8901030985829,3roses,Unknown Brand
8904054609979,,
8901453000802,शरबत  ROOH AFZA,Hamdard
8906020461086,,
8906115423494,,
8909060040754,Yogurt cheese cake and strawberry 3%,Yoplait
8904063224125,Haldiram carom seed,
8901262202015,Amul Masala Buttermilk,Amul
8904083320623,Milkymist Strawberry Icecream,
8906035272073,,
8901030785962,8901030785962,
0088251629805,,
8901063160293,Britannia pure magic,
18907421903050,மஞ்சள் தூள்,மங்களம்
8901207041679,Dabur MESWAK PURE MISWAK EXTRACT FAMILY SAVER PACK,
8908002720037,அரசு உப்பு,அரசு
8906024650844,CHOCO FLAKES,Shanti's
8902579103354,Frooti,Frooti
8904132970663,Good life aata 5kg,
8901512927200,,
8904132919778,Mopz Aqua Fresh,
8901399435744,Max Kleen 1.25 L,
8906080603211,,
8906127551178,Alpino Super Muesli,Alpino
9004056525983,,
9900440700076,,
0006498585746,,
8906004563591,,
8901393026139,,
8901103101316,Fem,Fem
4906245672032,Teju chikki,Teju
0907093434074,,
8908003249544,Cheddar Slices,Ak
8906017675212,Shalimar coconut oil,Shalimar's
8904132937482,get real coconut oil,Get real
8906001722502,Masala chhaach,Health ways
8906027540043,Amina mhendi,
8908019333008,Chocolate Flavour Collgen,Inja Fit
8907065103870,,
0014087006114,,Bimbo
8901725016265,Sunfest dark fantasy Bourbon,SUNFEAST
3948262152242,,
8906042151149,,
8904132948624,Independence Sun flower oil,Reliance
8901012100882,,
8906090572132,Munchy masala,
8904083522249,Sona masoori organic,24 mantra
1943057327340,,
8902433007446,,
8906088861378,Achari Sticks,Current
8992796011259,,
8906094140023,,
8902195000013,,
8908003398006,Tofu,Pro Plant
8906090572088,,
8906064651702,Honey Mustard,Wingreens Farms
8908011692172,Mig. Date Mfg Date Mfg. Date,
8906104694652,Rice Bran Oil,Zama
8904256728256,Pure Cow Ghee,Fresho
8906160650708,Cheezy Peezy,Mr Makhana
8901725118891,Sunfeast MOMS MAGIC Butter,Sunfest
8908005600084,,
8902710500752,Nutty Fruity Muesli,Baggry’s
0921381982870,,Lay's
8901058000276,Maggi 2 Mins Noodles 30 MRP,Maggi
8904035016512,Joy,
0048107238940,Creatine monohydrate,GNC
3610400034689,,
8906013200104,Chicken masala,Dilbahar
8906133100803,,Karachi Bakery
8906093520475,Baccirub,Baccirub
8908016538024,CHILI CARLIC,Charlie
8993417390227,ESKULIN Kids DUCK,
8901220004774,,
8904355400268,,
1948167800646,Prolife probiotic buttermilk,Amul
8906159750174,,
8906023416656,,
8906011812507,Tikka Masala,Food Earth
8908013479887,"Nuts, Fruits & Seeds Muesli",The Whole Truth
0700721646531,Advanced Mass And Weight Gainer,Doctors choice
8901262020206,,Amul
8901058870008,Koko crunch,Nestle
3907199011985,,
8901499010445,kellogg-s,Kellogg's
0926594903933,,
8902710500738,,
8901088721646,8901088721646,
3948088129831,,
8904335600794,Yoga Bar Masala Oats+,Yoga Bar
8901030926464,8901030926464,
8901512916600,Sundrop Cocoa Nut Almond Chocolatey Spread,Sundrop
8907771000029,Jindal Cocoa Hazelnut Chocolate Spread,Jindal Cocoa
8906002000111,Pizza Topping Dr.Oetker,
8906069402699,VEEBA SANDWICH SPREAD,VEEBA
8906069400022,Thousand Island Dressing,Veeba
0655900031205,,
8906069400114,VEEBA AMERICAN MUSTARD SAUCE,VEEBA
8906021122160,Vadu mango Pickle,Aachi
8900139007071,Penne ziti rigate,Garofalo
6926858900948,Butter Seeds of Sunflower,Dahaoda
8906131951810,Opal basmati rice,Crown
8906000920022,DD JRA KHKR,
4906638680330,GRJ SNACKS,
0726472031730,Roasted makhana,Taali
0006612572096,Cornitos crisps,
8901719129223,Parles wafers,
8906005501219,,
8901512681201,Sundrop heart oil,
8908013161928,Madrasi Mixture,Haldiram's
8901787001988,,
8902181300264,Godfather 500ml,
8902246000337,KnockOut 500ml,
8904304501770,Vimalagro,
8903163041731,HK Vitals Omega 3,HK Vitals
8905110001225,,
8906126440008,,
8904281906513,,
8901248103251,Boroplus health skin,Powder
8901537075832,Dawat rice,Dawat rice
8906004971044,Milk food rich ghee,
0081712116814,Baby cream,Mildness
4901193851225,,
8901207035500,DaburHommade green chutney,Hommade
8904132917637,Aw so yum green chilli,
8904132925441,Desi kitchen dosa mix,
8906153561516,,
55211086,,
8901148251830,Zedex,
8904043551753,,
8906095126682,,
8908000863460,Oleev active,Fssai
8901531700327,Suthol,
8992982400027,For Moderately Damaged Curly Bair,
8901207050374,Real Frutors,Real
8904238406301,,
03235609,Mukti Gold Pearly Bodywash,
8906127700002,Talod Nylon Khaman Flour,Talod
8901777767047,Kaju Draksh Ice Cream,Vadilal
8906071450176,,
0946223490849,TATA soulfull masala oats,
8906102210595,Tea,Marvel
8904063213822,Bombay Mix,Haldiram’s
8904221694715,Whey,Atom asitis
7906048071602,,
8901491002608,,Pepsico
8904054724818,chilam pharmacy,zeelab pharmacy
8904011503487,Jaya rice,Double horse
8901440021018,8901440021018,
8901440221722,8901440221722,
0754083602667,Liver detox,Bm
8901207032592,,
8902901224788,Good Life urad washed gota,Good Life
8906121110586,,
8908009419408,,
8904281903888,,
8908016501097,Tempeh Cubes,Hello Tempayy
8908008374555,Liquorice,
8904089253017,Rusk,Milkmade
8908006267392,Dark chocolate 55%,2m CocoA
8904017013867,Mix Chikki,Uttam
02105871,,
8906078180120,Dnv papad 180 g,
8908003623382,Dnv papad  180 g,DNV
8904258703541,Raw pres mango,3541
8901774002028,,
8904258703527,Raw pineapple,Raw Pressary
8906078180403,papad,
8906078180885,Sabundana Papad Garlic flavour,DNV
8906027120511,Sams  black bhakka noodles,Sams
8906027120535,Hakka noodle,Sams
8906013030145,Wai wai hakka,Wai wai
8904305607518,Tandoori Chicken Whole Legs,Fresh To Home
8901023018688,Godrej n.bs sampoo hair colour n.b,
8904043926223,Tata sampann toor daal,Tata sampann
19082905,Moong chilka,Tata sampann
8904043926308,Kala chana,Tata sampann
8901030954726,Horlicks Protein Plus Vanila Flavour,Horlicks
8904162939852,Good  life chana dal,Good  life
8904132966963,Good  life Whole moong,Good  life
8904132932951,Good Life Unpolished Masoor dal,Good Life
7622202047572,,
0241622543128,Popcorn act 2,Act 2
8906005611413,,
0433624903592,,
8901058890860,Milky bar,Nestle
7622202025426,Dairy milk,Cadbury
8901058009422,munch,Nestle
0856023006518,,
0960457280922,Omni gel,Cipla
8904004403626,,Haldiram's
8906116956571,Muscleblaze Biozyme Whey,Muscleblaze
8906001052777,Mother's Mango,
8908003623757,Dnv mango pickle,
8901719131219,Parle g 800 g,Parle
9519010500628,,
8901719123290,parle,Parle
8904246911262,,
0754590964753,,
8906006854901,The Brooklyn Creamery Vintage Vanilla Giant Cookie Sandwich,The Brooklyn Creamery
8906069651738,BRAVO,SR25
8901595972555,Sehezuan masala,
8906078180717,Dnv red chilli sauce,
8901542000126,Complain 🍫 500,1932
8902346050454,Enerzal Zero Orange Flavour,Enerzal
8904156100671,,Ideal ice cream
0911112006227,,
8908002036220,,
8901725961176,Nimyle 2l + 500ml,
12721113,,
8906023415383,Chocolate corneto ice-cream,Cream bell
8906087010418,Chiwada masala,Pradeep
8904120401384,Barbecue Sauce,Abbie’s
8908002400021,Shreeji Gulab Jamun Mix,Shreeji
8904055906336,Chicken Seekh Kebab,Meatzza
8906090570831,,
0890497000023,Ace Gourmet Buns - Ace,Ace
8906006510630,Butter Chicken Masala,S.R.R.
19061658,Biozyme Whey PR,MuscleBlaze
8901262174213,,
8906009453019,Face pack,Bioteque
11216675,,
8901001557208,,
8901030976742,Knorr,Knorr
8905110003700,Nimayl,
8901262120005,mithai mate,Amul
8906010261047,Gold Winner,Unknown Brand
8908015352676,OBRIL GOLD SKIN serum,Brinton
8902167001284,KASHMIRI CHILLI POWDER mdh,Mdh
8906005503596,Paneer Tikka Kathi Roll - Bikaji,Bikaji
8906009075877,,
8904027412018,,
9900607985025,,
8901120143733,Sugar Free Gold No.1,
8901030520198,Taj mahal tee bag,1
8906013032651,Wai wai  ready  to  eat,Waiwai
8901063032828,Treat,Britannia
8710908458620,Domestos,
8886467124716,Pringles original,Pringles
8901058005424,maggie koriean spicy cheesy,nestle
8906064451005,Elements,Multi action fairness cream
9907480002337,,
8904150195246,choco naranja,Ladobar
8908004997857,Smoked Chicken Sausage,Prasuma
8901030083068,Black Tea,Brooke Bond
8901030704093,Pears,Pure and gentle
8903363007384,Grace,Gentle Touch
8901030886126,Lux,International
8901399001666,Santoor skin softening,Sandal& almond milk
8901030844799,Liril,Lime&Tea tree oil
8903363007377,Grace,Lime Fresh
18200924,Medimix,Classic
8901063016934,BRITANNIA 5050,BRITANNIA
8901719131141,Parle 20-20 Cashew Cookies,Parle
8901088062466,,
8908015401213,Virgin Sunflower Oil,Chekko
8908015401060,Virgin Groundnut Oil,Chekko
8908015401077,Virgin Sesame Oil,Chekko
8908015401084,Virgin Mustard Oil,Chekko
8908015401121,Virgin Coconut Oil,Chekko
8908015401176,Virgin Sunflower Oil,Chekko
8908015401190,Virgin Roasted Sesame Oil,Chekko
8908015401206,Virgin Roasted Sesame Oil,Chekko
8908011214008,Indian natural honey,Indocan Honey
8908011214015,Natural honey,Kami
8908011214022,Natural honey,Kami
8908011214039,Natural honey,Kami
8908011214046,Natural honey,Kami
8908011214053,Natural honey,Foresters
8908015401008,Virgin Mustard Oil,Chekko
8908015401046,Virgin Mustard Oil,Chekko
8908000573055,Virgin Sesame Oil,Chekko
8908000573062,Virgin Coconut Oil,Chekko
8908000573086,Virgin Castor Oil,Chekko
8908000573246,Virgin Sesame Oil,Chekko
8908000573253,Virgin Groundnut Oil,Chekko
8908000573260,Virgin Coconut Oil,Chekko
8906011815539,Organic Indian Split Lentil Curry,Food Earth
8906011815546,Organic Indian Chick Peas Curry,Food Earth
8904150900260,Organic Cumin Seeds,Farm Organic
8904150900918,Organic Yellow Mustard,Farm Organic
8904150901007,Organic Red Chilli Whole,Farm Organic
8904150901168,Organic Coriander Powder,Farm Organic
8904150901366,Organic Black Pepper Whole,Farm Organic
8904150901861,Organic Moringa Powder,Farm Organic
8904150901878,Organic Ashwagandha Powder,Farm Organic
8903662011181,FESTIVA Basmati Rice,Dunar
8903662011273,ELONGA Extra Long Sella Basmati Rice,Dunar
8903662011280,ELONGA Extra Long Sella Basmati Rice,Dunar
8903662011327,ELONGA Extra Long Golden Sella Basmati Rice,Dunar
8903662011334,ELONGA Extra Long Golden Sella Basmati Rice,Dunar
8904150900031,Organic Turmeric Powder,Farm Organic
8658080500044,Gatorade orange flavour 500ml pet,
3948595961443,Chings veg soup,
8904132917248,Snac tac tomato soup,
8903105010313,LONDON,YARDLEY
8901595853908,Chings noodles,
5449000320032,Fanta 1.49L,
8901512927903,,
0745314708449,heechki refined oil,heechki
8904300200035,Mario masala noodless,Trdp
8908002974508,Peanut Barfi Chikki,Arcot Mani Mark
8904003202039,Spice,Sanjeev Kapoor's
8906143891654,Cocoa Whey Protein,The Whole Truth
8906072610166,Shree hari,
8906085410210,Ghdhs,Bns
8906113500548,,
8906122500720,Moong tawa chilla,GM Foods
8908009059246,Zero Maida Protein Bread,The Health Factory
8203120106344,,
8902080364077,Salu,
00054602,Noodles,Ruchl hakka
8904132927025,Enzo,
4992404777335,,
8906137050029,Pasteurised Homogenised Toned Milk,Milma
8906133403966,Active mix,Little joy
8906067025371,Proteni dar,Muscle Blaze
0890659200186,Carb Up,
8904057396968,Yogurt shake,Hatsun
0004614504046,AQUAFINA,
8901512915603,Nutrify Honey Roasted Oats,Sundrop
8906102520700,cobra 150,
8906130731192,FabBox Peri Peri Ragi Chips,FabBox
8901030900280,knorr,Knorr
8904043904597,,
8901648181866,dahi,Mother dairy
23012110096353,Ravi Panwar,
8908005977001,Body oil,Jack olivol
7906119872985,scrub,Jiden
8901030972003,,
8906078720418,Salty Punch,Gopal
8901552025560,Jalfrezi Sauce,Truly Indian
4901465441253,,
8901063743960,,
8901030980046,,
8908000835689,,
8906059636622,Protein shake,Epigame turbo
8904512893674,,
8908002180435,,
0890330000630,Ta pronto!,Wickbold
8901725114039,aashirwad,
8901262274784,,
8902570812385,,
8904120401360,Barbecue sauce,Abbie’s
8901246007162,Thousand Island Dressing,Del Monte
8908016793409,Chilli Oil,Master Chow
8906116954997,,
0074060020445,Good life  masal,
8146007283090,Fortune mini soya chunks,Fortune
8906032019336,Masala Oats,Patanjali
8901491982351,Lays ONION 20rs,Lays
8906120100847,Makhana,Farmley
8906061490656,Frozen Mixed Vegetables,Bombaywalla
8906040481491,,
7622202051685,Tang Mango,Tang
8901595863938,Dragon Fire Chutney,Ching’s Secret
8904406194702,Chocolate wafer roll,Craveto
8904406194726,Strawberry wafer roll,Craveto
8902618012265,Eva,Sweet
8908000589254,bindu,
8906143891791,Mango Whey Protein,The Wholetruth
8908010150000,Free Range Eggs,Farm Made Eggs
8906001953807,Chicken chunks in gravy,
8901012100561,Gohnsons,Powder
8904083505532,Organic green mong whole,
8908012731030,Dr brand mishri dana,
8906055440278,Organic besan,
8904083506188,24 mantra jowar flour,
8906098781536,,
8906165780868,Biozyme Performance Whey,MuscleBlaze
8906079110126,Mysurpa,Sri Krishna Sweets
8901512500403,Act butter popcorn,Act
8904286203525,,
8901777410622,Whole Wheat Paneer Onion Paratha,Vadilal
8901777164075,Quick Treat Whole Wheat Phulka Roti,Vadilal
8906018143949,عجينة سمبوسة,Switz
8901262020671,Cheese Sauce Green Chutney,Amul
9885356245715,,
8901725013738,Chips,Bingo
8901512508409,,
9556562001982,IKO SUGAR FREE PUMKIN BISCUITS,
8908007127060,Sugar Free Strawberry cookies,De Best
9556562002958,IKO Sugar free 9 grains,IKO
0551590126149,PINEAPLE TANG,Tang
7622201129170,Lemon tang,Tang
4005292008761,XYLITOL GUM LEMON FLAVOUR,Impact mints
8908022697159,Freeze Dried Mango,Unknown Brand
8908022697272,Jamun freeze dried,Cafune's
0005241511445,Apple Vinegar,American Garden
0903009006236,Funfoods Peanut Butter Creamy,"Dr.Oetker,Funfoods"
8906080604133,Protein Crunch,Paper Boat
8906131681212,Banana choco chip millet pancake mix,Mille A Supergrain Co.
8904083511410,Organic sonamasuri brown rice,24 mantra
8902710500028,Crunchy Museli,Baggry’s
8906116958919,Biozyme Iso-Zero Whey,MuscleBlaze
8904474001490,Burger Bun,Bonn
8906045141352,Nutrabay Pro Testosterone Booster,Nutrabay
8902396010873,,
0720444435403,,
8902710508680,Choco,
8901242226000,,
08016429,,Gold
8901725132804,Dark Fantasy Sandwich Crème,Sunfeast
8906039953077,dclainlol,dclainlol
0020412090475,Cheddar cheese,Kraft
8908012605096,Heinze Beans,Kraft
8901565000738,Cheese And Chives,Pops
8908008683060,Multi Grain Cookies,Weleet
8906026167029,,
8904063219664,Aloo Masala Chips,Haldiram's
8904132974111,Campa energy drink 330ml,
8904004400434,,Haldiram's
8904145912445,Pedicure chocolate flavour 200g,
8901030951114,Horlicks women plus 1kg,
7622202026461,Cadbury Bournvita 5star 500g,
8622287026461,Cadbury Bournvita 5star 500g,
8906009320281,Kohinoor Packaged Drinking Water,Kohinoor
8901248240284,Kesh King emami anti hfl,Emami
3948764092282,,
8904063259356,Haldiram Amritsari  kulcha,Haldiram
8904004440119,Chilli Garlic Coriander Naan,Haldirams
8906129221178,Kajubadam lassi,Chass wala
8901063343450,Brown Bread,Britania
8904335601296,Musli,Yoga bar
8906001023449,Sawarna pur 🪴 gow chee,Gowardhan
8908008213007,Tofu,A.V.K enterprises
8906009700960,Ginger Garlic Paste,
8901030807206,Horlicks,1
8906133472436,Organic Flaxseed,Carmel Organic
4906400428276,,
8908006989508,Peanut butter chikki,Nutritius
8904209303561,Mutton masala,
8908022656071,Biryani basmati rice,Aliza
8904083307112,Cheese Cubes,Milky Mist
0890000360361,Iorgute,Nestlé Grego
8906130901038,K Snack Rings Kimchi Flavour,Orion
8906003927875,Kishlay,Kishlay
3948725114039,,
8907093004354,Light Meat Tuna Chunks In Extra Virgin Olive Oil,Tasty Nibbles
8906142021182,Super garcinia,Plix
8906091148480,GXN Peanut butter,GXN
8903363001108,Badam,Premia
0860000064019,,
0748927065817,Whey Protein,ON
8906097590368,Instant Electrolyte,Fast&Up
0046607385676,AGRIRICH PURE GRAM FLOUR THE NUTRITIOUS POWERHOUSE,
8901058869293,Nestea,Nestle
8903363009708,CHANDAN SPARSH GOLD  With pure sandalwood oil,
8901287101010,Mysore Sandal GOLD,
8901023012235,NO. 1  sandal turmericnatural oils,
8901399011016,SANTOOR Skin Softening Sandal & Almond Milk,
8908001158381,Whitelone Soft & Smooth,
8901023019739,Good knight gold flash,Unknown Brand
8901207027383,DaburRED PASTE FOR TEETH & GUMS,Dabur
8901207033483,Dabur MESWAK PURE MISWAK EXTRACT,
8904145912346,Ensure Diabetes Care Chocolate flavour,Ensure
8904293725881,Tomato Ketchup,"Delish, Flipkart"
8901399241161,SANTOOR GENTLE HAND WASH CLASSIC,Unknown Brand
8901157025255,Hit Fresh Fragrance COCKROAL,
8904123515088,Macroons,A1
8852111028402,Sardine in Oil,Golden Prize
8901414000292,Khatta meetha,Bikano
8904083320487,,
8904083320425,MilkyMist Pista Badam Ice Cream,MilkyMist
8906114470192,,
8906001023050,Gowardhan pure cow ghee,Gowardhan
0815082009113,,
8902080001354,Pepsi Black,Pepsi
8904064628922,Semoule de riz pour idly,
8906099980297,Roasted Garlic And Chilli Dip,Saucery
8904113522386,Agro fresh chiroti rawa,
8901262110235,Whey Protein,Amul
8904132953581,Independence besan,
8902167000034,Deggi mirch,MDH
8901262031059,Amul ghee,Amul
0787099802417,Kamashenu omam seeds,
8906001025146,Avvatar Alpha Whey Belgian Chocolate,Avvatar
8901803001503,Amrutanjan back pain roll,
8906008814385,Raaa gold ( R.oil ),
8906027773441,Nylon Til Dal,AGRIRICH
8994043110319,,
8901246007360,Penne Rigate (100% Durum Wheat Semolina),Del Monte
8904132950771,Campa cricket lemon 250ml,
8904132949027,Independence Water with Minerals,Independence
8904132949034,Independence Water with Minerals,Independence
8906123581261,Peanut Butter,Scrunch
8908019726220,Nova nova Waffle Cookies,Nova Nova
6923450667514,,
8901725012779,,
8906012842237,,
8901030681950,Knorr chilli gravy mix,Knorr
8908019726107,Nova Nova Waffle Chocolates,Nova Nova
8901576010108,Modern potato wafers,1
8906009079684,Unibic choco,1
8904132956049,Alans potato,1
8904132956087,Alans cream &onion,1
8908013479368,Coffee cocoa mini,The whole truth
8906014920025,Kundan namkeen sev,
8906084790405,Beardo godfather beard oil,
0890085695365,Chocoprotein,Vitaminese
8904132973091,Raskik mango flavour 200ml,
8901088206921,Nihal Shanti amla,
76832109,,
8904132917217,Hot and soursoup,Snaefae
8904132917224,Italian veg soup,Snactac
8902268008748,Anmol,
8901030922770,For PKD. Use By & Batch No. (see side seal),
8902901027921,Good life atta,good life
8906019633012,,
9556705060654,PUAS,Paus
1949406532700,,
8902089010043,Mustard 🛢️,Tez
8906069721288,Badam Hawla,Anand
8906017815632,plain chaach,Madhusudan
8992736010168,Sasa Tepung Pisang Goreng,Sasa
8904132912854,snacttac,reliance
8906065032647,,
8906131681137,Multigrain macaroni,Slurrp
8904064616592,Besan,Annam
8906002661169,Coconut milk coconãd,
8908000729513,Masala Jeera,Kashmira
8903363002662,Kaccha Mango Flavour Sugar Boiled Confectionery,Gula Gula
8906020730250,,
8901262261234,,
11217237,,
0903049071782,Unibic,
8906008811391,,
8906053840858,Special Misal,
8904043905631,,
8994455850018,Zymuno,Zymuno
8906136650008,Brown rice cakes,Pintola
0890025124603,Iogurte natural,
8901725013769,Mad Angles Tomato Madness,Bingo
8906116950005,Biozyme Whey Protein,Muscleblaze
8906116959589,WrathX Preworkout,MuscleBlaze
6957148431682,HALOCA BEAUTY -  COLLAGEN BODY LOTION,
8906013033337,Noodles shrimp flavour,RinTin
8994452390173,LIP TINT 01 Nimble Nude,BASE
8859690401107,PRECIOUS SKIN -  NIACINAMIDE 10%,
8735605800497,Cream bun,Bharath
8997023971023,UTAMA SPICE - VIRGIN COCONUT OIL,
8901552018852,Punjabi Samosa,Ashoka
8906164010065,Lemon Ice Tea,Good Trip
8901393013504,,
8901512563002,Actii Salte Popcorn,Actii
8906007701013,Nacho Chips Creamy Cheese,Tex Mex
8906005509130,Bikaji badam halwa,6 pcs
8904325100600,Himalayan Pink Rock Salt Crystal,
8906013030312,X press noodles,Wai wai
3948764072017,,
8901200100038,Pure Coconut Oil,Parachute
8906085460192,Jeera papad,Yash
8903236700305,No Nonsense Plant Protein,Cosmix
8906087120582,Sams black hakka moodles,
8908017808065,Himalayan Pink Rock Salt,Pro Health
7906309801139,,
8905604000178,Wheat grass,Jivo
8906021127066,Gulab Jamun Mix,
8906118210855,Vanilla Sandwich Creme Cookies,Bickies
8906069405980,,
8908006779000,Steam made Puttu podi,Ajmi
8901860010005,Fevi kwik,Pidilite
8906022690262,Chicken cordon bleu,
8904120006282,Dhootapapeshwar Swamala Compound Chyavanprash,Dhootapapeshwar
8901595864041,Dark soy sauce,
8908019882209,Tapioca Crisps,Dobra
8908007022099,Tortilla Wraps,Habanero
8901058009477,,
8908001017077,Tikka masala nacho crisps,Cornitos
8901117008199,Foracort inhaler 200,
8909081000201,,
8906078180458,DNV SABUDANA PAPAD KASURI METHI FLAVOUR,DNV
8902580616676,Smart Choice Moong Punjabi Papad 200gm,"Smart Choice,Spencer"
8901777001660,Green Peas,Vadilal
8904288603361,,
8908016314857,,
8901414004481,Spicy Coated Peanuts,Bikano
8906137070188,,
8901207504006,Odonil Lavender Mist,"Dabur,Odonil"
8904132956100,Alans tomato,1
8906116957844,"Biozyme Performance Whey, Blue Tokai Coffee",Muscle Blaze
8908020463275,,
8906116958797,Biozyme Performance Whey - Blue Tokai Coffee Flavour,Muscleblaze
03743386,Hersheys' cocoa,
8906108530550,Red chilli sauce,Inchi
8904132917620,Red chilli sauce,Aw So Yum
9908525015435,,
8906742027492,Isabgol orange burst,Plix
8904001000774,,Lay's
8908001487092,Chilli Powder,Cookme
8901777338087,Veg Jaipuri,Vadilal
8901393016635,Sour belt,Chupa chups
8904063220622,Tandoori Patty Plant Based,Haldiram
8906001727026,Desi Ghee,Paras
8901725114022,Instant Veggie Upma,Aashirvaad
8906001051183,Gujarati Gor Keri Pickle,Mother's Recipe
8906122462899,,
8906064452439,Elements wellNess,
8906013642546,طجين الجراندم المالح,جاقديش
8904405961190,Pure coconut oil,Malabari
8901725013820,Madangle Chaat Masti,ITC
8906004565373,Yellow Diamond sizzling cheese,Yellow Diamond
8906090574396,Bhoot Chips,Spencer
8901512921604,Sour Cream & Cheese Flavor Popcorn,Act 2
8906131681663,Chocolate Millet Flakes,Mille
8901399004124,Glucovita,
8999908850508,BPOM RI,
8904063205018,Bread Pakora,Minute Khana
8906152182040,Mango pickle,
8904256002639,,
8906081122520,Toasted and Salted Sunflower seeds,Happilo
8901058010701,Nestle Munch Vanilla Flavour,Nestlé
3052911220388,Hazelnut syrup,Monin
3052911220449,MONIN Irish and syrup,
0011620520120,French Vanilla Syrup,MONIN
4931312870066,Green Olive slices,Habit
8902570812965,Smart Choice Moong Garlic Papad,Spencer
8902570812941,Smart Choice Chana Masala Papad,Spencer
7622201757250,,Oreo
8906001023456,Swarna,Gowardhan
8901725973124,Savlon,Savlon
8904010630382,NIRAA Samba Wheat Puttu Podi,
8904010698887,NIRAPARA Oats Puttu,
8908005767473,KT TREASURS Puttu Podi,
8904011508109,Semolina Roasted Rava,
8906091681345,KT TREASURES Instant Easy,
8906060270433,RAGI POWDER,
8904011504217,Wheat Puttupodi,
8901063092440,Good day,
8906091687057,KITCHEN Corn Puttu Podi,
8906091685008,KT TREASÚRES Brken Wheat,
8906126550240,TOLINS Steam Puttu Podi,
8906091684667,KT TREASÚRES Matta Aval Thin,
8906091684643,KITCHEN White Aval,
8906091684070,KT TREASURES Roasted Semolina (Roasted Rava),
7622202045202,Choclas,
12345748,FREEDA Tasty &mix,
12345762,California Walnut,
8901123005236,LOTTE Seasons Greeings,
8901123005700,LOTTE Season's (Greeings,
8901063032927,treat burst,Britannia
8908007140502,Sandwich bread,Aabad
8998898101119,Susu,
8901777768174,Vadilal butterscotch icecream,
10018047000985,,
0941959122187,Krack jack,
8901725003036,Bounce,Sunfeast
8901725015480,Bounce Day&Night,Sunfeast
8901928370706,Cheese licks,Bisk Farm
8901725006143,Marie light,Sunfeast
8901928300741,Top Gold,Bisk Farm
8901725002237,Digestive,Sunfeast
8906017861769,Ruskit,Bisk Farm
8901928221756,BISK FARM erbs,Bisk Farm
8901725006167,Marie light,Sunfeast
8901928302509,Top Gold 189 g,Bisk Farm
8901719119903,Parle Top,Parle
8901725016159,Dark Fantasy Choco Fills,
8901719132025,PARLE PREMIUM RUSK 291.2 gm,Parle
8901725113551,Sunfeast Glucose Biscuits,
8901719784040,PARLE COCONUT,Parle
8901725017552,Sunfeast Nice,Sunfeast
8901719130038,PARLE Hapry Happy,Parle
8906158360138,ARROWR THIN,
8901719123993,PARLE Krack jack250g,Parle
8901719126598,PARLE Krack Jack,Parle
8906009075952,UNIBIC maámiul 25% Date-filled,
8901063142626,BRITANNIA nutri choice,
3948063142626,BRITANNIA nutri choice Digestíve,
7622201757236,OREO,Oreo
8901725001735,Darkfantasy) Vanilla Creme,
8901725001728,Dark Fantasy Sandwich Crème,
0840205726820,PRAN Cheese Flavoured Biscuits,pran
0840205724765,Pran Potata Cream & Onion Flavoured Potato Biscuit,Pran
9900409033573,UNIBIC Danish Coconut Cookies,
8901725019341,Sunfeast MOMS MAGIC,
8901719120787,PARLE top,Parle
8901058015409,Milk Chocolate,Milkybar
4987176179951,TIDE FL 2l,P&G
4987176164377,TIDE Fl 2,P&G
4987176164360,TIDE TL,P&G
4987176174963,Ariel Matic TL,P&G
8901396040408,VANISH oxi action,
8904335601791,,
8901552020213,panipuri omacka,
8904045800996,Andra mar9ou9,Royal
6900096705183,UNIBIC Cashew Badam Cookies,
8906009073286,UNIBIC Biscott Caramel Cinnamon Flavou,
8906009078687,UNIBIC Pista Badam Cookies,unbic
8906009077321,UNIBIC Choco Chip Cookies,
8906009068886,UNIBIC Choco Nut Cookies,
7901095094154,BRITANNIA Goodday,
3948063017634,BRITANNIA CHASKA MASKA,
8901063012738,BRITANNIA Milk Bikis,
8901063012721,BRITANNIA MiIk Bikis,Britannia
8901063012653,BRITANNIA Milk Bikis Cassic,
8906009070483,UNIBIC Choco Ripple Cookies,
8909081001536,Sunfeast SUPER EGG & MILK,"Sunfeast,ITC"
8901063018334,BRITANA TIME PASS,
8904004442823,Punjabi Kadhi Pakoda,
8901725004996,Sunfeast Thin Arrowroot,"Sunfeast,ITC"
8908016501172,Hello tempay,Hello tempay
8903553002250,,
8901138839659,,
0099044527406,Sunfeast Thin Arrowroot,Sunfeast
8901725015442,"Sunfeast all, rounder sweet",Sunfeast
8901725016302,Dark entasy Bourbon,Sunfest
8906009070490,UNIBIC Milk Cookies,
5060126949695,,
8906116956847,,
8906046143119,Black Bean Salty Papadum,Pride Of India
8901719922169,Choco Rings,
8902188407096,Soja déshydraté,Ramdev
8901571007752,Horlicks,Makelt s8ar 8adi
7622201712501,,
8905507001227,500 g,
8901972054560,Biscuits,
8901088766951,,
8906021126892,,
8901063166257,Chocolate Bar,Britannia Tiger Kreemz  Choco
8906001384069,Crunchy Mini Crackers,Adora
8906001388531,Crunchy mini crackers,Adoro
8906009077024,Fruit And Nut Cookies,UNIBIC
8908001503006,,
8906078266046,Glucose Biscuit,Adoro
8901719101021,Biscuits Parle-G,Parle
8901030893575,Red Label tea,
8992984820410,baking powder,KoePoe
8906078266619,Cream Biscuits,Adoro
8906078266602,Chocolate Biscuit,Adoro
8906078266626,Strawberry Biscuit,Adoro
8901063146716,WINKIN BOURBON SHAKE,
8901123001795,Lotte Pie,Lotte
8901842333566,Dairy whitener,Nova
8908013746026,Cravova peach mojito,
8906097402579,Premium Whole Spices Indian Bay Leaf,Zoff
8906167242937,White Sesame Seeds / Til,Whole Farm
8903363010995,Udid,Dmart Premia
8906010367879,Soan Papdi,GRB
8904063251060,Soan cake,Unknown Brand
8904064672994,Lal mukhwas,
6291109980940,Pringles - hot & spicy,Pringles
8908035141052,,
6514747049962,Mega Party - Haribo,Haribo
8901741001139,Quick Noodles,Wai Wai
8904064601826,Rock Salt,Chakra
8901440021032,Coriander Powder,Eastern
8901440209423,Curry Powder,Eastern
8901440209393,Sambar Powder,Eastern
8901440021131,Kashmiri Chilli,Eastern
8901440223849,Chilli Powder,Eastern
8901440021056,Turmeric Powder,Eastern
8901440011248,Garam Masala,Eastern
8906009075273,Millet Pop Crisp Sweet Chilli,Unibic
8906055100028,Rajdhani besan,
8904319303703,Besan Laddoo,
8901107038526,Aptivate,LUPIN LIFE
7622202210365,DAIRY MILK MAHA 40RS,Cadbury
8906009820415,DALIYA,Silver coin
8908016763150,AATA,ENERGY MAX
8901560120219,INSTANT IDLI MIX,NILONs
8901725005917,Yippee magic masala,Sunfeast
3948764021060,Thums up,Coca cola
3948262152334,KOOL ROYAL ELAICHI,Amul
8906080603914,Swing pomegranate,Paper boat
0842595106121,Cellucor C4,Cellucor
8906005504449,Pudina treat chips,Bikaji
8901725019334,,
8904063209689,Punjabi mixture,
8902102126980,Ujala supreme,
8902102126270,UJALA FASTWASH,
8902102194934,Ujala,
8906064705610,Banana chips,Malabar delights
8902102194910,Jyothy Labs Ujala Supreme,Jyothy Labs Ujala
8906005916884,,
8901786390151,Hot & Red Chilli Powder,Everest
8901786401017,EVERES Coarse Ground ChilliPowder,
8901725007492,Bingo,ITC
8901725009892,Natural Litchi Fiber,Natural b
8901725009861,Natural Mixed fruit Fiber,Natural b
8901192101013,BLACK PEPPER POWDER Catch,Catch
8901192105011,AMCHUR POWDER Catch,Catch
8901192221018,CHHOLE MASALA Catch,Catch
8901192215017,Sabzi masala,Catch
8901192216014,Garam masala,Catch
8901192214010,CHICKEN MASALA,Catch
8901192214119,CHICKEN MASALA,Catch
8901192204011,CHATPATA CHAT MASALA catch,Catch
8901192202116,SAMBHAR MASALA,Catch
3964491366052,Kurkure YUMMY CHEESE PLAV,Kurkure 20rs
8901491003681,PLAYZ PUFF BaLS Kurkure,20rs
8901491990226,SWEET CHILL Dorites,10rs
8901968335659,Vegetable cutlet,
7622201690472,C d milk bites,Cadbury
8906069850049,Batch No,
8901095000475,Sweet and spicy mango pickle,
8901063166653,Biscafe,Britannia
0089686018080,Mie sarimi 2 ayam tongseng,
0089686017717,Mie sarimi 2 soto,
0089686017724,Mie sarimi 2 kari spesial,
3948764022272,Fanta,Fanta
8901063364462,Britannia Time pass Funsticks Tomato Twist,Britannia
8901030923395,L Green Tea PURE LIGHT,Lipton
8901440209355,Meat Masal,Eastern
8901440011446,Mutton Masala,Eastern
8901440209348,Chicken Masala,Easteen
8901440222118,Spicy Chicken Masala,Eastern
8901440000211,Asafetida Powder,Eastern
8901440021292,Black Pepper Powder,Eastern
8901440221890,Onion Powder,Eastern
8901440219323,Curry Powder,Eastern
8901440223887,Chill Powder,Eastern
8901440000402,Tamarind 200g,Eastern
8908004316061,,
8901725018917,Yippee noodles magic masala goat,Sunfeast
8908009275011,,
8998866203272,SUKSES ISI 2 AYAM GEPREK 126G,
8904256715492,Protein Bar,BB Good Diet
8904256721745,High Protein Mixture,BB Good Diet
8901058003802,Nestle Everyday Dairy Whitener 15g,Nestle
8908656123659,,
8908008742583,Conditioner,
6732627463732,,
0890000006740,Pré Wourkout Égide  Frutas Vermelhas,Max Titanium
8997009539551,Roti panggang coklat,
8996006320117,ORIGINAL,
8908010213514,MAKINO NACHO CHIP ROASTED MASALA,
7622201761820,Dairy Milk Silk Bubbly,Cadbury
7622202236341,Cadbury Celebrations,Cadbury
9000409533148,,
8901177101502,Moov spray,
8901248801096,,
8901248349055,ayucare,
8901030829062,"Men,s glow & Handsome",
8901248428712,emani Smart and handsome,
8901526006328,Turbo bright,
8901030945687,Glow & Lovely,
8901138819637,Natural glow,
8901200200110,Coconut & lemon Gold,
8901526207473,Garnier,
8904023007997,,
8901248104036,,
8901248303095,8901248303095,
8901106111077,8901106111077,
8906055445686,Rava upma,
5011832712776,MorphyRichards Kingsman Pro Body Groomer,MorphyRichards
8901138815943,8901138815943,
8901542000843,Nycil Germ Expert,
8908001158244,FOGG,
8908001158350,FOGG,
8908001158817,FOGG,
8908001158961,FOOG,
8908001158312,FOGG,
8902901028324,Good life mustard oil 5ltr,
8901030942686,,
8904132953598,Independence mustard oil 5ltr,
8906099701564,Pansari BESAN,
8901192107626,Haldi powder,Catch
8906115730110,Kashmiri Kahwa Tee,The Tea Haven
8906175500159,,
8906005501271,Onion paratha,
8906033424412,Kanha Tutty Fruity Cookies,Kanha
8908005767312,SPRIG SWEET PAPRIKA imp,
8908005767329,SPRIG SMOKED PAPRIKA imp,
8904083301578,Milky Mist Butterscotch Milk Shake,Milky Mist
8901138833534,Himalaya Moisturizing baby oil,
8906005504524,Chips mast masala,
9900409072640,UNIBIC Snappers Potato Crackers,UNIBIC
8906015746556,,
8906136651012,Peanut Butter Creamy (American Recipe),Pintola
8906070000075,Soan papdi,
8901088062435,Set wet,
8904063224088,Choco Makhana,Haldiram
8904083512189,Masoor Dal,Laxmi
8901396388135,Dettol Multi Use,Dettol
8901725006518,sunfeast caker,
8906006430594,All Out Ultra,All Out
8908003392219,Peanut Butter Crunchy,Happy
8904063218162,Haldiram's Punjabi tadka,Haldiram's
8904063218414,Haldiram's BHUJIA,Haldiram's
8904063218124,HaldiramS ALOO BHUJIA,Haldhiram
8904063218155,Haldhiram ALOO BHUJIA 410g,Haldiram's
8904063218407,Haldiram's bhujia,Haldiram's
8902061170543,,
8901725011017,Bingo Tedhe Medhe Chatpata Twist,Bingo
8901396625100,Strpsils,
8901030987342,3 Roses Natural Care Tea,3 Roses
8908011201145,Brown Rice Cakes,Waffle Mill
8904004440003,Tandoori Roti,Haldirams
8904045812364,زيت الخردل,Royal
6478804367706,,
8904132973107,Raskik,Raskik
8904364600000,Empire Basmati,Shrilalmahal
8908017808034,Sel himalayan,
8906045945691,Ortilab,
8997002050015,Naraya,
8906085404301,Star Golden hot sauce,
8901595864034,Schezwan Chutney,
8906085401461,Indo Garden white Vinegar,
8904405857325,Jannati white vinegar,
8904011516500,Double horse corn flour,
0890974409394,Wafer com recheio e cobertura sabor chocolate,Hershey’s
8906133020002,Whey Protein Isolate Unflavored,Nakpro
8906023416373,Coffe milk shake,Milkshake
8901207045400,Dubar SAT ISABGOL 90g,Dabur
8906119080518,Custard powder,
8901030631009,Tea Bags,"Brooke bond,Taj Mahal"
8901262153355,Amul Kool,Amul
8906056130123,,
8908000655201,Udhaya Krishna Ghee,Udhaya Krishna
8906001024712,Whey Protein Belgian Chocolate,Avvatar
8904063220295,Somosa,Trader Joe’s
0769807194632,Cottage Cheese,Whyte Farms
8904120400745,Peanut Butter,Abbie’s
5056379533613,Creatine monohydrate tropical,Myprotein
8906016414904,Juice,Jersey
3441350800006,Gingelly oil,Madhuram
8906002080311,Sambar powder,Sakthi
8901242103004,Soya,Bambinno
8901248747158,Zandu Ayurvedic Cough Syrup,Zandu
8906115883120,Marino Magic Byte Orange,Marino
8908006646722,Pudina Party,Mr Makhana
8906130970140,Walnut,
8906118210732,Graham Cracker,Bickies
8901030891847,Kwality Wall's Cornetto - Butterscotch,Kwality Wall's
8901030792168,Kwality Wall's Choco Cone,Kwality Wall's
1240000009521,Ultra Premium Mass Gainer,MassJym
8901149001243,Ocupres e,Sunshine
8901117098817,Rosulip 5,Hemas
8903241110038,Mango Pickle,Pravin
8904124113108,Paneer,Ananda
8908001697675,Tortilla wrap,Fresh go
8907316000088,Khattimeethi Chutney,Mothers Recipe
8908004415313,Crunchy PENUT BUTTER,5STAR
8908004415399,Crunchy PENUT BUTTER,5Star
8908004415726,5Star PENUT BUTTER 500g,5 Star
8904358326442,American Harvest PENUT BUTTER,
8906111323552,Jannati Orange Jam,
8906111323545,JANNATI PINEAPPLES JAM,
8906009534664,Fruits And Nuts Granola,Max Protein
8906111323569,Jannati Strawberry jam,
8906015741513,BCOOL mix fruit jam,
8906015742367,BCOOL Kiwi Jam,
8906015742350,BCOOL apricot jam,
8906015741469,BCOOL Mango jam,
8906069723084,Amand,Royal gulab
8902901222845,mustard,
8906015520385,sambhar powder,thillai
8992952950125,Karamelo,
8996196226701,Cloud9,
8901440031055,Lime pickle,Eastern
8901042955957,Pongal,MTR
8906000610176,Mecam  crazy fries,McCain
01124802,Maggi,Maggi
2946673132885,,
7622202030840,Bournville 50% Dark,Cadbury
8906009074672,,
8906130900451,Turtle chips tangy tomato,
8901207036712,Dant Rakshak,Dabur
8901063017887,5050 Golmaal Butter Garlic,"Britannia,5050"
8999999603472,Royco ayam kecil/ rtg,Royco
8997011931565,Desaku kunyit bubuk,DESAKU
8906116955505,High Protein Muesli Muscleblaze,Muscleblaze
7622201761530,Fruit & Nut Silk,Dairy Milk
8901030976056,Horlicks Classic Malt,Horlics
8906044999282,Alo Frut Kiwi,Alo Frut
8904132973077,Ras Kik Mango,Ras Kik
8901248707398,Triphala Churna Emblica officinalis,
8901848004613,,
8906015741032,BCOOL Orange Food coloring,
8906015740042,BCOOL Vanilla flavoring essence,
8906015741018,BCOOL Red food coloring,
8907885001509,BuSH LEMON YELLOW POWDER,
8907885001516,BUSH ORANGE RED POWDER,
8901063325876,,Britannia
8901719128561,,Parle
8906143891838,Protein Bar Almond Millet Cocoa,The Whole Truth
4901416130045,Happy happy 396g,
8901063033412,britannia treat,
8901719129094,Parle fab 300g,
8901719129087,Parle fab 300g,
0903949078010,Assorted cookies 75g6pack,
8906009079462,Unibic oats digestive600g,Unknown Brand
8902268013537,Anmol Marie 234g,
8901719130069,Parle millano250 g,
8901719127519,Nutricrunch ginger snap cookies,
8901719130168,Parle hide&seek125g,
8904063200075,Nimbu msala mou9armichet kif il kaki,Haldiramis
8901719127120,Parle hide&seek,Parle
8901063158078,Britannia Good day,Britannia
8901047065026,Basmati Rice,Kohinoor Foods Limited
8901063012578,Britannia Milk bikis,Britannia
8902268012714,8902268012714,
8901719120985,Parle krack jack700g,Parle
8992775001011,Gery saluut tabur kelapa,
8901063142213,Britannia nutri choice 75g,Britannia
3537063142363,Britannia nutri choice oats,
3034425020050,,
8906020937079,ENGINE FILTERED GROUNDNUT OIL,ENGINE
4901229202755,Biskfram sugar free,
8901928412505,Biskfram zero suger free,
8901719129964,Parle hide seek,
8901719129957,Parle hide seek,
8908009918079,Nutritional meal oziva,Oziva
8901047816185,Rajma Masala,Kohinoor
8901777776179,Chai Biscuit Ice Cream,Vadilal
8998888152756,SUNQUICK Mango,SUNQUICK
8901205027668,The vert,
8904042309010,Blue bird,
0003012692614,melts into hairfall control,Wellbeing Nutrition
8901725112264,,
8901042955964,Bisibele Bhath,MTR
8906117090007,Potato Popped Chips,Brb
8906117090342,Cheese Potato Chips,Brb
8904037859827,,
5059883230511,Clear Whey Isolate Cola flavour,My Protein
8906078263298,Biscuit,
8906160270661,,
8908006989249,Hazelnut Butter Chikki,Nutritius
5056185745224,Impact Whey Protein (Cookies n cream),My protein
8901670813612,Mango Candy,saras flavours of asia
8906007292146,Mk Soya Chunks,MK
8906065169534,Itc master chef,
8901242171201,,
8906064705863,Madras Mixture,Malabar Delights
8992796211307,"Eniched with Collagen, Aloe Vera G Whte",
8906115881652,,
8901058897838,Maggi,Nestlé
8901764022906,fanta,fanta
8901262178693,Milk Cake,Amul
8904065212397,Wonder Cake,Milka
8901552014083,Okra (Cut),Ashoka
8903664052175,IRIS home freshnar,
6294003572181,Nescafe 3 in 1 Classic,Nescafe
924728101224002554,Pistachio,Nesto
9441413800525001054,Roasted cashew,Nesto
8902579002091,B Fizz,Parle Agro
8904145912360,Pediasure vanilla,Pediasure
8906009992259,,
8906161390849,,
8901860835233,Dr. Fixit Kwik N Ezee Wall Gap & Crack Filler,Dr. Fixit
8906086920510,White Bread,Vaishali
8904076000020,Nambisan's pure cow ghee,
0726962607278,,
0811307031662,Ggui,Bhh
8906116956946,Protein Peanut Butter,Muscleblaze
4061445096726,Davidoff Rich aroma,Davidoff
8906064651030,Garlic Dip,Wingreens
0900364404912,,Haldiram's
8901725121174,Ashirvaad whole wheat flour,
8901444060365,Malabar Taste,
8904287000178,Vermicelli,Bambino
8908006000074,Aavin Chocolate Milk Shake,Aavin
8906018140047,Sambosa leaves,Switz
8993083940146,DENEX PEANUT COOKIES,DENEX
0811307031778,Roasted Makhana,Taali
8901058014839,maggi PAZZTA Cheese Macaroni,Maggi
0946655340491,,
8906035340291,,
8993083938532,DENEX CHOCOLATE COOKIES,DENEX
8906165630828,Wafeez Chocolate Flavoured Wafer,Pepe
8906165630842,Wafeez Vanilla Flavoured Wafer,Pepe
0890141147043,Tomates marinées,
8908012243458,,
6565969032430,,
8906004650925,Matta Rice,Pavizham
8904038109426,,
8906117090274,Salt Pepper Chips,Brb
8906125982103,Butter popcorn,4700bc
6294015119718,COSMO,
8906067025159,MB Isozero Low Carb Whey Protein,Muscleblaze
8908008229503,,
8906042380211,Preotic z,Sachet
8906001387046,Bread 🍞,Oven
8906098120212,,
8906059861413,Kiwi Ice Cream Indian Jackfruit,Kiwi
9908288171355,,
8906135620965,Cocktail Mix,Kakaji
8906069400046,Caesar Dressing,Veeba
4206839018940,,
8904082785225,Banana Chips Pepper,Kemchho
8906038788526,Arroz Basmati,SriSri
8906066200076,Travancore Nutmeg Powder,Keya
8901719122194,krackjack,Parle
8904093600043,Sesame oil,pavithram
2482004541914,Rumput Kucing,
4350356900698,,
8901063032866,Britannia Treat croissant 225gm,
8906117000327,Classic Basmati Rice,Zeeba
8901071732444,Hershey's cookies 'n' creme flavor milk shake,Hershey's
7622201763381,Tang - Lemon,Tang
8906509095634,Plain Parotha,
8906138980493,Kaju Cornflakes,Bishanlal Babulal's
0810086030095,Soan Papdi,Bhikharam Chandmal
8901357000083,Hi Tea,
8901357000489,Hi Tea 450g,
8901741000309,Wai Wai Instant Noodles,
8939109375240,,Unknown Brand
17848299,,
8906165781896,Protein powder,Muscleblaze
8908012241607,Davat Orange,Davat
8908016501165,Tandoori Tempay Thins,Hello Tempayy
2205048588577415,,
8901552012492,Malabari paratha,Ashoka
8901063166493,Potazos,Britannia
8904091128556,Candid Prickly Heat Powder Menthol Cooling,Candid
8901042956015,Mixed Vegetable Curry,MTR
8906109110508,Chat Papdi,Haldiram’s
8901058817652,Bar One,Nestle
8901741000279,Wai wai Instant Noodles,
8901741000262,Wai wai Instant Noodles,
8901030976063,horlicks,Horlicks
8902756340152,Chicken Burger Patty,Yummiez
0717273505315,U.S. Mayonnaise,American Garden
8902082807268,Torchi laymoun,Grandma's
8906130900246,Orion choco pie Real Mango,1
8906064701124,Kerala Mixture,Kozhikodens
8904084504657,Baidyanath Chyawanprash,Baidyanath
8906104540218,PAPAD,
8902579000264,Parle Bailey One,"Parle,Bailey"
8901030898440,Surf Excel,Surf
8906152620535,Sawan Achari Masti Khakhra Bites,Sawan
8908010535289,Cream And Onion Corn Puffs,Pepitos
0726684109173,,
8901777328088,Punjabi Chhole,Vadilal
8906033744084,Digestive Minis,McVities
8906149711079,Room freshener,
8906021400640,Super Dahi,Super
8906116820933,,
0890960033978,Biscoito,Bauduco
8901129014300,,
8906021071000,55peanut butter,5 Star
8901123000439,Lotte Jellies,Lotte
8901155129214,Sandwich dhokla,Fits
8904063226389,Momos,Haldirams
8906082760349,Frozen Strawberry,
8906082760004,Mango pulp,
8906040370016,India salaam Basmati Rice Classic,
4906133220505,Buttermilk pouch,Chhaswala
8906129220171,Buttermilk masala glass,Chhaswala
8047129220157,Special masala,Chhaswala
8906129220164,Special masala,Chhaswala
8906129220188,Buttermilk bottle,Chhaswala
8906129220003,Dahi,Chhaswala
8906129221239,Mango lassi,Chhaswala
7906106220256,Rose lassi,Chhaswala
8906129221215,Strawberry lassi,Chhaswala
8906129221246,Gauva lassi,Chhaswala
8906129220454,Butterscotch lassi,Chhaswala
8906129221161,Makhaniya lassi,Chhaswala
8906129221208,Chocolate lassi,Chhaswala
8906129221260,Paneer,Chhaswala
8906129221277,Paneer,Chhaswala
8906129220348,Cold coco,
8906129220355,Kaju anjeer shek,
8906129222038,Elaichi milk,
8906129220393,Mango milk,
8906010395407,PASTA MACARONI,True
8904406185076,SAMABA RAVVA,Dhanusu
8906030580111,Idiyambam flour,Nalaas
8906002080144,CHILLI POWDER,Sakthi
8906002080342,Sambar,Sakthi
8906002080243,Coriander,Sakthi
8906002080045,Turmeric,Sakthi
8906019772735,Nutraj Dried Figs,Nutraj
8901063012554,Milk BIKIS CLASSIC,Britannia
8904181502365,,
8902838000325,,
8904045812548,Potatoes chips,Royal
8906131682219,Jowar Puff chatpata treart,Mille
8901512103901,sundrop oil,sundrop
8906122462653,,
8906144470490,Soya chunks,Nutroya
8906035050671,Mehndi,Neha
8906068764798,,
8906027946180,Spanish Style Rice,Eat Regal Gourmet
4002734611916,,Unknown Brand
8904097388282,,
8904063252517,Chiwda,
8906107170238,Momos Vegetable & Paneer,Prasuma
8903023305058,Mango Pickle,Kitchen's Promise
8908016002150,Full Moon Ghee,Two Brothers
8903726171431,,
8901063028821,Nice time,Britannia
8901725017545,Nice,SUNFEAST
8908000537019,Kalyani Nature Pure,
8906007284042,KINGS REFINED SOYABEAN OIL 1L,
8901537050518,Pasadena,
8904124107442,Family Milk Pasteurised Homogenised Standarised Milk,Family Milk
8901207039911,Dabur HAIR OIL Coconut,
8906163270620,Pista biscuiy,
8906142025920,Plix Super Multi Vitamin,Plix
8906040375226,Salam Bashmati Rice,
8906040375240,India Salaam Basmati Rice,
8901058008388,Hot sweet Tomato chill sauce,Maggi
8904045800095,Royal Jaggery,
8902433000232,سنيكرز شكولاته باللوز 40 جرام,Snickers
8904151827160,,
8901537079595,White basmati rice,Daawat
8908014897000,,
8901063155497,TIGER KRUNCH COCONUT,Britannia
8906009709437,Mango Pulp,Kesar
8906089931926,,
8906058610708,gaia crunchy muesli,gaia
8906133404475,,
8903967000002,Spicy Stick,Brijwasi
8904306301538,,
8908015480645,KHUSHPOO,
8908005144182,20G protein bar cranberry blast,Yoga bar
8906002082315,SOMBU PODI,Sakthi
8908016809414,Afghani Soya Chaap,BlueTribe
8901059612003,,
8906032010364,Ruchi NO. 1 Vanaspati,Ruchi No. 1
9421907219110,"& Muscle Heath &Muscle Heath & Muscle Heaith Joint, Bone, Crtloge Joint, Bone, Curtiloge & Muscle Health +GLUCOS MINE +GLUCOs MINE MAGNESIUM ACTIVE BIOGLAN",
8906111322487,Pineapple لب مجمد,Dad's farm
2937290960500,,
8901414038486,Bikano karake peanuts,bikano
8904427704744,,
8901262150095,Amul Gold Milk 200ml,Amul
8901248268592,He Perfume,Emami
0048107198046,Melatonin,Gnc
8906081923233,Product burner,Carbamide
8906081921581,L glutathione,Carbamide forte
8904250602781,Isotretinoin,Acnetoin
8901207900723,Shilajit,Dabar
8906011331091,Hydramoist,Aaryaanveda
8901764175190,8901764175190,
8906013142244,,
89004401,PROstyle,Prostyle
8901719127236,Rusk,Parle
8908005103059,Moong punjabi papad,
0806360320204,White glow,Lotus
8906094770268,,
8906094877851,Roasted Chana Butter Chili,Akshar
0689358635531,Kombhucha,Kumbayah
8888166607613,k-fox,serena indopangan
8906113491150,Tata Soulful Ragi Bites Choco Fills Cereal,Tata Soulful
8906113491143,Tata Soulful Ragi Bites Crunchy Choco,Tata Soulful
8904442611980,Snack kabanossi,Duda
8901262180429,High Protein Paneer,Amul
8906137370493,Pollen Honey,Last Forest
3948248773003,,
8904063254566,Methi Crisp Puffs,Khaki
8901161107404,Matta Boiled Rice,Brother’s Choice
3948262211062,Masti Dahi,Amul
8908020335411,Washishti sweet lassi,Washishti
8906001055709,Hot Mango Chutney,Mother's
8906125821853,,
8906064651146,Chipotle Dip Spread,Wingreens
8904181508466,,
8904083300144,MilkyMist CREAM,Milky Mist
8901030172052,,
8902901224634,Good Life Kabuli Chana,Good Life
8908023653079,Aditi Elaichi rusk,Aditi
8906000610084,Chilli Garlic Potato Bites,McCain
8906031251485,,
8906083301190,gluten-free Quinoa Pasta,Naturally Yours
8901138501327,serpina,himalaya
8901440031086,,
8901414040496,Chana Almond Bite,Bikano
8906042150524,SAMBA RAVVA,Anil
8906119620196,Brown bread,
8904026639669,,
8904187000278,,
0732940998405,Blueberry Greek Yogurt,Agápi
8901012100813,Orsl Plus Orange,Orsl
8906009805566,,
8908001158343,Fogg,
8906014011242,Papad,420
8906090572972,To yumm,
9556863110789,Almond Chocolate,Royal De Dolton
8908013910083,noni,
8901888006028,real pinapple juice,real
8901777768136,Premium Butterscotch Ice Cream,Vadilal
8906064231621,Cuppa dal chawal,Suhana
8908003867175,Nalen Gur,Banchharam's
8901242103608,Soya Granules,Bambino
8901047619274,ボンベイマサラカレーソース,ナーナック
8901688120733,Sumeru Fries,Sumeru
8901552016391,Method Malai Matar,Ashoka
4001362316071,,
8901648923138,Mother Dairy Super-T Milk,Mother Dairy
0890430015893,Frango a passarinho temperado,
8906043440037,indisches Brot,Micha
8906090574488,Twisties,Karare
8906140970819,Punjab Sindh White Butter,Punjab Sindh
8904417301953,COLD CREAM,
8906117008613,,
8908004238479,Origin nutrition protein,Origin nutrition
0839423004223,Potato Chips Salted,Samrat
8901117255258,Cipla Levolin Inhaler,Cipla
8906013032781,Chicken flavour,RinTin instant noodles
8906150021464,,
8906094750444,Fruit Yogurt,Muralya
8901725018993,Yippee,Sunfeast
8901725005979,Yippee,Sunfeast
8901808006275,Pasta Macaroni,Weikfield
8901537075733,Chefs Secretz Basmati Rice,Daawat
8901036151129,Instant Bohnenkaffe,Lack
8906116957356,Plant Protein,Muscleblaze
8901030900136,Mixed Vegetable Soup,Knorr
8904358326435,American harvest peanut butter,Américan harvest
8901595863426,,
8901030979927,Horlicks Classic Malt,Horlicks
8901371090046,Royal,
0003020031047,,
8901719130809,,Parle
8904132972476,flax seed,gl
4901256130809,,
8906125982431,Devil popcorn,4700bc
93432054,,
8906014903929,,
8906014904179,Fruit rings,Kwality
8906014902786,Fruit rings,Kwality
8906014903943,,
8906014903936,Choco rings,Kwality
8901396116004,Lizol floral 2l + 500ml,
8904132949287,My home floral 2l,
8904271200935,Mr muscle 1l,
8901399435249,Max kleen 1.25l,
4906409533131,Max Protein 7 Grain Breakfast Cookie,RiteBite
8901030803598,Comfort anti bacterial action 860ml,
8906010500856,,
0667555254083,,
8681277120244,Tatco oil,
8901414016392,All Time Mixture,Bikano
5060709740343,,
8904077202409,Black Pepper Bhakri,Maniarr'ss
89876540000326,Chickens Breast,Chef I Go
8904187000988,,
8902901171310,Good Life Unpolished Kabuli Chana,Good Life
10440783,,
8901662033509,Suhana Super garam masala,Suhana
8904067701554,Roasted Peanuts Classic Salted,Jabsons
8901030781070,Green Tea,Lipton
8902269254687,Paraboost,
8902269013222,,
8901262173506,Amul Ice Cream,Amul
8904327600689,Rolled Oats,My Fitness
8906068351639,Pachranga's Garlic Pickle,Pachranga's
8906145150629,Noto Hazelnut Crunch Bar,Noto
8902761200236,バスマティライス（炊き上がり前）,アンビカ
8904109489211,Honey,Patanjali
0726684147373,Max Whey Isolate,ByBv
4987176174970,ARIEL MATIC FL 6kg,P&G
8904092405267,Vr,Burger bun
0714651986377,,
4901410891836,Maggie Veggie Masala,Maggi
8901262110266,Whey Protein,Amul
8902710100600,Rolled Oats,Bagrry's
8901030915734,,
8908010271262,,
0242020900155,,
8901491003162,8901491003162,chips
8906140521523,Red Velvet Ice cream,Mercelys
8908017031005,,
8904124100115,Ananda Pure Ghee,Ananda
8904063258151,Tandoori Garlic Naan,Haldiram's
8906069405102,Cheesy Melt,Veeba
0946499200616,,
7622202245558,Cadbury Dairy Milk,Cadbury
8901542001796,Explore Knowledge world,Complan
7622202047886,,
8901393025569,,
8906013891524,,
8901719119149,,
8906117360216,Whole Wheat Atta,Country Delight
8901058005509,Nescafe Sunrise,Nescafe
8905950001249,,
8906021910200,dates,royal crown
8906009073460,8906009073460,
8906131680291,slurrp farm Cereal,slurrp farm
8906043347923,360 All In One Nutrition,Supply6
8907003513990,,
8901058004908,,Maggi
8901088110259,زيت جوز الهند,Coconut oil
8904258703466,Raw Pressery Raw Power,Raw Pressery
8904063222848,Mix Veg Paratha,Haldirams
8908004238462,Vegan Protein Vanilla,Origin
8909081002076,,
8906016411385,,
8901526209637,8901526209637,
8901063341197,,
8906019777709,Pista,Nutraj
8906009534725,Max Protein 7 Grain Breakfast Cookie,Max Protein
8901719123917,Parle-G GOLD 1kg,Parle
8906090572903,Too Yumm! chips classic salted,
00348835,,
0035000102560,PRINGLES,PRINGLES
0227809989040,PRINGLES,PRINGLES
0200043820126,PRINGLES,PRINGLES
8908005175124,OxyGrannd Drinking Water,OxyGrannd
8901058005578,,Maggi
8902276700436,,Unknown Brand
8901088171175,,
8904043552644,Modern Sandwich Supreme Bread,Modern
8901030434273,,
8901030951091,,
8906017815656,Madhusudan Curd,Madhusudan
8904004443585,Chilli Paneer Wrap,Mo'plleez Wrappo
8904068912003,,
8901777069660,Frozen Lotus Root,Vadilal
8904132973541,Brew House Brewed Tea,Brew House
8901725009458,,Sunfeast
8901233016146,,Cadbury
8901262080279,Amulspray,Amul
8106219564721,,
8901725003968,,
8908001420020,,Unknown Brand
9327693005428,4 AUSTRALIAN MADE YCRUELTY FNEE,
8914474802157,Apple drinks,Bilz
8901037034544,Eternal moments black tea,Eternal moments
8904474000004,Bonn Brown Bread,Bonn
8908017962316,Wicked Gud Popped Chips,Wicked Gud
8906012160256,,
8901499010537,Granola - chocolate and almonds,Kelloggs
8901440001171,Coconut milk powder,
8908005745488,,
8901030787867,,
8906032990444,,
8901393024814,Center Fresh Mints,Center Fresh
0690225303903,India Gate Basmati Rice Classic,India Gate
8901725119461,,
8901030735103,,
8908024057333,Chocolate Almonds,Eat Better Co.
8904132974753,Raskik Coconut water,Raskik
8904025998200,Matta Vadi Rice,Palat
8908010900155,,
8907316001559,,
9901782600062,Storia Banana Shake,
8906044999244,Alo Fruit mixed fruit,
8636366893509,,
0119802005004,,
0804883000948,,
8906078265926,Daily White Bread,English Oven
8906131682196,Cheese balls,Mille
0796554039732,kaju katli cheese cake,DIRCH THE GUILT
8901491003537,Cheetos Masala Balls,Cheetos
8901719907296,,
8904118101432,TRiMEX,
8906035499210,,
8906021122542,Aachi Rasam Powder 109g,Aachi
8908013746231,Caravova Classic Mojito,CRAVOVA
5000159567435,Bounty Coconut Bar,Bounty M
8906144570497,High on peach,
8906004750021,Rossogolla,
8901030824746,,Knorr
8901042956039,MTR lime pickle 500g,
8901371090022,حنة شعر,رويال
8901296106501,,
8699990522306,,
8908015978289,Zeba,
4908412241621,,
8909081002267,,
8901030682513,,
8904063226419,,Haldiram's
8901393024890,,
8904083302490,Skyr,Milky Mist
8901030882586,Red Label Natural care,
8000500407349,Tic Tac Sprite,Tic Tac
8906058610982,Gaia Muesli Mixed Fruit,Gaia
8908012692065,Wellbeing Nutrition Apple Cider Vinegar,Wellbeing Nutrition
0794677510404,,
8901719131134,,Parle
8901719104503,8901719104503,
8902374908512,,
8906108893631,,
8905507001050,Imli Tree Red Stuffed Chilli Pickle,Imli Tree
8906060310023,Deluxe Sliced White Sandwich Bread,Deluxe
6923634951347,,
8908010819044,Vastu Ghee,Vastu
8997218480026,yoichi spicy balado,yoichi
8906047990552,,
7452216186147,Parijata Moringa Powder,Parijata
8906080602948,8906080602948,
8904307707728,,
3948764012501,Coca cola 2ltr,Coca-Cola
8906048501887,Nutricia Aptagrow chocolate 400g,Nutricia
8904258703572,Raw Pressary classic lemon,Raw Pressary
8904293732704,Chilli Bajji,Unknown Brand
8904293733893,Premium Orange Nagpur,Unknown Brand
8904293733815377,Orange Nagpur,Unknown Brand
8906172540677,,
8906081920836,,
0009842132744,,akshaya
8901719122316,parles's potato piri piri chips,parles's
8901314717429,Papadopoulos caprice,Papadopoulos
0000500257319,,
00000605,banana mari,Brandy
00000604,banana sily yellow,Weinbrand
00001248,Chocolate + Vanila Powder,Blackbelt Protein
00001279,Mogli chai schoko,
0000891224696,Rajma chitra 500g,
00000901,Gewürztraminer Brand,Weinbrand
00012139,Kellogg's fruit loops,Kellogg's
0028199000642,Hershey milk chocolate bars king-size 2.6Oz Bar 18 boxes of 12 bars,
0000422415241,,
90016753,Manak dryfruit mix,
90016761,Manak green raisins,
90416752,Manak piste,
90416761,,
0099958757399,,
0001001605720,,
0001002145621,,
0001002883783,,Unknown Brand
01047052,,
0000110000439,Aa Royal Masoor Dal-500g,
0000110000447,Aa Royal Suger-1Kg,
0011002672936,,
00011115,,KO
0000113979068,,
0001153275660,,
0001193432309,Sprite,
0000120000555,AA Unbarnded Urad Dal Gota,
0000120000845,Aa Royal Suger Powder-250g,
00001221,Name,
00001232,Formula 2,Herbalife
00012344,,
00123654,,
01245678,Singdana rosted,
01281204,Fresho egg,Bigbasket
0000130000220,Aa Royal Sabudana Small-500gm,
0000130010365,Aa Unbranded Masoor Dal-1Kg,
00131001,Vikram jaluthriya,
01373714,,
0000140000211,Aa Royal Soya Chunk-250g,
0000140000371,Aa Umbranded Rajma Chitra -1Kg,
0000140000585,Aa Unbranded Urad Black Split-1Kg,
0000140000607,Aa Royal Suger Powder- 500g,
0000140000628,Aa Royal Soya Chunks -500g,
0000140000846,Aa Royal Bajra Flour-1Kg,
0000140001756,Aa Unbranded Rajma Chitra 500g,
0000140006745,Aa Royal Makal Ata-1Kg,
0000148019240,Fc salted peanuts,
0000148019243,Bikaneri bhujia 150g(28),
01501122,Sensoryne fresh mink paste,
0000151009660,Primium basmati 1kg,
0000151009684,Masoor dal black whole 1kg (4),
0000151009685,Massor dal black whole 500g(14),
0015100968800,First crop masoor malaka big 1g(3),
0000151009688,Masoor Malka big,
0000151009690,Matar green 500g (12),
0000151009697,Moong whole 500g,
0000151009701,Rajma chitra 1kg (10),
00002345,egg,
00237023,,
00244931,kurkure,kurkure
00024858,Dry Yeast,truly good food
0000270000181,Sighara aata,
00296556,attitude insta nourish herbals facewash,Attitude
00303002,Vikram jaluthriya,Wein & Vinos
8908019319804,Bhadang,Chakote
00320805,02 FEB 2024,
00324589,,
03255268,,
00331231,plum cake,
00338231,plum cake,
00359578,,
03650681,,
0003726274070,BHUMI AMLA POWDER,
0400301779002,Children’s Zyrtec,Unknown Brand
00004114,,
0004454464334,,
00045809,chocolate,only
0000490416006,Ma Nan almond,
0000490416701,Manak walnut kernels,Unknown Brand
0000490416746,Ma Nan almond  american,
0000490416752,Manak Pista,
0000490416753,Ma Nan Dry fruit  mix,
0000490416771,Maanak walnuts,
0000490520091,White Till sesame seeds,Kanchan
0000490607259,Samrudhi raisins yellow,Samrudhi
0000490607260,Samrudhi Raisins yellow,Samrudhi
0000490626341,,
0000490837568,,
0000490837570,Plain nuts,Divine
0000490837571,Divine potato chips,
0000490837578,Divine sarkara varatty,
04904167,Maneli almond american,
0000494355486,,
0050041695501,Sf sonic battery,
0000567111402,,
0622201428501,Oreo Original chocolate sandwich biscuits,Oreo
0000638716059,,
0000656885484,,
00708863,,
0710400003717,,
0758182625097,Cheers,
0007987327694,,
0008008000256,,
00008169,,
00831711,,
0008441882056,Gauravkumar,
00008520,human,
8904063526007,Nutcrackers,
0890113844097,,
0089094022495,PROTEIN POWDER DRINK MIX,ISOPURE
0901063139213,the Original bourbon,"Britannia,chocolate"
0901262040167,,Unknown Brand
0901764132919,fanta Apple delite,coca cola
0903056505931,,
0904063230072,Haldirams nut crackers,Haldirams
0009148838172,,
0917695077970,,
0000932743634,banana chips,chirag wafers
0890234900678,Bombom creme de avela,
8906016511917,,
8901719106521,,
8901719106514,,
8939118466588,Mango Whey Protein Isolate,Naturaltein
8901764112911,Coke Zero,Coca Cola
8906165782664,Whey Protein,Muscle Blaze
8904059150209,Kottakal Dasamula Rasayanam,Kottakal
7622201690502,Dairy milk hazelnut,1
8906005502742,Bikaji falahari mix,1
9311770605854,,
8901058010428,,Nestlé
8901262020404,Amul cheese,Amul
8908000794146,,
8901246006660,Del Monte,Del Monte
8906146850078,Dry Figs,JandB
8904250601043,Elosone,Unknown Brand
8622262438371,Cadbury,Cadbury
7622201438371,Cadbury,Cadbury
8906049972198,,
8906108530765,Indi green chutney,
8906036712196,Badam Milk Mix,Asha
8906010500580,,
8904422700963,Patanjali Kacchi Ghani Mustard Oil,Patanjali
8908008011474,Milk,
1901040902608,,
8901396146001,Lizol All in 1,Reckitt
8901207032493,Re real fruit power ping guava,
8908002974959,arcot mani mark black sesame burfi,arcot mani mark
4987176270030,ariel matic Liquid 6l,
8906078180359,dalchini,DNV
8901262174145,Caramel Chocolate Gold Ice Cream Bucket,Amul
8997016223627,Ginza,
8904109400049,Patanjali Body Lotion,Patanjali
0067443213657,,
8999999528928,,
8906021924757,,
8901138509941,Himalaya Rumalaya Gel,Himalaya
6291101138370,Caprice,Papadopoulos
8907316008817,Garlic&ginger paste,
8904355400756,Apollo Pharmacy Compressor Nebulizer,Apollo Pharmacy
8902618000675,,
8904355405225,,Apollo
8904355402309,Apollo Life Aloe Litchie,Apollo Life
8904355402286,Apollo Life Aloe Mango,Apollo Life
2876467012751,Cashew Net,Lulu
9960010001606,Cashew Nut,Madina
924728301000002505,Pistachio,Nesto
2848566012659,Cashew,Lulu
8904352001482,,
8904058700375,,
8904103070255,swastiks strong hing,swastiks
8904355401708,,
8906050593542,,
2867918011751,Pistachio,Lulu
2876462012008,Roasted cashew Nut,Lulu
924728101019002554,Pistachio,Nesto
2867910011858,Pistachio,Lulu
2810371016306,Maroon Dates,Lulu
8902618000538,,
8901030994630,,
8904355402293,Apollo Life Aloe Guava,Apollo Life
8902456501013,,
8901030708176,,
8904109463174,Patanjali Super Dishwash Gel,Patanjali
8906012830012,Alkem Health Care Jeevanprash,Alkem Health Care
8904109465239,Patanjali Shodhit Harad,Patanjali
0614299748064,Honey Vanilla Bourbon Pecans,Patriot's Choice Premium
8906036846846,ger. fadennudeln,subash
8906036673947,Nandini Good Life,Nandini
8901207029912,Odonil Jasmine Mist,Dabur
0066544413625,,
8901548431177,,
4800024572516,,
7622201463434,,
8906160650692,,
8906166572110,1800-8904-204,
8901884401926,01,02
8904076000013,Namibians Pure Ghee,
0890497000139,Oval three cheese bread,Ace bakery
8992741904377,Borgat,
8904045411017,,
8906111320117,Pappadam,
3948262153300,,
8906007280068,Fortune Soya bean 5ltr,
9000417980088,Fortune soya bean 5ltr,
8906069721066,Benne murukku,Anand
8901719910418,Salted peanuts namkeen,Parle
8908015743269,Breeze tea,
8905507002002,8905507002002,
8906110591198,Extra long 1121 premium basmati rice,
6003770017128,6003770017128,
8901512558206,ACT II Butter Delight flavour popcorn,ACT II
8480010092622,eroski pipas/piptak pipes gigantes,eroski
41542661,,
00000663,,
8901088080293,Coconut oil,Parachute
8901725019259,,
8901161107275,Lal qilla,Quinao
8906107170214,Spicy Chicken Momos,Prasuma
8904117900005,pro nature whole wheat flour,pro nature
8906032490210,vsr bansi rawa fine,vsr
8908006587070,vsr bansi raw,vsr
8904300201575,,
8904300201025,Butter Biks,Trdpmario
8906052807425,🧅 onion powder,حصه
8908007129002,,
8906133402556,Hair gummies,
8906115881379,Biscuit darshan's,Darshan's
8901030117022,kissan mixed fruit,Kissan
8901030117213,Kissan pineapple jam,Kissan
8906015741476,BCool pineapple jam 450g,BCool
8906111320124,Chukku kappi,
8901440209386,Fish masala,
8901440223863,Kashmiri Chili Powder,
8901440221999,Eastern Garlic Powder,
8901440221906,Ginger powder 2yrs prod,
8906014080972,Chutney powder,
8906014084543,Samber powder,
8908013252237,Muesli high protein 450gm Fit&Flex,Fit & Flex
7001384019964,,
8901063019171,Little Hearts,Britannia
8901095001465,Masala Flavour Instant Tea Premix,Society Daily
8906078260181,Marie Classic,Cremica
8906090573047,Too yummy Chips green,
8904082786772,Turmeric And Salt Chana,Kemchho
8904344627584,,
8901782330724,,
89000253061021,Tangine di pollo al miele,
1120801201012022358,,dixcy Scott
133181150995110000194,,
8901063033306,Britannia Treat Orange Creme,Britannia
8902269513036,,
8906010088514,Fair and fairy,VI john
7904843414389,,
8906014510837,,
8906020580374,iD Instant Filter Coffee Liquid,iD
3948764092305,3948764092305,
8906082371231,,
4987176230768,Head&shoulder,
8904380404040,Mancode,Mancode
8906163830640,Farmley Makha Shaka Masala Stix,Farmley
8901047610998,インディアンビブダールカレーソース,Nanak
8906054210018,Jeera Cumin khakhra,SHANTA G
8901247574328,,
8906087772378,Mama Earth hair serum,Mama Earth
8906143610361,Peanut Butter Creamy,FlexiNuts
8904004444049,Pav bhaji,Haldiram's
8908017781283,Chikki,Aazol
8907885000151,Bush,
8908012214106,Adya Chana Sattu,Adya
8901058011128,Maggi,Maggi
8904045800811,حوت شايح زغلول,Royal
8904300201698,Trdp mario crackem,Biscuit Mario
8904422701434,,
8902433005824,SNICKERS BERRY WH,Snickers
8902433007828,SNICKERS BUTTERSCOTGH,Mars International
8902479201464,Saqar zahabi,",,"
8904300201032,Trdp mario,Mario cashew bikes
8906001090885,Nasr,",,"
8901058012149,sunrise coffee,Nescafe
8901063166714,Gol Maal Crackers,Britannia
8901777766170,Vanilla Ice Cream,Vadilal
8901777957172,Custard Apple Ice Cream,Vladilal
8908007029012,Burger Bun,English Oven
3948058005752,,
8908445752954,Azadrice,
0841541000018,Soy Drink,So Good
3948063032699,TREAT,
0993840348312,Sosis MAKAN,
8901247575653,,
6974566801088,,
8901088213004,Coconut oil,
8901781000529,,
8903754000840,Tata Coffee Grand Cold Coffee Belgian Chocolate,Tata Coffee Grand
8906009990675,,
0003403639662,,
8906134731389,,
8906014082365,,
8906014082402,,
0769807188099,Jumbo rolled Oats,Wingreens Harvest
0796554039619,Gajar Halwa White Brownie,Ditch The Guilt
8906020580541,Dosa Batter,ID
0748927065800,Whey Protein Vanilla Icecream,ON
8908007808587,Vanilla Hazelnut Spread With Belgian Cocoa Butter,Liso
8906073782046,DOMS Drawing Pencils,DOMS
0006666001504,,
0705016600519,Protein Powder Gourmet Chocolate Flavour,ISO100 Hydrolyzed Dymatize
8901023008221,Nupur,
8904474000431,Bonn Multi Grain Bread,Bonn
8901030882548,Brooke Bond Red Label NaturalCare,"Brooke Bond, Unilever"
0001002269310,,
8906048605042,,
8904043552507,,
8908008468087,,
8902102163732,Exo,
8997223540241,8997223540241,
04183389,,
8906163270347,Jaggery/Gur Atta Biscuits,Karachi Bakery
8906069725934,Anand Dry Fruits Laddu,Anand
8904083535171,Chia Seeds,24Mantra Organic
8904293704701,Ladies Finger,Unknown Brand
8912596140754,Orange Nagpur,Unknown Brand
8901262071314,,
8901192205001,Chat masala,
8906015613315,,
8901063012783,,Britannia
8906068762664,,
6952841912100,Marshmallow Candy,Unknown Brand
8906034822828,Rajo green Cardamon,
8904277802041,Face foundation,BB
8991001780775,,
8901246003492,Del monte,Del Monte
8901360237018,perfume spray,Jass
0890456123694,,
8906115410036,Soan Papdi,Brijwasi
8904004407624,taka-tak,Haldiram Snacks Pvt. Ltd.
8901537077614,Rice Kramer Peanut Mix,Kari Kari
18906108617534,gvt,
8904004400243,Soya Sticks,Haldiram's
8906067024930,Ultra Omega-3,Truebasics
8906060630503,,
8901058006124,Maggie chicken noodles,Nestle
8901523111407,Sabena Dishwash Powder,Sabena
8908016793867,Street Style Momos Chutney,Master Chow
8908010900094,Pintola peanut butter,Pintola
8908016958495,,
8906117090205,Potato Popped Chips,BRB
8904256700306,,
0711844120556,,
8906054031668,Roasted Makhana Coriander,Popmak
8906066701115,Potato Chips,Kettle Studio Sweet Chilli With Lime & Basil
8906009073484,Unibic Cubz,Unibic
0001031193773,Creapro,Mb
8904327600320,Peanut Butter,MYFITNESS
8904057302815,,
6336663366633666336663366633666336661203,,
8906116954898,,
0941458869385,Dairy Whitener,Every Day
8901248703475,Chyavanpraash,Zandu
8906018140061,Switz mini,
8904043907055,,
8901548310182,complan,
0710779116511,Micellar Casein Protein,Labrada
8901058011371,Nestle Cerelac,Nestle
8901725000288,,
8906077360134,Jeera Puri,Jaimin
8906172781445,,
8906077360042,Banana Chips Masala,Jaimin
8906067028440,Super Gainer,
8906009993997,Elite Sweet Bread,Elite
8901030712012,Boost,Boost
8906044542631,Muscle Whey Isolate ( Whey Protein Hydrolysed + Isolate ),Healthfarm
8901716130628,,
8906068765702,Peanut Butter,Pean’up
8901192225115,Shahi Paneer Masala,
8901192224118,Dal Makhani Masala,
8901662024583,Butter Chicken Mix,
8901777557167,Alphonso Mango Rasmalai,Vadilal
8901242227403,Khatta Meetha Savoury Snack,Bambind
8906037152397,Krishna's Digestive Care Juice,Krishna's
3948063139374,,
8906014085540,Pathiri podi,Brahmins
8906014080491,Turmic powder,Brahmins
8904293733817,Orange Nagpur Small,Unknown Brand
8904293732995,Papaya Raw,Unknown Brand
8851243200236,,
8906001387978,Mrs Bectors Fruit Bun,Mrs Bectors
8903754000093,,
8901719506093,,
8901162032620,,
8906008811605,,
0548440885080,,
8906003381066,Honig,little bee
8908010271040,Dry Fruit Biscuit,Cafe Older
8901414042254,Veg Dum Biryani,Bikano
8904063216540,Spinach Paneer Cocktail Samosa,Haldiram's Minute Khana
8904067709826,Wasabi Roasted Peanuts,Jabsons
8906060630718,,
8994449620160,t pangan,
8904340700137,Pulse Shoots Kacha Aam,Pulse
8906064603312,Wingreens Veg Mayo,Wingreens
8908003763255,,
8901662024606,SHAHI PANEER MTR,
8906014640190,KACHI GHANI,
8901171021059,Sea code,
8906029337542,,
8906051370784,,
8901030971945,Cocoa glow,Vasline
8901777872536,Malai Kulfi,Vadilal
8901595863594,Schezwan Chutney,
8904103030594,,
8901138820336,Himalaya aloe and cucumber,Himalaya
8992696525801,Baik Digunakan BPON www.nestle.co.id BPOM Kode Reg. Trademark of Société des Produits Nestié S.A. des Produits Nestlé S.A.,Nestlé MILO
0085715321480,Shaving liquid,Guess seductive homme blue
0048107238988,Pure Isolate Chocolate Frosting,GNC AMP
8906009079707,Fruit And Nut Energy Bar,Unions
8906058211387,Galway Nutriflow Galvita,Galway
0890079014158,Macarrão instantâneo sabor pão na chapa,
2100000161157,,
8906183980288,Pro Concentrate Rich Chocolate,Beastlife
8904221699277,Micellar Casein,AS-IT-IS
0890234280404,Sundae chocolate,
8901777770139,Alphonso Mango Ice Cream,Vadilal
8904287000345,Roasted Vermecilli,Bambino
8906047001463,Chutney Powder,Pure & Sure
0009558378562,,
8904293730977,Flipkart SmartBuy Dishwash Gel,Flipkart SmartBuy
8901777909119,,
8901652140231,,
8908011603000,,
8906071430772,Long Grain Basmati Rice Dry,Little India
0000104918560,,
8906014080583,Brahmins Red Rice flakes,
8906067020840,100% Micellar Casein,MuscleBlaze
8901595991440,,
8901414042889,,
8906016992655,,
8908007344405,Mango & Jalapeño Sauce,Sprig
8901648025887,Classic Vanilla Ice Cream,Mother Dairy
8992727000048,,
8901725015916,Sunfeast Dark Fantasy,Sunfeast
8904063214942,,
8906094750550,Whole Milk,Muralya
8908006217113,Mighty Puffs Cheese And Herb,Slurrp Farm
8906010360382,8906010360382,GRB
8901826306005,Verka Ghee,VERKA
8906010360375,,
8906012313263,,
8906037624658,كريم ماما افريكا للرضع,ماما افريكا
8906037620131,زباد كريم,
8908003151588,حنة الخنساء,
8901052003839,Tata Tea Agni,Tata Tea
8901719907555,"Süßes, Kekse mit Zitronencreme",Magix
8906112552654,MADE IN INDIA,
8908020458042,,
8906142774934,Bolas Panchmewa Dry fruit mix,Bolas
0787099825386,Seeded Multigrain Sourdough bread,La Folie
8904124116734,,
8901745505008,,
8901247571013,8901247571013,
8906001380443,,
8904132917101,kadak tea,Aarambh
8906081923172,Whey Isolate Matrix,Carbamide Forte
8906037913158,,
8901052006243,TATA TEA Gold care,TATA
8901334038993,Suhana masala,Suhana
8906037624856,GOMINA,
4901034779312,Green tea Tulsi natura,Lipton
8906068765436,,
8904023008673,trichup herbal shampoo,
8906116959473,Muscle Blaze Coolies And Cream 20g,Muscle Blaze
8904282300136,Mahesh Indian Masala Pasta,Mahesh
8999080000227,Sting,Unknown Brand
2219416132896670,,
8906090591621,Rice Pasta,Chef Urbano
8906032882718,Keya seth gold facial,
5056379681215,Impact Whey Isolate Salted Caramel,Myprotein
8904406097256,Mango Ice Cream,Get-A-Way
8906113491235,Choco And Nut Crunchy Meusli,Joyfull Millets
8901414016484,All In One Crunchy Spicy Mix,Bikani
8906078780436,Crinkle Cut French Fries,HyFun
8901233024981,Cadbury Zip Chocolate,Cadbury
8901138500801,Himalaya Septilin Syrup,Himalaya
8906004652653,Vadi Matta,Pavizham
8901030976094,Horlicks,Horlicks
8901777411629,Tandoori Naan,Vadilal
8904245201302,حنة مريم,
8906077760118,زيت قرنفل أسنان,
8906133027735,Nakpro Wheyzyme,Nakpro
8908012811947,mint choco chip mini,minus thirty
8907316000835,Red Chili Garlic Chutney,Mother's Recipe
8901512543400,,
8904023008529,,
8906083362474,Arroz basmati 4.54,Arabito
8906083362832,Arroz basmati 2kg,Arabito
8906083362467,Arroz basmati 9kg,
8901648921332,Toned Milk,Mother Dairy
8908011566022,Rishta Idli Dosa Batter,Rishta
8906007280228,,
8908011491249,,
8720615790012,Egg White,Pure
0034661502030,,
8901192204110,Catch Chatpata Chat Masala,Catch
8904406102257,Strawberry Cheesecake Icre Cream,Get-A-Way
0802510845801,Lite Chiwda,NamkeeN
8908012811824,Hzaelnut Mini Ice Cream,Minus 30
8904063254450,Haldiram's Punjabi Tadka,Haldiram's
8906131681847,Penne Protein Pasta,Mille
8906025621553,,
8906095290062,Instant Kesari Bath Mix,Adukule
8904258703640,Coconut Water,"Raw Pressery,Swig"
8909106015364,indulekhả DANDRUFF,
8908004114766,,
8906100500124,"Nveda Calcium, Magnesium, Zinc, Vitamin D3 & B12",Nveda
8906021972284,Matta Aval,Major
8901071733007,Almond Chocolote Flavor Drink,Sofit
8906005509611,,
8906005502155,Masala Boondi,Bikaji
8906005505460,,
8906005671691,EXTRUDED SOYA SNACKS,Charlie
8904293723610,,
8906005504357,,
8906005503930,,
8901719905964,,
8906139071756,AgroPure Besan,AgroPure
0089046000076,Raspberry lemonade sustain electrolyte hydration,
8906069406154,8906069406154,VEEBA
8901030739033,Magnum Brownie,Kwality Walls
8901414042308,Punjabi Samosa,BIKANO
8901719101588,,
8901719101458,milk power biscuits bolacha parle 56gm,
8901071704670,hershey's kisses,hersye's
8906006789890,WINN Soy Sauce,
0083507555563,Creamy Caesar Dressing,Veeba
0446445508525,,
8901972076647,Creme 4 fun,Dukes
8901058006025,Maggi Masala CUPPA Noodles,Maggi
8904109489228,Honey,Patanjali
8906044541511,Isopro Zero 100% Premium Whey Protein Isolate,Healthfarm
8901117253827,8901117253827,
9311770604918,Calcium + Vitamin D,Swissie
8901595934683,Chowmein,Chings Secret
8901047000140,Green Chilli Pickle,Kohinoor
89095546,,
8901414042209,Dal Makhani,Bikano
0200488860001,"Konsumsl sebelum :01 NOV, 23:02",
8901207026645,,
8908008313400,ONS FOR USE:,
8901063004221,Good Day Chocochip cookies,Britania
0056690602284,,
8901225785043,Preethi Genie Jar,Preethi
8901063363823,,Britannia
4001260092206,,
4908409938237,,
8901030979903,,
0061253363823,,
8906035030567,Freedom Refined Sunflower Oil,Freedom
0941203032712,,
8901396313106,8901396313106,dettol
8901030623769,Peras,
8906028790218,8ll906028790218ll,
9901804402674,,
8906097546167,,
8906005509246,,
8906001052647,,
8902850020301,Traditional Whole Oats,Berry Hills
8908005865025,,
8901262010160,,Amul
8901888008022,,
8908013982882,,
00014009,,
8909408020806,"alcium Phosphate, Aqua,",
8906116951736,Fish Oil Gold - 3x Strength,MuscleBlaze
8908000870529,Moong Dal,Jaimin
8908001327015,Bee Natural almond caramel Sea Salt imp,
8901138713881,,
2170906006999,Black Forest Bavarian Ham,Giant Eagle
0544000015034,Dijon Mustard,Grey Poupon
0010002900100,,
0723751111299,,
8901030900143,Sweet Corn Chicken Soup,Knorr
8901396323501,Dettol sensitive,Dettol
8901396324508,Dettol Original,DETTOL
8904064687950,Frozen Green Peas,Sri Murugan
8906113491334,Corn Flakes,Tata Soulfull
8901030864599,Lakme blush & glow pink,
8901030864551,Lakme blush & glow watermelon,
8906010367596,,
8901030864575,Lakme blush &glow kiwi,
8901719922626,Sugar free soda cracker by parle,
8906003927080,,
8904064628083,,
8904117510020,Bb,Hg
8906170350230,Malai paneer,
8906062817728,,
8908001158558,FOGG,
8908001158589,FOGG Fresh Fougre,
8908001158565,Fogg,
8906119261030,Seedless Oman Dates,Lagom
8904104775128,Jk radhuni,Jk
8901192223111,catch Rajma masala,Catch
8906027990435,Mark premium groundnut seed,Mark premium
8906128673114,Jeera Soda,Tapre
8908003623412,Dnv kasuri methi,DNV
8901781000536,sunrise Aloo dum masala,"Sunrise,ITC"
8908003623498,Badshahi garam masala,Dnv
8906078180984,Jeera,Dnv
8908003623269,Red chilli powder,Dnv
8906010070113,Ganesh Atta,Ganesh
8902901225228,Good life tadka mix,Goodlife
8902901224719,Good life b gram rosted chana,Good life
8901058009699,Atta Noodles,Maggie
8901047001611,Brown Rice,Kohinoor Exclusive
8906077362114,Soya Stick,Jaimin
8906077360097,Mini Bhakarwadi,Jaimin
8901063343528,Vitarich Sandwich Bread,Britannia
8906136650657,Pintola Rice Crackers,Organic
0941041223983,Good life w320 cashew,Good life
8902901030549,Good life poppy seed,Good life
8992933323115,Nutrijell,
8901248271349,,
8901548147177,Peel off mask,Everyuth
8906142010919,Chia Seeds,Telugu Foods
8904417306224,,
8903363004109,,
8901725118624,,
4906216100137,,
7622201761677,,
8908013080809,Coconut Milk,Coco Mama
8901138512576,Himalaya,
00979651,,
8904335602132,,
8906119261078,Lagom Seedless Safawi Dates,Lagom
8901262200271,Amul dahi,Amul
8904109401268,Toothbrush,Patanjali
9651601027012,Good life atta,Good life
8906009070346,,
0048107241759,,
8901058002270,Maggi spicy Garltc,Maggi
8901725004422,Chips,
8908003452296,zoopy masala,zoopy
8904043604398,,
8902925000023,Sublock cream,
8901808004325,,
8901177101014,Moov,
8901058007060,Milkmaid Mini,Nestle
8904038109594,,
4001457031018,,
8904043553733,Modern Kulcha,Modern
8801073114012,,
8901103001036,,
8906042151590,Anil Rice Flour 500G,ANIL
00143400,,
0013026890210,,
8906009079127,UNIBIC Milk Cookies,Unbic
8908001658553,,
8901725009885,Natural Guava Fiber,
8901725009854,Natural Apple Fiber,
8901071704199,HERSHEY'S choco tubes,
8906002666041,KLF coconad Desiccated Coconut,KLF
8903553103292,Rambandhu  BIRYANI MASALA,
8903553125294,Ram Bandhu  SHAHI PANEER,
8903553124297,Rambandhu  JALJIRA POWDER,
8903553136290,Ram Bandhu GARAM MASALA,
8901448902449,5much Chocolate Coated Wafer,
8901393019360,Alpenliebe,
8901448902463,Milk More MILK WAFER,
8904477300385,Bambino Soan Papdi Orange Flavour,Bambino
8906021922760,Himalaya Honey,Apis
8903553851377,Temptin  TOMATO KETCHUP,
8901719119859,,Parle
8909081001185,Bounce Orange Cream Biscuit,Sunfeast
8901063004191,,
7622202207839,7622202207839,
8901928131505,Bisk Farm Nice,Bisk Farm
8904083303152,Milky Mist CurD,Milky Mist
8904057395831,HATSUN Table Butter,
8904043907680,,
8902080002375,,
7906055031194,,
7622201385088,,Cadbury
8909081000300,Dark Fantasy Sandwich Crème Vanilla Flavoured Crème,Sunfeast
8909081000324,8909081000324,
8901063001763,,Britannia
8902268011984,8902268011984,
2948756529193,,
0041292205100,,
8906117000884,Basmati Sella Ris,Midyat
8901595864096,8901595864096,Ching’s Secret
8901491002363,Doritos,Unknown Brand
8906009533131,RiteBite Max Protein 7 Grain Breakfast Cookie Nuts & Seeds,RiteBite
8907524014648,KABEL Stainless Steel Dinner Set,KABEL
8992803656374,Exp. Date : 8&quot;992803&quot;656374&quot; Exp. Date 8&quot;992803'656374&quot;,
0908008853012,,
8903553537431,Rambandu  Moong Papad,
8904008100361,,Natura
8908005312499,,
4916534287045,Besan,Fortune
8902901045437,Maida,Maida
89000571,,Fanta
8901972081443,Milk Short Cake Cookies,Castellum
8901207001772,Dabur roghan badam shireen 100ml,Dabur
990082090193190001,just mix idly chilli powder,SKS
8906079111475,just mix sesame powder instant rice mix,sks
8906053810264,,
8904320007751,DiSano Penne,DiSano
8901725015886,Dark Fantasy Choco Fills,Sunfeast
8903241710092,Mango Chutney,Pravin
8904132949676,Campa Cola,Campa
8904083518150,Organic 24 Mantra,Brown Rice
8906067024794,,
8908008674761,,
8904063220189,,
8901247575646,8901247575646,
8906082760325,Spinach,
8904067705156,Chikki Til Gud,Jabsons
8901058008944,KitKat Cookie Crumble,Nestle
8906034161477,,
8906065794613,Mr.Noodles,PRAN
8906006787582,,
8904037209196,Modicare Salon Professional Advanced Formula Hair Oil,Modicare
8908020526116,,
8904103307580,,
8904422705623,,
8901512933805,Pops,
8906068765689,,Heinz
8906117090052,Potato Popped Chips - Bhel,Brb
8906070439868,Masoor Dal,Organik
8906010081171,COBRA,
00010022,,Halwa
8904043552484,Modern milk 300gm 35/-,Modern
8901777135068,Vadilal Panner Makhni Kathi Roll,Vadilal
8906133026783,Nakpro Plant Protein Powder,Nakpro
8906070132653,Premium Roasted and Salted Peanuts Khari Shing (Without Husk),Sikander
8906152261677,,
8903241210332,,
8904106838586,,
0850003569543,Tropical Punch Flavour,Prime Hydration
8904063260147,,
8901719129117,Hide & Seek Milano collection vanila cream filled,Parle
8906077362312,Sweet Thai Chilli Bugels,Jaimin Foods
8901180530122,,
8901001556003,pappadums,Midas
8908014373016,,
8906061300467,Tastee Khakhra,
8906061300504,Khakhara Garlic,
8906117090359,Potato Popped Chips - Pasta Cheese,BRB Chips
8901396062417,Nonfiod,Cherry
8901777636978,Tara Veggie Jumbo Puff,Vadilal
8904293709249,,
8904238408930,Whole Wheat Parotta,Haiku
8906014762830,Bajaj coconut oil,
8906011815355,Black Gram Lentils Curry,Fazlani Foods
7499221124146,Heavenly blush Yog Greek peach,
8993351120614,Greenfield Yog plain non sugar,Greenfields
8997217240515,Nutrahen coconut Yog unsweetened,Delicyo
8999898975397,Biokul Yog Greek mango,Diamond
8901071702898,Exotic Dark Californian Almonds,Hershey’s
8901548100370,,
0000110007067,,
0081555969905,L.A.Girl,
8908005461579,Smackers Lollipop Happy Pack,LuvIt
8904090906667,Schezwan,
8901063033313,,
0349804031729,Max Salted Caramel Flavoured Yoghurt,Moo Pro
8901786281008,Kasuri Methi,Everest
8904214501877,Chana dal,Raju
8904355400077,,
8901725018894,,
6909040331157,,
8901063365100,Britannia Gobble marble cake 110g,Britannia
7622202203404,Chocobakes,Cadbury
8908007192976,Kabuli Chana Vacuum Fried,Fruit Treat
8906033744312,MEVities Hobnobs,mc vitiesHobnobs 75G
8908017667150,,
8906117090045,Potato Popped Chips - Spicy Chipotle,Brb
8904051300114,Idiyapam,Instant Delight
8901777965184,Classic Malai Kulfi,Vadilal
8904082760086,Gaay Besan,Gaay
8904082760208,Rava,Uttam
8904082760277,UTTAM RAVA,Uttam
8906026390076,Singada aata,Five star
8906061776422,Rajgira,Flour
8904082760109,Sooji,Uttam
8904082760987,Rava,Uttam
8908002937633,Rock salt crystals,Heem
8903363010155,Besan,Premia
8903363010162,Besan,Premia
8903363010742,Rava,Premia
8696026390014,Rajgira atta,5star
8906026390038,Moraiya,5star
8904358318928,,
8908003448329,Spaghetti,Gustora
8901968333600,Pork Steaky Bacon,Buffet
8904089306140,,
8904307706561,,
0071952640118,,
8908018963459,Cornflakes Chiwda,Laxmi Narayan
8908003448220,FUSICLI,
8997011280502,,
8901725018788,Hot & Spicy Korean Style,Bingo
04934345,,
0890243248211,Сир,
8906112995406,high protein burger buns,protein chef
8906059636752,epigamia TURBO 50g protein yogurt,epigamia
8908012945130,Green Dal And Edamame Spaghetti,Pink Harvest
8904256732536,Sliced Black Olives,Happy Chef
8904064621336,,
8906010502171,Gathiya,Balaji
8906082911000,,
8906078782294,French Fries,Hyfun
8906065168599,Aloo Tikki,Itc
8906117251323,MADE IN INDIA BeYOUtiful Life Is BHARAT 202306/2028 10-15min,
8901088213974,Creamy Oats,Saffola Oats
8901414037465,Kaju Pista Cookies,Bikano
8906108530888,Inchi Momo sauce,Inchi
8906117001867,Brnj safra,",,"
8906078180113,8906078180113,DNV
8901440221739,8901440221739,
8901088020039,Parachute Gold,
0880023125306,,
0841970010466,Basmati rice and kadhi pakoda,Neesa
8906009072692,Unibic - bánh quy bơ vanilla,
8906077362398,Puff Bites - Lemon Chilli Chatka,Jaimin Foods
8901512918208,Salted And Caramel Popcorn,Act II
8908013172207,Mocha Nut Fudge Protein bar by Phab,Phab
8904109449291,Patanjali Drishti Eye Drop,Patanjali
7622201757380,,
42332978,,
8906068764965,,
8901537077638,Rice Cracker Peanut Mix,Kari Kari
8904083302346,Greek Yogurt,Milky Mist
8904052506089,Paneer,Dinshaw's
8906090575263,Too yumm bhoot karare 20rs,
8906125310074,,
8901207034893,Dabur tulsi,
8901262172400,Two In One. Strawberry And Vanilla,Amul
8906116954119,Zinc complex,Healthkart vitals
8906020960084,,
8901052010264,,
8901071706841,HERSHEYS,
8906036890030,,
8906083200325,Pan aromas(lemon grass),Room freshner
8902246014457,Budweiser,
8906116956014,Cookies And Cream Whey Concentrate,Fuel One
8904145954384,031 MN2D ONTACT CONSUMER EXPIRY DATE (EXP) / NET WEIGHT New Pack NET WEIGHT 375 g NTACT CONSUMER 5OR CALL J.S.A. 2024 Abbott a@abbott.com Old Pack EXPIRY DATE,
8906151234498,Baked Pizza Sticks By Snackible,Snackible
8901886017000200040,,
8906012841681,,
8908003249834,Organic Plain Buttermilk,Akshayakalpa Organic
8906104590329,High Protein Paneer,Farm Connect
8901725018764,Hot & Spicy Korean Style,Bingo
0117790000650,Pulled Steak & Roasted Veggies,Redefine
0040045132359,,
8906088541454,Chicken 65,Nandus
8902979051941,8902979051941,
8901648095163,Mother Dairy UHT Toned Milk 1ltr,Mother Dairy
8906107173635,pizza minis loaded chicken,prashna
8901023018244,AIR MATIC violet*valley*bloom,Godrej
8901023018237,AERMATIC petal crush pink,Godrej
8906083202251,Pan aromas,Air freshner
8902292004112,,
8901157045116,Godrej AER Cool Aqua,Godrej air freshner
8901396389569,Dettol Multi Surface Disinfectant Spray,Dettol
8901157045147,Aur spray,Godrej
8901023018114,Air matic surf blue,Godrej
8906083202268,Pan aromas (wonder series oceanic),Air frshner
8903664007632,Air kampure,Air freshner
8903664007649,AIR KARPURE citrus camphor,AIR KARPURE
8903664058177,AIR KARPURE camphor pouch,AIR KARPURE
0926805945011,Labolia,Frutina cream
89008751,,
8902565658967,Şahənşah düyü,
0787099825362,whole wheat sourdough,la folie
8908017962248,Instant Noodles,Wicked Gud
0946648627660,,
6508001006815,,
8901242226604,Bambino Soan Papdi Badam,Bambino
0906497290774,Bisleri SODA 750ml,
0094000543773,Avon halku,
8901440013792,Eastern Mutton Masala,Eastern
8901030986307,Horlicks Chocolate,Horlicks
3948440013792,Eastern Mutton Masala,Eastern
8908005080305,Manpasand Tarka Dal,Manpasand
8908019758344,Prov select Fard Dates,Prov
8906159660589,Dehaat Honest Cumin jeera whole,Dehaat Honest
8901207039348,Dabur Cow Ghee,Dabur
8901063365070,Britannia gobbles,
8906159660633,DeHaat Honest Clove,DeHaat Honest Farms
8908005080220,Manpasand Sooji,M. P.
8901063032729,Treat coconut wafers,Britannia
8901719126130,PARLE MAGIX choco,Parle
8906163630257,,
8906182620031,,
8909106014572,Red label natural care,Brooke bond
3948747000938,Strong dust tea,Wagh Bakri
8901747000341,Mili strong leaf tea,Wagh Bakri
4005292008792,Xylitol Gum Lime & Mint Flavour,Impact Minis
8906144800020,Suffa,Nafees
8908018906678,Millet Coconut Bites,Troo Good
8901972058629,,
8904132928503,corn flakes,
8901030904646,,
8903363006608,Honey lemon green tea,Teacountry
4901062255055,Ginger chai,Girnar
4901244002439,Instant masala tea,Wagh Bakri
8901747003854,Shudh kahwa green tea,Wagh Bakri
8901042954721,Sambar Powder,MTR
8901747002246,Instant elaichi tea,Wagh Bakri
8901747002529,Loose green tea,Wagh Bakri
8901747000426,Navchetan,Wagh Bakri
1947445003809,Green tea honey lemon,Wagh Bakri
8903363007278,Tulsi green tea,Teacountry
8906017790106,Mohanlal Chai Supreme Dana,Mohanlal Chai
9908060337108,Red label,Brooke bond
8906058611439,Fruit And Not Granola Bar,Gaia Sport
8901207001826,Nature care isabgol,Dabur
8901248705134,Nityam Ayurvedic Laxative,Zandu
8906125981717,"Corn Chips, Salt And truffle",4700 BC
0961602401582,,
8901786391004,cilih,
8901138818777,Purifying Neem face Wash,Himalaya
8906001367253,MOHANI Red Tea,MOHANI
0131223042703,Poha,Vishalta
8904073797541,Ponni riz etuvé,
8907065221192,,
8904304365723,Mint Flavor Malt Beverage,Colbert
8908003623962,DNV Special Masala Papad,DNV
8906014885515,,
8903023005569,More Sunflower Seeds,More
8901058838008,Nescafe,Classic
8906107175424,Everyday Herb & Lime chicken Breast By Meatigo,Meatigo
8901063025332,,
8906014905374,Fruitrings,Kwality
8901826304001,,
0000203007768,nutritional yeast flakes,urban platter
8901207047169,Dabur Honey,Dabur
8904288612868,Tops Gold Stuffed Red Chilli Pickle,Tops
8906117090847,Popcorn Chips,BrB
0754590363631,citrus crush,jade forest
8908014250355,Almond Brittle Gold,Looks
8901719125072,Parle Happy Happy,
8901719128325,Milk Shakti,Parle
8908009918239,Plant Protien Unflavored,Oziva
8904004540208,All in one,
8908007995348,,Unknown Brand
8906010071028,Wheat Dalia,"Ganesh,Mummy's Own"
8906019340262,Sweet Corn,Trimurti Kings
8906010079215,Rajgira Atta,Ganesh
8906010079062,Buckwheat Kuttu Atta,"Ganesh,Mummy's Own"
8906010077914,Little Millet Shyama Rice,"Ganesh,Mummy's Own"
8906010075590,Finger Millet (Ragi Atta),Ganesh
8903059610737,3S Ragi,More
0748927061123,ON 100% Gold Standard Whey Chocolate Peanut Butter,Optimum Nutrition
8904083512226,"Rajma, Raw",24 Mantra
8906165785016,Fuel One Whey Max,Fuel One
8906033744862,Tasti,Mcvities
8904057395763,Arokya milk 1ltr,
8906030581835,Jaggery Powder,Unknown Brand
8906165781889,Biozorb Whey Isolate,Biozorb
8901052000722,TATA Tea Premium,TATA Tea
8906154300220,Navratan Mixture,Patanjali
8868504111118,Dark Cocoa Powder,City's Master Chef
8868504111422,Vanilla Powder,City's Master Chef
8904132976351,Energy Drink Berry Kick,Campa
8904132953413,Campa Cola,Campa
8901030913013,Vaseline health brightening,Vaseline
8906117090519,Popcorn Chips - Cheese & Olive,BrB
0890762001502,Miel crémeux,
8908008563003,Tofu,Briyas
8452213222083,ALMOND OIL,JEEVAN
8906174990081,,
8868504111156,Tandoori Masala,City's Master Chef
8868504111507,Madhooth Masala,City's Master Chef
8901138833527,HimAlaya baby Oil 2yrs prod,
8903363003096,Royal khari,D Mart
8906033235384,,
8904011504828,Easy Pathiri Powder,Double Horse
8904011505009,Chemba Puttupodi,Double Horse
0009120523418,,
8901036371183,,
0903002160058,,
8906033235391,khan's,
8906117090830,Popcorn Chips - Garlic Bread Flavour,BrB
0769503843346,chocolate cassata,get A whey
8908022254659,Phab Choco Berry Crunch,Phab
8908001017022,8908001017022,
8906010301743,,
8908007541088,Jasmine Incense Sticks,Narashima
8908013172443,Mini Chocolate Brownie Bar,Phab
8901537078215,Devaaya,
8904113900535,,
8906020930124,ENGINE BRAND KACHI GHANI MUSTARD OIL GRADE 1,ENGINE BRAND
8906125982561,Cheese And Caramel Popcorn,4700 BC
8904300201667,Mario yez tadka noodles,Mario
8901058823974,Maggi 4 pack,Maggi
8904071702356,,
8901014000548,Top Ramen(masala noodles),Nissin
8904083320074,,
8909081000935,8909081000935,
8902901027938,Good life chakki atta 5kg,Good Life
8906040375219,9657,tohfa
0670087142940,Chicken Jerky,DOKi
8906020490994,Mysore Pak,Lal
8906084380101,,
8901393019681,,
8906022070347,Organic honey,Nature's Nectar
8994132953636,,
8901414001503,Bikano rasogolla,Bikano
8901414003057,Bikano patisa,Bikano
8901725014483,,
8906158700040,Khapli atta flour,Deccan Organic
8908003249049,Ghee,Akshayakalpa
8904083505501,Organic green moong dal split,24 mantra
8904083505334,Brown chana,24 mantra
8906055440643,Organic brown sugar,Organic tattva
8906055440858,Masoor dal,Organic tattva
8904083505808,Tur dal,24 Mantra Organic
8906055440513,Poha,Organic tattva
8904304337836,,
8906055440056,Urad black whole,
8906055440094,Kabuli chana,Organic tattva
8906055442012,Cumin whole,Organic tattva
8902901222951,Good  life Coconut dry powder,Good  life
8906067027634,Whey Protein Isolate,MuscleBlaze
8906046936544,Miss MiMi,Natural Beauty
8904307708220,,
8906066701467,Lime And Chili,Kettle Studio Chips
8906098000569,Schezwan Sauce,admor
8901440011262,Tandoori Spice Mix,Eastern
8904037207758,All Plant Protein,Modicare
8906150770546,Chanachur,Chanoni
8904063224699,Bhatura,Haldiram’s
8902901011500,Tetali,Tamarind
8902901223385,Good Life Popcorn maize,Good Life
8901786392018,Everest Tikhalal,Everest
8904004410754,Dry Fruit Besan Ladoo,Haldiram's
8908017778832,PL Walnuts In shell 1 Kg,
8906019772032,Pumpkin Seeds,Nutraj
6291100191673,Date Crown chocolate Dates,
8908017778863,PL Anjeer,Unknown Brand
8901928081381,HALF,
8902901227178,Good Life W240 Cashew 500g pp,Good Life
8905950000853,,
8906068764842,Peanut Butter,
0732940998412,Strawberry Greek Yogurt,agápi
8908019386462,Protein Bar Choco Fudge,Whey91
7622202398735,Dairy Milk Chocolate,Cadbury
8906033740024,Digstive,
8906009075204,Unibic Dates & Carrot cake 140g,Unibic
8902268001848,Anmol Fruit cake 35g pp,Anmol
8900201376190,Mango Pulp,Kesar
8901200200097,Parachute amla hair oil 300ml,
8901088049504,Parachute Lite x2,
8901063016767,,
0806447811465,Baik Digunaka Baik Digunakar,
8908013172245,Classic Chocolate Protein Shake,Phab
8904132972056,Campa energy drink 250ml,
8901246007711,Del Monte Spaghetti,Del Monte
8904063223517,Dum Aloo,Haldorams
89086016849118,Channa Burfi,Gulab
8901777201664,Alphonso Mango Slices,Vadilal
8906113910170,,
8901719101083,8901719101083,
8906059637285,Turbo Protein Milkshake,Epigamia
8906133020293,Protein Powder,Nakpro
8908001958202,,
8939116660964,Coffee,IncredaBrew
8905002004006,Kingfisher quarter strong 650ml ~ 68. Asia Pacific 66062,
8901552020152,Ashoka mini potato schezwan samosa,
8908013252107,Granola,Flex Fit
8906067024503,Whey Gold,Muscleblaze
8906010502119,Chataka pataka,Balaji
8904355406314,,
8908003249025,Curd,Akshaykalpa
9901112111114,,
8906046143706,Whole Brown Flax Seeds,India Pride
8901138825638,,
8908012692010,Grandma's kadha,
8903553651465,Ram Bandhu Lime Chilli Pickle,Ram Bandhu
8903553601460,Mango Pickle,Ram Bandhu
8906154300237,,
8906010450038,,
8908018023337,Patanwala Cow ghee,Patanwala
8908018023320,Patanwala Pure ghee,Patanwala
8908018023054,Patanwala Dahi,Patanwala
8908018023061,Patanwala Dahi,Patanwala
8908018003445,Patanwala Chocolate shake,Patanwala
4908023067467,Patanwala Blueberry lassi,Patanwala
8908018023009,Patanwala Malai lassi,Patanwala
9916403046006,Patanwala Mango lassi,Patanwala
0002448023023,Patanwala Kesar & Nuts lassi,Patanwala
8904063206329,All in one spicy blend of chickpeas flour noodles pulses & rice flakes,Haldiram's
0084226303152,Milky Mist Curd,Milky Mist
8906023418971,Cream bell Vanilla Milk Shake,Cream bell
8906014140157,Electro rehydrate-Apple,"Amrutanjan,fruitnik"
8903553112102,Ram Bandhu Punjabi Chole Masala,Ram Bandhu
8903553121104,Ram Bandhu sambar Masala,Ram Bandhu
8901396126027,Lizol Citrus,Lizol
0787090707544,Starzing Dry Mango Chutney Masala,Starzing
8906010365592,GRB Mango Soan papdi,GRB
8906010367312,GRB Orange Soan Papdi,GRB
8906069402774,Mayo,Veeba
8901030953262,Lifebuoy handwash  1L,
8901023019906,Rich crm... netural brown,Godrej
0421240368277,Khara boondi,Town bus
8906012230010,Idli rava,Vijay
8901393026146,Rockats,Chupa Chups
8904043500041,Modern Milk Bread 200gm,
8901689100765,Whole Strawberry Crush,Mala’s
8903553000409,Ram Bandhu Lime pickle,Ram bandhu
8903553601491,Ram Bandhu Mango pickle,Ram bandhu
8903553601439,Ram Bandhu Mango pickle,Ram bandhu
8903553649431,Ram Bandhu Lime pickle,Ram bandhu
8901030538018,Horlicks classic malt 750g,
3948719131165,Parle 20 20,Parle
8906009071183,Chocokiss,Unibic
8908004963098,Basmati Rice,Mehnat Crown Special
8906033230976,,
8904004409260,Potato Lite,Haldiram's
8904159715001,Peanut butter,Captain Kid
8901725012878,Sunfeast caker Swiss roll with choco 115g,Sunfeast
8908023783059,Taste Box Tutti Fruity Slice cake 200g,Taste Box
8908023783035,Taste box Orange Muffins cake 140gm,Taste Box
0946455442630,,
8906055442630,Organic Amaranath Flour,Organic Tattva
8904132919631,Expelz cleanmatic,My home
0095983238526,Iso Whey 100,Freak Labs
8901719918537,,
8906065030971,,
8903363002051,haldi,dmart
8901262174565,Punjabi Samosa,Amul
8904132973121,Raskik 2ltr,
6957148427807,Indonesia China Jalan,
8904192221095,Garlic Mixture,Think Snack
8854961001499,Fuji plum,
8904463100128,Creatine,Well core
8901030490231,,Knorr
8908022958076,,
8901440011453,Eastern Vegetable Masala,
8908015676017,Mixed Sweet Potato Chips (Rock Salt & Pepper),To Be Honest
8902901217261,Good Life guntur chilli,Good Life
8904083518143,Organic Basmati Rice,24 Mantra
8901262261432,,
8901207051517,950g,
8908006989515,Chocolate Chikki,Nutritius
8908018385282,Chailatte Americano,Trice Insta Bev
8906003656089,Three Mango Tomato Pickle,Three Mango
8904117510044,Super White Bread,Super
8908013194391,Ginger Ale Sparkling Ice Tea,Borécha
8906143040373,,
8901014000500,cup noodles chilli chilli chilli super hot,Nissin
8901440221708,Chicken Masala,
8904043926803,besan,
7622201763510,Tang mango 500,
4987176230775,Hear shoulder,
8906009200811,Chocolate Chip Cookies,Express Foods
0732940998436,Greek Yogurt Natural,Agàpi
8906058710002,Creamy milk chocolate,Schmitten luxury chocolates
0030005670700,Peanut Bar Chikki,Charliee
3948764072277,Soda 750 ml,
8908021946005,Hydros,Hydros
8906158360060,,
8906009071954,Choco chip cookies,unbic
8904067709871,Bar-B-Que Roasted Peanuts,Jabsons
8906115620466,,
00003530,,
8906175500036,fundaaz mango,fundaaz
8901764385926,Apple Maid,
8904320059651,DiSano Peanut Butter Crunchy,DiSano
8906040480272,Sezwan Sticks,National
8906000610893,Smiles,McCain
8908014035006,,
8902901037166,Popcorn maize,Good Life
7622202272608,chocolate,
8908009275059,Chemba Puttupodi,Ponkathir
8901709023111,Ribeye steak,Allana
6014001019002554,pistachio,nesto
6294017112779,Nido,Nestle
0284803691546,ketchup,noor
6281006824263,Mayonnaise,
2875350016456,Almond,lulu
0924198100602,Corn Flakes,Kellogg's
8901123004758,lotte,
8906033741366,Digestive Biscuit,"McVities, Mc"
6294011677267,corni,lulu
7622202051609,tank lemon,tank
8906135074577,,
8908001920018,Tofu,Chetran's
8906034047795,povidone iodine oinment usp,
8906151407045,Sesame Seeds Black,Down To Earth
8906001052630,Kerela Chicken Roast,Mother’s Recipe
0000101481701,Cauliflower,Unknown Brand
0000613138914,,
04024701,0402F4701TCE,
8904305606672,Cajun Chicken Breast Fillet,Fresh to Home
8908011746363,Gluten Free Delicious Soft Kulcha,Sprinng
0048107008468,Pure Isolate Protein,GNC
8901058004816,Nestle class,chocolate
8906112662285,Dark Chocolate Granola,True elements
8906112665521,Dark Chocolate Muesli,True Elements
8902268012547,Anmol Fruit cake 35g,Anmol
8901030929489,indu lekh hair oil,
0020449970334,,
8906016100814,warana long life milk,warana
01010500,Almond Stick,Unknown Brand
8902281606792,tuspel ls,tuspel
8908013172450,Mini Mocha Nut Fudge Protein Bar,Phab
6908998302509,top gold biscuits,bisk farm
8906009993737,Brownie,
8908005204442,Alma,Ganraya
8904063211095,Punjabi Samosa Haldirams,Haldiram’s
8901552028189,Coriander Chutney,Ashoka
8904063222091,Cheese Balls,Minute Khana Haldiram
8906144331753,respi rub,smartway wellness
8902979050890,Cavin's Strawberry Milkshake 180ml,Cavin's
8902901049718,Good Life Pista Roasted & Salted,Good Life
8901725019761,Sunfeast Sitaphal Smoothie,Sunfeast
8902013358210,the menshlne,local
8902901015508,Makai flour,Desi kitchen
8903105033534,,
7754171001238,Bluedots Blueberries,Bluedots
8901491003193,Instant oats mixed berries,
8906059705236,Tikka Masala,Taste'l Fine Food
8858702425230,,
8904063226051,Kaju katli,
8901262201162,Misti doi,amul
8906049970057,,
8903023305607,surja bhujia plain,surja
8902901221800,moong whole,BF
8901725112646,Dark Fantasy Desserts Choco Chunks,Sunfeast
8901725116828,Dark Fantasy Desserts Choco Nut Dipped,Sunfeast
8906130483992,,
8904063223500,,
8906009079417,Oats Digestive,Unibic
7622202030758,Dark Chocolate,Cadbury
8906068764804,,
8904053502493,Goldiee Mixed Pickle,Goldiee
8906001950516,mackerel chunks canned in oil,gitioako
8920146579258,Bamboo charcoal peel off mask,
8906107170726,Butter Chicken Bao,Prasuma
8908001697927,lulu tort,
8908000835665,,
8901207004582,Tamarind Paste,Dabur
8906009804699,Waferz,Dynas
8906000610688,mecam potato cheese shotz,
4902777219691,,
8901063325708,Britannia Toastea Butter Rusk,Britannia
8901063325753,Britannia Toastea Premium Bake Rusk with Real Elaichi,Britannia
8901138510039,Himalaya,
8901905017471,stripe tease chocolate cake,monginis
8903023305690,surja green matar,surja
8901764111112,,
8906002488193,boomer,Pepsi
8904132975446,8904132975446,
0732940998450,peach greek yogurt,agapi
8906001722571,,
8906001023012,Gowardhan Ghee,Gowardhan
8901725018658,bingoi original style,
8904150501818,Betty Crocker Triple Choco Brownie Mix,Betty Crocker
8906090572941,too yummi chips,
8901719129247,parle wafers classic salted,chips
8906111540751,fun flips sizzling chinese,
8906111540539,fun flips puffs tango,chips
8901725004576,bingoi hashtags,
8901719129582,parle fultoss baked,
8901512557308,Act nachoz cheese,
8901719129575,parle fultoss baked,
8901721002934,prabhuji rosogolla,prabhuji
8903023305591,Suraj snakes masala muri,
8908000295285,mukharochak nimki,
8908000295063,mukharochak salty,
8901512558503,act movie theatre Butter,
8901058001433,Rich Tomato Ketchup,Maggi
8906028670244,duxx Darling moisturizing cream,Duxx Darling
8904193411600,grand masters,
8901030686726,Mixed fruit jam,kissan
8902080000203,Nimbooz,7up
8906015741506,BCOOL Strawberry Jam,
8901808000457,Weikfield Jelly Crystals Mix Strawberry Flavoured,Weikfield
8901808000525,Weikfield Jelly Crystals Mix Raspberry Flavoured,Weikfield
8904132949249,dhania power,independence
8901725121136,Aashirvaad Chakki Atta,Aashirvaad
8908011489031,,
4908414475710,,
8904109499036,patanjali shamp alovera 180ml,
8906066993855,Roasted Chana,Bam Bam
8901512925206,Sunfeast Popz Hazelnut Crunch,"Sunfeast,Popz"
8906082580084,Protein Max Eggs,Henfruit
8904238301958,fogg,fogg
8901030540882,Red label,Brooke bond
8906009440569,Saras Chhach,Saras
8901058000955,,
8906021121651,,
8906070432739,,
8908011746240,Pav,Sprinng Gluten Free
8906111540768,fun flips hot saucy,
8906015655131,bhikararam chandmal bhujia,
8903023305577,surja agra dal moth,surja
8903023305546,surja chanachur plain,surja
8901262020558,Diced Cheese,Amul
0074878241148,,
8904063216410,,Haldiram's
8901777502143,Vadilal malai paneer,Vadilal
8906003511722,Jalani Pudina Aam Paani,
8906070438465,Moong dal,
8904083512127,brown chickpea,24 Mantra Organic
8906112663671,9-IN-1 MIX,True Elements
8907316008220,Appalam,
8901774001038,Kasuri Methi,
8908006024926,Bombay Rava,
8901042969503,8901042&quot;969503&gt;,
8901972080040,Galletas de Mantequilla,La Gran Diosa
8906032019794,Noodles,Patanjali
8906069690430,,
8850477138025,betta food,optimum
8906137050005,Pasteurised Toned Milk,Milma
0000101481699,Chilli Green,Unknown Brand
8906046472271,cc stick,
8901111045398,aquasoft max,
8904083321460,Icecream,Milky Mist Cheese Cake Flavour
8906143890282,Coffee Protein Bar,Whole Truth
8908016809438,Achari Chaap,Blue Tribe
4950096370050,Cell,
8906059703614,Spinach Dal,Taste'l Fine Food
8901063365506,,
8906009511405,,
8939118245022,Dates,Palm Gold
8906090575607,Smoking hot Bhoot Wafers,Too Yumm!
8901220066024,,
8906009990262,Rich Plum Cake,Elite
8906071103225,red& white food color,soldier
8902850011170,Sambar powder,Eastern
8902618000934,Good Home Scrubber,Good Home
0198715535891,nutrabud spirulina,nutrabud
8999809102812,"Natur-e
 nara kesehatan kulit. Dioxide CI No.77891, de CI No.77891, 4R CI No. 16255, upun sudah di usia dewasa. POM SO 151 346 941 walaupun sudah di usia dewasa.",
8906045944960,,
8906021128414,Aachi Mixed Fruit Jam,Aachi
5060746525231,Myprotein Whey,Myprotein
8908000000155,Roasted Channa,Hello Ja
8901088065559,Masala oats veggie twist,Saffola
8904221695682,Whey Protein,Atom
8901030713484,Lifebuoy 4+1,
8901396602316,Detol Icy cool,
0400710881003,,
8901719129162,,Parle
8901058005776,nestle masala millet,Nestle a+
8901248101110,Boro Plus Crm,
6901461040304,Quaker instant oats hereby cheese,
8901499009500,8901499009500,Kellogg's
7622202290480,Silk Roast Almond,Cadbury Dairy Milk
8906005505033,,
8906007289146,aata,fortune
8908021755072,Oat MILK 25G Protein,TOATS PVT LTD
8901058002676,Maggie,Maggi
8906108530789,Indi green chutney,Indi
8902181333385,godfather 500ml,
8902181333323,godfather 500ml,
8902901027129,fine mustard,GL
8908007022006,habenero salsa chunky tomato,habenero
8901652141511,Magic Fruit Cake,Priyagold
8904004407266,HAL.TIL LADDO,
8906059461361,Chocolate Cake Mix with Dark Chocolate Shots,Unknown Brand
8908010443010,Pohe,Dixit Foods
8906113261890,Himalayan Organics Multivitamins,Himalayan Organics
0000890607566,Lokenath Bhujiyawala,
8908008806100,suji,neelkamal
8906090573689,Aloo Bhujia,Too Yumm!
8901052006151,Kadak Assam Chai,Tata
8901786422012,Kurkuma Pulver,Everest
8904327602027,Peanut Butter Chocolate Crispy,MyFitness Junior
8906144566247,Pure Peanut Butter Powder,MyPB
8855044011756,coco royal,
8906012870056,pureheart,
8906133406035,Pure Himalayan Shilajit Gold Gummies,Be Bodywise
8901090213726,Tata Coffee Gold,
8906145880083,Lost In An Orange Haze,Bon-fiction
0631656260151,EAA+ Energy,Muscletech
8908004804919,Cranberry Soda,Catch
8901725141363,Paneer darbar,
8993175560726,nabati nextar,
8908007022181,Spicy Pasta Sauce,Habanero
8901117245709,SPASMONIL,
8907233278232,Mee mee An No MM-33016D,
8906078262017,Butter Cookies,Adoro
4207437524611,Baroma,
8906145880090,The Cranberry Chilli Chase,Bon-fiction
8904043554822,cream bite,modern
8904043552095,cake wow vannila,modern
8904305602391,Peri Peri Chicken Wings,Fresh To Home
8906004563539,Pipes - Salted Crunch,Yellow Diamond
8908003819907,,
5907459005028,Oats Millet Maggi,Nestle
8906046143423,Gelbe Chickpea lentiks,
8900500184106,Yippy party peach,
6936217704513,MEINÉNYA,
8901777873038,Choco Shot,Vadilal
8908023404077,Salted Cashew Nuts,Tong Garden
8540291180309,Salted Pumpkins,Tong Garden
4906484685466,FOR GLASS SKIN,
8906115423531,Crunchy Nippattu,We’ll be
8904064634930,Dried curry leaves,Chakka
8901777445945,Malabar Paratha,Vadilal
8906010363482,"salted cashew rs, 50",
8906000610053,Mc Cain French Fries,Mc Cains
8908002026733,Navratna Mix,BTW
8906021125284,Rice Puttu,Aachi
8906042151088,Idiyappam (String Hopper Flour),Anil
8906033533015,Hoi Momo Sauce,Hoi
8906108893006,Ragi chips,
8901063365063,Britannia butter blast 30g,
8903059609922,bajra,more
8906005618061,winkies layer choco cake 15g,
8906005618054,winkies layer orange cake 15g,
8901063365537,choco chip orange cake 140g,
8904043554815,Modern crem Bite,
8908024057128,Vanilla Chocolate Laddoos,Eat Better
8906084416176,Roasted Cashews,M.O.M
8906084416183,Roasted California Almonds,M.O.M
8901036331149,,
8906111441256,Royal Black Lentils,Raasa
8906000210208,Ragi Flour,Sujata
8908007323264,Fries,
5059883365688,Cinnamon Danish Impact Whey,Myprotein
5056281160747,Salted Caramel Impact Whey,Myprotein
8908002768015,Shahi Paneer Masala,SD
8908009419132,Bauli moonfils 180g(4N×45g),
8904452211699,Vegan Cheese Balls,Planck Foods
8904043551616,Modern Sandwich Bread,
0717273505049,American Garden Sliced Jalapeno,American Garden
5056185745262,Cookies & Cream Impact Whey,Myprotein
8902929000463,Bockshornkleesamen,Raaj
8906010851798,TURBO,CAMPCO
8908003366227,Khajurico,Khajurico
8906130900598,Orange Choco-Pie,Orion
8902850027416,Coconut Milk,Eastern
0788364292742,Protein Dimsums,Eat Prot
8904250626527,Debistal GM 2,Leeford
8906007287029,fortune every day basmati rice full grain,fortune
0690225103138,rice,India gate
0717273505100,2% Maple Syrup,American Garden
8904104752488,pani puri masala,jk
8902346008134,medicine,flunarin 10
0074305801280,Bragg Apple Cider Vinegar,Bragg
8908009477897,Vitamin K2 Mk-7,Healthy Hey
8906113900348,Potassium citrate 730mg,Healthy hey
8901052087891,Green Tea,Tata Tetley
8901719121425,parle monaco,parle
8901063035133,BRITANNIA MiIK Bikic,bratina
8901719130885,Hide n seek vanila,
8908010643540,TONE MILK,
8906019561049,Real Bites Bhavnagari Ganthiya,Real Bites
8904327601334,My Protein Bar,My Protein Bar
8901548310595,everyuth rejuvenating flora 500ml,
8901248126359,Boroplus Body Lotion 400 ml Liquid,
3948548310564,everyuth nourishing cocoa 500ml,
8903105010436,yardley london rose powder 250g,
8904132937468,jive lavender powder 100g,
8906107171044,Signature Lamb Burger Patty,Meatigo
8902901031218,crystal sugar,GL
8906055440162,mix dal,organic tattva
8908010571188,Roasted Chana Lemon Pudina,Happy's
2868400010702,Cashew nuts grilled,Lulu
2829198004557,Dry Apricot,Lulu
2810378016101,Mabroom Dates,Lulu
7622202002113,BelVita,
8906010503277,Punjabi tadka,
8906004560767,,
0890757002033,Hickory smoked apple bbq sauce,
8906070217091,,
8906173701244,Nitric whey protein,
8906021120104,asafoetida,achi
8906085340067,,
8901888008039,real litchi,
8903622002679,many poko plants,
8908013746002,Cravova classic mojito,
8909106025646,horlicks classic malt 500g pet,
8906006720237,,
8906066700880,Kettle-cooked Gourmet Potato Chips,Kettle Studio
8904427501084,BLACK,
8908007499105,Garlic Bread,Brown Bear
0787099802271,Original Sauerkraut,Bombucha
8908006936694,,
8901670152407,Sesame Balls,Rasmi
8904180001708,Mango chutney,Viks
8906013812451,8906013812451,
8906133025816,Impact Whey Protein,Nakpro
8902188601012,Garlic Paste,Ramadev
8908023943026,choice unniyappam,
8906019779048,Nutraj Snacks Rite Crnbrry &nuts trio 1500g,
8906205138482,frutop ανανας,
8906019779062,Nutraj Snacks Rite Rosted Sltd Cashew 150g,
8906019779017,Nutraj Snacks Rite Nutty corn mix150g,
0688397896972,Classic Tofu,Health On Plants
8906057472215,goodies Groundnut Sweet,
8906057472413,Goodies PEANUT SWEET,
8906158590009,Daily Protein Plant Based,Ace Blend
8908014062385,Mixed Seeds,Saffron Home
8901063033368,Treat Choco,
8908000315273,Chai tea mix Cardamom,Jaipur
8906067345530,,
8901207040498,,Dabur
8906112995642,Gluten Free Zero Sugar Cookie,Lo
8901972054980,Dukream,Dukes
8901030951060,,
8901777899045,Rajwadi Ice Cream Kulfi,Vadilal
8906005507846,,
8903300180071,ginger Paste,
8904063207371,haldiram patisa 200g,
8906083930048,DMB RAJ BHOG,
8904319300238,haldiram Besan Ladoo 200g,
7622202035944,cadbury choclairs gold coffe,
8901071704915,jolly rancher lollipops,
8909135400421,Сиркові батончики злагода з ароматом карамелі,
8904064664609,MULTANI MILLI,ANNAM
8906035050411,MEHAMDI CONE,NEHNA HERBALS
8906074201454,Mini Bhakharwadi,SGB
8901895009005,Cashew Nuts,AK Nuts & Dry Fruits
8901414001961,Fruit Cake Rusk,Bikano
8906002084036,Tandoori Chicken Masala,Sakthi
8901058003970,,
8904384818027,Mocha Cold Coffee,Blue Tokai
8901074000236,Kokron Plus,Ultima's
8908001679121,Sarvottam Rice Bran Oil,Sarvottam
8908012692508,Plant Protein Belgian Chocolate,Wellbeing Nutrition
0631656259209,Whey Protein Chocolate Fudge Brownie,Muscletech
8906064283194,Butter cookies,Traditional Danish recipe
8906071888269,,
8908013705009,xhandam powder,GOKUL POOJA
8901071732512,Almond Milk,Sofit
8908019040395,Clear Whey Protein,Protyze
8901155418318,Suji Halwa,Gits
8904063227232,Takatak,Haldiram
8906002661381,Nirmal Virgin Coconut Oil,
8906026460007,James Regal,
8906143620483,Millet Dosa Mix,Prolicious
8902519002075,clASSMAte,
03010643,ANWAR Life,Unknown Brand
8908005587477,Lush sweet heart,
8906066930379,City snacks CASHEW BISCUIT,
8908008820472,Crunchy Snacks TOMATO MURUKKU,
86545829,Theera mytri dry fish,Unknown Brand
8906009993232,Elite Dates Pudding Cake,
8906130900048,Orion choco pie,orion
8908540013042,Lupini Beans,Habash
8908001658607,O'ceans Strawberry And Lime Flavour Fruit Drink,O'cean
8906010505509,,
8906120100519,Farmley Black Raisins,Farmley
8906025370666,Mirgunde,Soham
8906142013972,Paneer 65 Wrap,Swetha Telugu Foods
8906010504045,Tangg,
8901262080101,Amulspray Infant Milk Food,Amul
8901552001007,Date And Tamarind Chutney,Ashoka
8901242203209,Bambino vermicelli,
8901808000181,weikfield custard powder vanilla flavoured,weikfield
8908013328109,Choco Almond,Open Secret
8906069841191,Masala Instant Chai,
0942404000227,,
8901030932083,Gulab Jamm Ice Cream,Amul
8906045949729,clear beauty,u.s.p
8901747003687,Black Tea,Wagh bakri
8909081001161,Bounce chocho,sunfest
8906076272407,Basmati Rice,Hod Hod
8904258703534,8904258703534,Raw Pressery
8906007701105,,
8902188683070,Sweet Rusk,Ramdev
8906020581012,Coconut Chutney,ID
8901757030314,,
8906090573658,Too Yumm Moong Dal,Too Yumm
8906064232833,معجون التندوري,
8903241860049,معجون التندوري,
8906038710411,Nutrilife pomegranate juice 160ml,Nutrilife
8901648002468,Mother Dairy Lassi 180ml,Mother Dairy
8908022254048,Double Chocolate Granola,Phab
8901648002475,Masala chach,Mother Dairy
8904089974820,Heritage milk shake,
8908003623184,methi,DNB
8904406298202,Beef Sirloin,Tryst
8906019567065,,
8901537080607,Devayya Sona Masoori,Devaaya
8901012162033,o.b. pro comfort,
0001236548984,,
8906067022028,Raw Whey Isolate 90%,Muscle Blaze
8906082577619,Crusties,
8906107175417,Everyday Harrisa Chicken Breast By Meatigo,Meatigo
8901552028226,Indisch Brot,
8908017693296,,
8904035422191,nnnn,
8991976136393,Cabe Asli,Nasional
8906107174915,Everyday Chicken Breast,Prasuma
8908005312598,Popcorn Caramel,4700 BC
8901440210788,coriander powder,
8901262260138,Taaza Milk,Amul
8906162360445,Peanut Chutney,Chutnefy
8901440011200,,
8901440222576,Kashmiri chilli,
8901440011026,Biryani masala,
8901440011460,chiken Biryani,
8901440011477,mutton Biryani,
8904084900077,Surimi Crab Sticks,Gadre
8904003900768,,
6971082810112,Sticky Note,Amkay
0940000024401,nissin noodles,
8908000159266,Chinese Flat Noodles Plain,Leong
8908021441043,Vegan Belgian Chocolate Protein Powder,Karaki Origins
8903236700138,No Nonsense Plant Protein Indonesian Cacao,Cosmix
7622202225123,Plum Cake Silk Desserts,Dairy Milk
8901491002356,Sizzling Hot Nacho,Doritos
8904319301242,Panjeeri Ladoo,Haldirams
8906059700507,Dal Tadka,Taste'l Fine Food
8904063214249,Cheese Naan,Minute Khans
8901725009489,dark fantasy,
8901595972654,Chicken 65 Masala,Chings
8904188610124,Everyday Basmati Rice,Basanti
8906107170207,Original Chicken Momos,Prasuma
3696040169806,wine,
8908012811459,Dark Chocolate Ice Cream,Minus30
8906003383411,8906003383411,Ruche d'or
8901030865169,surf Excel bar 250gm,hul
8901393018769,Candy,Alpen Leba
8901030700224,tresemme hair fall defense 580 ml,
8906090572897,Potato Chips,Too Yum
8906084415346,Himalayan Salt N Pepper Makhana,MOM
8906020588639,Idly & Dosa Batter,iD
8904118400559,Tuna Chunks in Spring Water,Oceans Secret
8904073713671,,
8901552028592,Paneer Pakora,Ashoka
8904071700895,Cornflakes Chivda,Chhedas
6271005034077,Sliced Turkey Breast,Khazan
8904085600068,Jeera Cookies,Harish
8190601692666,kingly,
8906111441171,Kashmir Rogan Josh,Tata Raasa
8901063032989,,
30010383,BB Popular Raw Peanuts,"BigBasket,Tata"
8904055904868,Boneless Chicken Breast,Meatzza
8901262060028,Spicy Garlic Cheese Spread,Amul
9011010500320,Faral chivda,
8901552028165,,
7622202225550,Oreo choco,Cadbuary
8908006936625,,
8906000610770,French Fries,McCain
0769947590790,Peach Ice Tea,Osher
8906088704231,Colombian Brew 3 in 1 Assorted Instant Coffee Premix,Colombian Brew
8902433007354,chewing gum,orbit
8901444114099,,
8904085900038,Papadam,Ambika Appalam Depot
8901725009007,,
8908003113708,,Unknown Brand
8901874131215,Green Peas,Kitchen Xpress
8901396389712,dettol lime soap 75 gm,dettol
8908013108428,Saaral Gulkand with Honey,Saaral
8906095125111,Mamra Badam 200gm,Wonderland Foods
8904150208526,Medjool Dates,Nutty Gritties
8901396350101,Dettol,"RECKITT, Dettol"
8906046811889,Silken Tofu,Voila
8909081002991,Popped Chips,Bingo
8904270008013,sundar,biscuit
9019720775793,Rolled Oats,Qualinut
8908012926184,Protein Bar - Chocolate Fudge,Fitspire
8901012320440,Benadryl cough syrup,Benadryl
8903363009371,,
8901542012839,Regular instant energy,Glucon-d
8906076270809,,
8908001017350,Sliced Jalapeño Peppers,Cornitos
8906107210644,Sublime Strawberries,Flyberry Gourmet
8906020580312,Freshly Frozen Chickoo Pulp,ID
8901777986042,Chocolate Cassatta Ice Cream,Vadilal Quick Treat
8906064700035,Kerala Mixture,Kozhi Koden's
8901512916501,Sundrop cocoa nut almond,Sundrop
8901063342996,,
8908003080246,,
5056307363237,Impact Whey Vanilla,Myprotein
8906059636721,Epigamia Turbo - Strawberry,Epigamia
8906059639005,Greek Yoghurt With Oats And Seed Mix,Epigamia
8906017291337,8906017291337,bislery
0748927067910,Gold Standard Whey,Optimum Nutrition
8906001020394,Go cheese,
8901058012118,Greek Yoghurt Alphonso Mangoes,Nestle a+
8901725015428,Sunfeast marie light Vita Orange,sunfest
8904054111366,,
0690225106474,India Gate bsmt Regular choice 5kg,
8908020854752,Dark Chocolate Whey Protein Isolate,Wellbeing Nutrition
8906020461116,,
8906076131971,Zero Maida Country Sourdough,the Baker's Dozen
8901058016116,KitKat 50,KitKat
8906142773968,Anjeer Dry Fruits Barfi,Bolas
8850291112164,Cassava Chips,Noi
8901725007775,Malabar Paratha,Aashirvaad
8906088860715,Current 현재 국수 Noodles (5 Pack),
8908001105149,The On1y Oregano You Need,On1y
8901526204731,Garnier color naturals,Garnier
8906001090137,Premium Basmati 1121,Golden Grain
8904025933102,Instant Palappam Mix,Palat Taste Of Kerala
8996001600382,dindonesia,
8904073713244,,
8901440201182,Eastern Garam Masala 100,100g
8901200200042,parachute Gold Coconut garlic 2yrs prod,
8906005618498,English Tea Cake,Winkies
0670087143015,Tellicherry Pepper Buffalo Jerky,Doki Foods
8903023287699,More Kasuri Methi 25 gm,
8901063164345,,
8908006223206,Bhadran Moong,Opera Namkeen
7622202210433,5 Star,Cadbury
8901370000039,Chandrika Soap,
8908000105027,Papaya Soap,
8901030623721,Pears Soap,
8901030623790,Pears,Pears
8908016790644,BEVZILLA coffee,BEVZILLA
8901287100419,Soap,
8901207099106,Red,
8901058006377,hshs,
0961202001106,,
8906009010854,Gold Premium Brown Sugar,Parry’s
8906017460528,0068,I-DEW DS
9080480002283,,
8906165781575,Protein Powder,MuscleBlaze
8906088702930,Cacao Powder,Didier & Frank
8901088069120,Saffola Honey Active,Saffola
8904264000627,Sparsh Lime Pickle,Sparsh
8906012844361,100 ml,SKIN GARE
8906095290857,Methi Kodubale,Adukale
8906184010144,Chia Seed,Unknown Brand
8904208600241,Chana Masala Spice Mix,Rasoi Magic
8906015500486,Keventer cheese corn,Keventer
8906172180002,Masti Packaged Drinking Water,Masti
0001105154061,,
8906032019855,Patanjali atta doodh rusk,Patanjali
8906152260182,Sundar coconut cookies 30 MRP,
8906152260205,Sunder jeera salt biscuit 50 MRP,Sunder
8996001312452,milkfist 5 MRP,
8906022430325,vithoba manjan 10 MRP,
8908014100377,,
8901138502065,confido,
0941729304041,,
8906016811741,,
8908005545873,,
8906089155834,8906089155834,Celia
8908002735321,High Protein Bread,Golden Bite
0000203927288,Whey Platinum Isolate Chocolate,Nakpro Nutrition
8906151601696,Choco Chip Brownie,Cookie Man
8906007283106,Soya Granules,Fortune
4902430407984,shoulders,
0773602646159,mac lipstick,mac
8908020017195,deconstruct sunscreen,deconstruct
0655990102960,glow serum,beauty of joseeon
8904064616066,,
8906068764347,Peanut Butter,NutBerry
8906045633277,,
8904043906508,Tata sampann Daliya,Tata sampann
8908005587514,Lush mixture,
03000078,KVTR Foods Sprouted Porridge Mix (mulapicha kanji koottu),KVTR Foods
8906069404419,Veg Mayonnaise Smart,Veeba
8904068931042,,
8906020461062,Harvest Gold Nashta Brown Bread,Harvest Gold
8901207045165,Odomos Attack Mosquito Racket,Dabur
8901030739552,Rin bar,Rin
8901030978555,Horlicks Chocolate Delight flavour,Horlicks
8904288628104,,
8904004405712,Haldiram's Rasagulla,Haldiram's
8904109400636,8904109400636,
8904132975408,campa cola,Campa
8900024306480,,Unknown Brand
9789395743341,,Unknown Brand
8901162004474,,Unknown Brand
8901083012145,Allegra Suspension,"Allegra,Sanofi"
8901030929496,,Unknown Brand
8901207005541,Ashwagandha,Dabur
8850477120501,,
6973010390185,coffee beater,hongxin
8906150022140,,Unknown Brand
8908013245376,,Unknown Brand
00421001,,Unknown Brand
8904336808007,Portronics Wired Mouse,Portronics
8901161107688,Basmatireis,Rozan
8901023001208,goodrej,
8908001158336,Fogg,
8901030873300,lakme milk fresh,lakme
8906169990058,Peanut Chikki Bites,Sweet Kaaram Coffee
8908002188691,Ring Papad,Noble
0075486087845,Other Information protect,
8906021922845,Honey,Shafi
8908022918018,Umami Flavour Instant Ramen Noodles,JIFY
8904355405966,,
8906010367763,8906010367763,GRB
8906021073455,PEANUT BUTTER Americana,
8901499009654,,Kellogg's
8909081001901,all rounder sweet and salty,sunfeast
8906033531271,snapin garlic powder,snapin
8906033530205,snapin ginger powder,snapin
8901192106223,red chilli powder,catch
8904258700250,8904258700250,raw
8901063325920,Britannia Toastea Premium Bake Rusk with Real Elaichi,Britannia
8906034903213,Crust & Crumb cocoa powder,Crust & Crumb
8901030003066,dove,
8908016207012,Zero Sparkling Water,Polka Pop
8908014463007,Deepak Bhagar 500 g,Unknown Brand
8901030877179,Red Label tea,Red Label
0745125573342,sunflower seeds,notty nuts
8904004417524,papad chavanu 200g,Haldiram's
8904043927282,Tata sampann chicken masala 10 MRP,
8906055780510,savji mutton masala 10 MRP,savji masale
8904004411119,rusky classic toast 10 MRP,Haldiram
9082792619531,Roti Barkar keju,
8901393025798,CHEWY Chupa STRAWBERRY FLAVOUR SOFTand CHEWY,
8993058202101,Bejo jahe merah berkah,
8908014193751,,
8906020732773,Fuoride) Mini CHoco Balls,
8904304389637,Boondi,Amirtham
8906081380692,Coriander Leaf Spice Mix Powder,Swetha
18907473598503,asian,waterproof-17
8906078180465,DNV GREEN CHILLI FLAVOUR,DNV
8901071733052,hershyys kisses,
0000101646249,,
8906013032804,,
8906033533008,hoi momo sauce classic green,hoi
8902762862747,foundation,
8901030922992,soap,
8901595972111,8901595972111,
8908013241385,Grain Free Pancake Mix,Atmosphere Studio
8906043347985,Supply 360,Supply 360
8906165781599,BIOZORB PERFORMANCE WHEY,MUSCLEBLAZE
8904027305815,Cetaphil baby saop,
4103040019936,seba med body milk,
8908004655290,uv doux,
8901063344495,High Fiber Bread,Britannia
8906078262215,cremica,
8908019622959,Novruz zer,
8908019622782,Novruz zer balaca,
8906088700493,Ultimate Dark Chocolate,Didier & Frank
8904004400625,Lemon Bhel,Haldiram
8901030901614,dove pink,hul
8939112609974,Surya sanau dental pest 100 g,
8901030439537,taaza dust,Brooke Bond
8901023021015,Rich Creme N/black,
8908000175129,,
8901719129056,,
0794677509798,Advanced Protein,Myofusion
8901552024068,Baked Pav Bhaji,Ashoka
8906021124270,,
8904206218196,boisson lemon bora 400ml btl,495
8908000175099,boisson citron 350ml zen btl,600f
8904077202058,Ginger Garlic Bajri Khakhra,Maniarr’s
8906059636745,Turbo 17g Greek Yogurt,Epigamia
8901571007356,Crocin,
8906020010536,Chocolate Protein Shake,Just
8902979050432,,
8904098970240,Joyo Clean Max Cotton Mop,Joyo
8908012945703,Red Lentil Crisps,Pink Harvest Farms
8901662029151,Paneer chilli mix,Suhana
8904135584348,Coffee Almond Laddoos,Eat Better Co
8901972161565,Eclairs,Dukes
8906034814113,,
8904017007446,Lotus zuckerstücke,
8901777169124,Paneer Kulcha,Vadilal
8907592001151,,
8908006646241,Makhana Butter Tomato,Makhana
8851613003573,Sriracha,Real Thai
8901063401778,Britannia,
8906143890121,Dark Chocolate Peanut Butter,The Whole Truth
8906094750253,MURALYA GHEE 500 ml,
8906027998820,mark premium,Mark premium
8904327600948,MYFITNESS Chocolate Peanut Butter Crunchy,MYFITNESS
8904051203972,Malabar Restaurant Porotta,Nilamels
8904063000453,Softesh Square Food Container,Steelo
8901719128608,parle G Royale,parle
8906007280310,fortune sun lite sunflower oil 15 litre,fortune
8908000546851,Swad groundnut oil,Swad
8906159410634,croissant sabaho,Bauli
8906159410627,sabahoo,
8904083301585,Honey & Fig Yogurt,Milky Mist
8904206004836,,
8901030718854,lifbuoy,
8906113491372,Masala Oats With Millets(Dal Shakti),Tata Soulful
8901808000419,Drinking Chocolate,Weikfield
8906095123872,Wonderland chilean inshell walnut 1kg,
8901207051005,real lemon,real
8904362534055,Rosemary champi oil,
8908009059314,Garlic Bread,The Health Factory
8902901227147,Good Life cashew 2 pieces 500gm,
8906170520411,Citrulline Malate (Cola),Nutrabay Gold
8906005911360,Chana dal,Aakash
8901414000728,Moong dal,Bikani
8903023005644,more walnut whole 500 gm,
8906059160646,Regency California Pistachios 200g,
8902901223569,murmura,Good Life
8906009071626,Cashew Badam Cookies,Unibic
8901688122966,sumeru,Sumeru
8908014100247,,
8904063223531,,
10810521030465,30/40 24 Pound,
20753393792888,swai fillet 7-9 Oz,
8901262110259,Whey protein,Amul
8904327602003,MYFITNESS Junior Chocolate Peanut Butter Smooth,MYFITNESS
8906101980215,"Bengal Gram, Roasted, Salted",Royal Chana
8939122243496,Zinc Monometheonine,Naturaltein
8901207043208,real guava vitamin boost,real
8906091721058,,
8901138513573,Himalaya Baby Powder 2yrs prod,
8906001055044,Avakaya Pickle,Mother's
8906112662735,Basil Raw Seeds,True Elements
8906043190239,,
8904063255501,cheezi balls,haldiram's
8906001405665,Ginger Paste,Mother's Recipe
8906159660749,DeHaat Himalayan pink salt,
0946249077581,unibic chocokiss,
8902080002801,tropicana fratz mixed fruit magic,tropicana
8901888005427,real activ,real
8906098770226,,
8906021124294,,
8906112995673,Protein Roti,Protein Chef
4904489300353,,
8906032011613,refined soyabean oil,mahakosh
0796520377288,manchar Gold Atta,manchar Gold
8908000870031,Jeera Khakhra,Jaimin
8901088766937,,
8906020580367,Tender Coconut Pulp,ID
8906017290071,Bisleri 5L,
8901207044328,Soya Milk,Real Health
8900185245208,SGP Rava 500g,SGP
8900185245178,SGP maida 500g,
8908000658042,Swad chai 100 g,Swad
8908000658035,Swad  chai 250g,Swad
8906021240024,Suraj masala 45g,
8906009079677,unibic multigrain,
8909081002380,Tiramisu Minis,Fabelle
8901542001888,Complan Nutrigro,Complan
8901063012752,BRITANNIA MiIk Biscuits,
0000437503044,Lay's tomato 🍅,Lay's
8904355405546,Calcium + Vit D3,H&B
8908003623122,DNV Souff,DNV
8906113441902,Pâte Arachide Creamy 340g,
8901071704847,Exotic Dark Turkish Hazelnuts,Hershey's
8939118469794,Magnesium Glycinate,Naturaltein
8901035056951,Thé victoria Cocktail,
8901035055923,Thé Victoria Ananas,
8901035062068,Thé Victoria WaterMelon,
8901035054070,Thé Victoria Orange,
8901035060149,Bte Thé Victoria Poudre 200g,
8901035062426,Bte Kdo thé Victoria 6 variété,
8901063014268,,Britannia
8906130490341,,
8904355401814,Apollo Life Chyawan Health Gold,Apollo Life
7622202225598,OREO,Oreo
8906097597794,Reload,Fast&Up
8904043927299,Tata sampann Coriander Powder,Tata sampann
8901552026314,Paneer Kulcha,Ashoka
8909081005046,Dark Fantasy Choco Fills,Sunfeast
8907316003294,Mother Recipe Garlic Chilli Sauce,Mother Recipe
8904132974258,campa orange,
8901220600686,honey,Baidyanath
8906005060020,cocojal mango,cocojal
6924339210593,Hair straightener,
9907179008046,appy fizz,
8906032018551,,
8904422700079,,
8906002080618,,
8906016511702,gruhini custard powder,gruhini
8906016511856,gruhini baking powder,
5090006535250,gulab jamun mix,gits
8904417301762,www.mamaearth.in,
8904362515832,ROSEMARY,
8904132965676,masoor black whole,Simply Smart
8901361403948,"Scotch-,Brite Scrub","Scotch-,Brite"
8906051112148,Sweets Puff,Sartaj
8901207046728,Sanifresh,Sanifresh
8906036550804,Olivia Herb Bleach,
8909081000218,Sunfest Dark Fantasy Vanilla Fills,Sunfest
8906027713560,,
0911668147177,Date Name Subject Class Division: Batch No.: Mig. Date: Roll No.: Wéllness SERVICE,
8906003926649,Zing Munchy Masala POTATO CHIPS,Zing
8901393025804,chupa chups Tubes,
8901393024623,mentos rainbow,
7622202290572,Dairy Milk Silk Oreo,Cadbury
8901777967133,Kesar Pista Kulfi,Vadilal
8908009080295,Sirop Toux Grasse,Mucinal
8901595522101,sauce,
8901030962219,LIPTON GREEN TEA 10 PIC,Lipton
8906098770349,,
6907992106601,,
8901848020668,Cal c,1
8906010090289,Cream Cheese,D’lecta
0846203004885,BAKARWADI,Chitale Bakarwadi
8901030781711,pears naturalé body wash,
3967262180116,,
8904107305919,GRINDER,
8902314001280,Epiklin,
8901296053492,FBC Vitamins,
8904123503146,Tapioca Chips,A1 Chips
8909876543210,Swastik 20 MRP,Swastik
0701098274600,00 pizza flour,
8906150020078,vad fresh mouth wash,medical
8908019882124,"Cotton Candy, Strawberry Blast",Dobra
8901030649905,fair& lovey,
8908021242015,marcoz gel,
8906008680645,Chicken Burger Patty,SFP
8901662027034,Chicken Gravy Mix,Suhana
8904293723566,cara mia cocoa & shea butter body lotion,cara mia
8904043901060,TATA Salt,
8904043901268,TATA Salt,TaTa
8901777553107,Premium Milk Cake,Sweets Of India
8902756800212,fried chicken wings,godrej
8904083300595,Butter Cup,Milky Mist
8902592257324,,
8906509096327,,
8904057305076,,
8906099980280,Roasted Garlic & Onion Dip,Saucery
6287009830515,,
8908016793027,Bang Bang Sauce,Master Chow
8906161391310,Boondi,Let’s Try
5404017405264,Prime Whey Coffee,QNT
8901063017870,BRITANNIA 50-50 Gol Maal,britania
8908007322687,Cookies And Cream Protein Bar,Getmymettle
0400545600602,,
8901860010142,fevi kwik,pidilite
8904174000052,Masoor dal split red lentils,Kashish
8904568000125,,
8906055440155,organic masoor malka split,organic tattva
8906055440131,organic kala chana,OT
8000500437186,Kinder happiness times,kider Joy
8000500437162,kinder joy happiness times,kider Joy
8909081001130,Bounce,Sunfest
8909081001208,Bounce DAY & NIGHT,Sunfeast
8909081001154,bounce pinple crem,sunfest
8901725016289,Dark Fantasy Bourbon,Sunfest
8901725019419,mom magic,Sunfest
8901725000646,Mom magic,Sunfest
8902901222357,phool makhana,Good Life
8901155301443,gits gulabi jamun,gits
8906009451060,bio cucumber,Biotique
8904022915835,Bourbon Chocolate Biscuits,Holland Park
8906010910938,,
8906125461332,orasore mouth ulcer tablet,orasore
8908014250003,Almond Brittle,Loyka
8906131682691,Oats Multi Grain,Mille
8908002117059,рис басмати sarah,
8908010213392,ROASTED MASALA,makino
8908010213408,peri peri,
8908010213064,Cheese,makino
8908010213309,GARLIC ONION,makino
8904132965812,moth whole,Simply Smart
8904132965768,lobia red,Simply Smart
8908010213293,JALAPENO,Makino
8904132965720,chat chana,Simply Smart
8906167310742,moong dal small,Mark premium
2900116000124,Peanut Choco candy,Merry's
8904132965898,toor dal,SS
8906005671646,CORN CHips,Charlie
8906005671653,RAGI CHIPS,Charlie
8906005671332,SALTED YELLOW BANANA CHIPS,Charlie
4987176179920,tide matic top lord 2l,
8906005671677,SOYA STICRS,Charlie
4987176162762,ariel top lord 2l,
8901399078569,wipro safe wash 1L + 300ml,
8906005671660,TOMATO STICKS,Charlie
8908016538017,CHEESE,POP s
8901030943065,Rin matic bright like new clothes 2l,
0923703005380,BARBEQUE,POP s
8906064701148,Pineapple Drops,Malabar Delights
8906001021469,8906001021469,
8906018140023,Spring Roll Dough Sheets,Switz
8904198500033,vixpenim 500,
8906009073897,,
8901233037288,halls max,
8904293707535,Kabuli Chana,
0452345345435,kabuli chana,
45234534543500,kabuli chana ok,
45234534543501,kabuli chana,
8902901225150,urad dal,gl
0008860611220,kabuli chana,
0078678687688,xx,
8903023306048,more Turmeric powder 500g,
0008919321064,Test Product,
3948262220965,AMUL PIZZA,
8906027031855,Kolhapuri Thecha,Prakash
0121313123123,kabuli chana001,
8906078180175,dhaniya powder,DNV
8906112994591,High protein Madras mix,Protein chef
8901512564900,ACT 2 INSTANT POPCORN,
8906102540395,,
8901552028486,Plant Based Lamb Curry,Ashoka
8906111441249,Chickpea Tikka,Rassa
8906001025252,Whey Protein,Avatar
8901725012977,Sunfeast marie light,Sunfest
8901725016166,Choco Fills,sunfest
8909081000256,Dark Fantasy Sandwich Crème,Sunfest
8909081000317,Dark Fantasy Sandwich Crème,sunfest
8906074825544,methi khari,karachi bakery
8909081000232,Dark BISCUITS,Sunfest
8906080604669,Paper boat orange 250ml pet,
8902167000263,MDH cuury powder 100gm,
8906080604652,Paper boat lychee 250ml pet,Paper boat
8908022521102,Hydration I.V.,Evocus
8906154300138,Patajanli Allo Bhujia,
8906041816209,Eclair,Oshon
93569774,Blackmores,
0731946260103,Peanut Curd,One Good
8904064621480,,
8906024650035,,
8906024650127,,
8906161170717,Bevzilla Classic Coffee Powder,Bevzilla
8901968303139,,
3928320616152,Ynot jubube,Ynot
8902269007641,Lyophilized PANIV For IV Use only 40 mg ALKEM,PAN IV
8904132965805,moong chhilka,Simply Smart
8904132965713,chana mausmi,Simply Smart
8904132965928,chana kala whole,Simply Smart
8906009071107,UNIBIC Choco Chip Cookies,unbic
8906009077437,UNIBIC Daily Digestie,Unbic
8901063032958,BRITANNIA Treat Creme Wafers,BRITANNIA
8901063164406,TIGER Creem orange,bratina
8901063164376,BRITANNIA TIGER CREME,bratina
8901063164390,TIGER elachi,bratina a
8901262221375,Amul BUTTER AND WHOLE WHEAT ATTA,Amul
8901262221368,Amul BUTTER CASHEW,amul
8909081001192,Bounce  pineapple cream biscuit,sunfest
8901725102517,Sunfeast MOMS MAGIC Fruit & Millk,sunfest
8909081005107,Sunfeast MOMS MAGIC Ghee Roasted Nuts,sunfest
8909081000294,Dark Fantasy Sandwich Crème VANILLA FLAVOURED CREME,sunfest
8901018855496,,
8908012692201,Marine Collagen,Wellbeing Nutrition
8906068762572,Peanut Butter Chocolate,Nutberry
8908016501011,Tawa Masala Tempayy Cubes,Hello Tempayy
8902579002312,Smoodh chocolate hazelnut,
8901262072465,Dark Hazelnut Chocolate,Amul
8906180200013,Matcha Mint Tea Artisanal Chocolate,Everything Chocolate And White
8906127551451,Overnight Oats Dark Chocolate,Alpino
8901512935403,sundrop peanut butter,sundrop
8906006783065,Surabhi - no onion no garlic original tomato Ketchup,
8901063165793,good day,
7622202272639,Cadbury Dairy Milk,Cadbury
8901552027861,Green Chilli Pickle,Soul
8904063224668,Mirchi Pakoda,Minute Khana
8906118340675,,
8901414015562,,
8908019040180,Clear Whey Protein Mango Peach,Protyze
8901262030250,amul pure ghee,
8904076002031,Nambisan pure cow ghee 200 ml,
8901088788359,Saffola Oats,
8904300203104,glucose,
8901719107320,PARLE Fab JAM-In With Mixed Fruit Jam,Parle
8906127550386,High Protein Super Muesli But Delight,Alpino
8906136791534,carrot pickle,
8906033261864,,
8904023013127,маска для волос тричап,
8906028939501,Papergrid,
8909106004450,,
3583783834125,Sports Drink,Decathlon
8906115980430,Cow Ghee,Himalayan Natives
8904073778960,,
8906034820626,FONTANA,
2197328001494,Pane Rustico Baguette,Harry
8904089325141,Ice Cream Sandwich,Havmor
8904004443561,Paneer Tikka Wrap,Mo’plleez Wrappo
8901144000760,Tilda Pure original Basmati,Tilda
9909212821599,,
8903553132292,Ram bandhu kichen king,
8903553535109,ram bandhu udad papad 10/-,
8901042970486,Badam Drink Mix,MTR
8906001023128,Govardhan pure cow ghee 1ltr,
8901832000157,Annapurna Cow Ghee 1ltr,
8908002753035,Red cow ghee 500ml,
8901262030540,Amul pure ghee 500ml,
8901262030519,Amul Cow Ghee,Amul
8901832205002,Annapurna ghee 500ml,Annapurna
8906001023043,Govardhan pure cow ghee 500ml,Paragon Partners
8908003463018,Jharna Ghee 250ml,
8908004203026,Morton brand Ghee 200ml,
8901262030533,Amul pure ghee 200ml,
8904084511396,Baidyanath prm Cow Ghee 200ml,Baidyanath
8901725100339,Svasti pure cow ghee,Aashirvaad
8908002753028,Red Cow Ghee 200ml,
8908003463025,Jharna Ghee,Jharna
8904084511372,Baidyanath premim Cow Ghee,Baidyanath
3608393248411,Energy Gel,Decathlon
8906144490634,Cold Coffee,Sleepy Owl
8908006646128,Makhana,Mr Makhana
8901777136065,Aloo Tikki Kathi Roll,Vadilal
8901725008895,aashirwad atta 10kg,Aashirvaad
8901047512100,kohinoor atta 10kg,
8906134951060,Mermaid face wash,
8908003135786,Al douha Salt,
8906001380405,8906001380405,
8906012890436,CHOCO CHIPS,BAKERS
8906012890412,Badam drink mix,bakers
8906012960078,Mango Powder,Bakers
8906012961143,Mandi masala,Bakers
8908013172214,Chocolate Brownie 21g Protein Bar,Phab
8906012890085,Caramel Pudding Mix powder,Bakers
8906012892065,Payasam mix,Bakers
8906012890375,Crystal Jelly Orange,Bakers
8906012890160,Crystal Strawberry jelly,Bakers
8906012961174,Chicken Lollipop Mix,Bakers
8906012961198,Chicken Manchurian,Bakers
8906012960245,Tandoori Chicken,Bakers
8906012960160,Kasuri Methi,Bakers
89844816,,
8908009559074,Soya Sauce,Bakers
8908009559036,Tomato Sauce,Bakers
8908009559098,Red Chille Sauce,Bakers
8908009559081,Green chille Sauce,bakers
8908009559104,Vinegar,Bakers
8908009559142,Rose sharbat,Bakers
8906057021840,Durum wheat fusili pasta,Chef's basket
8904089994361,Heritage Buffalo milk,Heritage
8906081385611,Corn Samosa,Swetha Telugu foods
4908207308003,,
8908016501035,Hello Tempayy Peppery Szechuan Chilli Soyabean Tempeh Cubes,Hello Tempayy
8906005670809,,
8906143760196,Cookie Dough Delight Layered Protein Bar,Freely
8901552027885,Shredded Mango Relish Pickle,Soul
8901440208457,kabsa spice mix,eastern
8904406364969,Boondi Laddu,Oris Foods
8902286020302,Batch No.,
8906002340040,Stone Ground Wheat Flour Atta,Rajdhani
8901063160347,Pure Magic,bratina
8901725017828,Sunfeast marie light Vita Orange,
8901117227873,,
8909081000331,Dark Fantasy VANILLA FLAVOURED CRÈME,sunfest
8906033740130,Mcvities Marie,
8906048913406,,
8908001017893,,
8908004238424,,
8809877050109,Toppoki Original Spicy,Koco Foods
8994963003128,Indomie Instant Noodles,Indomie
7622201757274,Orion Vanila cream,
8901058845693,Chilled Latte,Nescafe
8906029451712,8906029451712,
8906092170015,sooji,swastik
8906010361914,,
8908002635010,krutika gur,Kritika
8904137454861,summit roasted chana,
8901652141801,Priya gold snacks zigzag,
8901652142051,Priya gold cashew cookies,
8908003972848,Mario cake rusk,
8904082785256,kemchho methi puri,
8904082785287,kemchho sev,
8904082785263,kemchho tea time puri,
8904082785065,kemchho Bombay bhel,
8904082785201,kemchho dry fruit kachori,
8904082785447,kemchho manglori mix,
8904082785362,kemchho sakkarpara,
8904082785096,kemchho Indian mix,
8904082785348,kemchho papdi,
8904082785355,kemchho Bombay puri,
8904082785324,kemchho boondi,
8901414015333,bikano papad amritsari,
8901414044487,bikano papad jeera,
8908016501189,Thai Chilli Tempayy Thins,Hello Tempayy
8939123210862,Peanut Butter Powder,My PB
8906078267708,crisp n lite,
8906143760219,Cocoa Peanut Pleasure,Freely
8906033744428,MEVities TASTIES CASHEW ALMOnds,
8906033744411,MVities Butter Cookies,mcvities
8906033742158,Mcvities  Marie,
8906033741618,Mcvities WHOLEWHEAT Marie,
8906080601477,paper boat till chakki,paper boat
5060465381736,The Strong Protein,Innermost
8901063017900,Gol mal BUTTER GARLIC,
8906010367350,Chum Chum,GRB
7622202274152,Cadbury  CHOCO BAKES,cadbury
8906151940122,Cranberry Cashew And Almond Chocolate Bar,Wild Date
8904071700949,Golden Mix,Chheda's
8901777132067,Kathi Roll,Vadilal
8901063004177,BRITANNIA Good day CHOCOCHIP chocolaty,britania
8906001025771,Whey protein,Avvatar
8901063094253,BRITANNIA Good day PISTA BADAM COOKIES,Britannia
8906033744329,MEVities Hobnobs,mcvities
8906082529939,,
8906099095366,ACIFRESH,
8906033740215,Mcvities TASTIES CASHEW ALMOND,mc vities
8906033740208,MVities TASTIES BUTTER COOKIeS,mcvities
8906033745951,MEVities TASTIES VANILLA CREAM SANDWICH BISCUTS,
8908001551007,KOKANRAJ KOKUM SYRUP,KOKANRAJ
8901117283497,Skoodle DRAWİNG,
8902268013261,Anmol Hit & Run Choco Chip Cookies,Anmol
8901537076938,Every day bamti rice 5kg,
8904132948860,Ind tibar bamti 5kg,
8904132948808,ind super bamti 5kg,
8904132948822,ind rozana bamti 5kg,
8904132948907,ind dubar bsmti 5kg,
8906133407124,shilajit gummies,root labs
8906112662438,Quinoa,True Elements
8908035141038,Sarkara varatty,Quality bakers
8902167001413,MDH Sunflower power 100gm,
8906131680512,Date Powder,Slurrp Farm
8906133401436,,
8908008818721,Gingelly oil,
8901088074438,parachute men reduces dandruff,
8906015741452,Orange Jam,
8904406393297,Manha soan papdi,
8904406393136,Manha soan papdi,
8906150471023,Hazelnut Spread Chocolate Crunchy,The Butternut Co
8904132974098,snactac chocofills,
8901435014223,white knight facial tissues red,
8901595972531,chings paneer chili masala mix,
6017573537202,moong papad,ram bandhu
8904104732022,JK Hing 50g,
0961196550130,Everest hingraj 50g,
8904053501397,Goldiee hing 5star,
8901491003919,Lay's Mexican Salsa Flavour Potato Chips,Lay's
8904089318341,,
8906168970525,ABIS GOLD,ABIS
8908011916018,Vidyashree Chakki Atta,Vidyashree
8908017962095,Wicked Gud Noodles Schezwan,Wicked Gud
8906151232708,,
8903241810372,,
8906071103249,red &white,
8901088770354,safola masala ots  3classic masala,
0007000410075,tata soujfuk desi veggie,
8908010213699,MAKINO NACHO CHIPS ROASTED MASALA,makino
8908017962231,instant noodles,wicked gud
8908017962354,wicked gud masala noodles,wicked gud
8908023783004,Taste Box Tutti Fruity Muffins 140gm,
8906013960299,bioline,
94627688,k-chow korean ramen,masterchow
3948063093416,,
8901030978456,cocoa glow,Vaseline
8906143180147,Non Stop Hara Matar,Non Stop
8906097591594,Lean body l-carnitine,Fast & Up
8908011479117,Calcium + Vitamin D3,Tata 1mg
8906151940047,Choco Hazelnut Butter,Wild Date
8906069404723,Green Sauce,Veeba
8901440021094,Eastern cumin powder 100gm,
8901709023128,Sirloin,Allana
8906069402651,Pizza Topping Creamy Tomato,Veeba
8906069403443,garlic chilli chutney,wok tok
5059883468013,Impact Whey Isolate India,Myprotein
8683130050101,Cream Of Mushroom Soup,Knorr
8904119633178,Sitaphal Ice Cream,Top N Town
8904061111595,Sparking fruit punch,Ka
8908005485117,Xacuti masala (Dry),Regos
8901030976148,horlicks 1 kg,
8906118415267,plum Body oil,plum
8906087773566,mama Earth toner,mama Earth
8901095800112,societv,
8902082801532,ginger coffee,
8906064651764,burger mayo,wingreens
8906064651733,barbeque mayo,wingreens
8901052002078,tata tea 400g,
8901052009633,tata tea jar400g,
8906064651665,sriracha mayo,wingreens
8906119080587,GRAN,
8907316008510,spicy tomato,mothers
8901058009002,Choo Strawberry Flavour,Milkybar
8906082370708,Roasted Almonds Ice Cream,nic
8904320003128,peanut butter creamy,DiSano
8904004403053,Udad Papad,Haldirams
8906002000135,garlic chilli sread and dip,
96046517,barbeque mayo,wingreens
8906008350630,ragi rich baby cereal,manna
8904258703350,Green Iced Tea Jasmine,Raw Pressery
8906019080083,Chilli Chicken Seasoning,Banne Nawab
8901044404415,,
8906144680110,Dark Chocolate Chips,The Select Aisle
8904364600024,Basmati Rice,Shrilalmahal Empire Basmati Rice
8904083320647,Chocolate Cup Icecream,Milky Most
5060746525057,Frosted Ceream Milk Impact Whey,Myprotein
5056307324535,Banana Impact Whey Protein,Myprotein
5059883473253,Date Delight Impact Whey Protein,Myprotein
5059883365701,Pista Icecream Impact Whey Protein,Myprotein
8901030966156,green chilli souce,Knorr
8906058710255,Hoppits,schmitten
8906058710309,Hoppits nougat,schmitten
8906058710262,Hoppits nuts,schmitten
8901030539916,apricot in wonderland,Kissan
8906059636905,Strawberry Yogurt Everyday,Epigamia
8901088206303,Revive liquid,Maricos
8906069403436,cheesy melt,veeba
8901782001747,,
8904209303806,pickle,aachi
8906067029171,,
8901058004991,,Maggi
8906016492162,jeera rusk,elite
8906016492223,ELAICHI RUSK,elite
8906016491370,wheat rusk,elite
8901063325906,Toastea,britannia
8908009419347,saNdwich,bauli
8906064654079,Crisp Baked Multigrain Flatbread,Wingreens Farms
8939118468940,Nutrition Time,Naturaltein
8902268011304,amul mixed fruit cake veg,amul
8906001050629,Garlic Pickle,Mother’s Recipe
8906033261000,,
0800811030018,,
8906069404877,Tandoori Pizza Pasta Sauce,Veeba
8906143760189,Double Chocolate Duet,Freely
8904057397859,fruit drink orange,
8908024057067,Orange Chocolate Laddoos,Eat Better Co
0613759495050,Tandoori Tofu,Health on Plants
8906064281978,,
8900740451594,Blueberry protein powder,onescience
8906047004273,Sonamasuri Brown Rice,Philadelphia Pure&Sure
8908006936526,,
8908054879172,Honey Darna,
8906009075464,Unibic coconut,
8901719130892,HiDE &SEEK CHOCOLATE FLAVOURED Creme Sandwiches,Parle
8901063166509,,
8904335604204,High Protein Muesli Fruits Nuts And Seeds,Yoga Bar
8901662031017,Suhana paneer butter masala mix,
8901662027010,Suhana mutter paneer mix,
8908001105422,the only pasta mix 30 g,
8908001105859,the only piri piri mix,
8901192000200,Catch table salt,
8908001105316,The On1y pizza oregano mix,On1y
8901192226556,Catch hing 25g,
0850020298310,Cous Cous,Abbie’s
8904132932883,urad dal,gl
8901725013752,Mad angles,Bingo
8904132965690,chana green,
8906111441225,Rich Coconut Lentils,Tata raasa
8901595961405,Manchaw Soup Manchow,
8901088746755,Coconut Milk,Coco India
8901662031031,Veg Biryani Mix,
8906122540658,Seviyan,
8903363001092,Soyabean,
8903363003300,Alsi,
8902717020918,Sabja,
8906044461048,Hing,Vandevi
8901662002017,Kanda Lasoon Masala,Suhana
8904018604545,Paan Mix,
8906022670929,Appu Papad,
8901058018950,MuchBites,
8904255704091,Jeera Crisp,KIRTIRAJ
8904132919181,Desi kitchen ginger paste,
8904132926356,Desi kitchen tamarind paste,
8901192205285,Catch Garlic paste,
8901414030244,Chana Dal (Snack),Bikano
8906001052043,mother's recipe chicken biryani masala,Mother's Recipe
8906009532219,,
8901786071005,pavbhaji masala,Everest
8904104725512,jk kashmiri lal mirch,
8904104717050,jk black pepper powder,JK
8901781000598,sunrise chicken curry,
8901781000789,sunrise Sahi garam masala,
8901781000659,sunrise kashmiri mirch pwd,
8901192107121,Catch hadli,
8908024066380,Schezwan Noodles,Kook By Pluckk
8901499011824,𝙝𝙖𝙧𝙨𝙝𝙚𝙮𝙨 𝙘𝙝𝙤𝙘𝙤𝙨,𝙠𝙚𝙡𝙡𝙤𝙜𝙨
8902710510027,HIGH FIBRE MUESLI,Bagrry's
8902710200010,WHEAT BRAN,Bagrry's
8901745110509,RKG AGMARK GHEE 50ML,RKG
8908003714011,kanaka,kanaka
8908003714097,Besan ladoo,kanaka
8906020494053,almond stick,lala
8906010365936,ghee pineapple halwa,grb
8906010090784,Cheese Slices,D'lecta
8908024057043,Orange Ginger Laddoos,Eat Better Co
8901777989173,Premium Rasmalai Mithai Ice Cream,Vadilal
8906166361868,Chocolate Daily Plant Protein,Open Secret
8906002661022,Coconut Milk Powder,KLF
8901189606668,aafi mixed pickle,
8901450000744,pour home,
8906095290390,RASAM POWDER,adukale
8908006646388,Makhan (S&P),Indigo
8908018247177,,
8901030861994,Active Wheel,Hindustan Unilever limited
8901052087716,Elaichi,
8906019080106,Tandoori Chicken Seasoning,Banne Nawabs
9381654600206,,
8901414058392,Assorted Biscuit Selection (Jeera),Bikano
8908016906267,,
8906051562837,Flexi creame analogue,Flexi
8907316000651,Fried Onions,Mother’s Recipe
8904051200780,Nilamels Tapioca Chips,Nilamels
8908017962088,Wicked Gud Noodles,Wicked Gud
8903553810497,Nashik chivda,Ram Bandhu
8908010245133,Pee Safe,Pee Safe
8901030783524,chocolate icecream,
8901499001016,,
8902901224979,masoor malka,GL
8909106025653,Horlicks classic malt 500g,
4740125582048,zemeņu jogurts,kreeka
7622202309830,Bournvita 200g,
8906010301095,CHAMPION Gold CREAM BLACKCURRANT FLAVOURED BISCUITS,Champion Gold
8906010301071,CHAMPION FRUIT CREAM BISCUITS,
8902901225044,B.Gram Roasted split,Good Life
8902901224535,white peas dry,
8904132981560,Urad whole,
8902901225013,Chana brown small,Good Life
8906009071015,Unbic Wafer Biscuit RICH CHOCOLATE,
8906009071022,UNIBIC WAFER YUMMY STRAWBERRY,
8901491003186,Quaker otas,
8901721009995,prabhuji chana Barfi,
10102810,Anti fungal spray 200ml,Squid fur ology
8901030978432,Vaseline cocoa buttar,
8904132964129,Masoor malka,
8939117993566,Bawarchi POHA,Bawarchi
8904358701591,,
8906095126873,Wonderland dry fruits combi,Wonderland
8906115423463,,
4627114947890,Baked Bhakri Methi,Urban Platter
8906059638596,Greek Yogurt Smoothie Strawberry,Epigamia
8902080003075,nimbooz,7up
8901808004769,weikfield falooda Rose,Wiekfield
8901808003069,Jelly Raspberry,
8907065118683,Puramate vanilla essence,Puramate
8904406102172,Chocolate Brownie Fudge,Get A Way
8901262202220,Dahi Yogurt,Amul
8901560160444,,
8901439000215,Morton pineapple slices,Morton
6923634950715,,
7622202207778,Bourn Vita BISCUITS,
7622202252396,OREO 30/-,Oreo
8907083113028,Makhana,Snack Factory
8901721000718,aloo bhujia,prabhuji
8908003206363,NAGRAJ,
8904335604358,Power Up Choco Peanut Butter Bar,Yoga Bar
8908003206196,hajmola,
0851033359005,Viva,
8906167310704,masoor dal small,
4752050235364,wild berries ice cream,rimi
8906169990997,,
8904063231581,,
8906069400664,8906069400664,Veeba
2000000152325,,Unknown Brand
8906003210601,Shiraz 2022,Sula Vineyards
8906113491204,Fruit Nut Muesli,Joyful Millets
8901548310564,everyuth  coco body lotion500ml,
8901030979415,Vaseline light hydr gel 180ml,
8909177000023,ATTA,Daily good
8903363001481,Sabudana,DMart premia
3948248240284,Kesh king340ml,
9506000024172,2pm noodles,2pm
9506000023854,2pm noodles,2pm
6271005009235,Smoked Turkey Slices,Khazan
9506000024981,2pm Noodles Italia Napolitana Pasta Instant Noodles,2pm
8908017962484,Wicked Gud Desi Manchow Noodles,Wicked Gud
7622202036064,chocolairs 130g,
0446447369353,,
8904055904585,Chicken Seekh Hot And Spicy,Meatizza
8906006170339,Manchurian Puffs,Oyes
4005292654234,,
8906046143454,Whole Green Mung Beans,Pride Of India
8901220448134,Baidyanath Triphala Churna,Baidyanath
4833002743172,Towuk Dolamasy,Taze ay
8690559015215,Ton light,Dardanel
8694918035302,Tavuk Fileto,tada
8905950000990,,
7622202298400,OREO PIKACHU,
8906009820118,maida,
8901058010572,Maggi,Nestle
89080061,,
8906141460166,,
0080668681964,,
8993137008815,Wardah  SALICYLIC ACID + ZINC Acne Clearing Low pH Foaming Cleanser ACNEDERM Memperkenalkan Wardah Face Wash dengan Acid Salicylic Acid Zinc Salicylic Acid + Zinc Wardah.,
8901578003764,pure and best instant kappi ginger coffee,
8904221695859,Atom Whey Protein Mango,Atom
8901670811533,Chana,Saras
8908006936533,,
8904406102226,Chocolate brownie fudge,Get-A-Way
8908005485056,Chicken Vindaloo Paste,Regos
6909042365730,puribi,
8908012365723,purbi,
8908012365716,Purabi flavoured milk mango,Purabi
8908022918025,Chilli Flavour Instant Ramen Noodles,JIFY
8901719135521,PARLE MARIE,Parle
8901719129179,PARLE COCONUT,Parle
8901262201933,Masti Curd,Unknown Brand
8902433007712,snikers,
8902171000068,Chittchore Teekhi Halchal,Chittchore
7622202294334,,
00585301,castor oil,
8908000273276,sambar powder,
8939123885152,Edamame,Green Gainz
0631656259810,Nitro tech 100% Whey Gold,Muscletech
8901689703737,Mint mojito,Mala's
0655172771762,Bombay charcoal fw 100g,
4987176105929,Gillette pro,
8906002001613,burger mayonnaise,Dr.oetkars
8906002004355,tandoori sauce,Dr. oetker
4987176311764,Tide Double POWER,
8906082373693,Alphanso Mango Kulfi,Grameen Kulfi
8906022901542,Safed,
8909106006485,Surf Excel Quick Wash,
8908007323141,Herb Potato Patty,Hungritos
8901030959257,Sunlight,
8906078780405,frozen fries,hyfun
8901262224130,amul kool,
8901689031038,Mala's Lime Cordial,Mala's
3052911219849,bleu curacao,monin
8901246003621,sliced green olives,Del Monte
8901262174107,,
8901030843150,Surf Excel Value Pack,
4987176175328,Tide Blue Bar,
8909106007123,Vim Extra Bar Anti Smell,
8902102163633,Exo Round,
8908003853031,sarso tel,lal kila
8902102163671,Exo Round Rs 86,
8908007029319,Multigrain Sub,English oven
8906022902013,Sparkle Bar Rs 35,
8906022902327,Sparkle Bar Rs 60,
8904132919983,Scrubz Rs 47,
8902102163664,Exo Round Double Pack,
8906145150346,Pancake Syrup No Sugar,NOTO
8909106000230,Vim Bar Rs 30,
8906108891798,,
8904109498855,Patanjali Bar Rs 10,
8904109498848,Patanjali Bar Rs 24,
8904132945470,Dozo Bar Rs 15,
3052911225413,pina colada,monin
8906127551215,,
8904192205392,A2 Paneer,Dairy Tales
0808042000077,DEEP PIRE CLEANSING MILK,
8908001158800,fogg violet,
8908001158497,fogg,
8908010213521,MAKINO NACHO CHIPS PERI PERI,
8908016538192,Pop butter pop corn,
8906002005222,tomato ketchup,dr oetker
8908010213934,MAKINO CORN MUNCH TOMATO,
8906008815511,poha,fortune
8908010213231,MAKINO SUPER Nachos - INDIAN CHAAT-,
0723172770655,green tea,teabox
8906153091662,Blue Tea Butterfly Pea Ginger Herbal Tea,Blue Tea
8906019730445,ghee,Prabhat Dairy
0694600016983,Bournvita,Unknown Brand
8906074827777,Masala khari,
8901058006643,Maggi 2 Minutes Noodles Masala,nestle
8906077740172,mix aachar,neeraj
8908018568067,corn starch,silver star
8906021510707,maida,gangwal
8906021510592,besan,gangwal
8906021510721,rawa,gangwal
3052911582172,cranberry,monin
3052911547546,spiced jamun,monin
3052911219733,watermelon,monin
0000409728116,green apple,monin
3052911627613,raw mango,monin
3948689031298,blue curcao,malas
8906078263786,Sub Footlong Bread,English Oven
8906138980004,,
8901023010415,CINTHOL,
8906117363903,ALMONDS,
8908016906281,,
8906057903542,,
8906067023216,Whey Gold Isolate,Muscle Blaze
8901233031736,Fuse,Cadbury
7622202329555,Fruit And Nut,Dairy Milk
8901595873548,Manchurian Stir Fry Cooking Sauce,China’s Secret
8906015501421,KEVENTER PANEER STEAK,KEVENTER
8902433008979,Boomer Lollipop,Wrigley's
8906013811591,5 Grain Mix 100% Roasted Pudina Punch,Roasty Tasty
8908002854749,Roasted Soya Snack,PROMUNCG
8906021510035,Gangwal Dosa / Uttapam Instant Mix/Premix,Gangwal
8901138818111,Himalayan,
8906120100106,California Cranberry Dried,Farmley
8901088752794,Cheesy Italiana Masala Oats,Safflower
8906069402767,Veeba Veg Mayonnaise Tandori,Veeba
9789386545459,The Power Of Your Subconscious Mind,Jainco
8906125981724,Corn Chips,4700 BC
8902049000657,Kesar Mango Pulp,Soghaat
8901063162587,,
8901648092612,cheese slices,mother dairy
8908011883273,beer,ginsberg
8905002004020,beer,kingfisher
8902027006060,bread,
8906064705788,Plum Cake,Malabar Delights
9270233579012,,
8901157045109,Godrej AER Lush Green,
8901207033735,Odonil Citrus Fresh,
8901207033711,Odonil Jasmine Fresh,
8901207034046,Odonil Sandal Bouquet,
8901207033704,Odonil Rose Garden,
8904132926738,My Home Air Freshener Lavender Trail,
8904132926721,My Home Freshner Jasmine Drapes,
8901396465003,Colin 250ml,
8770420115173,fenugreek,asian
8902710100648,Rolled Oats,BAGRRY'S
8901648001553,,
8901088200714,parachute oil,
8909509935184,,Kinder
8906034571849,Mango Pulp Alphonso,Mulackal
8906125982424,Cheese Popcorn,4700 BC
8908003872315,Poha,
8906155560166,,
8906005618177,marble cake,
8901399017902,Santoor 3×125g bar,Unknown Brand
8901030849305,lux Soft Glow 8 pack,
8904132908796,Good life mustard oil 1ltr pet,
8906008815993,Fortune rice bran oil 3ltr,
8904064616264,,
6294017130902,Chunky Caramel,Kitkat
8904011504903,Soya Chunks,
8902167101946,MDH paneer 65 masala 50 gm,
8850534119523,oyester sauce,golden prize
8906098770387,,
0841541001008,Almond vanillia,So Good
9506000025810,2pm veg,
8908006217915,Millet,Slurrp Farm
8906097545702,h,
8909106022034,Comfort Morning Fresh,
8909106022041,Comfort Lily Fresh,
4987176177551,Ariel Matic TL,
4987176177568,Ariel Matic FL,
8909106022089,Comfort Morning Liquid 2L,
8901781000772,sunrise sambar masala,"Sunrise,ITC"
8901781000550,sunrise biryani masala,"ITC,Sunrise"
8906010090906,Dlacta cheese,d lecta
8904043926650,Tata Sampann masoor whole,Tata Sampann
8901781000796,sunrise shukto masala,"Sunrise,ITC"
8901781000802,sunrise tadka masala,
8901781000680,sunrise meat masala,
8901781000628,sunrise machher jhol masala,
8902319040932,Orange Cool Flavour Orofer Xt OroferXt Oroferx IRON TONIC,EMCURE
8908000275034,tea premium,City gold
8901781000758,sunrise sabji masala,"Sunrise,ITC"
0722221102027,,
8904053501861,goldiee dry mango/amchur pwdr,Goldiee
8904053507146,Goldiee Dal Makhani,Goldiee
8904053503667,goldiee dal masala,Goldiee
8904053507184,goldiee rajma masala,Goldiee
8904053505685,goldiee chana masala,Goldiee
8904053502196,goldiee meat/mutton masala,Goldiee
8904053500420,goldiee chat masala,Goldiee
8904053501779,goldiee kashmiri mirch masala,Goldiee
8904053505579,goldiee Sahi paneer masala,Goldiee
8904053501953,goldiee kitchen King masala,Goldiee
8901207043192,Real fruit litchi Vitamin boost,Real fruit power
8904221697662,Whey Protein,Atom
8902779000217,Jasmin Ris,Indian Queen
8901552007870,Kala Chana,Ashoka
8906097549991,Eeeallius,
8908013439300,premium,
8906103930355,batch 9,batch 9
8904109430022,AYURVED LTD.,patanjali
8902433008467,Galaxy milk chocolate 110g,
8906069400237,white cheese sauce,veeba
8906133027339,Micellar Casein protein,NAKPRO
8901063362734,Britannia cake pineapple,Britannia
8901262151313,,
8901262040518,Food,Ferreo
8902080003136,8902080003136,
8906055440612,Organic Jaggery Powder,Organic Tattva
8906064283156,,
8906083700290,HF Super Brown Bread,HF Super
8908003623801,DNV Mixed pickle,
8907316010919,Mother's Mixed pickle,
8906001050667,Mother's recipe Mango pickle,
8907316010902,Mother's recipe Mango pickle,
8906141780066,"Zero Sugar Seeds, Nuts & Coconut Cookies",Artinci
8906001052531,Mother's Mixed,
8906097540998,coffiairs,
8906064656707,wingreens pizza and pasta sauce,
8904027302296,Doy Shop 500g,
8904132922204,Snactac pineapple jam,
8901030930355,kissan mango jam,
8904132922181,snactac mixed fruit jam,
8906075910034,ghee,shreedhee
8906014019026,papad,420
8906014019064,papad safed,420
8902967769575,,
8908004797518,,
8904063252289,,
8904063258144,Tandoori Naan,Haldiram’s
8901719131073,20-20 Nice,Parle
8906019778386,Nutraj walnut 1kg inshell,
8902901227482,Good Life Almond 1kg,Good Life
8906130900604,Orion choco pie,Orion
8901721004266,Dry Gujia,Prabhuji
8906069404549,veeba sauce,
8904104729206,jk urad bori,
0735745146019,ABOVEBOARD,
8906033530021,Snapin chili flakes,
89080498,,
0769807182301,Apple Cinnamon Kombucha,Si Nonna's
8905110008743,savlon handwash,Savlon
00008453,Sabja Seeds,Bawaa
8906081382429,Hand Pound Sona Masoori Rice,Telugu Foods
8908017853232,Sidr Honey,Barosi
8902901196467,Date Bites,Curate
5607780026234,Protein Chocolate,Prozis
8904293105690,tilapia fillet,Shera
8906118210992,Cheese Baked Snack Crackers,Bickies
8908003113050,peanuts butter,super nutri
0001003348823,,
7901046941667,kisaan sauce,
8901725135423,Mom's Magic Rich Butter,Sunfeast
8906112995895,Coated Peanuts,Lo! Foods
8903023012147,More Select Masoor Dal Red,More Select
8906036846860,Motta Karuppan Rice,Spicelands
8901626364700,White Corn (Cholam),Vaahaa
8906036840929,Red Rice Puttu Flour,Spicelands
8904064663596,Upma Rava,Annam
8901626364656,Boiled Little Millet (Saamai),Vaahaa
8901626364618,Boiled Kodo Millet (Varagu),Vaahaa
8906036849779,Foxtail Millet (Thinai),Spicelands
8906036848017,Basmati Rice,Spicelands
8901525354536,Emperor's Rice,Vaahaa
8906036849786,Pearl Millet (Kambu),Spicelands
8901626364762,Finger Millet,Vaahaa
8906036843760,Maida Flour,Spicelands
8908002984590,Tata soulfull Ragi Bites,
8908019229196,,
8901242114406,Bambino Vermicelli,Bambino
8901042965451,MTR Seviyan vermicelli,MTR
8901242107101,Bambino roasted vermicelli,Bambino
8901042971469,Akki Roti,MTR
8908005103141,VISHAL PAPAD MOONG SPECIAL,VISHAL
8901030834868,glow and handsome,glow and handsome
8908005103226,Rozana Papad Chana Chatpata papad,Rozana Papad
8904471310939,Organic Wild Honey,Indigenous Honey
8906001058151,Panjabi m p,Mother's Recipe
8901138513061,himalaya,
8901138513085,himalaya,
8901138513078,himalaya,
8908003115184,Almond Cake Rusk,Karachi Bakery
8906153562957,Dharwad Peda,Nandini
7419870621605,Pizza Flour Neapolitan,TWF
0011458003055,Pazzta,Maggi
8906059842054,Diet Chivda,Sonal Foods
8906069403375,veeba mayonnaise,
8901808006282,weikfield pasta Macaroni,
8901246006653,Del Monte Penne pasta,
4901049606665,Del Monte Fusilli,
8901058005790,Maggi special masala,Maggi
8901042970684,MTR Khaman Dhokla,
8904132919433,Desi Kitchen gulab jamun,
8908004316054,panda  veg Hakka Chow,
8904132912113,Masti Oye masala noodles,
8908014658007,The Theatre Project Gourmet Popcorn,The Theatre Project
8901491003933,Chips - Mediterranean Pizza Flavour,Lays
0001234525412,,
89012994,Red Velvet Cup Cakes,Kirkland
8904063229670,Punjabi Choley,Haldiram’s
0028400199544,,
8904057390331,,
8901560030549,pical,nilon
8901125015165,Sunfeast Farmlite Digestive,"Sunfeast,Farmlite"
0796554039572,,
8908004316207,panda treats,panda treats
8906045948371,amicadon,
8904067713212,Whole Wheat Khakhra (Pizza),Jabsons
8901117268357,entofoam,
8901030937170,Clinic plus,
8906090575553,too yemm,
9555022311371,ghost,
6909023032613,wwai wai,
8904406102196,Belgian chocolate ice cream,Get-a-way
8906167310827,Jammu Rajma,
8906167310810,Rajma,
8906167310803,Moong chilka,
8902901221848,masoor dal,
8902901221879,masoor malka,
8901526101061,Loreal P dark chocolate,
8904132965799,Matar white,
8904132965867,Soyabean,
8902901221978,UUrad Whole,
8901526100576,loreal Natural brown 4,
8904132965959,Moong chhilka,Simply Smart
8904132965935,Kabuli Chana,
8906167310773,Urad dal,
8906001055471,Mother's APPALAM,Mother's Recipe
8902901221817,Moong whole,
8902901221756,Kabuli Chana,
8904132965751,Kabuli Chana,Simply Smart
8906167310780,Kabuli Chana,
8904132953802,Kabuli Chana,
8902901224603,gl chana Brown small,
8906023888292756,LAL Chana,
8906027990152,LAL Chana,
8902901221725,Chana Brown,
8904132981478,Kala Chana,
8902901224764,Urad washed gota,
8902901221749,Chana dal 500,
8906167310667,Chana dal,
8904132949058,Chana dal 1kg,
8904132949164,Moong chilka 500,
8902901251128,Moong chilka 1kg,
8902901225105,Dal Mix 1 kg,
8906125982523,,
8901777674130,Rajbhog Kulfi,Vadilal
8906006854758,Funwich - Choco Vanilla,Baskin Robbins
8906006855335,Funwhich - Butterscotch & Caramel,Baskin Robbins
8904395003795,Tulsi nuts &dry fruits 400g,
8903236700459,No Nonsense Plant Protein - Malnad Arabica Coffee,Cosmix
8886467122873,pringls,Pringles
8906167310681,Masoor dal 500,
8902901221909,Masoor dal 1kg,
8904132981270,mustard whole big,BF
8904132964112,Masoor Malka 1kg,
8904132969391,Masoor dal 1kg,
8906008815214,Masoor dal 500,
8902901221985,Wash gota 500,
8906009820323,silver coin  suji,
8906167310643,Arhar dal 1kg,
8902901224733,Toor dal 1kg,
8901058013665,maggi hot and sweet,Maggi
8904132953840,Moong dal 1kg,
8904132965904,Moong dal 1kg,
8904132928558,Muesli,Aarambh
8904132949041,Chana dal 500g,
8906020580565,Creamy Thick Curd,ID
8908017753082,soya stick,bhujialalji
8901414057920,boondi,bikano
8904022909711,jeera biscuits,Bonn
8904258703312,Iced Green Tea,Raw Pressery
8906023411125,Cream Bell Sacch Mucch Aam,Cream Bell
8906034160777,,
6204023012147,,
0724500997539,Pecan Nut Butter,Butters & More
8906088861507,current,
8904132980648,Best Farm cashew 100g,
8901491002301,kurkuri p,
8901058003055,Maggi pazzta cheese macaroni,Maggi
4901969220385,,
8901155112117,Gita Kheer,
8901440000419,Eastern Tamarind,Eastern
8906111323415,Jannati tamarind 150g,Jannati
8901155128217,Gita Dhoka,
8901808000464,weikfield jelly orange,
8901808003816,weikfield custard,
8904132918801,snactac hot and sour,
8901030681936,knorr Manchurian gravy mix,Knorr
8901595961429,ching's Tomato soup,
8901719135088,Monaco,Parle
0235503595665,ching's Manchurian instant noodles,
0811307030405,taali p,Taali
8901037010333,Masala Chai,Girnar
8906010361594,town bus chakhli,town bus
8901130012005,Mfg. Lic. No.: MB/O4/87,
8906063970156,Diet Methi khakhra,Daily Dose
8906064654062,Baked Pita Bread Crusts,Wingreens Farms
8906159680068,Almond Butter With Pecan Granola,Snacq
8908014100124,Indian Gate BASMATI Rice,Indian Gate
8906005670250,Peanut Laddu,Charliee
8906019566143,Mango Jimjam Cookies,
8906010260422,Dheepam Parijit Lamp Oil,
8906010260118,Dheepam Lamp Oil,
8906001460800,Aroma Khaas Long Grain Biriyani Rice,
8901161102065,Golden Daily Meal Basmati Rice,
8901777968130,Tuti Fruti Ice Cream,Vadilal Quick Treat
8901123006141,Lotte Choco Pie Choco Brust,
8901123001559,Lotte Choco Pie Real Orange,
8904004442984,Cheese And Onion Paratha,Haldirams
8906064655656,wingreens premium Veg mayo,
94495317,,
8904256704229,Roasted Pumpkin Seeds,GoodDiet
8906074829191,Fruit Biscuit,Kaju Badam Biscuit
8906159410313,Sweet Cheese Creme,Bauli Moonfils
8902433007217,Boomer Krunch Strawberry Flavour,Boomer
8901777253113,Tandoori Paneer Jumbo Grilled Sandwich,Vadilal
4088600570877,,
8908004344002,,
8901262010436,Amul White Unsalted Butter,Amul
6942836717957,Cream Milk Chocolate,HERSHEY'S
8901071702638,HERSHEY'S Kisses Moments Assorted Chocolate,HERSHEY'S
8908018651516,Moong Dal Chips,Troovy
8904117211026,Soyfit Tofu,Soyfit
8939997430168,Multigrain Cookies,Bebe Burp
8901725177317,gold flack,star
8904132981553,Urad Dhilka,
8906059635229,Crunchy Cup Natural Greek Yogurt With Granola,Epigamia
8906005508102,tata power,
8906082760844,5 Star green peas Wallas fridge,
8908000770942,Aditi Pure coconut Oil,
8904408000575,Dosa Podi,Food Gate
4987176126634,Ariel Matic Liquid Front Load,
4987176126641,Ariel Matic Top Load,
8906016579986,Homelites,ITC
8906136651029,Peanut Butter Crunchy,Pintola
8909106015050,,
8904150196984,Jim jam,
0748927069648,Gold Nutrition Alphanso Mango,Optimum Nutrition
8906019778676,Nutty Date Bites,Nutraj
8901747002987,Instant Sugar-free Elaichi Tea,Wagh Bakri
8906054210056,,
8906067021502,,
8902901131178,jaggery block,gl
8906071430949,Basmati Rice,Ameenah
8906082371606,Alphonso Mango Kulfi,Grameen Kulfi
8901216713031,KS perfume,
8901396332114,Dettol shaving cream,Dettol
3948262150088,Homogenised Toned Milk,Amul Taaza
8908016442536,,
8901262020169,Gouda Cheese,Amul
8901725135232,sunfeast yippe,Sunfeast
8901721000442,prabhuji moong dal,prabhuji
8901512564801,classic salted,
8901725005924,sunfeast yippee,Sunfeast
8906064231232,Garlic Paste,Suhana
8906064231218,Ginger Paste,Suhana
8906071880157,,
8908004997918,Spicy Baked Chicken Wings,Prasuma
8901030927966,rexona deodrant,rexona
7622202291647,Bournvita 5star magic 500g,
7622202304026,Bournvita 5star magic 750g,
8901207020001,Dabur Glucoplus orange,
7622201763367,Tang orange,Unknown Brand
8906028841064,kasuri methi waghmare,sufalam
8901207053634,Real Coconut water pet 1ltr,
8993083933780,Ring Yuany WAFERS,
8901192300546,Catch kasuri methi 25g,
8908004539125,Corn,Merci
8906141780691,Zero Sugar Seeds And Nuts Protein Laddoo,Artinci Cookies
8906033262281,,
8906081120182,Happilo Walnut,Happilo
8908015136429,Rajgira Ladoo,Mom's Surprise
8906008351248,dates rich,Manna
8906008351088,banana rich,
7622202290756,Silk Ganache,Cadbury Dairy Milk
9551022731140,,
8908019229059,,
8901777023662,Frozen Kantola,Vadilal
8904408000469,food gate chukku kappi,
8908013252183,Muesli Fruity Crunch,Fit & Flex
8901023009006,Abha natural black,
8901023003868,Godrej Nupur henna,
8906141780806,Zero Sugar Millet Oats Cookies,Artinci Cookies
8906012890863,Baking soda,Baker's
8906015741025,Yellow Food colouring,BCooL
8901248744058,ZANDU,
0024433125123,Instant Khichdi Instant Rice & Moong Mix,Nirav
8901688121709,Indian Palak Paneer Gluten Free,Amy's
00007108,,
8904119606271,Cookie And Cream Ice Cream Sandwich,Top N Town
8906013030206,Wai Wai Quick,CG Corp
8991906301426,TOMAT,
24067767,ascoril,
8904132999459,,
8906054110691,Bhel puri,Good morning
8906141780820,"Zero Sugar Seeds, Nuts & Coconut Cookies",Artinci Cookies
8906014903462,SPECIAL OFFER CORN,
8809505546547,JMsolution MADE IN KOREA,
8906009536620,Berry Delite - Single Pack,RiteBite Wellness
8904258703480,Cola Energy Drink,Raw Power
8901537075900,Rice Cracker Peanut Mix,Kari Kari
8901052002061,TATA Premium Chai,
8901063401143,BRITANIA CHEESE SLICE,
8906000680056,URBANS Cashews,URBANS
8906116959107,Pre Workout 200,Muscleblaze
8901808006190,Baking soda,Weifield
8904340700656,Pass pass,
8906047050355,linical lotion,
8904006305638,wild stone,
8901725116668,Aashirvaad Svasti mango Lassi,"Aashirvaad,Svasti,ITC"
8906075080515,Khari - With Pure Ghee,Agree Bakers
8901357000014,Hi-Tea Tea bags,
8901357000021,Hi -Tea 50 bags pack,
8901357000052,Hi-Tea Loose Tea,
8901357000038,Hi-Tea 100 bags pack,
8902167101939,MDH Chicken 65 masala 50 gm,
8904063228055,Paneer Cutlet,Haldiram’s
8904082786697,Methi khakha,Kemchho
0045645134531,,
8901725007447,Original Style Potato Chips,Bingo
8906125980017,Butter Popcorn,4700 BC
8904340700670,pass pass,
8904340700649,pass pass,
8904340700663,pass pass,
9000690570402,,
8906004565953,Puffcorn Cheese Flavour,Diamond
8901425030042,Camlin whiteboard marker,Camlin
8904180001104,Korma Curry Paste,Vuk’s
8908024361393,High Protein Milk,Provilac
8906021921312,Al Shafi Natural Honey,
8906021922678,ALTAYYAB Natural Honey,
8903241710078,Brinjal Pickle,Bravin
8906015750034,Bcool Proper Pineapple,
8906015750027,Bcool Marvelous Mango,
8906015750003,Bcool Awesome Orange,
8906015743005,Bcool Orange,
8906015742183,Bcool Mango,
8939120648606,Millets Dosa And Idli Batter,Yours Freshly
8906013032910,wai wai atta noodles,
8906000594117,basmatiris,maharani
6908058013635,Maggi hot sweet,Maggi
0890610501822,Gippi Masala Noodles 70 g,Gippi
8901719129193,parle pari pari  (311.04 g,
8901063004061,brit Good day coco,
8901246007513,Del Monte Red Chilli Sauce,Del Monte
0885645051910,bodycology,pdc
8904073797978,,
0769503843230,Biscrunch Ice Cream Pastry,Get-A-Whey
8906150344235,Moringa Leaf Powder,BetterAlt
8906010704742,,
8904076000006,Nambisan`s,
8908000275775,City gold pyari chai 1kg,City gold
8906010360368,pure ghee,
8904063220233,Chips,Haldiram’s
8906027941543,Chaap Makhani,Regal Kitchen
4073743239965,The Whey Decadent Chocolate Flavour,MyProtein
8904258703565,Raw Pressary masala lemon shikanji,Raw Pressary
8906133401399,Little Joys Protein Mix,Little Joys
8906033531424,,
8906031931554,FILTER COFFEE,levista
8901777664148,Crunchy butterscotch ice cream,Vadilal
8909340000232,Cosmix Plant Protein,Cosmix
8904063222879,,
8908022776168,Propox animal wound powder,
8904406097249,Mango Ice Cream,Get-A-Way
8908019694260,Otilac ear cleaning solution 125ml,
8908022776335,Proline flea spray 100ml,
8908019694833,Proline flea spray 250ml,
8901764972058,,
8908019694727,Piokill 75g,
8906040376728,Rice,Preemas
8906001241102,equal low calorie sweetener,
8901542001635,glucn d,
8908003452593,zoopy,
8909106014558,red label natural care,
8906055440285,dalia,organic tattva
8904083519997,rock salt,24 Mantra Organic
8901542001239,Complan Creamy Classic,Complan
8908023514011,,
8902901223361,poha mota,GL
8906036300089,Rajgira,
8906160270654,,
8906118210756,,
8902433007699,Snickers miniatures,
8906113490795,,
0841541000360,UNSWEETENED,so good
8908003249339,Organic Set Curd,Akshayakalpa
8904064684393,Whole Wheat Chappathi,Chakra
8906017770290,,
8904042304022,MAIDA ALL PURPOSE FLOUR,Blue Bird
8904042305012,Blue Bird Self Raising Superfine flour,Blue Bird
8906064652228,Mexican Salsa,Wingreens Farms
8901565002244,,
8906078720609,Khatta Meetha Sev Murmura,Gopal Namkeen
8901453040815,SAFI. NATURAL BLOOD PURIFIER 100ml,
8908020616534,akhoi,ynot
8908001285886,Kerala sandal soap,
6925627308589,incolor blush,
8906002488520,doublemint,Wrigley s
8902901224023,Good Life cashew broken 200gm,
8901052007332,Tetley Black LEAF TEA,Tetley
8908000738645,,
8906005506948,bikaji Chips cream and onion,bikaji
8906005110626,Sales De Rehidratacion Oral,Unicure
8906133025939,Malai Kulfi Platinum Plus+ Whey Protein Isolate,Nakpro
8905110001805,Savlon Glycerin Bathing Bar,Savlon
8939122245230,Whey Protein- Max Pista Kulfi Flavour,Naturaltein
0796554039183,Mango Cheese Cake Chocolate,Ditch The Guilt
8901808004790,weikfield Falooda mix kesar pista,
7906011121013,Red chilli Soya sauce green chilly,
8906164151614,,
8906047973364,,
8901246004420,Chifferi Rigati Pasta,Del Monte
8906010090715,Cream Cheese,D'Lecta
8906020591714,Chilli Garlic Marinade,Cambay Tiger
8906112669253,Protein Muesli,True Elements
8901155304222,Soan Papdi,Gits
8901262010498,Lite Butter Spread,Amul
8908024066946,Frozen Mixed Berries,Pluckk
8906145151190,Kunafa Crackle Ice Cream Mini,NOTO
0701098285941,Fajita Seasoning,Urban Platter
8995084900198,DIAPER CREAM Manufactured by:,
8906163074990,Basmati Rice,Arabian Garden
8906001053811,Ginger Garlic Paste,Mothers
8908020440191,Tortilla Wrap,Habanero
8908013429585,sugar,
8908013429578,sugar,
8906111322791,malabar,
8908011645550,,
8901023009891,Godrej Cinthol pack 4,
8901399005992,Santoor 3nx 150g,
8901725005955,sunfeast yippe,Sunfeast
8902423170068,,
8906080600906,,
3948860630708,Fevicol,Fevicol
8901821006122,,
8901030976940,horlicks ĺ,
8906145150308,Noto Mini,Noto
8901719101144,Biscuits,Parle-G
8906006854918,Chocoholic,Brooklyn Creamery
8901030844980,life boy soap,life boys
8901030781643,close up,close up
8901777957134,Custard Apple (Sitafal) Ice Cream,Vadilal
8906125980079,Barbeque Popcorn,4700 BC
8901393018806,Alpenliebe Cream Strawberry,Alpenliebe
10177112,"red, soya, green",
7622202334009,dairy milk,"Dairy Milk,Cadbury"
8906009075884,Swaadesi Mysore Garlic Mix,Unibic
8906010504359,Snack'em Chokdi Masala,Balaji Wafers
8904067712628,chocolate peanut spread,jabsons
8906016014722,,
3948246006660,Foodcraft Fusilli,Del Monte
8908026090000,,
6271006711557,White Meat Tuna With Chili,Alwazzan
8901719922787,,
8904463100111,Creatine Monohydrate,Wellcore
8906006852082,Red Velvet Ice Cream Cake Slice,Baskin Robins
8904265411873,Kaju Corn Flakes,Amdavadi
84030193600543,Mango Totapuri,Unknown Brand
8906068766631,,
8906033746033,Hobnobs Oat Cookies,McVities
8904304501503,Tandoori Currypaste,SWAD
8901117289963,prolyte ORS Nimbu Paani Flavour,CiplaHealth
8904083304036,Natural Cheddar Cheese,Milky Mist
8901777871034,Kewra Kulfi,Vadilal
8906082372603,Chocochips,nic
8905002043012,UB Export,United Breweries
8901030891854,Choco Vanilla Cornetto,Kwality Walls
8901262176767,Bombay Kulfi Dry Fruits,Amul
8906059636325,Mixed Berry Yogurt,Epigamia
8908023404183,Mint and Lime Cashews,Tong Garden
8906125982042,Protein Pops Hawaiian Barbecue,4700 BC Gourmet Snacks
8901491003025,Dinamita Sizzling Hot,Doritos
8904043906942,Cold Pressed Mustard Oil,TATA Simply Better
8906040915668,,
8906042120329,Extra Light Olive Oil Spray,Hoffman
8906043348067,Salts Blue Raspberry,Supply 6
8906001020202,Go Cheese Slices,Gowardhan
6262207900062,Black Dates,Kimia
8906021510875,sattu gangwal,
8904132948662,independence superfine besan,
8904132948679,independence super fine besan,
8906165788666,Biozyme Whey PR x Singha,MuscleBlaze
8902433007989,Miniatures,Bounty
8906080232459,Instant Upma Mix,Induben
8908022173202,jaggery,just gud
8902901127218,nutmeg,gl
8904132972285,mace,GL
8904132981287,mustard big,BF
8902901223606,bajra,Good Life
8902901223798,sava rice,
8908005459002,Black Chia Seeds,NourishYou
7622202233975,Cadbury dairy milk silk chocolate 58.2g,
8901440206859,Beef Ularthu Masala,Eastern
8908003981185,Murukku,Krishna
8908023404176,Italian Cashews,Tong Garden
8901130028075,Ceflox-Dee Optic,Laborate10ml
6957148424400,HEXAPEPTIDE EXTRACT ESSENCE MASK,
8901120123308,,
8901117029897,,
8906045884570,,
8901117285897,,
8901117285040,,
8901117236431,,
8908018729673,Sourdough Bread,Suchali Artisan Country Sourdough
8906072561017,Chicken Garlic Krakauer,Meisterwurst
8902167101908,MDH dal. tadka mashala 50 gm,
8901012166512,pads,stayfree
8901725005900,noodles,yippee
6942836717858,Whole Almonds Chocolate,Hershey's
8904314705755,,
8906082372313,Belgian Chocolate,Nic
8906133021832,Calcium Caseinate Protein Vanilla Flavour,Nakpro
8901414015517,Shahi Mixture,Bikano
8901246006363,,
8908002332018,Jumbo Sandwich Bread,Kalory
8909106021396,Taj Mahal 100 g,
8901030877513,Red label,
8906102180751,Radicate spot on dog's 40-60kg,
8906102180577,Radicate dogs 10-20kg,
8908009308269,whiskey,teesta valley
8906102180584,Radicate spot on digs 20-40kg,
8908019694079,Doxy forte doxycline hyclate usp 100mg,
8908019694239,ciprovet eye ointment 5 gm,
8908022776533,Cephamox Cephalexin tabs 600mg,
8904008410224,Proactin syrup cyproheptadine hydrochloride,
8902290165235,Chloroheniramine 4mg,
8904134900941,Sucrafil suspension 200ml,
8906041742140,Troncil plus,
8906102700126,praziquantel 50mg,
8906041744694,Shwanmelox Meloxicam injection 5mg/ml,
8906078360126,cyclosporine ophthalmic ointment 2mg/gm 5gm,
8908019694734,Meloxvet Meloxicam 2.5mg tabs,
8906025962472,Fluoro Touch fluorescein sodium ophthalmic strip,
8908004711002,Reis,Shazia
8906013922785,,
8901030671685,baby dove massage oil,
8992946522161,BODY SCRUB,
8904083321569,Raspberry Ice Candy,MilkyMist
8906012070029,,
8906065031442,Karachi,Karachi Biscuits
8901440221050,,
8906095291199,Benne Muruku,Adukale
8906168750813,Madras Chicken 65 Masala,777 Brand
8905950001645,Bhelpuri Chowpati,Bikaji
8906145880267,The Cranberry Chilli Chase,Bon-Fiction
8901262150125,Amul whipping cream,Amul
8906006532403,Cashews Cheese,DCC
8906075910614,Plain Butter Milk,Shreedhi
8907093061043,Canned Tuna In Water,Tasty Nibbles
8908017962101,Penne pasta,Wicked gud
8906099980105,Tomato pesto,Saucery
8410125181508,Extra virgin olive oil,Figaro
8901088755306,,
8901058011630,(MAGGI) Rich Tomato Sauce 970Gram,Maggi
8906065169329,Chicken Breast Strips,ITC
8906095143955,Magnesium Glycinate,Unived
8908001697811,Garlic Naan,Fresh 2 Go
8908019229189,,
8906118211272,Cheese Crackers White Cheddar,Bickies
8906027947552,BROCCOLI & CHEDDAR RICE,Eat Regal Gourmet
8901512922700,,
8906082577008,Crusties Puff Korean Chilli,Cornitos
8906125980062,Belgian Coco Caramel Popcorn,4700 BC Gourmet
8904395005256,Dry Figs,Naturoz
8901012189535,Clean&clear,
8906167310766,Moong whole,
84017939001046,banana,
8904018307439,Medimix soap,
0617571143663,Swadish Mango Barfi 250 gm,AV Swadish
8901042971056,,
8901491003896,Lays Korean chilli,Lay’s
8906038231077,Chicken Malai Tikka,Zarabian
8906081031549,karam basmati rice,
8906001090113,basamathi rice,
8908005469155,Cinnamon Infused Honey,Honey Twigs
8904119606127,Vanilla Icecream Sandwich,Top N Town
8906010366797,Town bus moong dal,
8906133028008,Daily Fiber Supplement,Nakpro
8906078265766,cookies - potato thins,Bectos Food Specialities LTD.
8906066700378,kettle corn salted caramel,Kettle Studio
28853301006297,Wiskas in gravy,Mars international India PVT. LTD.
8904089306331,American Nuts Ice Cream,Havmor
89009741,Dabur Lal Dant Manjan Tooth Powder,Dabur
8908024066007,Roasted Tomato & Basil Soup,Kook By Pluckk
8904063220608,Plant Petty,Haldiram
8904209303387,Garlic Tomato Thokku,Aachi
7622202329586,Dairy Milk Crackle,Qadbury
8908011305065,Raw Organic Cacao Powder,Tree Foods
8904445900616,A2 Unsalted Yellow Butter,Highland Farms
8906128674050,Grass Fed Whey Protein Isolate,Food Strong
8902080404025,,
8906122501222,GM Foods chana sattu,GM Foods
8908000845435,Masala Muri - Masala Funda,Swissyum
8908003398020,Tofu,Pro Plant
8901042962542,Vermicelli Seviyan,MTR
8901764372032,Nimbu Masala,Minute Maid
0701098222205,Wheat gluten,Urban platter
8906167245709,Bajra Flour,Whole farm
8906167243538,Chana Sattu,Whole farm
8902433030109,Snickers Bar,Mars International India Pvt Ltd
8904083300670,Cooking Butter Unsalted,Milky Mist
8908000339873,Instant Remix,Karak Tea
8904405857424,Jawhar White vinegar,Jawhar
8908001658492,Orange & Lime,Ocean
0631656259278,Nitro tech Protine Shake,Muscle Tech
8903363008824,,
8907931000487,SENSIBLE PORTION BLUE SMALL,
8906019779208,Nutraj kitchen essentials cashew nuts,Nutraj
8906183980301,Pro Concentrate Whey Protein - Mango,BeastLife
8908000738515,Meriba Paneer Drink,Meriba
0701098284098,Sour Cream And Onion Seasoning,Urban Platter
8904071703315,Peanut Chikki Bar,Chedda’s
8904132906600,Gluco energy,Raskik
8906095124633,Raw california Independence Almonds By Wonderland,Wonderland
8904067711461,Roasted Unsalted Peanuts,Nut-raja
8906019771066,California Pistachio Inshell Roasted & Salted,Nutraj
8859032707300,Basil Seed Drink,Harvey's
8904188607933,Green Chana Frozen,Saurbhi
5060468737493,,
7622202029431,Cadbury rich dry fruit,Cadbury
8904340700397,Pulse LitchiFlavor,"pass pass, Pass Pass"
8904340700359,pulse orange,pass pass
8906172543807,Black Forest,Hocco
8909081003905,Rich Chocolate Cookies,Sunfeast
8906088700523,Sweet Dark 50% Chocolate,Didier & Frank
8908017962156,Wicked Gud Hakka Noodles,Wicked Gud
8901826601506,Milk (low Fat),Verka
8901063166684,treat green,
8901777627662,Kesar Mango Slices,Vadilal
8906033746101,Biscuits,McVities Digestive
8906057903276,Sauce,
8906051682221,,
8906165785733,Muesli Dark Chocolate,Muscleblaze
8909106040151,Classic Malt,Horlicks
8904132924512,Chatpata Sauce,Snactac
0701098296749,Tofu,Urban platter
8904120400820,Pancake Syrup,Abbie's
0007739588222,77395 88222,
8901063032712,Britannia treat,Britannia
8901725111908,,
8904057301566,Double Chocolate Flavoured Ice Cream,Arun Icecream
8000500165607,,
00026800,Alkem para ®650,
8906027610050,,
8906185240076,Concentrated Whey Chocolate Chip,Deep Impact
8906071265756,yum vainilla,amulya
8904209311986,Garlic Kulambu Rice Paste,Aachi
8901777418642,Methi Thepla,Vadilal
8906107170405,Chicken Breakfast Bacon,Prasuma
8992775305164,Garudafood MATCHA LATTE,
8992775002933,MALKIST Gery Saluut DOUBLE ABON gery,"garuda,MALKIST,Gery"
8906067022806,creatine,Muscleblaze
8901393029574,Chupa chupa tennis,
8906059160080,walnut,
9812310301224,tissue,xy
0723803344989,Ginger Snaps,Mo's Bakery
8906076132879,Multigrain Loaf - Zero Maida - Sourdough,The Baker’s Dozen
8901396513704,mortein 2in1 insect killer,Mortein
8901262120081,Sweetened condensed Milk Gold,Amul
8901552022279,Tandoori Naan,Ashoka
8901058020281,Munch Brownie Max,Nestle
8906095290642,Maddur Case,Adukale
8901030971266,fair lovely vinter,
8906118415731,plam face wash,
8908013252121,Crunchy Granola Happy Berries,Fit And Flex
8901721012896,kaju Barfi,prabhuji
8902433004001,Snickers,Snickers
8908002984378,Tata soulfull Ragi Bites,
8908018045063,choco Flakes,
8908002984361,Tata soulfull Ragi Bites,
8904220003938,Trauben Mix,
8906157330378,Chilli Cheese Bhujiya,Bombay Sweet Shop
8908001105668,Onion powder,
8901972079020,european,
8904063220370,Chilli Gobhi Wrap,Haldiram’s
8901012320211,Benadryl,Benadryl
0827016052669,Vinod 2 Tier Steamer,Vinod
8906083931496,Chana Burfi,DMB
8901036391730,PERCOL EXPRESSO NOIR COFFEE POWDER,PERCOL
0089094025816,Creamy Vanilla Whey Isolate,Isopure
8901207039973,Pineapple Juice,Real
8904004402612,,Haldiram's
8908015543173,Tangy Orange Flavoured Pea Protein,Green Protein
8908656123550,teranga,
8904063231734,8904063231734,haldiram
8901103110233,Fem,
8908001158893,fogg,fogg
0856309251134,Haan ragi instan,
8901063012882,Britannia milk bikis,Britannia
8902433008283,Snickers Mini,Mars International India Pvt Ltd
8901058022094,,Nestlé
8904061400163,Gokrunchee Wafer,Gokrunchee
9304034916513,Specialty Hot Chocolate - Junior Dark 50% Cacao,Mörk - Cacao Artisans of Melbourne
8904132976238,,
8904018604460,Kashmiri Mukhwas,Chandan
8908019757408,Cold Brew Coffee Sugar Free Ice Cream,Go Zero
8901725005030,Hazelnu5 Creme Wafer Rolls,Dark Fantasy
8902188349204,poha thin rice,
8906095290307,Chakkli Plain,Adukale - Sankethi
8906117091233,Peanut Butter Shortcuts,BRB
8902901221831,masoor whole,
8902901225075,masoor whole,
8902901224689,moong dal chhilka,
8908019229035,,
8901144002849,tilda,
8902346000220,,
8901571001415,Horlicks,
8901552029056,,
8906177260006,Choco Hazelnut Spread,Notta Sin
8906005667588,,
8901262020022,Amul Cheese Block,Amul
8906183980004,ISORICH BLEND WHEY PROTIEN,Beast Life
0946496791438,Vennala coconut oil 500ml,
8901709023135,Rib Eye Meat Slices,Shabu Shabu
8901709023142,Blade Slices,Shabu Shabu
8904155708793,Soventus ls,
0850030586353,Omega-3,Needed
8997011931954,cabe bubuk,DESAKU
8997011931732,"Marinasi Tempe, Ikan & Ayam",DESAKU
8997011931626,Bumbu balado,DESAKU
9555051603010,SERBUK KARI AYAM DAN DAGING,888
0788000652473,Whole Wheat Frozen Paratha,Jesluck
8901063368026,Gobbles fruit cake 55gm,Britannia
8904109613012,greentech Bhindi Whole,
8901777549643,Plain Puri,Vadilal
8906125982011,Crunchy Corn,Gourmet Crackers
8901719921995,Guava Chilli Flavoured Candy,Parle
8902268012080,Shortbread Cookies,Anmol
8906098770592,,
8906020588462,Plain Paratha,ID
8906143041370,Korean Ramen Creamy Hot Sauce,Yu Instant Noodles
8901030912092,Deep moisture,
8908025531023,Dhaniya Mirchi Aur Woh,Kilrr
4908419593785,Hair serum (bare anatomy ),
8904206218158,boisson orange 400ml bora btl,
8908000175068,boisson orange 350ml zen btl,
8904206218134,,
9085632822749091250907,Hokben,
0946459636882,Epigamia fruit yogurt (strawberry),
8901262301466,Chocolate Brownie Sandwich Gold Icecream,Amul
8901023005817,,
8901262220798,Coconut Cookies,Amul
8904083534945,Organic Low GI Rice,24 Mantra Organic
8908019708950,,
8904004401950,corn flakes mixture,
8908024314238,Red Pesto,Bun Maska
8908023404022,Spicy Lime Flavoured Coated Peanuts,Tong Garden
8906169990157,,
8908004643082,gm food moong bhajiya pakodi,
8906008813869,Charminar kohinoor rozana 5kg,
2110033001306,07.05.25,macroni asin
8906001056447,Green chilli pickle,
8906021510639,rajgira atta,
8906014013031,khaman dhokla agrawal 420,
8901662041184,Cuppa Schezwan Fried Rice,Suhana
8901063026315,,
8901552027113,Green Thai Curry,Ashoka Indo-Thai
8908012241591,,
8904185905032,,Kellogg's
8908020854257,Triple Magnesium Complex,Wellbeing Nutrition
8906085401355,Indo Garden Hot sauce 88ml,indo garden
8906001056423,lime pickel,rabee
8901552027311,Mixed Vegetable Paratha,Ashoka
8904004402636,,Haldiram's
8901393025743,chupa chups play tennis,
8908018651561,Penne Millet Pasta,Troovy
8901063162532,Marie gold,Britannia
8906142024220,plix jamun serum,plix
0799872395306,Chekku Gingelly Oil (with Jaggery),GANGA JAGGERY
8906005665904,Narasu's Insta Strong,Narasu's
8939118468872,Whey Protein Concentrate ( Chocolate Biscoff),Naturaltein
8906044350816,Toned Milk 3% Fat,Aditya Milk
8906176800340,lacy,
7622202325991,50% Dark Chocolate,Cadbury Bournville
8906079461501,Kosher Whole Dill Pickle,Mints Farms
8904335604679,Mighty Strong Coffee Crush,Yogabar
8906078264899,Cremica coconut 🥥,Mrs. Bector's
8904384801470,Cold Brew Coffee,Blue Tokai
8909106020450,vim ultarapro floor cleaner 1l,
8909106020481,vim ultrapro floor cleaner 1l,
8904132981690,Power Up,Campa
8909106020474,vim ultrapro floor cleaner 1l,
8905110004301,nimyle lemongrass 2L,
8909106020498,vim ultrapro floor cleaner 500ml,
8905110001263,Fiama shop 125g x3,
8904317306065,Biotique shop 225g x3,
8904317305983,Biotique,
8901207006845,pudina Hara active,Dabur
8904094400161,auto flow,
8908005144441,Breakfast protein Bar,Yoga Bar
8906002005956,Pesto Italian basil,Dr.Oetker
7622201761769,Cadbury Dairy milk Hazelnut 143g,
8904315100894,Almond beverage,Urban platter
8901030948244,Lux glow shop,
8906064651566,Peri Peri ketchup imp,
3948491002912,Chips Schezwan,Kurkure
8908000668522,Sella XXL Basmati Rice,Banno
4901260004479,,
8939122245308,Whey Max,Naturaltien
8904150195338,barra a base de dátiles castaña de caju y cacao. sabor a menta libre de gluten,laddubat
8906070181231,Masal Tea,Tweak
8908022521614,Evocus,Evocus
8901414001039,Synthetic Rose syrup,Bilcano
8906069411202,Dried Kiwi,Jewel Farmer
8901030023804,Pepsodent,
8906088058389,Bispari,Bispari
8908020047529,Chunky Hazelnut,Brawny Bear
8901088760454,saffola oats,
8901058006032,maggi cup,
8901063026346,Nutri Choice,Britannia
8906071880447,,
8906117365099,,
8908018178068,,
8906015502022,,
8901725008888,Aashirvad Aata,ITC
8906038230834,Chicken Malai Tikka,Zorabian
8901747005599,Instant Saffron Tea,Wagh Bakri
8906108530543,inchi noodles,
8901725004217,bingo tedhe medhe tomato,
8906145150513,Belgian Chocolate Ice Cream,NOTO
8904209303455,Coriander Thokku,Aachi
8901542000775,nycil,powder
8904180000688,Tandoori Curry Paste,Vik’s
8906044653108,Tomato paste,Ahlan
8906107173642,Veg Supreme Pizza Minis,Prasuma
8906153880310,Gulkand,Two Brothers - Organic Farms
8906029140944,Cut Mango Pickle,Mambalam Iyers
8908013673216,Spirit 750 Ml OLD,
8908013673278,Spirit 250ML New,Amaanza
8901088783170,Cuppa oats,
5900666010083,8901499010773,
8906014905381,8906014905381,
8901440021087,Black pepper powder,
8904221697495,Protein Powder Cookie And Cream,Asitis
8939118468636,Naturaltein Plant Berry,Naturaltein
8906059635120,Crunch Cup Mango Greek Yogurt,Epigamia
8901719135729,Biscuit,Parle G
8901826601308,Milk (6% Fat),Verka
8904083310228,Cheese,MilkyMist
8901725113384,,
8809054821362,Gochujang,Taeyangcho Chal
14347017,food,
8901808006619,Elbow Pasta,Chef’s Basket
8903363010452,Maida,Dmart
8906064651573,Tandoori Sauce imo,
8901860520207,,LU
8907661009972,Melgainlotion,zydus
9788184511215,The World,Dreamland Publications
8901030997266,Vaseline Daily Brightening,Vaseline
5059883232492,Clear Whey (Mango And Coconut),MyProtein
8908021228163,Makhana,NEEVAS
8904083513841,Coriander Chutney,Fyve Elements
8901058020021,Munch Nut Max,Nestle
14900693,,
8904155707079,Bevon Suspension,Bevon
8901741070029,Chicken Crackers,Kwiks
0733739014283,,
5056307356178,Clear Whey Isolate Peach,MyProtein
8906069010146,cocosutra cookie dough mix,cocosutra
0946459635090,Blueberry Greek Yogurt,Epigami
8906163831029,Chia Seeds,Farmley
8904422705418,Patanjali doodh biscuit,
8908005281016,Tofu,Soyamrut
8906075001039,,
8906020491649,Bombay halwa,lal
8906138741216,Kaaralu,Vellanki Foods
29053223,Mixed Stuffed Olives,M&S Food
8904089325998,Nutty Belgian Dark Chocolate Icecream,Havmor
8904132972049,campa energy drink lemon kick,
8909599440001,Chocolate,Mon Chéri
8908016029973,Simply Salted Potato Chips,Crax
8901058018493,Maggi,
8904132975453,,
8906157900571,sun scoop,sun scoop
0846203002201,Special Burfi Combo,Chitale
8906006855472,Doublet Bar Choco Fudge,Baskin Robbins
8901719127762,Mango Bite Candy,Parle
8906097590238,Reload Electrolytes,Fast&Up
8901777771044,Malai Kulfi Ice Cream,Vadilal
8901484013895,vinegar,
8901088897655,Muesli,Saffola
8906020589353,Filter Coffee,ID
8901161105974,Indian Basmati Rice,507 Gold Lal Qilla
8939123210626,MyPB Peanut Butter Powder,MyPB
8901774002196,Mélange De Thandai Masala,Badshah
8809820688090,etude soonjung hydro barrier cream,
8902901222296,small fennel,gl
8908013252565,Tropical Fruits Granola,Carrefour
8901719120077,parle krack jack 700 3 pis,
8906103580277,True Instincts Pre Workout,Grizzly Nutrition
8906073148217,pond's,pond's dream flower
3948808000983,weikfield,
89248720,,
8901725019198,Ready To Cook Chapati,Aashirvad
8901721000947,prabhuji murukku,
8906065034665,Chocolate Chip Cake,Karachi Bakery
8908024977211,Multigrain Chips,Superyou
8905507095509,pista 250grm,fc
8901396040309,VANISH,RECKITT
8901177102509,MOOV CREAM,RECKITT
8904192600647,FLORITE REGULAR NIPPLE SHIELD,FLORITE
8901083012114,ALLEGRA 120 TAB,SANOFI
6920438300777,Foundation,
8901117285620,For paediatric use only 11g/15ml Flavour Peppermint DRY SYRUP 100mg Azee,
8901207003868,Dabur Tail AYURVEDIC BABY MASSAGE OIL,DABOUR
8904166701820,AOGRA Freshener Air Freshene,AERO CARE
8904319400006,SESA Ayurvedic Medicine Proprietary REDUCES HAIR FALL & SUPPORTS HAIR GROWTH Actives,SESA CARE
8901063028241,8901063028241,
8901725141240,ultra mintz,mint o
8901148262478,BRO-ZEDEX Expectorant 100 ml,WOCKHARDT
8902281604781,Citrate Liquid Hydrogen Sucralose with cita|® FREE Mumbai 400 098,INDOCO
8902269000604,CLAVAM BID DRY SYRUP For Paediatric use ALKEM With Water for Reconstitution 5g/30 m CLAVA M BID,ALKEM
8904026628908,CALADRYL Effective relief LOTION of skin allergies EXPERT ALLERGY SKIN,ABOTT
8908001753890,CLOBENG Antifungal-Anti-inflammatory-Antibacterial Sulphate and Clotrimazole Skin Cream 5gCREAM Cream,INFOCO
8902269517850,ALKEM CLAVAM 625,ALKEM
8901088157667,Tel. FİGARO DeeleO goodness of olives. Deeleo oil loaded with FIGARO,
8901088069076,HIMALAYA BABY POWDER 200G,
8908001753807,Dr. Ortho 100% Ayurvedic Capsules ASIA'S MOST 3x10 Capsules PROMISING BRAND NO.1BRAND,Divisa
8906101650224,Keto MEDICATED SOAP Ketoconazole Soap,MED MANOR
8908000151017,HIO740 10 mL Vial 40 IU/mL BIPHASIC ISOPHANE and 70% Isophane Insulin 30% Soluble Insulin,LILY
8901207048005,Odonil Lavender MeadOws,DABOUR
8901296055526,2x14 Tablets OXRA &quot;Dapagliflozin Tablets &quot;Dapagliflozin Tablets,SUN
8901296055533,&quot;Dapagliflozin Tablets OXRA 2x14 Tablets,SUN
8901148204805,nise Sprains Muscular Pain nise gel Deep & Targeted Pain Killing nise gel EE,GLENMARK
8901082053712,M2-TONE SYRUP Charak),CHARAK
8901023014291,HIT 700ML KILLS AND FLIES MOSQUITOES EASY TO HOLD SLIM CAN EASYTO HOLD DENGUE & MALARIA,GODREJ
8904192601361,FLORITE DELUX POWDER PUFF,FLORITE
8904026636699,Aloe Vera Littles Soft Cleansing MORE Vitamin E Jojoba Oil Extra,LITTLES
8901220448684,Churna Mild Laxative Triphala NAGPUR,TR
8902901221954,urad dal best farms,
8904192600333,Regular Feeding Bottle Hygienic Cover Kids Care) Silicone Nipple Easy & comfort Retaining Cap Kids Care Kid's Care) (Kids Care),KIDSCARE
0946241050704,mother's Mixed pickle,
8906124051190,Premium Nail Clipper NAILCUTTER #ILIVEASY No. of unitsj- 1 itILIVEASY,LIVEASY
8904055105913,Made in Inda Made in India STAINLESS Super-Max FREE 50+5 SUPERIOR QUALITY,SUPERMAX
8901296110669,Zole-F SKIN OINTMENT,ZOLE F
8902269002059,TAXIM-o Dry Syrup ALKEM TAXIM-0 TAXIM-O 2 and Lemon With Sterile Water for Reconstitution,TAXIM O DRY SY
8907661003925,THROMBOPHOB -Gel 20 g zydus Heparin Jelly for topical application zyd@s Limited,THROMOPHOB GEL
8908020774029,ARNOPEN 1LNMENT IAyunvedic Proprietary Medicine,ARNOPEN LINIMENT
8906006333321,,
8901138503994,Cystone TABLETS,HIMALAYA
8901138711849,Liv.52 DS Protects the liver against Promotes appetite and growth. various hepatotoxins. SINCE I930 SINCEI9 30,HIMALAYA
8901138845742,Pilex forte OINTMENT 30g,HIMALAYA
8901138110666,Liv.52,HIMALAYA
8901207004681,DABOUR HONITUS SYRUP,DABOUR
8901082054245,CALCURY TABLETS 40 Tablets Charak),CHARAK
8906124052432,CORN PLASTER For Quick Removal of Corn & Callosity 4 strips Callosity,LUVEASY
8903855091686,SHELCAĽ500 Your Daily Dose Calcium,torrent
8901030838217,Dove,UNILEVER
8908006704088,Maltoz,Maltoz
4897036693469,,
8904026642669,Pants Comfy Baby Littles Upto EX PERT BABY CARE SINCE 1980 Líttles EXPERT BABY CARE SINCE 1980,PIRAMAL
8901117250468,Cuts CIPLADINE Wounds Multipurpose Antiseptic Skin Ointment Cipla Effective Effective agains,cipla
8901177103407,Krack EXPERT happy feet Specialist Heel •MOISTURISES •HEALS •S00THES,SCHOLL
8904455000306,CiplaHealth OMNIGEL:,CIPLA
8904029410111,Compound Benzoic Acid Ointment 20 g. WHITFIELD'S OINTMENT I.P.,REDDY
8901396387237,VEETNORMAL SKIN HAIR REMOVAL CREAM CUCUMBER EXTRACT BODY' & LEGS OUR FRESHEST SMELL* LONG LASTING SMO0THNESS PURE&quot;,RECKITT
8908004963821,,
8902167102509,MDH poha masala 50 gm,
8906136652033,Pintola High Protein Oats Dark Chocolate,Pintola
8901052006045,Tata Agni elaichi chai,
06291125,clinomas_A gel,
7622202319921,Bournvita 750g,
8904296900360,,
7622202304040,Cadbury cocoa pwd 150g,
8904132981508,moong chilka best firm,
8901207053467,Dabur Glucose D 1kg pet,Dabur
7622202237393,Bournvita 70g,
0769503776569,protein BOMB,Notty nuts
0745125856421,pine nuts,Notty nuts
0745125856742,Flax seeds,Notty Nuts
8906019773008,California walnut inshell,Nutraj
8908001540025,Flavoured tea mix,Hyvita
8904053505401,seviya,Goldiee
8906071974641,Dhaniya powder,satwik
8903553000843,Ginger garlic paste,Temptin
5060746519124,"Impact Whey Protein, Caramel Brownie",Myprotein
0745125856315,super seed mix,Notty nuts
8908017523142,California almonds,yumleys
8904238411817,peanut candy,peanut paradise
8909106018372,BOOST,fssai
0057711220401,,
0505591378021,NATURES FARM,JAGGERY
8902901224818,urad dal chhilka good life,
8901058016222,MAGGI RICH TOMATO KETCHUP,Maggi
0745125856155,GREEN RAISINS,Notty nuts
3948786280254,kasuri methi,EVEREST
8901023019371,RAT GLUE PAD,HIT
8901023019388,RAT GLUE PAD,HIT
8901023030802,Anti Roach gel,HIT
8904132948211,jaggery cubes,gl
8906067026897,Joint Ease,True Basics
0841165131716,,
8901719117305,,
8906021120401,Aachi 65,chicken
8906095290055,Khara bhath,Adukale
8904063209825,Masala Dosa,Haldiram’s
8901117280908,"CiplaHealth OMNIGEL For Fast For Fast Relief From Pain, Spra For Fast Relief From Pain, Spraki",CIPLA
8901177103704,WITH COOLING MENTHOL TRIPLE Kills Fungus Works 4X Faster Stops Further Spread ItehGuard-,RECKITT
8902281319074,SENSODENT-K No.l edicated Dental Cream) sium Nitrate BP 5%w/w Cr nted Dental Cream),indoco
8902281320094,SENSODENT KF odium Monofluorophos NSODENT KF edFoaming Dental Gel),INDOCO
8906071140275,Gram Flour,15
8906083911320,mor tomato sauce,mor
8906003650094,chilli powder,swastik
8906003650186,swastik haldi powder,swastik
8906003650162,Haldi powder,swastik
8906002991068,mix garam masala,Gharkul
8906053010053,kesaryellow,BLUE STAR
8906053010039,lemon yellow,BLUE STAR
8906053010015,apple GREEN,BLUE STAR
8906015655995,bikaram chandmal besan laddu,
8908019567786,Red Chilli powder,VEMICA
8908019567748,MENTHYA SEEDS,VEMICA
8908019567779,JEERA,VEMICA
8908019567601,INSTANT COFFEE,VEMICA
8908019567311,kadak chai,VEMICA
8908018651493,,
8906008812237,fortune chana sattu,fortune
8902901222302,small fennel,gl
8904132981331,poppy seed,BF
0745314460835,Strawberry Choco Pretzels,Atom Eats
8906008813852,Charminar select rice,kohinoor
8901030900297,knorr hong kong manchow soup,Knorr
8901552007856,,
8901120143726,sugar free gold,India no1
8906010360054,GHEE,GRB
8906010360016,GHEE,GRB
0795152983935,,
8906051579934,AASHIRWAD,
8904137451044,chukde Kali Mirch Sabut,chukde
8906019777051,Nutraj Laung Clove,Nutraj
8906125982813,Sweet and salty popcorn,4700 BC
8906013421110,clear,
8906044542815,Healthfarm Nitrawhey protein,Healthfarm
8906112661325,,
8901790698229,Pan,
8906081381811,Telugu foods,setha
0014455001451,,
8906000131107,Limda natural neem soap,Nirmal
8901138822231,Keeps baby's skin cool & fresh.,HIMALAYA
8901296024690,VOLINI SPRAY,
8901063160361,Britannia pure magic choco frames,Britannia
8906080602818,Paper boat pomegranate 600ml,paper boat
8904417318425,mama earth rise dewy bright light moisturizing cream,mama earth
8904042351033,Red Velvet Cheesecake Chocolate,Ditch The Guilt
0690225305129,daily premium basmati rice,India gate
8909081003349,marie light evening,sunfeast
8906107170382,Cheesy Spicy veg Momos,Prasuma
6221134011623,Galaxy Flutes,
6666666704856,Haribo,Haribo
0031347773982,Stik-O,
8905107350169,SCHMIDT,
8904063223630,Ragi Chips,Haldiram
8901721000961,prabhuji samosa,
8904044808016,meat,
02401193,,
8908024977051,SuperYou,SuperYou
8904023001957,,
8908015543388,Vegan Vanilla Protein Powder,Green Protein
8908001015646,Nadan rusk rs40,
8908004804353,Green Apple Soda,Catch
8906172541162,Cassata,Hocco
8901552027168,Manchurian Balls,Ashoka
8906054210025,Khakra,ShantaG
8906133021696,Hydro Whey Coffee Flavour,Nakpro
8908012692515,Superfood Plant Protein,Wellbeing Nutrition
8901012111017,Johanson powder,
8906078720913,Gopal Flour,Gopal
8908003750187,Crane Betel Nut Pieces,Crane
8901088735919,Oats Gold,Saffola
8908012987574,Whey Protein Blend Pro Strawberry,Trunative
8904132948341,independence,
0941458017670,maggi,
8904124700636,Massa Instantanio,
8909081005558,Aashirvaad Salt,
8906133880736,BLACK SALT,Unknown Brand
8901138824303,Ashvagandha,Himalaya
9551021620056,Zus Coffee Salted Caramel Latte,Zus Coffee
8906064651641,MINT,
8903023004982,more cumin jeera 50 g,
8908013998227,,
8901242115601,Bambino Pasta,
8906169630114,Y Yash,
8901725013707,bingo mad angles 5rs,
8901262110167,,
8909340000287,No Nonsense Plan Protien Indonesian Cacao,Cosmic
8904156100565,,
8909106043138,Boost Drink,Boost Drink
7622202324574,,
8904208600234,Pav Bhaji Mix,Rasoi Magic
8908016716576,Whey Protein Powder,Fuelled Nutrition
8901058018943,Greek Yoghurt Mango,Nestle A+
8905507095493,MUNAKKA,FIRST CROP
0744289167862,Pea Protein Isolate Powder,Nutrija
8901058001051,BESAN,
8901393024661,chupa chups,
8901262202008,,
8908000791787,Chicken Sausage,Prasuma
0820294007178,BC COMBI,CHANDMAL
8905507016573,POPY SEED,IMLI TREE
8908013172467,Phab Strawberries And Greek Yogurt,Phab
8904132975750,chana sattu,GL
8740440127418,haldiram boondi,
8908016029959,Creamy Onion,Crax
8906010070663,ganesh sooji,ganesh
0901764012501,,
8904049907011,بخور,عادي
8904043604497,Chicken Nuggets,Venky’s
8904132976320,mango  mood,
18886467124720,mango mood,
8904004404418,haldirams boondi,Haldiram's
8901058022087,Munch,Nestle
8905507047720,Biscut,
8906009234151,g derm,
8906005503947,Pav Bhaji,Bikaji
8906001055235,Pickled GARLIC,Mothers Recipe
8906008350890,Rolled Oats,Manna
8903023010693,vedaka bajra 1 kg,
8906160601168,,
8901288310404,vicco vajradanti,
3948288310404,vicco vajradanti,
8903023000540,Pasta Penne,More
8901262152181,Dark Chocolate Milk,Amul
8908010639031,Potato Chips,Peekay
8906147050446,,
8906168750851,Tandoori Chicken Masala,777
8906078770192,,
8906059636318,Zero Added Sugar Greek Yogurt (Strawberry),Epigamia
8909170000617,شاي اسود خشن ( الغزال الذهبي ),
00003126,meladerm SPF 30,PRO3+FESSIONAL
8905000000741,Punjabi Shakkar Jaggery Powder,Grain Market
8906068356207,Sarson Ka Saag,Pachranga’s
8902433008139,minhatures,
7622202294396,,Cadbury bournville
8903553002335,udad coins papad,Ram Bandhu
8906009010137,parrjs sweet Care,
8906102211257,Yellow Premium Black Tea,Marvel Tea
8902901219586,Siega Olive pomace oil,
8410179300856,Borges olive oil,Borges
8906009072647,,
8906082370470,Belgian chocolate no Sugar,Nic
8906140520458,Ice Cream Blueberry,Mercelys
0710497449281,Safawi Dated,
9781020231124,Dr Honey,
8901058903843,Milkmaid,
9704072023813,Dr Honey,
8904288603637,Vinegar,
8901786762002,Everest Ginger Garlic Paste,Everest
8904142401775,Arun Food Colour,
8906072430405,Ginger powder,
8906072431242,Kasoori Methi,
8906072430962,Kitchen King Sabzi Masala,
8906072430788,Meat Masala,
8906072430559,Garam Masala,
8908020415083,,
8906072430689,Chicken masala,
8906072430702,Biryani Masala,
8906072431259,Pudina Mint,
8906072430368,Coriander Powder,
8906072431037,Black Pepper,
8906072430641,Cumin Seed Powder,
8904250600121,Leeglys,
8906060651928,Eleesa Geesol,
8901571014026,Instant Energy Mix,Centrum
8904132920972,snac tac tomato veggie noodle,
8903553002465,moong papad,Ram Bandhu
8903553002458,udad papad,Ram Bandhu
8903553535208,Udad papad,Ram Bandhu
8906022340556,Try Mi PAPPAD,Try Mi
8906813003134,Snickers,
8901042969602,Mtr,
8906072430108,Red Chilli Powder,
8906072430221,Fennel Seed Powder,
8906072430023,Turmeric Powder,Kanwal
8906072431396,Bombay Biryani,
8906027880057,Achar masala,
8901157025033,Hit 200ml,
0710497449236,Kimia Gold,
8901058019872,Nestle Everyday,Every Day
8906072432010,Lal Mirch Paste,
8906072432034,Mirchi Quorma Paste,
8901058905267,Lactogen,
8901058008906,Lactogen pro 2,
9087564273300,Italia Collection,
8906058611200,Gaia Oats,
8901262090445,Amul T special whiten 1kg pp,Amul
8906072431518,Kanwal Pickle,
8904288612318,Tops Mixed Pickle,
8906004620379,Dhara,
8904250614531,Green Tea,
8901390000088,Pataka Jar,
8906007280044,Fortune Oil,
8901796000583,Real Gold Oil,
8901390534217,Pataka Tea,
8906072431495,Kanwal Pickle,
8901262030021,Amul Ghee,
8908015937583,Sinjha Rose Water,
8901390516220,Pataka Tea,
0003008811463,Fortune Sugar,
8004350001269,Finely Chopped Tomatoes,PastaZARA
8904063216625,,
8906143890046,Unsweetened Peanut Butter,The Whole Truth
8906056792772,coco batter,
8901030935213,coffee,BRU
8906001026594,Performance Why,Avvatar
8904288611465,Tops Pickle,
8901786395002,Everest Tikhalal,
8902901224559,best farms masoor whole,
8902901221787,Best farms moong dal 1kg,
8902901222142,Best farms Chana brown,
8902901221961,Best farms UUrad dal,
8906143620445,Penne - Durum Wheat Pasta,Prolicious
8908016906274,,
8904204200124,Caredom,global vet care
8901777579107,Danedar Kesar Peda,Vadilal
8907316000637,Chicken Timma,Mother's
8901777351086,Rajma Masala,Vadilal
8906014086356,BRAHMINS EASY PALAPPAM MIX,
8906014086318,BRAHMINS MULTI GRAIN PUTTU PODI,
8906069400343,CHILLI OREGANO,
8903553000447,Nashik chivda,
8906013812444,Crunchy Munchy — Sweet & Spicy,Roasty Tasty
8901262201889,Stirred Fruit Yogurt (Blueberry),Amul
7622202309908,Bournvita 500g pet,Cadbury
8906069400039,,
8906069401883,8906069401883,
8907316009326,TAMARIND CHUTNEY,
8909106034921,Almond Magnum,Magnum
8908023404169,Coated Peanut Magic Masala,Tong Garden
8906133880583,Pink Rock Salt,Crystal Pink
8906038741255,Boiled sweet corn,tadaa
8906064654178,Naan Chips,Wingreens
9909010503444,,
8904188605366,Chakki Atta,Saurbhi
8908019758832,California Almonds,Pov select
4901005565876,,
8906125982059,Protein Chips,Gourmet Snacks
02208001,HANS,
8906078783116,French Fries,Hyfun
8908010306124,,
8904067712833,Tikka Masala Coated Peanuts,Jabsons
8906095290185,Nuchina Nunde,Adukale
8906032010340,VANASPATI,RUCHI NO. 1
8906032010357,VANASPATI,RUCHI NO. 1
8906032010371,VANASPATI,RUCHI NO. Q
8906032010388,VANASPATI,RUCHI NO. 1
8901721003917,prabhuji besan laddu,
7622202238789,Cadbury dairy mlk bites hazelnut,
8901063017740,,
8906001022848,Protein powder,Avvatar
8901063362710,8901063362710,
0746935648428,Fresh Dates Safawi,TAZ
8906069570022,Satyendra sattoo,Satyendra
8901725120290,B Natural Mango,B Natural
8906018902614,Lotus Chaach Masala,Lotus
8904221697624,Atom Whey Protein Enzyme Blend,Asitis Atom
8906078722160,Gopal Chips Tomato Munchies,Gopal
7622201447809,Cadbury Dairy Milk Oreo chocolate bar,Cadbury is sold by Mondelez International
2212430006967,,
8901719131752,,Parle
8908020208081,Jeeni Infants,Jeeni Infants
8901063365933,Britannia gobbles fruit cake 100gm,
8906125982844,Cheese And Caramel Popcorn,4700BC
8905507014401,RAISIN,FIRST CROP
8906009073569,,
8906044995796,,
8903023006351,moong dal,vedaka
8904117904010,,
8904132980853,Best farms,
4910136332363,,
0000130623409,,
8906016414065,,
8906078265971,,
8906023413464,Choco vanilla 35ml,
0745314460767,Truffle Coated Peanuts,Atom Eats
8906080349355,Poha,Vijay mamra
8904083321545,,
8908019726435,Choco Pockets,Nova Nova
8901719135163,Parle Monaco,Chupa Chups
8906081380265,Green Chilli Pickle,Telugu Foods
0911225144014,,
8904293721708,,
2050007475064,,
8904049101365,,
8906161390719,Roasted chana,Lets try
8906064651535,,
8906064657018,,
0841541001121,pLANT-BASED,
8906069400053,CLASSIC RANCH,Veeba
8901023015021,good night fabric roll on,good night
8902901232387,GL Soya Chunks 1kg,
8906075762268,I care Baqkyla 2,
8906009532288,,
8906033533626,Snapin Pasta Masala Cheese,Snapin
6909048651837,,
8908007167349,Makhana Wala’s,Makhana
8906010366506,Town Bus Rice Kodubale,Town Bus
8904109498800,,
8906009534367,Chocolate Peanut Spread Max protein,Ritebite
8906036670106,Shubham,Nandini
3948725000622,,
8904063218421,Moongdal,haldiram
8905507002514,burbon,fullbloom
8901063365889,gobbles,britannia
8907093005702,Kerala Fish Curry,Tasty Nibbles
8901030945359,Dove daily shine 650 ml,
8901030672484,Dove Glycolic Hydration 650 ml,
8909106001329,Tresemme Smooth shine 580 ml,
8909106002142,Tresemme Hairfall defence 580 ml,
8901030945373,Dove Hair fall rescue 650 ml,
8901030945366,Dove Intence repair 650 ml,
8901063365254,roll yo,britannia
8905507002507,digestive,first crop
8905507002576,marie,firstcrop
8901030702051,Tresemme smooth shine 340 ml,
8908004331019,,
8908010900971,High Protein Peanut Butter Dark Chocolate,Pintola
8908025049016,vihan chakki aata 10kg,
8908000106130,Tomato Paste,Indira Foods
8906086208151,,
8906162360803,Spicy Onion Chutney,5 Second Chutney
8901262202268,Whole Milk Yogurt,Amul
8901001556409,Rogan Josh sauce,Mida’s
8901063028234,Nice Time Biscuits,Brittania
8908013388653,Cureveda,
9506000025247,2pm cr,
8906133026080,Unsweetened Cocoa Powder,Nakpro
8906002000326,Eggless Cake Mix Dr.Oetk,
8908000589889,Bindu fizza zeera,
0717273505117,BBQ Sauce,American Garden
0757449236414,Barbecue sauce,Le- chef
8901063362758,cake Gobbles orange,BRITANNIA
8901063362741,Cake Gobbles fruity,BRITANNIA
8901063363922,Cake Muffils strawberry,BRITANNIA
8908008674860,wafer,nabati
8908008674921,wafer pink java,nabati
8904132948761,jera,
8904132981249,Best firms jeera 500g,Best firm
8908008221156,Instant Ground Coffee,Blue Pearl
9789362058638,Do THE HARD THINGS FIRST,Sanage
8908019029178,,
8904198800256,,
0876094106740,,
8903363008879,,
7622202315152,,
7622202265525,,
8901662003618,,
8906010500429,Unknown Product,
8906010500818,Potato chips,Balaji
8908010213132,,
8904004408928,,
8901719128226,Rol-a-Cola,Parle
8906163830046,,
8906121110470,,
8903241230361,SCHEZWAN CHUTNEY,Suhana
8906003202576,,
8901044100485,,
8906078722207,,
8906006750197,,
8906107930061,,
8903363007810,,
8903553601415,,
8901719125348,8901719125348,Parle
8908018352024,,
8901044220060,,
8906008351507,Banana Powder,Manna
8904071704565,,
8901719135750,Parle G gold 475gm rs 67,Parle
8906004561047,,
8906010500627,,
8906004563577,8906004563577,yellow diamond
8903241110793,Pravin,Suhana
00019721,,
8906004560101,,
0031603555598,Creatine,Creatine
8904090906537,,
8904422701694,,
8904043500867,,
89080658,maggi,Maggi
8901542001789,8901542001789,complan
8939109510870,,
8901786530120,Food,Unknown Brand
8908003872537,,
8908007380717,Amar Lassi,Amar
8901063142596,,
9070000579081,,
8906049250777,,
8906090570800,,
4901265162532,,
8906182390088,,
8904083320005,Prime strawberry icecream,Milky mist
8906006330054,Gemini refined sunflower oil,Unknown Brand
8904004417531,,
8908000794023,Pasteurised full cream milk,Gokul
8906105370401,,
8901719121630,20-20,Parle
8901719127151,,
8904469000262,,
8906170470297,,
8906001140078,,
8901399088537,,
8901262222969,,
8906078720029,Tomato cup,Gopal namkeen
3948725016258,,
0754590470124,,
8901709007715,,
8901030677601,Choco Bar Mini,Unknown Brand
8904422711365,Nariyal Biscuit,Patanjali
8906148690153,,
8901037255260,,
8908003089218,,
8903363009654,,
4444444444444444444444444444444444444414,,
8908000870277,Palak Chakli,Jaimin
01245433,,Yellow Rai
8906069840040,,
8901491003339,,Lay's
8906041540104,8906041540104,
8906027714444,Govind Funzz Pista Flavoured Milk,Govind
8906010500399,,
8906009075792,,
8908006989386,nutritius rajgira peanut chikki,nutritius
8906177610016,,
8906029110015,WIBS BREAD,WIBS
8901030953200,No onion no garlic Kisan,
8908011084045,,
8906059374654,,
8906094880653,,
7312202290428,,
8906010502492,,
8908005175230,,
8906094876755,,
8901063014237,,
8908011491942,,
8908000703018,Oxycool,Unknown Brand
8901220599010,,
8906010500863,Shing Bhujiya - Nimbu Chatka,Balaji Wafers
8906008630046,Parivar Tea,Sapat
8906127550584,,
8906069400138,8906069400138,
8908019758917,proV California Pistachio,proV
8906061200972,,
8906108960043,,
8906066203428,,
8906061203621,,
8906188960230,,
8906010503079,,
0846203002874,,
8906031251669,,
8906006784680,,
8906044991439,,
8906103380181,,
8909106000124,Real Mayonnaise,Hellmann's
8904120006299,,
00500018,,
8906155681427,Rosted makhana & millet,Three sixty degree
8904041500364,,
8901446000413,,
8908009580030,,
7622202318771,,
8906005670045,,
8908005611011,,
0846203000061,,
8908003056005,,
0003417682173,,
8906084411430,,
4901193851218,,
8908013746200,,
8906006330276,,
8906070130154,,
8906009503080,,
0991111112211,,
8906152240115,Punch Farsan,Shree Mahalaxmi
8901719122309,,
8901088884181,,
8901030986321,,
8906109381700,,
00454106,,
8906124460039,,
8901063012868,Milk bikis biscuits,Britannia
8906021510028,,
8906010500894,Chataka pataka,Balaji Wafers
8909081005251,Yippee Noodles,Sunfeast
8906071520251,,
3064360446974,,
8901117298507,,
89080672,,
7622202324321,,Dairy Milk
8906004560422,,
8901063325791,britannia,Britannia
0811307031051,,
8906011222313,,
8903553832376,,
8906112661615,,
8906029110084,,
8906071882113,,
8904071701298,,
8904422703018,,
7622202320163,Chocolate,Dairy Milk
8906010500412,,
8902979005326,cavins cold coffee 180ml,Cavin’s
8906010504298,,
8908012207016,Chilli pickle,
8906005670700,,
8901719115929,Black bourbon,Parle
8906004561078,Peanut Snacks,Yellow Diamond
8901542001758,,
8904004409178,,
8904005452005,,
8904296910475,,
8905002040028,,
4906416544670,,
8903553002793,,
8906008570144,,
2050007465027,,
8901719136450,Parle -fab bourbon,Parle
8908000554221,,
8901058017601,Nescafe 10 rupees,
8906033592074,,
00100291,,
8901044105343,,
8908018207805,,
8904071700536,,
8901246000538,,
8901719135224,,
8901719126307,,
8906090760676,,
8901662037927,Misal Masala,Suhana
8904270007559,Biscuits,Sunder
8906010503697,,
8901571013340,,
3948764012600,Coca cola 400,Coca-Cola
8906116081976,,
4906409501031,Pasteurised Cow Milk,Chitale
8906027714413,,
8901565000721,,
8901012100806,,
8901719130496,,
8901905020754,,
8906010504205,,
8904341100912,,
0008699630935,,
0946446320145,,
8904327601938,,
8906045141680,,
8904071701212,Kachori,
8901120143917,Suger free powder,
7622202274190,Choco akes,Cadbury
8906019580316,,
8908007139056,Top Gold Jeera Masala,Top Gold
8906121110012,,
8903363012043,,
8906000921548,Crisp wheat schezwab,Daad’s
8901123002259,,
99448400,,
2207210903604,,
8901058017564,,
4007711502041,,
5900557995642,,
8908019758290,,
8904296905488,,
9125375849175,,
3924241220270,,
8906026600069,rio Wildberry,rio
8904011504569,Jaggery powder,Double Horse
8904004402537,,Haldiram's
8903363000064,8903363000064 jeera,
8908012505273,Dark Chocolate,Nidz
8904132976368,campa energy drink,
0693330016935,,
8904304376972,Dhiraj surti,
8906082570078,cornitos,
8901288030807,vicco Turmeric,
8906090510349,,
4043969954690,,
8908015692338,Wow khow suey,
8901719129933,,
8901719133695,Parle Rusk 1kg,Parle
8903363011985,,
8908006989355,,
8908013252114,Crunchy Granola Mango Coconut,Unknown Brand
8903241230224,Suhana Date Tamarind Chutnet,Pravin
8906069852043,Cups Papad,Vasaya Foods
8906052850049,,
8901662037903,Suhana PANEER TIKKA MASALA MIX,
8906027714758,,
8939123297160,,
8901030940453,,
8908006173389,,
8906183910018,,
0071603093522,,
8901044608134,Mapro Lounge Mojito,Mapro
8906004562051,,
8906061981390,,
6590540336430,,
8906027042059,Gajraj Papad Masala,Gajraj
8901063014404,,
8904288601374,,
8901155301344,,
8908007009410,Vitthal Filtered Groundnut Oil,Vitthal
4901265162914,,
8908010701288,Curd,
8906005815200,Royal Palms Kimia Dates,Royal Palms
8906078722122,Chips,GOPAL
8901848000158,,
8908019312140,,Chakote
8908007167202,,
8901928692006,Bisk Farm Jeera Wonder,Bisk Farm
9904060573393,,
8906016101712,,
8906009440088,Pasteurised Toned Milk,Saras
8901063012776,,
8906059120305,,
8906009074245,,
00027687,Safawi dates,Aman
98237211,,
8904109411588,,
8908018963152,,
8906004560149,,
9806001234762,,
8908010297033,,
0946416101712,Warana Full Cream Milk,Warana
8908007029227,,
8902346034867,,
8906173701497,,
8906008630077,,
8908003254142,,
8908019299076,Parivar Refined soyabean oil,Parivar
8850291180309,8850291180309,
8906019779666,,
8906004562952,,
8904055200397,,
8906004561917,,
8901719128530,Parle Happy Happy cake 100gm,
8901066091839,,
8906112662537,,
8901719134548,Hinde and seek,
8903363009241,,Unknown Brand
8902269524445,,
8908011491102,,
8901063365285,Britannia roll yo cake 24g,Britannia
8906091250305,,
8901044010784,,
8901058002300,,
8908004740613,,
8906009034737,,
8901063365896,Britannia cake pineapple 28gm,
8906027712204,,
8906148690740,,
8904064603486,Skinless Chicken Breast Fillet,Tay
8901044473572,,
8906086000045,,
8901786580507,,
8901719135255,,
8906090572934,,
8906090573023,,
7622202252419,Oreo 30 rs,
0906401410007,,
8906071014422,,
0726684755806,,
7622202325847,,
8908000502482,,
8906035750595,,
9989171500001,,
8908000861879,,
8906006783515,Classic tomato ketchup,Surabhi
8901063155534,Krunch ChocoChips,"Britannia,Tiger"
8904004407471,,
8908000716889,Rajhans Aqua,Rajhans
8906010504908,Gippi Corn Curls,Gippi
8904043905389,8904043905389,soda
8908012785644,,
8906161170311,Bevzilla Assorted Coffee Sachets,Bevzilla
0400640038003,,
8906118200115,Super Muchies Tandoori Corn,Super Muchies
8908014450045,,
8901155123113,Basundi,Gits
8904340700687,,
8906090573801,,
8901262201025,,
8906082370180,,
8906016102665,Varna Dahi,Unknown Brand
8906031251140,Chakote Milk Toast,Chakote
8906005503008,Gulab jamun,Bikaji
8908009321992,NeutraLeaf Moringa Powder,NeutraLeaf
8107694236523,,
8906058050528,,
3947063141424,,
8904071701564,,
8901063162631,Marie Gold,Britannia
8906007830287,Habit Sweet Corn,Habit
8906058107017,,
4906415691368,,
8904083301097,Pizza Cheese Mozzarella Diced,Milky Mist
8901262040525,,
8901262071819,Dark compound DCO-18,
8906005610867,winkls cake,
6419950107211,,
8904272602622,,
8908018280129,,
6904040953200,,
8906051660106,,
8901044626961,Mapro Lounge Green Apple,Mapro
8901725115142,,
64495323,,
8908005204060,,
4906016500038,,
8904004403572,Haldiram's Roasted Chana,Haldiram's
8904071701038,,
8908004096123,,
8908007380199,Paneer,Unknown Brand
8906020492400,Kau katli,Lal
9555030108659,Salt honey lime flavour,
8906191550190,,
8043210500818,,
0846203000825,,
8901044431107,,
3948262152181,,
0002840431316,Apple,
8906170760855,,
8901499010735,,
0372710881010,,
8904004401561,,Haldiram's
8906061711195,Mukunda Family Gold Milk,Mukunda
7904043421927,,
8906166460370,,
4903948230316,,
8906004561061,,
4906400565186,,
8908005606307,,
8908013479436,Cocoa Cranberry Fudge,The Whole Truth
8886467124723,Pringles sour cream 40g,
8904097001648,,
8902433000782,,
8904150501504,Complete Pancake mix,Betty Crocker
8904052503798,Dinshaw's Rajwadi Chappan Bhog,Dinshaw's
8904004405620,,
8901058018219,8901058018219,maggi
8906080604157,,
00002406,,
8901499011992,Kellogg's Chocolate Muesli,Kellogg's
8904042315011,Blue Bird Veg Jelly Crystals Strawberry,Blue Bird
8901764052705,,
8904340700977,,
8906056830177,,
8905551341225,Dark Chocolate 60%,Volka
8904422700314,,
8908011555194,Cake,
8906133025731,,
8901512803702,,
8006041050495,Katraj Lassi,Katraj
8901905019420,,
8901090326723,Tata Grand Coffee,
8906042860485,,
8904296900414,Fabsta Honey,Fabsta
8901662001515,Mirchi Powder,"Suhana,Ambari"
8904355401999,,
0246950304625,,
8906044470361,Chikki,Khamang
8901088882583,Saffola Honey,Saffola
8901117285798,,
8906006782082,,
8906033590629,,
8906078890081,,
8904327601983,My fitness peanut butter,My fitness
8906031251980,Chakote Rusk King,Chakote
8906006310223,Pinch Jeera Masala,Pinch
0923091661670,,
00002316,,
8103164893265,Packaged Drinking Water,Zurica
0946458101114,,
5059883474175,Impact Whey Protein Keventers Coffee,Myprotein
7622202328770,,
8906034920043,,
8901242115403,8901242115403,
8906009011004,Parry's Pure Refined - Sugar Sulphur Free Process,Parry's
8901662036524,Suhana Paneer Masala,Suhana
8906002488766,,
8904132953574,,
0941458023787,,
8901522002096,,
8908007380724,,
8908018963428,,
8906023415987,Cream Bell Choco Vanilla,Cream Bell
8906161390146,CRUNCHY PARTY MIX,Let's Try
7622202328787,,
8901058904369,8901058904369,
8906080602825,Pomegranate,Paper boat
8901044121008,,
8908020463459,,
8901044470694,Mapro Pineapple Fruit Crush,Mapro
2240717701779,,
8901719135316,Krack jack,Parle
8908004114070,Wonderland Pistachios,Wonderland
8908021903312,,
8901262178648,,
8906090573177,,
8904320018252,Fusili Pasta,
8908004010334,Butter Cookies,Karachi Bakery
0361171227987,,
8908015845352,Gokul Shakti,Gokul
0001039114059,,
1940438251263,Chakote Suji Toast,Chakote
8906137330336,,
0408441024003,,
8901262176705,,
8908016906298,,
8904004400632,,
0764460549850,Protein Chips Cream & Onion,FitFeast
3653584142108,,
8906019896127,,
8901058003840,,
9900432975628,,
8901262260954,Buffalo Milk,Amul
8906067210128,,
8906010502836,,
8906111300003,,
8909081005077,Sunfeast Glucose Biscuits,"Sunfeast,ITC"
8908000173033,HOTEL KING CTC TEA,HOTEL KING
8904150500880,,
8904296905396,Fabsta Digestive Biscuits,Tata
8906105371132,,
6629107437416,,
0070797005939,,
8906080604379,,
8908000644427,Shrikhand,Kanhaiya
8908018280037,,
8906010503772,,
3948725014988,,
8906006783591,,
8906188960162,8906188960162,unibic
8901719135330,Monaco Cheeslings,Unknown Brand
8901246006998,,
8908019312355,,
8903553657436,,
8901058897296,,
8906127550836,,
8906009532820,,
8906155350026,,
8906179680017,,
8908004771082,,
8906116953181,,
8901262151337,,
8906005501844,Chatpata matar,Bikaji
8908013421534,,
8901063301177,,
8904057300552,,
8906078890036,Kalyani pickle,Kalyani
8908007380694,,
8904097001099,,
8904415176393,,
89004883,,
0266680572200,,
8906010502478,,
8906174220393,,
8906017815526,Madhusudan Dahi Lite,Madhusudan
8902833453027,,
8906172540868,Hazelnut Mudslide Cone,Hocco
8904272906256,Namaskaram Carrot Tomato Chips,Namaskaram
0941003014659,,
8901262174268,,
8901058017670,Maggi 280g,Maggi
8901662036876,Pani Puri Masala,Unknown Brand
8908010160009,,
8906008811223,Fortune Rawa Semolina,Fortune
8901058007596,,
8906117363248,,
8903363002693,Funnel seeds roasted,Dmart
4901265017801,,
8906009532899,Rite Bite Protein Snack,Max Protein
8908024057319,Peanut Chocolate Ladoo,Eat Better Co
8908012712114,,
8908003457284,,
8906010500177,,
8908000644762,,
2403297121133,Energize,Maison Perrier
8906029110053,,
8906019582495,,
8906152261325,,
8906107175769,Mughlai Chicken Tikka,Meatigo
8908003452432,,
8903363006356,,
0004405344462,,
8908001246880,,
8908011491799,proV Pumpkin Seeds,proV
8901044670841,Mapro Rose Sharbat,Mapro
8906004565366,,
8901058007701,,Nestlé
0676360440031,,
8906006853119,Baskin Robbins Flavored Milk Vanilla Milkshake,"BR,Baskin Robbins"
8902433008597,,
8906069850940,,
8908001246989,,
8906014902588,,
8901719129049,PARLE Fabl,
8906036302182,,
4901256130229,,
8901044573807,,
8906065169824,Chicken Nuggets ITC,ITC
8906015614886,Hangyo Black Currant Ice Cream,Hangyo
4907720463015,,
8908020463015,,
8901393027563,,
8906042990977,,
8906008630305,Parivar Sugar,Parivar
09002833,,
8906019779659,Chia Seeds,Nutraj
8906011854538,,
8901044476160,Mapro Pink Guava Fruit Crush,Mapro
8908024977235,Sour Cream & Onion Multigrain Chips,SUPERYOU
6046698600379,,
8904043902326,Poha Flaked Rice,Tata Sampann
8906077361377,Thin Sev,Jaimin
8906108530246,,
6291010914232,,
8901262060073,amul cheese,
8901144100507,Rice Pure Basmati,Tilda
8908007681005,,
8901030536342,,
8908000989290,,
4901416129988,,
8906006722057,,
8906004566042,,
8906002005741,,
8906013110632,,
8901764012150,,
8000500366776,,
8906133406561,,
5907013003071,,
0050046800065,,
8908014658656,,
18112205,,
8906007610094,,
7622202318009,Cadbury 5 STAR,Cadbury
8901399088124,Glucovita Bolts,Glucovita
8904004400885,,
8906156483259,Idli & Dosa Batter,Khetika
0846203004908,,Chitale
8901262201216,,
8906011851124,,
8903553002267,,
8904004402070,,
8906144680127,Milk Chocolate Chips,The Select Aisle
8902901218954,Good Life refined soyabean oil,Good Life
8904004400274,,Haldiram's
4987176073082,head & shoulders,
8905507060002,namkeen,
8905507057187,tekha metha,
8906009534534,Rite Bite Max Pro Peri,Rite Bite
8906027714437,,
8906009534497,Rite Bite Max Pro Chse&Jalapeno,
8904083312017,Milky Mist Shrikhand Elaichi,Milky Mist
8908022315923,Ever Ready Fry Masala,Ever Ready
8906078108803,AMITRIPTYLINE,
0125162419818,,
8903241230248,Suhana Pravin Panipuri Mix,Suhana Pravin
8901414028265,crunchy munchy,bikano
8901414035027,chatak masala,bikano
0890615301001,,
8901414035034,tangy tomato,bikano
8906137330046,,
4901264013873,,
8906072610944,,
8904089325219,,
6933246517886,,
8901725013837,Mad angles,Bingo
89005408,,
8906136651890,,
8903236700114,No Nonsense plant Protein,Cosmix
8906006181625,CookWell Sabja seeds,CookWell
8901063367173,5050 Maska Chaska,Britannia
4902430301817,tide,
8901560233117,Nilon's Szechuan Chutney,Nilon's
0912537589151,,Shree maruti's
8906009532875,Max Protein Protein Snack,Max Protein
8908006461028,,
8904004440324,Samosa,Mo'ppleez
8906186470267,Brown Rice With 5 Ancient Grains,Eat Regal Ancient
8908010900940,,
8906049250074,,
8904296905419,Fabsta Digestive Biscuits,Fabsta
8901448000237,,
8906121610819,,
8906006180352,Cookwell Custard Powder Vanilla Flavour,Cookwell
8901042954769,Vang Bhati Masala,
0609007990095,,
8901662040125,Suhana Misal Masala,Suhana
8901719125577,Milk shakthi,
4001907952306,,
8906065680275,falooda,kulfi falooda
8906045090124,,
8906041150457,,
8906122540221,,
8901786010103,,
8906161960127,soya sauce,
8906027713713,,
8906040480562,,
8905507047935,choco fill,first crop
8901808006558,instant pasta,weikfield
0435910593302,,
8901058014822,pazzta masala penne,Maggi
8901808007340,Instant pasta,weikfield
8904198802267,masala soya sticks,Euro
8904083315049,DAIRY WHITENER,MILKY MIST
8904083300304,DAIRY WHITENER,milky mist
8901088783163,CUPPA OATS,Saffola
8904064683006,Puliyogare Powder,Chakra
8908012692553,Daily fibre | pina colada,Wellbeing Nutrietion
8906045192415,HERBAL INCENSE STICKS,killer
8904132981041,ajwain,BF
8909579008269,,
8901542002410,INSTANT ENERGY,Glucon-D
8906027920234,,
8908017866003,Cream Roll,Unknown Brand
8901542002397,INSTANT ENERGY,Glucon-D
3948246007520,,
8901030979354,,Slow Churn
8901262177580,,
8904335600329,Dark Chocolate And Cranberry Muesli,Yoga Bar
5938243059958,,
8906019581702,,
8906033590001,,
1411089587006,,
9002410900971,,
4901237201535,,
8904004402407,8904004402407,
8901030861673,MANCHURIAN GRAVY MIX,Knor
8903553645464,mixed pickle,Ram Bandhu
8908019567335,CUT MANGO PICKLE,VEMICA
00101929,,
8901058020014,,
8906183980912,Snack'd Protein Bar (Cookies & Cream),Beast Life
7622202324475,,
8901111074763,lucoz,ajantha
8901662044604,,
8906009302027,,
8906066730023,,
8906066205019,Keya Spaghetti Pasta,Keya
4901263312601,,
8904297801529,Balaji Bakers Pavbhaji Pav,Balaji Bakers
8908012697015,Natural Aqua Plus,Natural Aqua
208802281074531,,
0735745903865,,
8906070217299,baidar then,
8906002133871,,
8902080334049,7Up Nimbooz,7Up
8908007152000,Berry Almond Crispy Bar,CaliBar Protein
8906051500532,,Unknown Brand
8903023009864,Vedaka Sona Masoori Rice Steamed,Vedaka
8901262030908,Amul Cow Ghee,Amul
8906060311181,Deluxe Elaichi Rusk,Deluxe
8906007780056,Vikram Kadak Dust Tea,Vikram
8906071370245,Khandeshi rajgira peeth,Khandeshi
8904004407488,,
8901440256298,TURMERIC POWDER,Shahi DAAWAT
8901440256304,TURMERIC POWDER,Shahi DAAWAT
00336846,METHI SEEDS,Mahesh
8002010567742,MENTHYA,VEMICA
8908019567762,MUSTARD SEED,VEMICA
8908004469002,Shudh salt,Sagar
9085134184711,Black dry date,Mahesh
0745125573236,TUTTI FruiTi,NOTTY NUTS
8904199003144,Super Height Syrup,Unknown Brand
8906070390343,Slice came,Royal
8903236700503,Malnad Arabica Coffee,Cosmix
8901560042818,,
8901444087850,viva salt 1 kg,viva
8908023452153,,
8904284200083,,
8901725018146,Mad Angles Tomato Madness,Sunfeast
8904335604266,Yogabar Whey Concentrate,Yogabar
8908019147254,Soya Chunks,Unknown Brand
8901725013325,,
8906125980178,,
8906151421003,,
8904011505818,Roasted Vermicelli,Double Horse
8906087771807,,
54467002,,
8906010503499,Ratlami Sev,"Balaji Wafers, Makani"
8908000861206,,
8903363011992,DMart Swaad Kismis,DMart
8906091887679,,
0941458003000,,
8904258703077,Raw Pressery Protein Milkshake Choco Mint,Raw Pressery
8901571006861,,
5901600030044,,
8906116957134,Biozyme Performance Whey - Magical Mango Flavour,MuscleBlaze
8904083306030,,
8443059240881,,
8906160650661,,
0622001225512,,
8906094180456,,
8909081003776,,
8996010500000,,
0081204092305,,
8906001025283,Whey protein Chocolate hazelnut,Avvatar
8906111441157,curry,
8901088798051,SET WET,PARTY SHINE
8906161391365,,
8906023811147,8906023811147,English recipe
8908010609041,,
8904452201515,,
0900007001034,,
8905604001373,Water,JIVO
8906059671296,,
8904132919174,ginger garlic,DK
8906017861790,,
0100004663550,,
8909106032385,Magnum pistachio,Magnum
8901090328550,,
8906176320343,Tiramisu,Nik Bakers
8904132913615,SnacTac Vanila Wafer,Snactac
3940152269504,,
8906125982745,Cheese and caramel popcorn,4700 BC Gourmet Snacks
8908011475003,Aqua Peya,Aqua Peya
8902901223651,jawar,Good Life
8904287001281,Pasta Macaroni,Bambino
8901262300155,Aamras Kulfi,Amul
8904071707009,,
8906066830952,kravour delicious chocho,kravour
8901725002466,Ghee Organic,"Aashirvaad,Svasti"
8901063325654,Tosted,
8901725018184,Sunbean Instant Coffee,"Sunbean,ITC"
6221007042372,Chicken Stock Cube,Maggi
8906036300348,Shree Rajgira Laddu,Shree
8909081003394,WOWZERS,
8909081001741,Candyman  rruitee fill,
8901207044168,Dabur Glucoplus C,Dabur
8906082650176,,
8901662038153,Suhana Instant Mix Khaman Dhokla,Suhana
8908022656088,Basmatiris,Aliza
6294011666063,LULU MAIDA 1KG,
6294011666056,Maida,LULU
8908022716003,Viiking Mushrooms,Viiking
8901393025040,,
0446614603303,,
8908006024223,Grand Sweets Lemon Pickle,The Grand Sweet
8906000210321,,
8906165521294,,
8906067028402,Advanced Multivitamin For Sports,Truebasics
8908020672073,,
4901438366156,Green chilli,
7622202326110,,
4001206322077,,
8939118646522,,
8905529000871,Forest Secrets Cold Pressed Amla Juice,Forest Secrets
8906185240090,Isolated Whey Chocolate Chip,Deep Impact
8906138160130,Agvit Diet Plain Khakhra,Agvit
8906088861828,Current Phaparko Chips,current
8902614789949,,
8901044470670,,
8908006461011,,
8901262173216,AMUL VANILLA ROYALE,AMUL
0464400004035,,
8903059606549,More choice green moong split 500,
8906080603969,Zero Sparkling Water Green Apple,Paper Boat
0000110007233,good Datly,
4906439951516,,
8908000848023,,
8901399900013,wipro garnet bulb,
8904214504014,Garlic Mix,Raju namkeen
8901670815654,Soya Chaap,Saras
8901777637975,Jumbo Puff Cheesy Pizza,Vadilal
8904335604280,Protein Minis,Yoga Bar
00850001,,
8901014000531,Top ramen masala red cheruth,
8906113440707,Peanut Butter,Nutty
8906011145162,B-Protin DF,British Biologicals
8901662042198,Egg Curry Masala,Suhana
8906031251553,CHAKOTE JEERA PAV BUTTER,CHAKOTE
8906078722771,,
21500250,,
8901719135514,,
8901741070616,Sodium,
8906097420023,,
8908003115191,Osmania Biscuits,Karachi Bakery
8906137330060,,
8908011995013,,
8906099093973,ORAWET ORS ORANGE FLAVOUR,ORAWET
8904083321019,Almond Icecream,Milky Mist
8908019567861,kadak chai,VEMICA
8902967213429,McDOWELL'S No1,McDOWELL'S
8906013960435,Bioline,
8909106023307,Lux,
0800811720025,,
6001040601350,,
0946490641197,,
8908019631968,,
8906054420004,,
8906064230549,Minced Ginger & Garlic Paste,Maharaje
8906183980936,Snack’d Protein Bar Cookies & Cream,Beast Life
8908022656309,Basmati Rice,ALIZA
8901262174138,Gold Cookies N Cream,Amul
8906165788109,Clean Whey Protein,Truebasics
8903241230347,Suhana Soya Sauce,Suhana
8904071701762,,
8998888462190,MASAK,Maestro
0725765582232,,
8992845857791,Primaagung spagheti,primaagung
8992845857883,BARBEQUE,primaagung
8901777205662,Banganapalli Mango Slices,Vadilal Quick Treat
8901512500205,Butter Popcorn,Act 2
8902979031790,,
8901499011039,Kellogg's Corn Flakes  Strawberry Puree,Kellogg's
8906009072135,Unibic orange,
4906529490024,,
8904198802342,chips,Euro
8906044996106,Coco Frut Stawberry,Coco Frut
8908019567168,LEMON PICKLE,VEMICA
8908019567175,CUT MANGO PICKLE,VEMICA
0015020080000,,
8904104710525,jk tikka masala,
8904104710716,jk curry masala,
8901207049880,Khajurprash,Unknown Brand
8901690323191,Utsav Sodium Bicarbonate,Utsav
00399368,Orix aqua,
8905507092744,milk cookies,first crop
8908019567717,MIX VEG PICKLE,VEMICA
8908019567489,GONGURA PICKLE,VEMICA
8000500202234,Kinder Joy boy,
8042468000002,,
0787099843519,Oats Clusters & Ragi Flakes with Strawberry,Wingreens Harvest
8901512917102,Date of Manutacture (MFD),
8908019567380,MIX VEG Pickle,VEMICA
8909081001758,ITC mint-o fresh,itc
8908019567342,LEMON PICKLE,VEMICA
8902433008146,Twix minis,
8907931002962,SP GARDEN VEGGIES,
8908019567359,CITRON PICKLE,VEMICA
8901071702928,Hershey's guava mexican chilli flavour,
8901725013516,yippee magic with mullets,
8908019567854,GREEN TAMARIND (THOKKU ) PICKLE,VEMICA
8901014000463,Nissan Hot and spicey korean chicken,
8901023024108,Godrej germ fighter handwash 750 ml,
8908018847681,Caramel Pecan Crunch,The Brooklyn Creamery
0008004679031,,
8908011892183,,
0902441015615,Peanut roast,Asians
2213490050001010,Chicken breast,Sneha select
0946612600460,,
8901063012875,,
8908013889143,AGVS Bandhu Jaggery Bytes,AGVS Bandhu
8906008970111,Evita Popcorn,Evita
8908004992920,,
8906068765191,,
8906009534657,Max Protein 7 Grains Protein Granola,RiteBite
8906001385417,,
0897231001223,,
8906002730025,Chitale Foods Instant Gulab Jamun Mix,Chitale Foods
8902335012906,,
8908024694033,High Protein Plain Yogurt,Athena
8908007572501,,
0811307033062,Korean Protein Puffs,Protein Puffs
8906078720432,,
8906078890319,,
8901262176569,Ice Lickz Orange Flavour,Amul
8904258700489,raw guava,
8906010504236,,
6291108230961,Date Crown Chocolate Dates,Date Crown
8906067025302,RAW WHEY CONCENTRATE,Muscleblaze
8905507092737,orange cookies,firstcrop
8905507059143,chocochips,firstcrop
8905507041308,cashwe cookies,first crop
8908010900148,Pintola Peanut Butter,Pintola
8908000682542,,
8906051682207,Dark Chocolate Compound,Morde
8906104381033,XLR8 Whey Concentrate,XLR8
8904025405005,,
8906148690788,Baba Jadhav Red Chilli Garlic Chutney,Baba Jadhav
7622201423117,,
8904132975491,Orange Flavoured,Campa
8906016102283,,
8995656320063,White Eggs,Unknown Brand
8906078266558,Shortbread Cookies,Sables
8906001052654,Kerala Prawns Fry,Mother's Recipe
00009583,hair colour,enega
4906016006233,,
8904422700796,,
00000723,KAJU KATLI,KAKADA
8901058014761,Nescafé All In 1 Frappe,Nescafé
8902080364060,Mountain dew,Pepsi
8908011645024,Manikchand Oxyrich,Manikchand
8901652142488,,
8901560053043,,
8908025350006,Imli (Tamarind) Chutney,Ruchira
8906027714451,,
8904004409789,,
3047063093522,Good Day,BRITANNIA
7622202253614,Oreo sandwich biscuits,Unknown Brand
8904335601081,,
8901220905668,Baidyanath Aloe Vera Juice,Baidyanath
8908006646715,Popped Lotus Seeds,Mr Makhana
8906040412853,Pushp Soya Chunks,Pushp
8904320007041,DiSano Honey,DiSano
8908018963022,Riceflakes Chiwda,Babus
8907316006370,Rose Syrup,Mother's Recipe
8901777131060,Schezwan Paneer Kathi Roll,Vanilla
8904083533887,Organic Hot Mixture,24 Mantra Organic
8993200669301,cimory yog bites strw mngo,
8906031252314,Chakote Slice Cake,Chakote
8901719113871,Parle Platina Hide&Seek Choco Rolls,Parle
8906022281255,KeeKoo Instant Masala Noodles,KeeKoo
8906010504199,Balaji Wafers Katak Batak,Balaji Wafers
01341502,,
8904123501265,Red Banana Jaggery Chips,A1
8904067701387,,
8906037690226,Vitamin C & Electrolytes,Hydralyte
8902080000333,8902080000333,
8901030985966,,
8939111115278,gravity drops,gravity
8904132953932,toor dal independence,
8901764395161,Minute Maid Mixed Fruit,Minute Maid
0890126226012,milk,amul
8901233025001,17001415 Zip Mini Chocolate Bar,Cadbury
0181210835238,Urad plain papad 200g,
8904089325479,havmor ice cream,
8904043926018,urad whole tata sampann 1kg,
8906027714475,,
8902433006999,,Orbit
8908019229158,,
8906010502065,8906010502065,
8906032372936,,
7622202216336,Cadbury Fuse (22g),Cadbury
7622202290398,,
8909081006333,,
8906010504663,,
8908011491386,,
8906125982578,Sweet & Salty Popcorn,4700BC
8901058023183,,
8906064651528,,
8906064651511,Cheesy Chipotle Sauce,Wingreens Farms
8906090640992,Amul Noodles,Amul
8901063367180,Brit 50 50 maska chaska 100g,
8906008134445,Super Tower Gulkand,Quality
8904297801567,,
8901719123870,Parle-G 250g,Parle
8906010500320,8906010500320,
8906124460107,,
0846203001846,,
0846203002867,,
8906130500866,CRINOVA,CRINOVA
9909178560266,,
8906013890695,Protein powder,Pedia Gold plus
8901063446175,,
8906008811216,Fortune Rawa Semolina,Fortune
8901719129285,parle krack jack 700g,
8908002753523,Red cow ghee 200ml,
8908009053015,NANI'S KHAMAN DHOKLA INSTANT MIX,NANI'S
0000582369754,Riddhi Siddhi Bakery,Riddhi Siddhi
8902351998765,,
8903553002342,,Unknown Brand
8901216812062,Kamasutra sent,
8906009536217,Max protein daily,Ritebite
8906067210258,Shree Siddhivinayak,Shree Siddhivinayak
15374967,,
8903363008862,,
8901725115425,,Sunbeam
3047719127915,,
8906158570025,,
0034493365247,,
8906080601262,chikki,paper boat
8906001026662,Whey Protein,Avvatar
0745604521918,,
8904132972209,,
0641837433212,,
8906066205934,,
8908023883056,Bazana Pistachios,Bazana
8901764972041,,
8904004404753,,
8906165782251,,
8997223820114,ayam goreng bumbu,saba
8906003071943,,
8904188607605,Split Mung With Skin,Saurabhi
8901560030211,Nilson Mango Pickle,Nilson
8906069762762,Ranch Dip,Jimmy’s
8904238302511,real man,
8901725112479,Dark Fanstasy Fantastik,Dark Fantasy
8904422705319,,
8901414058255,bikano Rasgulla,
8906020492943,lal horlicks burfi,
8906020492752,lal Mysore Pak,
8902901251555,murmura,puffed rice
8906015654356,bikaram chandmal sattu laddu,
8901721001500,prabhuji soan papadi,
8906007780018,Vikram Kadak Dust Tea,Vikram
8904067709321,jabsons chikki til gud,Jabsons
8906084412918,M.O.M Nut Mix,M.O.M
3988106018280,,
8901052024414,Egjkk,
8906009502120,Chitale Shrikand,Chitale
8906019779680,,
8904422705630,,
8904063225320,Masala Soy Chop Wrap,Haldiram’s
8901552024877,Hot and Sour Kathi Roll,Ashoka
8939121486832,Nourish Protein Bar Choco Almond,Nofuss
8906016355719,Samrat MP Maida,Samrat
8906006330665,Gemini groundnut oil,Gemini
8901725013851,Mad Angles Pizza...aaaah,Bingo!
8906133025724,Creation Monohydrate (Unflavoured),Nakpro
8901192104120,,
8904463100241,Wellcore Creatine Monohydrate,Wellcore
8908003723020,Frozen King's American Sweet Corn,Frozen King's
8907892000601,jackpot,
8901393027242,,
0690225646284,,
8901719134975,Parle Marie 800g,Parle
0440920169607,,Unknown Brand
8906031251607,,
8901552008143,Aeroplane Mixed Pickles,Aeroplane
7622202326172,Cadbury Dairy Milk Silk Roast Almond,Cadbury
8903023005743,Vedaka Toor / Arhar dal,Vedaka
8850151951735,Condensed Oat Milk,Mali
8908011098943,,
8901058890310,nestle milkmaid,
8906014611589,Assam Golden,GS TEA
8901808006640,Chef’s basket Macaroni Pasta,Weikfield
8902967215621,,
8906116957899,,
8906164501686,Rustic Bell Fruit Slice Cake,Rustic Bell
8901036173411,,
8906091301106,100% Soy Isolate,Nutrabox
8901491003872,Lay's Korean Chilli Flavour,Lay's
8908009082152,,
8908004944561,Chapatti,Lulu
8901138505844,Himalaya,
8906070132349,Premium Roasted Peanuts - Black Pepper,Sikandar
8906010850753,Campco Dietier Dark Chocolate,Campco
8901262201018,,
0300447121314,,
1217968782278,,
8908002854800,Cheese And Onion Soya,Promunch
8906027790264,Gabaneuron 300,
8906020490031,Besan laddoo,
8901042971773,BESAN LADDO0,
8901042971766,MYSORE,
8906015500509,veg cheese finger,
8908000718036,Fiber Powder,Up&up
6291053220017,,
8902579002527,,
8901088897624,,
8906081121059,,
8901058018639,Milkybar,Nestlé
8906092751887,,
8901262176521,Amul kulfi,Amul kulfi
8908006989430,nutritius crush peanut chikki,nutritius
8904374505463,Paneer Paratha,S. Motiram
8908013901258,,
8908003115603,Sugar-Free Butter Cookies,Karachi’s
8906010361105,Ghee Dry Fruit Halwa,GRB
8901777325681,Curried Patra,Vadilal
8902382100137,Gentamicina,Crema combinada
8901393017762,,
8901090223749,Tata Coffee Gold,Tata Coffee
8904063224903,onion samosas,haldirams
8902167101892,MDH mushroom masala 50 gm,
8906018303022,palmolein oil,
8906011348808,palmdelite,
8901719131158,20,
8906001056294,Vindaloo Curry Paste,Mother’s Recipe
8906029451965,Mrs Foodrite Tomato Ketchup,Mrs Foodrite
8901719135170,parle monaco 700g,Parle
6416655453056,wheat bread,NAACHI'S
8906137250153,,
8903241110977,,
8906009990712,,
8901058019841,Nestle Everyday Dairy Whitener,Nestle
8901972060110,Dukes Bourbon Chocolate Biscuit,Dukes
11211082,,Silver drop
8906001055938,Madras Pappadum,Mothers Recipe
8906006851108,,
8901719132674,Magix green Apple rs 10,
89080221,,
0509043466960,,
8908000848030,Kirti Gold Refined Sunflower Oil,Kirti Gold
8901662000716,,
8901719908682,Milk Power Biscuits,Parle
8903023003473,,
8906149280797,Golden Bakery Majestic Bread Roll,"Golden Bakery,Majestic"
8909081004827,,
0003602604690,,
8906145151220,Mango Duets,NOTO
0009967767852,,
8908020463008,Cruls By Crax,Crax
4901049749928,Zandu pure honey,Zandu
8906016101705,,
4906473820410,,
8992222053112,wax,gatsby
8908006936250,,
8901207051166,,
8906009536736,ACTIVE PROTEIN.,Max Protein
8901725125240,,
8906087770084,Baby massage oil,
8904071700857,,
8906159660701,Dehaat Honest Farms Black Cardamom (Kali Elaichi) Whole,"Dehaat,Honest Farms"
8901786630509,chiken biryani masala Everest,Everest
3948725005856,,
8906009532141,ULTIMATE PROTEIN.,
8901928042252,8901928042252,
0793591110370,,
8903363012937,Walnut,premia
8907093011840,,
8904043500584,Cheer Cake,Modern
8908010767918,Voll Pro High Protein Bar,Voll Sante
4987176072931,head & shoulders 650ml,head & shoulders
8902710510034,CRUNCHY FRUIT &NUT,
8904067712857,Cocktail Nuts,Jabsons
8906010916046,,
8903754000994,Tata Lyfe+ Coconut Water,Tata Lyfe
8904004455182,,
8901058007268,,
8904119607049,Choco Chips Magic Cone,Top N Town
8906019100477,Chirania Aam Swaad,Chirania
8904147401022,Dhanajeera powder,Adani Spices
8908007422189,Et-mi Icecream Mix,Et-mi
8908019312348,,
0707331116744,,
8906151420228,,
0726872048994,Pork Puffs,Solo
4901499350200,ANTISEPTIC LIQUID,Dettol
4907342808010,,
8908013328192,,
8901044069942,,
8901725014476,Aashirvaad Shahi peda,Aashirvaad
8908010900162,,
0000547693024,DNV MUSTARD KASUNDI,
8901719129568,parle 2 in 1 eclairs,
8906082280342,,
8904296905457,,
8944000570151,Queen Fried Dal,Queen
8901044220015,,
89008874,,
8906163833382,Date Bites dark choco orange,Farmley
8906004565854,Pea Protein Puffs,7Diamonds
4987176273338,4987176273338,
8906042150685,Sewayian,Anil
8906153450704,,
8906006855458,Top Notch Butterscotch Ice Cream,Baskin Robbins
8908019319286,,
8906016100234,,
5059883476452,Impact Whey Protein Chocolate Brownie,My Protein
0030199666008,Cheese,
8906013661431,Silver Soya Refined Soyabean Oil,Silver Soya
8906185240205,Mango Vanilla Concentrate,Deep Impact
8901365405986,Prestige Efficia,Prestige
8906064705306,Banana Sweetened Jaggery,Malabar Delights
8901192101105,,
8906033400058,milma ghee,milma
8906067290496,Zestovit4G,Unknown Brand
8908015298011,Gokul Mamra,Gokul
8901512141408,,
8904089326483,,
8908016906250,,
8908019312089,,
8904018653635,,
9909170520527,,
0692058029630,Jeera Cookies,Global Choice
8901512930200,,
8904022916221,Kiks cracker cheese,Bonn
8904022916238,Kiks Cracker Italian Herbs,Bonn
8901905003689,,
8906069841085,,
8901262177122,Tricone Butterscotch,Amul
8906011141645,BSURE Vanilla Flavour,BSURE
7622202324697,,
8997878701257,milkitaindonesia,
8902901127263,Curate Kimia Dates,Curate
8908014658038,,
8904327600887,Peanut butter,MyFitness
18111286,18111286,
8996001375327,choki choki chocolate milk,"choki choki,mayora"
8904004402018,,
3748663029255,,
5404017406155,Light Digest Whey Protein,Qnt
8906188960131,sugar free cashew cookies,Unibic
8901719128127,Moong Dal,
0846203003611,,
8908014744076,senetaigar,scion
8906031171172,White Rice,Sarveshwar
8906080600623,,
8901063338555,100% Whole Wheat Bread,Britannia
0888311482724,Tuna Chunks In Brine With Spicy Lemon,Fasmeeru
8904300203296,Tez Tadka Masala Noodles,Trdp Mario
8907316000804,samosa,
8906014908429,,
12345697,BUMBU SENDOK BAWANG MERAH IRIS,
8994130900335,BUMBU DASAR HiJAU,
8904063255075,Pista Burfee,Haldiram’s
8906100592037,Vaveda Kiwi Aloe Vera Flakes & Juice,Vaveda
8906160650258,Mr Makhana Pudina Party,Mr Makhana
8906033532964,,
8850639012125,Dark Cocoa 100% Cocoa Powder,Cocoa Dutch
8902171000303,chittchore salted moongdal,chittchore
5060337726504,220mle with instant moisturisation Softens and nourishes your skin COCOA & VANILLA BODY BUTTER,
8901314013392,Colgate powder,
8906166220028,Unifit Whey Protein Brownie,Unifit
8906015010046,Bail Kolhu Kachi Ghani Mustard Oil,Bail Kolhu
0690225309134,Pulav Basmati Rice,India Gate
9686529049150,Ricotta,Brik Oven
8906074826992,,
8900257123557,,
9727202000058,,
8902979031523,Lemom Bhel,Garden
8906004560262,,
8908000462106,,
8908003493008,,
8906127551642,Supernatural Peanut Protein Powder Kesar Mango,Alpino
8908015543197,Green protein,Protein Powder
8909177014990,Daily Good,Daily Good
8906001026624,Malai Kulfi Whey Protein,Avvatar
8906002081516,Sakti chicken masala 50,
8904041500098,,
8906082577626,Sour Cream & Onion Crusties,Cornitos
8908011776025,Moong Special Papad,Annkoot
8908019319187,,
8906004561665,Classes penuts,
8903363009319,DMart Premia Til Roasted,"premia,DMart"
8908019150254,,
8906001023807,Go pizza cheese,Go Cheese
8906107154382,Almond Miracle,Nutty Affair
8005221304045,pan brioche,dolceindora
8901262301671,,
8901777991176,Kesar Motichoor Laddoo Mithai Ice Cream,Vadilal
8906031251188,,
8904330602328,Bombay Shaving company shaving cream,Bombay Shaving Company
8906135452351,Apple Cider Vinegar,Boldfit
8908018280112,,
8906158360046,Crispy day,
8907233388856,Bundle of Joy,Mee and Mee
8906095126668,Arabia dates,
8908008683145,Jackfruit & Millet Cookies,Weleet
8904057302570,Ice Cream Sandwich,Arun
8906136651067,,
8906070217084,,
8906119710415,,
8902080002368,Gatorade 250 ml,Gatorade
0046403890404,,
8901662042075,Suhana Veg Biriyani Mix,Suhana
8908007009021,Vitthal Refined Soyabean Oil,Vitthal
8904089300971,,
8908010029191,Smile Green Peas,Smile
8906090574235,,
6985523101516,,
8901560910216,,
8904057302365,,
8906024372494,,
0949546010008,,
8906113491198,Honey & Nut Crunchy Muesli,Joyfull Millets
8901963400017,Gamberetti,Cap
8901042968971,3 Minute Breakfast - Kesari Halwa,MTR
8906051661097,,
8901063142534,BRITANNIA nutri Choice,BRITANNIA
4906439844467,,
8901512549518,Butter pepper,
8901058011890,,
8906099200890,Gokul Mustard Oil,Gokul
10332107,glass cleaner,glint
8908024409002,Cravve Momos,Cravve
8901058894967,Polo candy,
8906088701070,Wild Vanilla Instant Coffee,Colombian Brew Coffee
8908022604713,Hex Juice,Hrx
8906117090779,Rice Popped Chips,BRB
8906021510608,GANGWAL BESAN,GANGWAL
8906119260774,,
8906025890034,Shri Varalakshmi Double Dolphin Sabudana,"Shri Varalakshmi,Double Dolphin"
8901365740803,Prestige LPG hose,Prestige
8908015836107,Ragi Crispies,The Healthy Binge
8203143041400,Jalapeno Cheese Zero Oil Noodles,Yu Instant Noodles
8906080604317,Sparkling Water Yuzu Orange,Paperboat
8901552023795,Malai Paneer,Ashoka
8906136651982,High Protein Muesli,Pintola
8904067712284,Salted Sabudana Mix,Jabsons
8906031251263,,
0940644938362,,
8901262300506,,
8904004407594,Taka tak,
0941792152181,,
8908000275096,City gold elaichi 250&,
8906074930132,,
4111471513121,,
8901719135811,8901719135811,
8906082650527,,
8906069406079,veeba  tamato,
8939123885398,Edma beans,Green granz
7902209014853,Hoegaarden Rosee,Hoegaarden
8906144121644,Wheat Porotta,Ammachie’s
0089094025809,Creamy Vanilla Protein Powder,Isopure
8906066207174,,
8906010502355,,
8904071701144,Moong Dal Fried,Chheda
8901138841010,himalaya puppy healthy treat,himalaya
8903553601057,Mango Pickle,Unknown Brand
8901719130762,parle 20-20 604.8g,
4987176115065,Tide double power,"Procter & Gamble,Tide"
8906004560514,Chulbule Chatpata Masala,Chulbule
8908002506495,Royal Peacock Emperor Dates,"Emperor Dates,Royal Peacock"
8901063408203,Britannia Come Alive Dahi,Britannia
8906029452177,Mrs Foodrite Szechuan Chutney,Mrs Foodrite
8906010504304,,
8908015845086,Gokul Dahi,Gokul
7501017620111,Chipotle Peppers In Adobo Sauce,La Costena
00018964,OKACET 10MG TABLET,
8901552011969,Coconut Shreds,Ashoka
8906055440483,Organic Sonamasuri Brown Rice,Organic Tattva
8908005459026,Quinoa 100% Organic,Nourish You
8901777572146,Sitafal Basundi,Vadilal
8908024694019,20g Protein Blueberry Greek Yogurt,Athena
8901030926587,Pepsodent 1.5gm +1.5gm,
8904320059637,,
8902346012377,Electral Ready to Drink ORS,"Electral,FDC"
8906004561054,,
8908014071196,,
8906082833500,Rusk,POLKA
4901696506899,rosette gommage,rosette
8906095123865,Wonderland Chilean inshell walnuts,Wonderland
8901044400745,Strawberry fruit crush 1ltr,
8906052860147,Chilly Garlic Cashews,Zantye's
8908013194308,Cuban Watermelon Mojito,Borécha
8904090906599,,
8908006931965,Riz Étuve Lutik,
8908006931958,Riz Basmati Lutik,
00005115,,
8906069492539,Millets,Nitya
8906009079714,Almond & Oats,Unibic
8906054031347,Roasted Makhana Gorgon Nuts Black Pepper & Himalayan Salt,Pop Mak
8901088759533,Masala Oats Classic Masala,Saffola
8906081380609,Velluli Karam Podi,Telugu Foods
8901719130090,PARLE HAPPY HAPPY,
8996001378021,,
8904120400479,Jalapeños Sliced In Brine,Abbies
8901063365131,BRITANNIA marble cake,
8906064919819,PL Turkish dried Apricot 200gm,Unknown Brand
8906027998790,Mark premium Nut Urge cashew special,"Mark premium,Nut Urge"
8905507025049,,
8909106024502,horlicks classic malt 1kg,
8906020491342,Mysore pak,Lal sweets
8906034161521,lido,
8908003907598,Bennevis Bruxelles,Bennevis
8901928222401,8901928222401,
8908016029232,,
8904465000129,c'bon  crn flakes,
8906016101125,,
0746935591410,Orange Popsicle,Get-A-Way
8906111332134,Cookies N Cream Ice Cream,Lotus
00048184,,
8901719133916,,
8906008674262,Low Fat Paneer,Vatan Se
8901107042486,Lupin Life Apptivate,Lupin Life
8904071702189,potato chips,Chedda's
8901719124853,PARLE HIDE AND SEEK,PARLE
8901544064461,ICONIQ WHITE WHISKEY,ICONIQ WHITE
8904198805534,sev mamra,Unknown Brand
7622202253652,Hii kn,
8901052006984,,
8901548100776,Probiotic Butter,Nutralite
8901905022901,,Unknown Brand
8906036402172,fairness cream,zordan herbals
8908019118155,,
8906166220011,"Honey, Raisin & Almond Muesli",Unifit
8906028552557,R pure anardana powder 100 gm,
8906092031989,Sunny's Foods Chakli,Sunny's Foods
00042523,,
8906012280114,Cardamom Chai,GeeBees Chai Gold
7622202290459,Dairy Milk Silk Hazelnut,Cadbury
8906156483495,Sprouted Moong Chilla,Khetika
8901262040211,Amul Amrakhand,Amul
8906006170148,Rice Puffs,O’Yes
8908021459024,Magna Orange,Magna
8906009993645,Elite Carrot,
8904004422108,Chips Haldiram's,
8908005312604,Hawaiian Barbecue Cheese Popcorn,4700BC
8908003115948,Pista biscuit,
8906065030629,Classic tea-time biscuits,
8906018940180,,
9300830019625,Magnum Chocolate Truffle,Streets
3948262151863,Amul Fresh cream 250ml,
19064864,,
0449414862802,Amul Gold 500ml,
8901719132254,Black Bourbon,
8906017861363,MILK RUSK RUSKIT,
8908009629661,,
7419871002342,,
6666666704849,Haribo-Goldbears,Haribo
2867983006904,Walnut,Lulu
2867319008855,Almond,Lulu
2810373016502,mabroom dates,Lulu
8904043552002,Wheat Rusk,Modern
6514747034036,Ketchup,heinz
8904100770189,,
8908019757446,,
8908012987598,Whey Protein Choco Crunch,Trunativ
8908019286373,,
8906125982653,Caramel Popcorn,4700 BC
0940310088490,Double mint chewy mint,Double mint
8908009192080,Jeera Pepper Rasam,Indira
8906077360905,Jagger Powder,Jaimin
8901786142002,Everest shahi biryani,
0545886046655,,
8939111432764,Electrolytes,Wellcore
8904221697471,L-Carnitine L-Tartrate,Aditi’s
8906010278687,,
8901262150200,Amul Gold 500ml,
8906133403034,,
8901719134999,parle 20-20 1kg,
8901719135323,parle krackjack,Parle
3948063365889,Britannia orange Gobbles cake 28gm,Britannia
8901063365919,Britannia Gobbles cake butter blast 28gm,
8902268012530,Anmol chocolate cake 30gm,
8902268012554,Anmol pineapple cake 30gm,
8902710510058,SWISS STYLE,
8909081003059,,
8906064280414,,
8902080002689,APPLETINI,Tropicana
8902080002061,POMEGRANATE,
8901262180108,,
8902080002672,LITCHI LOVE,
8906009990699,Elite CHQCO ORANGE,
8906009990705,Elite DREAMS CHOCO PINEAPPLE,
8906009993157,ORANGE FRUITY CAKE,
8906009993164,DREAMS PINEAPPLE,
8906009994161,FRUIT CAKE,
0846203001884,,
8906009993829,Orange Elite,
8906009993812,Cake Milk,
8906005611192,,
8904043550213,Cake modeRn,
0726872049014,Pork Puffs,Doki
8904320018351,DiSano Peanut Butter Crunchy,DiSano
8902269516624,A to Z tablet,alkem
3940076132779,Multigrain Loaf Sourdough,The Bakers Dozen
8901526602926,Garnier Vitamin C cream,
8410125246443,Figaro Olive Oil,
8901063093607,8901063093607(565),Britannia
9904478341935,,
8901777651148,Vanilla Ice Cream,Vadilal
5926104400155,,
8906009504186,Chitale Tup,
8906000591826,rice,
8904271201703,hhuu,ghg
8902579003326,LASSI!,
0048107255930,Coffee flavour Protein Wafer Bar,GNC
8901262201902,Amul Stirred Fruit Yoghurt Pineapple,Amul
8906017861318,RUSKIT BISK FARM,
8901719127977,PARLE PIRIPIRI 1ONACO,
8901928041217,BISK FARM PARLE,
5997059056513,,
3948063142213,nutri Oats,
8908008551017,Navdurga Flavoured Fennel,Navdurga
8908000420120,Green chilli Sauce,
7622202318139,,
7622202236938,,
8903363010544,DMart Premia Matki,DMart
8906016491738,MILK RUSK,
8901063092839,Good day 5rs,
0400545237006,,
8906005618146,Winkies centre filled cake 30gm,
8901030926600,pepsodent,hul
8901396173502,harpic,
8908014080174,Gupchup,
8901262300544,Epic Almond Gold With Belgian Chocolate,Amul
8901030980060,,
8904132919396,Dosa,
3948207035500,Dabur Homemade,
8906081922090,Plant protein +,Carbamide forte
7622202243516,,
8906075005730,Bun Pav,Atul Bakery
8906041300296,frozen green peas,premier
8904198801352,,
8906005502704,BIKAJI Gulab Jamun 500g,Bikaji
8904063210425,Long Gulab Jamun,Haldiram's
8906018562290,Tandoori Tikka Masala,Sputum
8906081387479,Cow Ghee,Telugu
0941458058178,Ceralac,
8906169992748,Sweet Karam Coffee Madras Mixture,Sweet Karam Coffee
8906133026264,Skimmed Milk Powder (Spray Dried),Nakpro
8906183980011,Isorich blend whey protein,Beast Life
8900000078738,Brownie Almond Crisps,Hueza
0692707334009,,
8902080204588,8902080204588,
8906133312305,butter shortbread biscuit,Karachi Bakery
8906020461758,Baker’s Loaf Oatmeal Bread,Harvest Gold
8908019314144,My name is brown bread,Callerio
8906033742363,,
8904406102097,Very Berry Ice Cream,Get-A-Way
8904258703282,MASALA LEMON Shikanji,Raw Pressary
3948548311370,,
8901719125447,,
8904287002189,Bambino Baliyan Seviyan,Bambino
8901725015213,,
8904014800972,Paul John Indian Single Malt Whisky,Paul John
8906150472679,,
8908002735635,,
8906107930504,,
8701491372196,,
8908000596276,Budweiser MAGNUM,Budweiser
0810000026709,,
8908004201060,Sri Trisul Idly Ravva,Sri Trisul
8901725015220,,
8906126830434,,
8906078263526,Marie Cookies,Mrs. Bectors Cremica
8939121289204,,Ramam
8906116958407,,
8908018251440,Artos,Artos
8904221695941,Whey Protein Cafe Latte,Atom
8901764362750,,
4906575490887,,
0000456000011,Multigrain Atta,Goswasthya
8908006734054,,
8908026243116,face serum,proskire
8904327600443,Original Peanut Butter,My Fitness
3948808004790,weikfield,
8906082370098,nic alphonso mango,nic
00026795,,
8908004114193,,
8902080110001,Sting Gold,Sting
8908009515360,GetKrrackin! Chikki,GetKrrackin!
5900456635007,Greek Yogurt Natural,Epigamia
8904103033014,swastiks tomato pickle,swastiks
8908008966200,,
8901246007278,,
8906019778270,,
00001804,SPF. PA+++UVA SUNSCREEM,
8901058021066,Munich choco fills,Nestle
25945002,,
8909106001763,,
8901764112263,,
8904089922135,,
8908008670428,,
3600542143608,Garnier fructis reparing papaya hair food,Garnier
8906082526167,Kapiva Shilajit,
8906087773740,0.3% Retinol Serum,
0726872046891,,
8904234100531,,
8901764072918,,
8901030713286,Nark Crowne Swas,Knorr
8906009536460,RiteBite Max Protein  Jaggery Crunchy Spread Peanut Butter,"RiteBite,Max Protein"
8906009076843,Unibic Signature Cookies,Unibic
8906144491891,,
8906049252481,Diwadakar's Ajit Sandwich bread,"Diwadakar's,Ajit"
8901719115103,,
8906023810256,,
3948063365964,,Britannia
8904089994590,,
8906115880341,,
8902286102305,,
8906018080459,,
8906006515888,,
8906107930177,,
8906015580600,Nish hair colour,
4987176073020,Head shoulders,
8901396389859,Dettol,Dettol
8906005502896,8906005502896,
8909106036796,,
00002694,,
8901012116852,Johnson's baby lotion,
8901453000888,,
8901012116845,Johnson's baby lotion,
8904057303331,,
0820294212381,All In One Namkeen,Bc
0048107251994,Whey Protein,GNC SELECT
8901302098868,Dolozox,
8906191580050,8906191580050,priya
8901086210845,U_cet / cetirizine,
8908016029133,,
0048107238933,,
8902286051160,Visakha Dairy Ganga Special,Visakha Dairy
8904038410416,Panda Garlic Pickle,Panda
00011076,,
0644906203730,,
8904335602293,Yoga Bar Instant Oats+,Yoga Bar
8901414004986,Mixture,
8902133058144,Sangam Buttermilk,Sangam
8906091900866,Sorghum Puffs - Peri Peri,Roast Foods
8901155501430,,
8906061711027,,
8901719121951,,
8902901130003,Kadul seed,
19023538,,
8901058019674,Ceregrow,
0737666073498,Assorted Chocolates,See's Candies
8904089920629,Curd,Heritage
0941555501232,,
8906005618603,Mini Swiss Roll (Choco-Vanilla) [10 Rs],Winkles
8908656123901,,
8901719127748,,
8904335601326,Chia Seeds,Yogabar
8906079010334,Luvit Pops!,Luvit
0806360137017,Lotus,
8904004708356,Lora D,
8906068764446,,Rapid
8901302053195,Fexofast 180,
8906055131862,,
8906015613360,,
8901058020304,Munch max butterscotch,Nestle
3533840751593256,,
8906014900270,,
8901262301244,,
8901207032585,,
8901086130013,Metrandizol Inj,
8908022254956,Phab 10g Protein Milkshake Coffee Tiramisu,Phab
8901086040091,Dicloran,
8906148420484,Hydrocortison sodium,
8906184890203,,
8901155832213,Paneer Makhani,Gits
8904103030396,It's a indian Pickle,
8906095290635,Onion Kodubale Rings,Adukale
8909081003233,,
8901041000597,Salty Salt Biscuits,Salty
7622202327384,,
8906149260546,Banana Wafers,Raj Amrit
8906017290095,Bisleri Water,Bisleri
8906024481035,Dodla Curd,Dodla
7622202290725,,
8904340700168,,
8901786761005,Ginger Garlic Paste,Everest
8906048500071,,
8901719130380,parle platina,
8901123005748,,
8902852229047,,
8904063204813,,
8906036300072,,
8901808007593,Green Chilli Sauce,Weikfield
0048107238216,Gnc All In One,Gnc
8906016415253,Jersey Toned Milk,"Jersey,Godrej"
7622202324369,CADBURY CHOCOLAIRS,Cadbury
8908004011324,MILK BISCUITS,
4901460001070,,
8906038230162,Salami,Zorabian
8906038230186,Spicy Sausage,Zorabian
8908019319163,,
8906006787988,Surabhi Mango Pickle,Surabhi
8903363010674,,
8906000598108,1121 XXXL Basmati Rice,Rawabi Gold
8908022776588,otikee ear drops 30ml,
8906102180263,auriko ear drop,
8906006852297,Mississippi Mud,Baskin Robbins
8906095290895,Masala Groundnuts,Adukale
8907316007766,Garlic Chilli Sauce,Mother Recioe
8906020491984,Milk Cake,LAL
8906020492820,Horlick's Burfi,LAL
8906174453197,7 Bazaari Chatpata Cranberry,7 Bazaari
8901499009791,chocos Fills,Kellogg's
8901462031552,,
5900671800600,,Nice
8906001052807,Spice Mix For Kadai Paneer,Mother’s Recipe
8901662010913,,
8901414048294,Panjeeri Laddu (Sweetened Wheat Flour Balls with nuts,Bikano
9000416353081,,
8904327601976,Dark Chocolate Peanut Butter,My fitness
8906064451012,face wash,Elements
8908013950362,Plix ACV,Plix
3948063139329,,
8906041831356,,
8901030726590,Korean ramen gochujang chicken,
8906099640726,,
8906001020387,,
8906008818048,,
8904132956896,independence,
8908010213958,,
0903010090866,Mozzarella Cheese,Dlecta
8906151420143,,
8906163833290,,
8906133020804,Creatine Monohydrate,Nakpro
8901058017595,Ceralac,
8901111046074,Creme mometasone,
4001860146491,,
4906417861325,,
8906090574174,,
8906113370752,DiltiaRecto,
0704096603618,,
8901725019266,Atta With Millets,Aashirwad
8901444095930,Nurto plus peanut butter 340g,
8906137330411,G2 Wheels,G2
8901725105907,Fabelle Tiramisu Chocolate Bar,Fabelle
8904344624378,,
8906023418391,,
8905507000930,vinegar,imli tree
8908005879275,Panjwani,Panjwani
8908022604676,25gm Protein Shake Chocolate Oatmilk,HRX
8906103970047,Shree Jal Coconut Water,Shree Jal
7958236912341,Bokai Banana Pudding Cake,Bokai
8906002007806,,
8905012345038,Rajwadi Haldi Powder,Rajwadi
0946712260373,,
8906108305059,,
4987176135865,Gillette foam,
8906078720159,,
8907848001799,Vijaya Style Plus Arogya Lakshmi,Vijaya Telangana
8904091105816,Canoio V6,
8904057395169,Arokya Curd,Arokya
8901058019667,,
8904462000054,Itrahof 100,
8904296902456,,
8908003718439,Groundnut Oil,Gem's Gold
0061685959050,Tandoori Tofu,Health On Plants
8906045941815,Clinvag,
8901393019018,,
8904132953444,,
8906065169695,8906065169695,
8901095000031,Tea Powder,Society
8908003331430,Tenali Double Horse,Maharani's
8904100770110,Sweet Bun,Arani’s Bakers Fresh
8904296900490,,
8908005698463,Far Far Mix Fryums,Balasa
8906006783331,,
8901246001429,CLASSIC BLEND TCMATO KTCHUP,
8901207028625,dabar aaula oil,
8908000295797,Mukhoarochak Sweet & Sour Chanachur,Mukharochak
8908000295384,Mukharochak special papri chanachur,Mukharochak
8908000295780,Mukharochak special papri chanachur,Mukharochak
8908000295124,Mukharochak kabuli chana,mukharochak
8908000296336,mukharochak dhaniya peanuts,mukharochak
8908000295261,mukharochak khatta mittha chanachur,mukharochak
8906000210031,Pilsbry chakki fresh atta 2kg,Pillsbury
8908000295902,mukharochak Lite chiwra,mukharochak
8901786190508,,
8901138504564,Himalaya mud musk,
8908000295278,mukharochak Chowkhas namkeen,
8901721000107,Prabhuji  Chat Pata,
8906009994215,Elite Black Raisin Cake,
8901302059234,Nebilong,
8901063142695,,
8906055400661,M F Foods Cream Bun,M F Foods
8906064654246,Naan Chips Butter Garlic,Wingreens
2110000590009853002001,mixed sprouts,nutra
8906008811483,Fortune Sugar,
8906010502249,Chana Dal,Balaji
8906141780684,Zero Sugar Millet Oatmeal Cookies,Artinci
0764460290899,Peeling solution,
0670087142971,Chicken Jerky Crisps,Doki
00284211,dates,lion
8904278593771,acyclogal,
8901058019452,Milkybar,Unknown Brand
3990020265039,,
19060028,Egg Mayonnaise Classic,"Dr. Oetker, Funfoods"
8906069402682,BURGER VEEBA MAYONNAISE,
8906139040707,,
4901450017470,Wok Tok kung pao,"Wok Tok,Veeba"
8906041570019,Pride Of Cows Milk,Pride Of Cows
8906027713645,Govind Dahi,Govind
8901111079478,Panzim 40,
8906064654239,Naan Chips,Wingreens
8901063139244,,
8903023005248,,
89080276,Sunrise Coffee,
8901786150120,,
3948764021251,3948764021251,
7901551540102,,
8901928371505,BISK FARM,
8901111350133,Novaten 100,
8901111570111,Lisnop 5,
8901111005781,Lisnop 20,
8906009994185,Dates ELite,
8906009994178,Elite sliced Pudding Cak,
8904394532104,8901063363878,
8901302051115,Amlong 5,
8901302053904,Amlong 10,
8901111571118,Amaday 10,
8901111474112,Amaday 5,
8908004997864,Pork Garlic Krakauer,Prasuma
8901071700320,Nutrine Lollipop,Nutrine
8906016414515,,
0757953735465,,
8906059636868,Turbo Yogurt - Mixed Berries,Epigamia
8906123323366,شاي كرك شاي بدون سكر,
8906123323342,شاي كرك زنجبيل بدون سكر,
8906125980208,Cjeese Popcorn,1100
8906143620278,Protein Thins Pani Puri,Prolicious
8901058905090,naturo,Unknown Brand
8904390600128,Atta Biscuits,Lyallpur
89008720,,
8903553002830,,
8906115880051,,
8908001631419,,
0926402500903,,
8908009918048,Protein & Herbs,Oziva
8901063301283,Atta Bread,Britannia
0720440246270,Apples + Oats,Happa
8901725013776,,
8906041570125,Low Fat Milk,Pride Of Cows
8904320006433,,
8901262020435,Pizza Cheese,Amul
8901721000527,prabhuji tok jhal Misti spicy spin,prabhuji
8901721000190,prabhuji khatta mittha,
8906004565175,,
8901721000268,prabhuji all in one mixture,prabhuji
8901662024798,suhana sambar masal,
0123456745650,,
8901111051368,Lastavin Am 5/160,
8901111051375,Lastavin Am 10 /160,
8901111078013,Lastavin am plus 5 _160 _12.5,
8904063254603,Tea Time Khari Original Crispy Puffs,Haldiram’s
8901030966149,Knorr Red chilli sauce,
8901440224167,Eastern Parippu Payasam Mix,
8901440224044,Eastern Semiya Payasam Mix,
0007012083556,,
8901042962252,BADAM MTR Badam Milk,
8908016793416,Chili oil 2x,Master Chow
8906009992594,CUPCAKE CHOCO,
8904002504608,MINERAL WATER,MASQATI WATER BOTTLE
8908020733088,Avolt Birthday Cake Flavour Protein Wafer Bar,AVOLT
8906009994260,centoz cupcake,centoz
8906004561894,,
8906088861279,Current masala noodles,
8906088861736,Current veg,
8906088860265,Current hot lemon,
8906041271794,Rich plavex,
8906103770227,Fenocare,
8901302097304,Plagerine,
8902519002051,,
8906019771974,Black Raisins,Nutraj
8906091900682,,
8901302203484,Pantofage 20,
8901111079485,Panzim 20,
8904187881426,Kwixium 40,
8901111591215,Aprazole 40,
8901111985113,Aprazole 40,
8904091126309,Esoz 20,
8904168783978,Edamame by Big Sams,Big Sams
8906161742600,Vomirid,
8906096001070,Novidox,
8906148420897,Navixine,
8906046083194,Levo 500,
8909106042988,,
8906148421757,Farocol,
8903363010483,,
8901111045718,Zaha,
8906019647460,Digene,Abbott
8906068040052,,
8906161741870,Apoxime,
8901111084199,Fixim,
8908017415157,,
0922090022161,,
8906136650596,Peanut Butter,Pintola
8699462607814,Murukk Lexus assorted,
8901777322086,Paneer Tikka Masala,Vadilal
8903023005965,,
8903023009802,,
8906035752056,,
8901248703550,,
8904104737010,jk pav bhaji masala,
8906159660732,Dehaat Tamarind imli,
8903023306055,more coriander powder 200g,more choice
0007403004185,more cumin powder 50g,
8901725125165,Aashirvaad chilli powder 200g,
8906159660565,Dehaat black paper whole 100g,
8906159660602,DeHaat black mustard,DeHaat
8904090903659,Khara Boondhi,Rajam Snacks
8908002854442,Vama oil,
0948042850002,वामा oil,
3948860630432,,
8909106036741,,
8901248164276,with the double power of Neem & tulsi,dermi cool
8901777702130,Premium Jamun Ice Cream,Vadilal
8901777990179,Premium Soanpapdi Ice Cream,Vadilal
8993175560955,nabatı,
8901220004811,Isabgol,Baidyanath
8906145631739,Mangopoint Vibe,Mangopoint
8908012365730,purabi kesar,
8904132965645,SS urad dal 500,
8901414001015,Bikano Khus Syrup,Bikano
8904090903680,Omapodi,
8904323504608,Turmeric Chana,Megh
8906067051073,Imli candy,Shree
8901111174111,Kamagra 50,
8901111000168,Apcalis 20,
8906045940320,Luvagra 50,
8906044905481,Markfil 100,
8908016716538,Cookies And Cream,Fuelled
8901111006702,,
8901111046234,Kamagra 100,
8904151826545,Coragra 100,
8906127145698,Tadix,
8901560153316,NILONS mango pickle,
8901560000016,NILONS (Green Chilli Pickle),
02300228,,
8908012931591,,
8906085762487,Sheetal Foods Noodles,Sheetal Foods
8906005912565,Aakash Potato Bite,Aakash
8909081003332,Candman tadka,
0940522075561,,
8901111051320,Lastavin 160,
8908022803024,PR Golden Tea,PR Golden Tea
8906165782213,,
8900602002506,Haritham semolina,
8901440002253,Easter idli podi,
8906014080033,Brahinins rice powder,
8906043834195,,
8906014645270,,
8908016420091,Maida,Kalash
8901058018653,,
8901689030451,Malas,
8904071701908,,
8904004400007,,
4906014503949,,
8906071880188,Marvella Layered Strawberry Flavoured Cake,Lavina Exotique
8906088702954,Chocolate milk,
8904427704942,,
8906082370050,Natural Sitaphal Ice Cream,Nic
8901030893599,,
8901248126175,Boro plus 100 ml,
8906183982114,Pro Concentrate Whey Rose,Beast Life
8901414023772,,
8904004405064,soan Papdi Chocolate,Haldiram’s
4006184604306,,
8901111071427,Vildaril M ** 50/1000,
8901111071441,Vildaril M ** 50 / 1000,
8901719918742,Nice Coconut Biscuits,Parle
8904063216427,,
8906005911124,Sohan papdi,
8904221699390,Soy Protein Isolate,Asitis
8908006989171,,
8901071705400,Choco tubes Cookies 'n Cream,Hershey's
8906036840042,Kurrakan Flour,Subash
9909078735467,Gulabo sugar free rose syrup,Vistevia
8906010502522,,
8901246007032,Rajajinagar reliance smart bazar,Del Monte
8906073370014,Sweetcorn,Veggie Feast
7911211221111,,
8906017861578,,
8904063213884,Bhanagari Gathiya,Haldiram
0801541520848,Moringa Hibiscus,
8906116954041,Protein Powder,MuscleBlaze
8904064600270,Roasted Split Chickpeas (phutane),Chakra
8906193470236,Sea Salt And California Almonds,Carra
8929182736267,"INTER-ESTRIFIED, VEG. FAT, 400 GM,",BRAND-SHREE GAYATRI
8906077360660,Black Pepper Papad,Jaimin
8901117232709,Prolyte o r s,
8906020580770,Malabar Parota,iD
8929182736281,"INTER-ESTRIFIED, VEG. FAT, 13.650 KG",BRAND-SHREE GAYATRI
8929182736311,"INTER-ESTRIFIED, VEG.FAT, 80 GM",BRAND-SHREE GAYATRI
8904462000016,Alben hof,
8929182736304,"INTER-ESTRIFIED, VEG. FAT, 800 GM",BRAND-SHREE GAYATRI
8904462000023,Cyprohof plus,
8908024694026,Mango Greek Yogurt,Athena
8901302193334,Dolo 250,
8906078268606,,
8906044900349,Profimark,
8906081304353,Sirofen,
4708053565359,,
8907003501485,Murukku,Adyar Ananda Bhavan
8906063892298,Chicken Breakfast Sausages,Le Carne
8901777886786,Chocobar,Vadilal
8901058007411,,
8901721010205,prabhuji elachi patisa,
8908019839234,Pistachio Praline Brittle,Cacao
8983202752453,Bioton Soy Protein Isolate,Bioton
8901814001837,Signutra Groviva,Signutra
8901063004238,CHOCOCHIP,
6008647445547,,
7008020338328,,
8908003254579,Malpani's Bake-lite Fruit Cake,"Bake-lite,Malpani's"
8906145220735,Fucirays,
8908000974180,Sunland Oil,
8904063255303,nut,
8906196240249,HRX Vanilla Protein Shake,HRX
8901111002711,Aquasoft,
8906159951366,Aq dexa,
8901111008041,Unibrom,
8906077361384,Pani Puri,Jaimin
8904320034382,,
8901037221517,Girnar Royal Cup Tea,Girnar
8901030404603,Brooke Bond Super Dust Tea,Brooke Bond
8901324003369,Honey,Unknown Brand
8901396139003,LIZOL 975ML,RECKITT
8906097570056,Sunlily Refined Sunflower Oil,Sunlily
8906165744655,Muscleblaze Micronised Creatine Monohydrate,Muscleblaze
8906023415109,Cream Bell Maxum,Cream Bell
8906090574389,,
8901044117216,Mazaana Chocolate Almond Dates,Mazaana
8909081005602,,
8906146150000,TMH Karapodi,TMH
8901123002440,Pepero Crunchy Biscuit Sticks,Lotte
8901123002433,Pepero Original Biscuit Sticks,Lotte
8901888003713,Red,
8901888003836,Red,
8906005670755,,
3117303000723,,
3948764022708,FANTA,
0940849324663,,
8908905753965,Hawaban Harde Drakshol,Hawaban Harde
7622202326028,Dairy Milk,Cadbury
8901246006967,Tandoori Mayo,Del Monte
8901042971865,Badam Drink,MTR
8901719925047,,
8909081005091,,
8908005890027,Gingelly Seeds,Godavari
8901972072076,,
8904014806325,Indian Single Malt Whisky,Paul John
8904304715146,Pearl Millet Noodles,Shasta Foods
8906143892231,Cold Coffee Whey Protein Isolate + Concentrate,The Whole Truth
0000590001282,French Beans,Unknown Brand
8901030718953,Horlick biscuit,
4001246134845,,
8906108531236,inchi,
8904063230898,,
8908024403154,Dates Diet,Kandoi
8908020739103,,
3499320010092,cetaphil,gentle foaming
8901393026962,,
8901512558404,ACT II popcorn butter delight,ACT II
8901058018677,Rich Tomato Ketchup,
8901595864300,Crunchy Fried Chicken Mix,Smith & Jones
8901786172009,Everest Tandoori Chicken Masala,Everest
8901491104463,,
8908014062262,Saffron Home Roasted & Salted almonds,Saffron Home
8908021322007,Honest w180 Whole Cashews,Honest
8901144102006,Tilda Basmati pure original 20kg,
8906097599477,Reload Orange Rush,Fast&up
8902027006619,Bunjoy,Bimbo
8908010999579,Origin136g,
8905507059136,cashew almond,first crop
8908001327022,bn dark sea,
8906036846631,Kardamom,Spicelands
8902167001222,Sindhi Biryani masala,MDH
8906004565847,PUFF,7 Diamonds
8904296903149,,
8901414024731,Garlic Tandori Naan,Bikano
9909682003075,,
8904084519156,Baidyanath Triphala Churn,Baidyanath
8901958001793,Egg White Cube,Best
8906163833085,,
8901030713996,Lakme insta pink lip care,
8901030945120,ponds sunscreen SPF 50,
8906011224485,Kaju masoor,Morano
8909081000867,Right Shift Jaggery Ragi Cookies,"Right Shift,ITC"
8906088860289,,
8906173700766,,
8906126100056,Chocolate Chips Gelato,Nomou
8906020462038,High Protein Bread,Baker's Loaf
8906064658848,Pizza And Pasta Sauce,Wingreens Farms
8904398600267,Dimestil,
8939131006044,Yuvaan Cashew,Yuvaan
8901063012899,,
8906120100496,Jumbo Irani Pistachios,Farmley
8906030159959,Punjabi Rajma,Tirupati’s
8908023145062,,
8906113370806,No plan emergency,
8905887002937,Bondivas,
8906069405317,Tasty Pixel Choco Bliss Syrup,Tasty Pixel
8901058018400,Nestle Ceralac,
8901393019766,Chupa Chups,Wires
8906000610718,Chilli Garlic Potato Bites,Mcain
8906116954171,Muscle Blaze Performance Whey Chocolate Hazelnut,Muscle Blaze
8901719130854,Melody Chocolate,Parle
8904057396784,,
8900185248339,ghee,krushna
8902689681728,CHILLI GREEN,Reliance Retail
9870200408064,,
8901719135859,Hide and seek,
8901531300015,Exp. Date:3 yrs. from date of Mfg.,
0648575484483,,
8907316006172,Mother's Recipe Panipuri Mix Paste,Mother's Recipe
8906133026813,Impact Whey Protein,Nakpro
8901262060066,Creami Cheese Spread,Amul
8908024068339,Classic Millet Chikki,Troo Good
8904077201730,Manchurian Khakhra,Maniarrs
8906020490178,Besan laddoo,
8908010525303,Maruti Bread 60/-,
3948764011252,CocaCola,Coca Cola
8906133024888,Perform Whey Protein Concentrate,Nakpro
8901302097618,Divon sr,
8000500437469,,
6025200210008,,
8906112840928,Peanut Butter,AL ZOHOUR
8906012847850,Clycerin soap,
8901708037737,Coriosurge xp 5000,
8901708037744,Coriosurge xp 10.000,
8901708037751,Menotas hp 75,
8906113370332,Betacen,
3948063142695,,
8903703009467,Iron sucrose inj,
8908040634464,国産長州どり 炭火焼き鳥,肉のハナマサ
8909165897253,Fish cleanser,
00727442,Noice Lime Kombucha,Noice
8906170520312,Whey Concentrate,Nutrabay
8906107214482,Spiced chickpea crisps,Flyberry
6903949070759,,
8906009993584,Dates Pudding Cake,
8901088182591,parachute Baby Oil 2yrs prod,
0726872104423,Chicken Chips,Doki
8906014105903,Halosan,
8901111083581,Fixim 200,
8901111083598,Fixim 400mg,
8906014105095,Vancosan,
8901302124307,Bactoclav 1000,
8901296111215,Enhancin 1000g,
8901111210116,Calrithromycin 500,
8901175021376,Koact 1000,
8906068762213,,
8906165781612,"Biozorb Iso-zero, Low Card Tropical Mango",Muscleblaze
8906108305134,Sunflower Seeds,Popular
8901719133893,,
8904296900384,,
8906165781537,Biozorb Performance Whey,Muscleblaze
01432921,Whole Wheat Bread,Fiorenza
0011433137065,Momo Dumplings Chicken Curry,Deep Indian Kitchen
8906117361275,Natural Cow Milk 2x Protein,Country Delight
8901030916236,Vaseline,
8903241850170,RED CHILLI SAUCE,Suhana
8904209303424,Brinjal Thokku,Aachi
8906115885728,,
6942836717810,,
8906177760780,Smoked Cheese Slices,Akshaykalpa
0816170023905,Nitraflex,Gat
4901163034016,,
7622202030987,Catburriy GEMS SURPRISE,
9663629002230,Catbury Lickables,
8906107173598,Ham And Cheese Spring Rolls,Prasuma
0089094025922,Dutch Chocolate,Isopure
8908025531085,Paapi Pudina,Killr
8906014643870,Gagan kachi ghani mustard oil,Gagan
8906074821478,,
8906014643030,GAGAN VANSPATI,"Gagan,Bunge"
8904132974234,INDEPENDENCE DESI GHI,
8904132968776,Independence,
8904132966635,Independence desi ghi,
8901262030892,Amul buffalo ghee,Amul
8906014643047,Gagan vanspati,"Gagan,Bunge"
8906053120158,Amruta Tea Family Elaichi Chai,Amruta Tea
8904405939953,Dolphins Tasty Lemon salt soda,Dolphins
8902346035260,Electral ORS Pina Colada Punch,Electral
8901302054246,Cefex 500 cap,
8908018275002,,
8901220465148,Baidyanath Sitopaladi Churna,Baidyanath
8901111256121,Apcycline 250,
8906112661233,Oats,True Elements
8901248703529,Chandraprash,Zandu
8901111827215,Loxim 15,
8901848000769,Rasna Fruit Juice,Rasna
8901111398128,Optifenac 25mg,
8901111258125,Optifenac 50mg,
8901117276192,Cipla Nicotex Mints,Cipla
8901220905712,Baidyanath Siddhayu Karela Jamun Juice,Baidyanath
8903241110557,Pravin Mango Pickle,Pravin
0748927070422,Zonc Magnesium Asparate,On
8906108302768,Desicated Coconut,Popular Essentials
8904057301467,Butterscotch ICone,Arun
4904582093893,,
8908001948104,Kayam Churna,Kayam
8908016927217,Japanese Wellnex Marine Collagen,Yourhappylife
8906081922939,Carbamide Forte Fish Oil,Carbamide Forte
8902901028300,GOOD LIFE PHYSICALLY RICE BRANOIL,
8906008458817,vlcc body lotion 350ml,
8901138714611,Himalaya almond& rose soap 125g,
8909340000072,Plant Protein Pro,Cosmix
8901248756044,Zandu aloevera juice,Zandu
8906001051312,Mother's Garlic pickle,
0034500011242,Papad,
8902271682256,Kissan desi khand,
8901030915994,Pears soap 15₹,
8901030937217,Pears soap 23₹,
8906020491243,Mysore pak classic,
8902188818052,Ramdev Garam Masala,Ramdev
8902188825050,Ramdev Chat Masala,Ramdev
8902188861058,Ramdev Kitchen King Masala,Ramdev
8902188210528,Ramdev Pavbhaji Masala,Ramdev
8902188820055,Ramdev Tea Masala,Ramdev
4902489823056,Ramdev Panipuri Masala,Ramdev
8902188822059,Ramdev Chhole Masala,Ramdev
8902188824053,Ramdev Sambhar Masala,Ramdev
8902188848059,Ramdev Shahi Paneer Masala,Ramdev
8904430103763,Gajanand Aachar Masala,Gajanand
8902188835080,Ramdev Idli INSTANT MIX,Ramdev
8902188832089,Ramdev Khaman INSTANT MIX,Ramdev
8902188836087,Ramdev Dhokla INSTANT MIX,Ramdev
8902188843085,Ramdev Handvo INSTANT MIX,Ramdev
8902188837084,Ramdev Dhosa INSTANT MIX,Ramdev
8902188834083,Ramdev Dahiwada INSTANT MIX,Ramdev
8902188833086,Ramdev Dalwada INSTANT MIX,Ramdev
8902188839088,Ramdev Gulab Jamun INSTANT MIX,Ramdev
8901725120139,Mom's music butter,
8901058004922,(MAGGI) Rich Tomato Sauce 485Gram,Maggi
8904082760406,Uttam MAIDA,Uttam
8908005116493,Saykal Chhap Moraayo 500 Gram,Cycle Brand
0982252784085,Gai Besan 500Gram,Gai
8904082760178,Uttam SOOJI,Uttam
8410003668015,Chirag Gotano Lot,
8906127700828,TALOD Kantikaka Gota Flour,TALOD
0665878245221,Labhesh Rasraj Poha,Labhesh Rasraj
8902901028317,GOOD LIFE RICE BRAN OIL 5 L,
8908001209151,,
8901063142657,Digestvie nutri choice,Nitro Choice
8908018875042,Sourdough Crackers Parmesan And Thyme,Awe
8906095127269,Wonderland Australian Almonds,Wonderland
8901719121647,2020 butter cookies,Parle
8902901923957,Almond,
0076224739408,Almond,Wonderland
8906095128068,Wonderland Cashew value pack,Wonderland
8906095120727,Wonderland  Anjeer,Wonderland
8908017778856,P L Pistachios R & S,
8901088071277,,
8906012112910,,
8906099642188,,
8906081386298,Ice Apple,Telugu Foods
8901396389705,Moov Spray,moov
8904090906780,Nachni Mixture,Unknown Brand
8901648003885,Probiotic Premium Chach,Mother Dairy
0890443100128,,
8908021745363,Chana Papad,Buldhana Urban
8906002528578,Nero water 1ltr,
8906131680628,choco crunch ragi star,Slurrp farm
8908000502017,Sunpure Sunflower oil,Sunpure
8908000502048,Sunpure oil 1 ltr pet bottle,
8906033744848,Mc vities Tasties,
0001455129185,Iso-Zero Cookies And Cream Flavour,Muscleblaze
8906005503725,BIKAJI Shahi Mixture,
0906401920247,Soya Chunks,
8906019564262,Farali Chiwda Tikha,"REAL,Bites!"
8901044431138,Mapro Orange Fruit Crush,Mapro
8901044431121,Mapro Pineapple Fruit Crush,Mapro
8906163830497,Farmley Makhana Munchies,Farmley
8906010503222,BALAJI CRUNCHEM Simply Salted,
8903241230286,GREEN CHUTNEY,"Suhana,Pravin"
8903241230330,GREEN CHILLI SAUCE,Suhana
8903245430224,DATE TAMARIND CHUTNEY,Suhana
8906002008551,Pasta & Pizza Red Sauce,"Dr. Oetker,Funfood"
8906021924627,Ginger Garlic Paste,
8908003823041,Toofani Garlic Chutney,Satyavijay
8908003823003,Mint Paste For Panipuri,Satyavijay
8908003823089,Tamarind-Dates Chutney,Satyavijay
8906002006496,Sandwich Spread (VEG Cucumber & Carrot,
8903241230354,(Suhana) SCHEZWAN CHUTNEY,
8909081006012,Yippee Noodles,
8901262030182,Sagar Pure Ghee,SAGAR
8906020971516,Cow GHEE,SARAS
8906092040097,KUTCHHI DABELI MASALA,H.K. Gopal
8904430111935,GAJANAND Premium Rajwadi GARAM MASALA,
8906072540043,Shresth Butter Milk Masala,Shresth
8901719121944,,
8906006786394,Ginger Garlic Paste,Surabhi
8904300203388,Coconut Crunchy Biscuits,TRDP Mario
8906020495098,Halwa Gheepista,
7622202332302,,
8901242107675,Roasted Vermicelli,Bambino
0000101403199,Cabbage,More
8908000277557,Thrissur Spicy Mixture,Viswas
8908011751005,Neoskin,
0000101403189,,
8903023287934,Dry mango (Amchur) Powder,"More,choice"
8901058905588,nestle munch 48g inner24,
8901808000747,weikfield,powder
8906143891579,Cold Coffee Protein,Whole Truth
8906006640054,Relispray100 ml,
8906069405997,veeba soya drizzle 25/-,
9603955733002,,
8908000275591,Laddu,Viswas
8906163070589,Basmati Rice,Al Amir
8908017778849,Pistachios Roasted & Salted,Unknown Brand
8906095120581,Pistachios Roasted & Salted,Wonderland
8502911132353,Chestnuts,
8430440400023,,
8902133055297,Flavoured Milk Pistachio,Sangam
8901648001744,Cold Coffee,Mother Dairy
8906159090560,,
8906069405645,Chipotle Southwest Sandwich Spread,Veeba
8901058008531,koko krunch,nestle
8908024361249,Homogenized Cow Milk,Provilac
0822182724112,,
8904482000409,Hamdard Sat Isabgol,Hamdard
8906014018012,Moong Sada Papad,Desi Andaz
8906014018050,Chana Papad,Desi Andaz
8906161540183,Choco Almond Bliss Centre Filled Protein Bar,Stroom
8906151141567,Omega 3,Tata 1mg
8904083309178,LACTOSE FREE MILK,Milky Mist
8906117400103,Almond Butter,The Butternut Co
8908016773265,Bread,Yolo
6908720134316,Parle Krack jack 325gm,
8906107172393,Asian Chicken Mince,Meatigo
8901719109461,Nice Sugar Sprinkled Coconut Biscuits,Parle
8907432025859,Refined Flour,Swaad
8906001051169,ماذرز رسيبي( مدراس مسحوق الكاري ),
8906165785061,Icy Orange,Muscleblaze
8901560601084,,
0754003725520,Salted Pistachio With Milk Chocolate,Amote
8904045815808,royal dery fesh,
8904188607698,Urad dal with skin (split),Saurbhi
8904188607636,Split Chana dal,Saurbhi
8904430111140,Daliya Roasted chana,Gajanand
8906078671048,mango lice cake,swissyum
8908003190839,Skimmed Milk Powder,Suruchi Dairy
8906096530006,,
8901030954825,Lifebuoy,Hindustan Unilever limited
8906090571258,Multigrain Chips,Too Yumm
8906002485925,M and M,Mnm
7622202342073,Celebrations,Cadbury
75267857,Nutella,nutella
8901689703652,8901689703652,malas
8901719135477,Parle G gold,Parle
8904221699536,Whey Protein Concentrate Unflavoured,As It Is
8908000284531,Burger Chips,Neo
8906172544521,Baked Strawberry Cheesecake Icecream,Huber Holly
8908017366435,Protein Bhujia Mint Flavor,Shaka Harry
8906027947644,Brown Rice With 5 Ancient Grains,Eat Regal Ancient
4906474160409,Multigrain Bread,Perfect
8904004403824,,
8904090903758,Corn Mixture,Rajam Snacks
8908013140459,Sparkling Water,Jimmy's
8939122323204,Chia Seeds,Hobby
8906008813913,Charminar select,kohinoor
0690225308427,Kolkata Biryani Masala,Indiagate
8902351999854,,
8906113910576,,
8906021651059,GANGBAL BESAN SADA,
8906133027209,Impact Whey (Vannila),Nakpro
8906038822602,,
8908019489521,Butter Masala Gravy,Cookd
0846656011638,Latina Orange Juice,
8906088705146,,
8907093005399,Kerala Fish Curry,Tasty Nibbles
8901063142732,Nutrichoice Cookies,Britannia
8904287931199,Naturaawell Premium Pasta - Spirali,Bambino
0086220212065,,
8909081001451,,
8904258703442,iced green tea imp,
8908009247728,gg,
8906004564710,Piri Piri Chips,Yellow Diamond
8906107171006,Chicken Parmesan And Halepeno Patty,Meatigo
8904137497929,Jaggery Rusk,Sanam
7622202344213,,
8908014100292,Basmati Rice Classic,India Gate
8908013950553,Plix,Plix
8901786760251,,
0048107239725,Pro 100% Casein,GNC
8906057906796,potato chips,
8906151420266,Special Cornflakes Chiwda,LaxmiNarayan
8901063158085,Good day  Choco Chunkies,
8901552023467,Mega Punjabi Samosa,Ashoka
8909106013490,Horlicks Mother Plus,
8906007610018,,
8901888004451,glucose-D,dabur
9076511064504,,
8906100220053,Brown Bread,Naran's
8908004804278,catch clear,Catch
8906005666536,Madras Filter Coffee,
8904315300782,Desi Ghee,Shri Vallabh
8904188605847,Black sesame seeds,
8904188603133,Papad Khar,
8902020109560,Yellow mustard seeds,
8902020109096,Baking soda,
8906085342313,Peri Peri fries Masala,
8904281904670,Vegetarian Bytz,Gooddot
8902756431157,Yummiez Chicken Nuggets,Godrej
8906185460573,Indian Raisin,proV
8906081940438,Rice Paper,Meishi
8901719119842,Top biscuit,
8906113491112,Soulful Millet Muesli,Tata
4901264093691,Goodday biscuit small,
8901440209379,eastern pickle powar,
8901396460206,Cleaner Colin 1L Pouch + 250 ml,colin
8901396601319,Disinfectant Liquid Dettol 250ml,Dettol
8901526006359,Facewash Garnier Man Turbo Bright,Garnier
8906105101258,Horlicks,Horlicks
8906105101265,Horlicks,Horlicks
8906105101272,Horlicks,Horlicks
0764460991284,Oat Drink,AltCo.
5055283300786,Frozen Strawberries,Delishh!
8901063160422,Pure magic,
8901972061735,,
8901571014033,,
8908012789345,,
8908015845222,,
8908006217045,,
8908000120020,Safal Oil,Kof
8908010271071,Fruit Biscuits,Cafe Niloufer
8908002979336,Rice Rawa / Vari Nooka,Srilalitha
0411319010664,,
3583785253559,,
7622202326363,Silk Mousse,"Cadbury, Dairy Milk"
8906154530276,Amoxicillin250mg 2027 A HEALTH,
8615300000036,,
8906009079004,,
8906009075860,,
8908014100391,Riz rozana,Rozana
8904307703300,Dexmisole 1.5,
8901963200730,Chicken Cutlet,Brillar
9199254665002,,
8904067706863,Khari Sing - Nariyal Pani,Jabsons
9899247650793,,
8906081924087,Plant Protein +,Carbamide Forte
8901030937125,,
4012049954615,idli rava,
8901786330508,white pepper,
8906013033474,wai wai x press instant noodles 🍜,
8904110303476,Chana Jor Chick Peas,Kwality Maker
4908945023787,Maggi 30/-,
0941052022193,Maggi,
3948058014839,Maggi Pazzta Cheese Macaroni,
3948662029199,Suhana Palak Paneer mix,
8901662024552,Paneer Makhanwala,
3948058014822,Maggi Pazzta Masala Penne,
0404084683171,,
8906097599453,Reload (Orange),Fast & Up
8904150197769,Frutos Secos Y Coco,Laddubar Protein
8904305655311,Chicken Wings Pepper Fry,Fresh To Home
8906074821454,Date Biscuits,Karachi Bakery
8908022632112,,
8902979009898,,
8904063220288,Thepla (frozen Naan),Haldiramis
8906048501368,,
8908024977228,Multigrain Chips,Superyou
8904335603948,Yogabar Protein Muesli Fruit & Nuts,Yogabar
8906023810386,cream bun,Nanda's
8904045816485,Royal prawns chutney,
8901725971281,savlon,
0078632120113,,
8903081567894,Chase Protein Biscoff Cheese Cake,Chase
8851613003566,sweet chilli Sauce,
8907316003324,Mothers CHILLI VINEGAR,
8901719135576,parle marie,
8906069404686,VEEBA BARBEQUE,
8906069401166,VEEBA ZERO Select,
9113112631008,Sauce Schezwan,
8906002006830,FUNFOODS MUSTARD ENGLISH,
8901088129831,Masala Oats,
8901719127915,parle Monaco pizza 311.4,
8902710508703,choco,
8902710110036,OAT BRAN,
3948262153201,Amul Kool Cafe Classic,Amul
8906111330383,Dry Fruit Ice Cream,Lotus
8901088069106,Saffola Honey Sundarbans,Saffola
8906002008810,Veg Mayonnaise,
8909106029859,Posted garlic,
8907892000502,Instant Noodle,Jackpot
8904124107497,Pasteurized Double Toned Milk,Ananda
8902618012272,Eva doll,TTK
8906076275477,Basmati Creamy Sella Rise,Zeebra
8906060311341,,
8901242299400,,
4901030464335,Dabur honey,Dabur
8901030559297,Darjeeling Tee,lipton
8901440220763,eastern bbq spices,
8906081381682,Sakinalu,Telugu Foods
8901063016941,Classic ( Britannia ),Britannia
8906012160041,Brown Bread,Perfect
8901757031311,Ginger Chai Premix (3 in 1),Jivraj 9
8908019040258,Clear Whey Protein,Protyze
0099071802859,Iso Sensation 93,Ultimate Nutrition
8906183982084,,
8901440224297,Idli Ready Mix,Eastern
8906005505798,Mini Bhakar Wadi,Bikaji
8901262202077,Mango Yogurt,Amul
8939122243878,Whey Protein Vanilla,Naturaltein
8906107170061,Chicken Cheese & Chilli Sausage,Prasuma
3948764032905,,
8909106037120,Boost,Boost
8908010525150,Maruti Bread 80/-,
8908010525198,Maruti Bread 30/-,
8906151420723,,
8901063151970,Good day choco,
0743407842353,,
8904198805015,,
8904238302238,Real man,
8908000420137,sil red chilli sauce,sil
8905604003025,Drink,Punjabi jeera
0706502578091,Freeze Dried Poha,Eat Easy
8902080100330,,
8906019564286,REAL Bites Sev Mamra,
8908004691007,Sun Shobha SOYA STICK,
8902188725077,Ramdev Papdi,Ramdev
8904004409185,Haldiram's INSTANT BHEL,
3004440401226,Haldiram's Dal Biji,
8904004401875,Haldiram's CHANA NUTS,
8908024773028,JALPOOREE,JALPOOREE
8906069612111,GUJARATI CHAWANA,"Anand,Jolliz"
8906069611206,Anand BIKANERI BHUJIA,"Anand,Jolliz"
8906069611725,Anand FULWADI,"Anand,Jolliz"
8906069611763,KACHORI,"Anand,Jolliz"
8906069612128,Anand MINI SAMOSA,"Anand,Jolliz"
8906069612159,Anand MURUKKU,"Anand,Jolliz"
8906069612135,Anand METHI MATTHI,"Anand,Jolliz"
4906414230117,Empire Milk Toast 70/-,
8906113230049,Empire Khari 200g,
8906019565016,REAL Bites KHARI 200g,
8906019565030,REAL Bites KHARI 400g,
8906113230544,Empire KHARI 300g,
8906010502256,,
8906069610353,Anand Jolliz TIKHA MITHA MIX,"Anand,Jolliz"
8906069610346,Anand (Jolliz) KHATTA MITHA MIX,Anand
6999928324869,BHAVNAGRI GANTHIYA,"Anand,Jolliz"
8906069610414,Anand Jolliz FARALI CHIWDA TIKHA,"Anand,Jolliz"
8906069610384,Anand Jolliz BHAKHARWADI,"Anand,Jolliz"
8906069610711,Anand Jolliz DAL MUTH,"Anand,Jolliz"
8906069610742,Anand Jolliz RATLAMI SEV,"Jolliz,Anand"
8906081120991,,
8939129015546,Kettle Cooked Spinach Chips,Society Store
8906010504984,,
8906082503205,hezeland,shambhu
8901777198124,Malai mini cone,Vadilal
0001117082040,,Unknown Brand
8906136650251,Unsweetened Creamy Peanut Butter,Pintola
4901269412619,Vita marie gold,Britannia
0890302305248,Sabudana Medium,Vedaka
8939122243564,Magnesium Glycinate,Naturaltein
8903105032087,Yardly London Gentleman perfume,Yardly
8107802419787,,
8901262072502,Truffles,Amul
8901088200226,Parachute gold,
0941203016941,,
8908010900957,,
8908003254173,,
8904043554709,,
8901764372803,Minute maid,
8909106009202,Ponds hydra miracle,
8901030819414,idhayam Sesame Oil,
8906021123846,Brinjal Thokku,Aachi
8901548142424,Everyuth facewash,
8901030937880,Lux bodywash 300,
8901030975813,Clinic plus shampoo,
8908000498976,Aswini mini,
8909106022010,Comfort,
8906143040724,,
5065005986228,Pork Bar,Roam
8908020997534,Badam Flavoured Drink,Nutrico Delight
8908003249759,Organic Slim Milk,Akshayakalpa
8901063363533,Britannia nut and raisin cake,Britannia
8906069960861,Plain Curd,Sanchi
8904037212196,,
8907316004543,Cumin Papadume,Mother’s Recipe
0513125239281,Chart Puri,
8906113230032,Empire Khari 80g,
8901595864287,Momo Chutney,Ching's
0850020298365,Dijon Mustard,Abbie's
8904196027556,ciocolată terravita,
8901063032996,britannia Treat choco,
8901719136702,parle jim jam 140g,
4908042693647,,
8901414008519,Lajawab Mixture,Bikano
8901044134169,,
8901537079854,indus valley,
8904304502876,Butter Chicken Curry Paste,Swad
8908014583248,Jowar Butter Biscuits,mibbles
8906002008995,Kuppies Waffles Apple Cinnamon,Dr.Oetker
8901725013899,Mom’s Magic Cashew & Almond Biscuits,Sunfeast
8908001658546,,
8904083300748,Vanillla Milk Shake,Milky Mist
8906009803203,8906009803203,
8904067713649,,
8901777696095,Vanilla Sandwich Ice Cream,Vadilal
8906082650732,Johar Chakli Sticks,Athawale’s
8906001056355,Ginger paste,mother recipe
6923450656181,cremica,
8901399009037,Chandrika ayurvedic soap,
8906092492292,khadi natural,
8906006170155,O'Yes Khatta Meetha Delicious Puffs,Quick Eats
3948764052705,,
8904064664852,,
8907093005849,Kerala Fish Curry,Tasty Nibbles
8906089150631,Basmati Reis,Rahman Rice
8908000452107,,
8901719135842,Parle hid strawberry,Parle
8901030976186,Horlicks,Hindustan Unilever limited
9432062917636,Sauce,
8901719136719,Parle jam in,
0941959129094,Parle vanilla,
8906010500443,Unknown Product,
8906017291610,Bisleri spycl Jeera,
8908001658652,Ocean fruit drink 1L,
8901777415092,Whole Wheat Spinach Paratha,Vadilal
4666660409209,mixed dry fruits,Good life
8901248302173,boro plus,emami
8901719127939,Parle Krack jack butter,
8901277012647,Cool blue,park avanue
8906081123688,Salted Cashews,Happilo
8908023604132,Finger Millet Cookies,9NUTZ
8906142022943,,
8908007497118,,
8901777316085,Malai Kofta (Frozen),Vadilal
8903754000659,Himalayan Elevation,Tata
7622202307140,SHOTS,Cadbury
8901207042447,Odonil Air Freshners,
8904057300682,Ice Cream,Arun
8904317306539,Biotique,
4003583209620,,
0540049028806,Dahi (Yellow),Verka
8908001658645,Fruit Drink,O'cean
8908019558043,PROTEIN WATER,AQUATEIN PRO
8904355700382,Pita Bread,Natuf
8904004403169,Haldiram's,
8904004420487,MIXTURE ENGALURU,
8904004420418,SPICY MIXTURE,
8908003714042,Mysone Pak Konaka FOODS,
8906020495081,Ghee Laddoo,
8906020490482,Boondi Laddoo,
65242025,Fried Fenugreek Flour,MADURAI FAMOUS
8901042960340,"Rasogolla,",
8906108191334,Farm fresh Classic Eggs Pack Of 12,Licious
8801043012379,Shrimp Flavoured Cracker,Nongshim
8906154300527,,
8904459600335,Kodo Millet Noodles,Satvyk
8908004415443,Orbix s,
8908004415535,Orbix l,
8904063226563,Mexilla Flamin’ Hot Tortilla Chips,Haldiram’s
8906103240102,,
0532319780606,Dark Fantasy Choco Fills,
8908015450075,Steel Cut Oats,WeFeasto
8902979011532,KESAR FLAVOURED MILK,Cavin's
8901725013387,Chocolate Meltz,Dark Fantasy
8906043348104,salt electrolytes,supply 6
8901088167932,extra virgin coconut oil skin moisturizer,Parachute
8908014966065,,
8904180001265,,
8906169990430,Kerala Tapioca Chips,Sweet Karam Coffee
8906083020459,Assorted Nutri Bar,Mindful
8906133880668,HIMALAYAN PINK ROCK SALT,Unknown Brand
8901262153300,Try Nutrition,Amul
8904137702597,Raw peanuts,
8901719127755,Milk Candy,Londonberry
8906107930610,,
8906136650978,,
8906086208717,HUGS wonder chocolate,
8906086202692,HUGS Twist,
8906122606187,Cheers,
8906122606170,Cheers orange,
8906122606194,Cheers,
8901148261129,,
8906172401152,High Protein Pasta,The Lean Co.
0787099839789,Crunchy Granola Bar Cranberry & Orange,Wingreens Harvest
8904256721752,Roasted Peanuts Cheese 'N' Onion,"BB,GoodDiet"
4901085593608,,
8906151910347,Whole Wheat Bread,Haiku
8904008100828,Fruit Bar,Naturo
7904180700350,PATANJAL WHOLE WHEAT AATA 10KG,
0020361231024,2036123/0.24,
8906105100817,gluco max d,Unilever
8906105101098,mother's plus,Horlicks
8906086202920,Hugs Twist,
8908004992999,,
8906163833412,,
8906163833139,,
8906019662708,GLUCOSE HIGH ENERGY BISCUITS,Britannia
8904327600610,,
8908017962507,Korean Cup Noodles,Wicked Gud
8906009221212,,
8902631001055,BATCH NO,
8906015753035,Bcool 900 gm,
8906080043161,Shortbread Cookies,27 Peaks
8906010505530,Potato Chips Mint Pudina,Balaji
8901786331000,everest white paper,
8906065450175,Choco Stick,Gone Mad
8906031310861,,
8906016490014,Elite original rusk 200g,
8906016490038,premium elaichi rusk,Elite
8901548311615,,
8904063254740,Moong dal,
8902167001345,,
8901719132247,Bourbon Black,
8908012811800,Coconut Mini,Minus Thirty
3948063160378,BRITANNIA Magic,
8906014082372,Brahmins pickle,
8906014082396,Brahmins pickle 350gm,
7622202220968,Dairy Milk Mini Treats,Cadbury
8904083533757,Malabar Parantha,24 Mantra Organic
8907316000644,Paneer Tikka Masala Spice Mix,Mother’s Recipe
8901972081399,,
8906165783845,Micronised Creatine Monohydrate (Citrus Blast),Muscleblaze
0941458905120,Kitkat 55 MRP,
8907083131022,Popped Fox Nuts Makhana,Snack Factory
8901777384169,Hydrebadi Onion Samosa,Vadilal
8901262202473,Toned Milk Dahi,Amul
8904236200918,,
8902188513087,,
8906009994208,,
8906169800272,Date Mewa Classic Cardamom Flavour,Royal Delight
8908013516056,Packaged Drinking Water,Mantra
8908018251242,,
8908024977129,,
8886467129124,Scorching Red Hot Chilli,Pringles
8906105101227,Horlicks 400 gm,Horlicks
8904374503667,Frozen Vegetable Puff,S. Motiram
8906069610469,Anand (Jolliz) BHAVNAGRI GANTHIYA,Anand
8908002507126,,
8906125982820,Protein Pops,Gourmet Snacks
0720440245440,Mango Fruit Melts,Happa
8906115531106,"Whey, Added Whey Isolate, Alpha Series",Absolute Nutrition
8904258700472,,
8904004404029,Haldiram's Masala Kaju,Haldiram's
8906119650018,,
8901777072660,Grated Coconut,Vadilal
8906081382191,Roasted Wheat Rava (Brown),Swetha Telugu Foods
8901242400592,Butter Murukku,Anna Bytes
8909081008078,Knocking korean,Bingo
8906131682042,Mighty Puffs Mild Masala,Slurrp Farm
8901393024531,Экструдированный мармелад &quot;Чупа чупс&quot; &quot;Страйпс&quot; с фруктовым вкусом,ООО &quot;Перфетти ван мелле&quot;
8901030831409,Sunsilk lusciously,hul
8906033550340,Protein Puffs French Truffle,InsaneFit
8901207053818,Latchi,
21078900350006001711,Kaju Rabi Fills,Sri Krishna Sweets
8904235808061,,
8906027713553,,
8901063032941,Treat Creme Wafers,Britannia
8906001055730,,
0726872104836,Chicken Chips,Doki
8906016413778,Mango Fruit Yoghurt,"Godrej,Jersey"
8901063035249,8901063035249,
8909340000164,Indonesian Cacao,Cosmix
8901414004733,Moong Daal,Bikano
8904208600098,Paneer Tawa Masala,Rasoi Magic
8904327600696,Chocolate Peanut Butter - Almond Crunch,MYFITNESS
8906165788581,Biozyme 100% Whey Gold,Muscleblaze
8901512915504,Nutrify,Nutrify
8904057396821,hatsun curd,
8906095126996,Wonderland Mamra Badam 5A 200gm,
8901719905193,Hide & Seek,Hide & Seek
8904198801116,getmore Tingling Tomato,Unknown Brand
8939123885220,Roasted Edamame Beans,Green Gainz
8901155304321,Soan Papdi,Gits
8901725002428,Garlic & Coriander Naan,Aashirvaad
8906022573886,Moong Dal,Angur
8906112994607,High Protein Madras Mix,"Lo Foods,Protein Chef"
8902351999885,,
8901058022193,Maggi Noodles,Maggi
8906029790064,,
8908020908035,,
0901719135248,,
8904352000218,biotique,face wash
0768855437395,Mangoes + Banana Puree,Happa
8908014100421,Extra Long Basmati Rice Premium,India Gate
8901414042384,Milk Cake,Bicano
8992726892491,"Nata de Coco drink with a combination of strawberry puree, sugar and quality nata de coco Specially made from coconut milk",I'm Coco
8908000716018,Rajhans Milk,Rajhans
8904132907577,Maliban digestive,
8901662043287,Chowmein Hakka Noodles,Suhana
8901888005977,,
8906116959930,"WrathX Pre Workout, Cola Frost, Muscle Blaze",Muscle Blaze
8909106013070,,
8906069610483,Anand (JOLLIZ) PLAIN PAPDI,Anand
3948063092822,BRITANNIA GOOD DAY 10/-,
8901063190009,TIGER KRUNCH 10/-,
0683125239281,Chartpuri,
8901123001283,lotte chocopie,
3948063032941,Treat Creme Wafers (Double Choco),Britannia
8908005312307,Hawaiian Barbecue Cheese Popcorn,4700 BC Popcorn
0001443189853,,
8906050850393,Dry Bhakhri Plain,Kemchho
8906020460300,Multigrain Bread,Harvest Gold
8904082785171,,
8905002103020,,
8904042302011,castard suger,
8901242150107,soup,
8906108531281,inchi soup,
8901030998188,Lifebuoy neem handwash,
0803257320606,Digestive Enzymes,Nutrija
0008840914211,,
6924903504110,舜华茶油鱼,舜华
8901063060333,Tiger glucose biscuits,Britannia Industries Ltd
8906160651019,Trail Mix,Makhana
05540220,,
8901440214403,Chicken 64 Masala,Eastern
8906165788772,Super GAINER XXL,Muscle Blaze
8904132915169,Desi kichen mango pickel,
8906107175066,Pulled Smoked Chicken,Meatigo
7622202225536,Fuse,Cadbury
8906007830904,Original Barbecue Sauce,Habit
8904192201844,Salted Pistachios,Thoughtful - Namdharis
6959242000023,kk星辣条,德建
8909081002199,Fantastik,Sunfeast
8906000610916,Variety Pack,McCain
8901071705387,Choco Tubes,Hershey's
7906053905381,Quality Choco fills,
0710779117143,,
0941704004737,Cup noodles,
7622202304415,oreo family pack chocolate,oreo
8901063142671,Britannia digestive 1.2 kg,
8901030912108,Vaseline Deep moisture,hul
8901725002268,sunfeast digestive high fibre,
8901719127922,Parle monaco piri piri,
8901725003142,dark fantasy combi,
8906009073453,Qubz english strawberry,
3948725015527,sunfeast bounce,
8901063033320,Britannia treat,
8906002528318,raja swing biskut,
8901037009986,Royal Cup Tea Premium CTC Leaf,Girnar
8901810000698,Räucherstäbchen,Magnolia
8901810000131,Räucherstäbchen,Strawberry
8902276107754,Räucherstäbchen,White Magic
8904245404284,Räucherstäbchen,Midnight bloom
8908005960003,Räucherstäbchen,Dragons Blood
8904245400323,Räucherstäbchen,Vanilla
8906051433113,Räucherstäbchen,Natures rose
8904245404253,Räucherstäbchen,Golden sunrise
8908005960812,Räucherstäbchen,Aura cleansing
8904245400415,Räucherstäbchen,White sage
8901810004498,Räucherstäbchen,wild orchids
8901810008274,Räucherstäbchen,Dragons blood
8901810006140,Räucherstäbchen,Rose Vanilla
8901810001015,Räucherstäbchen,Citronella
8901810001732,Räucherstäbchen,Honey rose
8901810000513,Räucherstäbchen,Amber
8901810000971,Räucherstäbchen,Eucalyptus
8901810000025,Räucherstäbchen,Mogra
8901810000230,Räucherstäbchen,Cinnemon
8906002080823,Sakthi Daal Powder,Sakthi
8901810003613,Räucherstäbchen,Feng shui
8906043834263,,
8906027712235,Ghee,Govind
8909081005756,B natural Guava Juice,B Natural
8904430205542,plum green tea zine suncream,
8906067029867,Supermilk,Gritzo
8901030901607,dove pink bar,hul
8901207053801,Real Apple 125ml*8,
0890341110343,,
8902979026093,Indica Easy color,Indica
8901248254601,Emami Mantra Garam Masala,
8901781000581,Sunrise Chana Masala,"Sunrise,ITC"
8906018302001,Vijaya Ground nut oil,Vijaya
8904317300841,Biotique 4N,
0859900568758,Nescafe Coffee Jar 50gm,
8904336700356,Morton Ghee,Morton
8904010630016,White Putty Podi,Nirapara
8908016029522,Craxast Mattar,Crax
8904315300768,,
8908007714017,Mix Chhatua,Kasturi
8901343810283,Starboy Play Perfume e100ml,
8901052003600,Tata tea kanan Devan classic 100 pcs,tata tea
8900028755727,,
8906001026716,Protein Wafer Bar,Avvatar
03466261,,
8908007978273,Red Chilli Pickle,VSR
8906009994109,Choco Brownie,Elite
8906166087249,Cheese Corn Sandwich,Ingrano
8906162360582,,
8901262300841,English Apple,Amul Ice Cream Lounge
8906009992600,Elite TRANS FAT FREE,
0946417830482,PEANUT ROASTED,
8906009537023,Max Protein Millet Wafer,RiteBite
8904002500624,Toned Milk,Masqati
7896272101445,,
8901725132903,Dark Fantasy Choco Fills Luxuria,Sunfeast
4714954800215,Azoo,
8906021124225,lemon rice power,as hi
8906021120593,aachi chilli powder,aachi
8906002131204,fried gram,udhaiyam
8906165785368,Biozyme PR Whey Protein,Muscle Blaze
8904359404750,sabudana,
8906057390434,Veclean hair removal cream,
8901774002127,Chana Masala,
8906158590047,Intense Plant Protein,Ace Blend
8906076133067,Zero Maida Donut Cake,Baker's Dozen
8908005758525,كرك مع زعفران,المنيس
8901670815142,,
9030171600908,tea,City Gold
8908000275652,City gold Tea,City gold
8906087776215,mamaearth  bathing bar 75g,
8901414060678,Bikano combo pack,bikano
8906124370673,Egg,Eggos
8906142010995,Chekodilu,Telugu Foods
0759159789815,PLANT PROTEIN POWDER,nack
8906069612142,Anand Chakli,"Jolliz,Anand"
8906069610858,Anand Jolliz Bhakharwadi,"Anand,Jolliz"
8904089309479,SLICE CASSATA ICE CREAM WITH EGGLESS CAKE,Havmor
8906028690518,Pasteurised Full Cream Milk,Koyna
8906163076666,Riz Étuvé Grains Long Sella Indien,Jovial
8906182650007,BERRIES MIX,fabeato
3948764972058,,
8904063226143,Milk Cake,Haldiram
8901700002047,,
8906107173703,Pizza Minis,Prasuma
5350066120217,,
8908014841058,Cream Chese Herbs,Spotted Cow
8901058008494,Nestle koko krunch 150g,
8901779062102,Saras,
8909081002342,,
8901779900275,Biriyani masala,
8901779142101,,
8901779052103,Saras sambar powder,
8906030392776,Tamarind,
8901779224104,Saras milk ada desert,
8901779900404,Saras jack fruit cake,
8901779452101,Saras coconut varutha,
8904011505122,Palada Payasam,Double Horse
8908015543661,Chocolate Vanilla Crunch,Crave
8904089993968,Butter milk,Heritage
8906002083725,sakti kasmiri chill powder 50 gm,
8904255700284,Single mari Black Pepper Papadum,Kirtiraj
8939110864504,,
0705016600625,Protein Powder Cookies And Cream,"Dymatize,ISO100"
8904011500608,Double horse white thick,
8906010365950,GRB ghee dates halwa,
0012530573459,,
8906005505941,Punjabi Samosa,Bikaji
8901414024762,Tandoori Naan,Bikano
8906143891630,Protein Bar,The Whole Truth
0811307033154,,
8906032019053,,
8906044540231,Whey Protein,HealthFarm
8904335605126,Protein Mini,YogaBar
8901872004603,cebolla,
8905950000860,BIKAJI COCKTAIL NUT MIX,
8906005502049,BIKAJI Gulab Jamun 1kg,Bikaji
9000405505446,BIKAJI Rasgulla 1kg,
8908014841041,Fresh Cheese,Spotted Cow Fromagerie
8906158360107,Cardamom fresh,
8906036670946,Nandini pure Ghee 1 Ltr,
8997217581984,Exp Date:,
6175711265506,,
8904063225306,SHAMI KEBAB wrap,Haldiram's Minute Khana
8906007131643,skore time less,
8906048950487,,
8908019312409,,
8906041270704,gebedol,
8904286204942,hello biscuit,
8906127550089,,
8901414015258,Matar Masala,Bikano
8906091300703,Casein Mango Flavour,Nutrabay
8906133025793,Impact Whey - Chocolate,Nakpro
8906077361353,Elaichi Para,Jaimin
8908001705745,thandai papar,
8908022325038,Pasteurised Homogenised Double Toned Milk,Parag
8904293710467,Wheat Pasta,Flipkart
8908013470037,Ginger Ale,Gunsberg
8906038140751,,
8906026600052,,
8908020854776,Swiss Chocolate Whey Protein,Wellbeing Nutrition
8906161672402,Brittle,Loyka
8906090572187,,
8901095001496,Masala Flavour Tea,SOCIETY
4901515006494,Naturally Brewed Soy Sauce,Kikkoman
8908024361171,Homogenized A2 Cow Milk,Provilac
8901138834371,,
8908008988011,Idly Dosa Batter,Fresham
8906066207006,Keya Sweet Chilli Sauce,Keya
8902433030550,Snickers Mini,Mars India
8909081005749,B natural Mixed Fruit,B Natural
8901719135569,Parle m,Parle
89080146,Nescafe classic,
8908015543722,Chocolate Peanut Butter,Crave
8906143892194,Raw Whey Protien Concentrate,The Whole Truth
8901262173421,Moroccon Dry Fruit,Amul
8901071705011,Chocolate Syrup,Hershey's
8906165783166,Whey Max,Fuel One
8906002009282,Strips (Mayo & Mint),Dr. Oetker
8901058023329,KitKat Delights Hazelnut,Nestle
8908020813193,Viggie Nuggets,Chill Fill
8906133407735,Magnesium Gummy,Man Matters
8908020463237,Chatpata Corn Ring,Crax
5010338102388,Reduced Fat Coconut Milk,Blue Dragon
8906143891449,Badam Chocolate,The Whole Truth
8901560080551,Tooty Fruity,Nilon’s
0791689566726,Moong And Beetroot Chilla,Gladful
8901542002687,Glucon-D Tangy Orange,Zydus wellness products
8901779092109,Saras chicken masala,
8906081926067,Plant Protein+,Carbamide Forte
8906001025290,Whey Protein Chocolate Hazelnut,Avvatar
8904327600412,Smooth Peanut Butter,MyFitness
8906030612485,Chicken Sandwich,Green Chick Chop
8906006722781,,
8906005618849,Bauli moonfils vanilla fv 45gm,
8906005618801,Bauli moonfils strawberry 45gm,
8901719112577,Hide & seek Milano (choco chip),
8909081001475,yippee  score pasta masla,ITC
8906008420319,,
8906008422962,,
8909106029842,smoky tandoori,hul
8909106029866,cheezy jalapeno burst,hul
8908013863136,Cranberry Almond Crunch Bar,Epiphany
8906008351620,Barnyard Millet,Manna
8901071704892,Choco Delights,Hershey's
8901725019778,sunfeast Banana Oats smoothie with almond and seeds,sunfeast
8906144491648,Sleepy Owl French Vanilla Cold Coffee,Sleepy Owl
8906045141000,Tri Blend Whey - Double Chocolate,Nutrabay
8906010562533,,
8904182240532,,
8908015284007,Swiss Chocolate Milk,Cocohigh
8908003714004,MILK PEDA,KanaKa Foods
6291109980933,Pringles,
0609966704856,Haribo,Haribo
8904008410101,Colicaid drop,
8906005503770,Dal Tadka,Bikaji
8901882000015,,
8901063338838,Britannia Brown Bread 200 g,Britannia
8906030612256,Roasted Malai Tikka,Green Chick Chop
5028440680199,,
8908017078031,atta,Maurya gold
8908015543715,Chocolate Coffee Almond Protein Bar,Crave
8906168650687,Walnut Brownie,Cake Tale
8901414054608,Garlic Tandoori Naan,Bikano
8906183982091,Peanut butter chocolate crunchy,Beast life
8904063230508,,
8908009530806,Teetoo stix salted,
8908020253593,Teetoo cheese balls,
8906172720642,Teetoo stix cheese,
8901786010202,Keshar Milk Masala,Everest
8902710511017,GRANOLA CHOCOLATE & ALMONDS,Bagrry's
8901552017336,Sarson aka saag,Ashoka
8901207038624,mixed fruit,
8904221695910,Cookies & Cream Whey Protein,Atom (As It Is)
8908005312567,Himalayan Salt Caramel Popcorn,4700Bc
8908000863835,Spaghetti Pasta,Oleev Kitchen
8904071702295,,
8902433030369,8902433030369,
8908019267297,Peach Iced Tea,Guppy Moms
8902042301850,AVT Tea powder jar 400gm,
8906107179378,Chicken Chilli Salami,Prasuma
8906143890039,Peanut Butter,The Whole Truth
8901063166783,Jimjam pops,
8901123000446,Vuja,
8995102000442,Urang aring,
8901777501689,Malai Paneer,Vadilal
8906037694675,Yummy chocolate peanut Butter,Familt
8906165785566,Pre workout Wrath X,Muscleblaze
8906144100144,DESERT CROWN,desert crown
8904083301110,Pizza Cheese,Milky Mist
8906077361346,to Ready Eat Jaimin The Ethnic Taste of India SWEE,Jaimin
8906010502133,,
8904304337874,,
8909106045071,Chocolate Feast,Kwality Wall's
8908024977310,Fermented Yeast Protein,SuperYou
8901440021353,Kashmiri Chilli,Eastern
8904258703947,Raw,
8906095291465,khara chakkli,Adukale
8906095291427,congress kadlekayi,
0000101403173,,
8901662044574,,
8906109490280,Butter Chicken Curry Paste,Ferns' Fine Foods
8908022254970,Double Chocolate Protein Milkshake,Phab
3141139583389,,
8906004620560,,
8906002770229,Cold coffee bon bon,Cothas
8526000611487,,
8901670815920,,
0012553067096,,
8909106065468,Protein Boost,Unilever
8908020733095,Protein Wafer Bar - Chocolate Ganache,Avolt
8901058019339,2 Minutes Noodles,Maggie
8904043906393,Dry Fruit & Nut Mix,Tata Sampann
8908018729659,Rosemary Olive Sourdough,Suchali
8906099980044,Pesto Sauce,Saucery
0948446989315,,
8907093006389,Prawn Mango Curry,
0018220103919,Nexam glow,
8901063167124,Jim jam,
8903023006610,,
6290360698090,,
0841541001022,Almond Beverage - Vanilla,So Good
8904132913608,Snac tac wafers strawberry,
8908015676222,Crispy Beetroot,To Be Honest
8906137866088,,
8906006640078,Relispray,
8904063222107,Railway Cutlet,Haldiram
8906076131018,Pizza Base Sourdough,The Baker's Dozen
8904256731706,barfi,
8901595991402,Idli 65,Ching’s Secret
8901777998045,Gulab Jamun Mithai Ice Cream,Vadilal
8901777996171,Thandai Ice Cream,Vadilal
8906036673954,,
8901888008404,Pomegranate Burst Juice,Real
8909081005169,MILKSHAKE CHOCOLATE,
0641837433434,Protein Oats,Doctor’s Choice
8906001025535,Nitro Iso Whey - Malai Kulfi,Avvatar
8906010913045,,
8906070219545,Organic Raw Acacia Honey,Little Bee
8901512949905,Peanut Butter High Protein,Sundrop
9105244994489,Lemon Flavour,Unknown Brand
8901548310823,choco,
8906010092528,Shredded Mozzarella Cheese,D’lecta
8906068762503,,
8901777312087,AWADHI PANEER KORMA,Vadilal
8904188602150,Thick Poha,Saurabhi
89080481,Choco Latte,Nescafé
8908022254949,Kulfi Caramel Protein Milk Shake,Phab
8901058022872,Masala Veg Atta Noodles,Maggi
8906133026240,Impact Why Protein Isolate & Concentrate,Nakpro
5059883476308,Impact Creatine,MyProtein
8904063800022,Indian Snack All In One,Haldirams's
4908076900247,High Protein Peanut Butter,Pintola
8903023002186,Whole cardamom (elaichi),VEDAKA
8908024977341,FERMENTED YEAST PROTEIN,Superyou
8606133025519,Plant Protein,Nakpro Nutrition
8908024057074,Hazelnut Chocolate Laddoos,Eat Better Co
8903363014320,,
8901719132797,FUSION,
8906002340064,Dalia,
8908004643785,Poha,
8901928123005,Bisk farm just ginger,
8906082371309,Sea Salt caramel Icecream,NIC
8901552028196,Date & Tamarind Chutney,Ashoka
8908024977327,Superyou Pro Cold Coffee Protein Powder,Superyou
8908024900035,,
0726872104584,Chicken Chips (Cheddar Cheese),Doki
8906069960441,Pineapple Flavoured Milk,Sanchi
8908007029098,Bread,Oven
7622202325250,Cadbury fuse,Cadbury
0940740335034,,
8904117900401,,
8906196970092,,
8901161113092,Basmati Rice,507 Gold
8908014062132,Roasted Pepper Cashew,Saffron Home
8908018926034,,
8908009934437,Super Power Nuts,Sapphire
8906000611487,Mini samosa,McCain
8905950002864,Nut cracker rs10,Bikaji
8902042111107,CTCDuSTTEA,
8993110003806,MINUMAN YOGURT,
8906063892489,Premium Pork Ham,La Carne
8901262301428,Tiramisu Ice Cream,Amul Gild
8908019629033,,
8901058023558,KitKat Dark Chocolate Minis,Nestle
8904319301617,MYSORE PAK Haldirams,
8906020460942,Atta Rusk,"Harvest Gold,bimbo"
8850389106921,Mogu mogu,
0004614613960,Paper boat zero,
8906080604911,Aamars 600ml,
8939123211302,Orignal Peanut Butter Powder,My PB
8906135091963,apis Roasted seviyan,
8939116157358,The Good Prot Chocolate Caramel Flavour,Naturaltein
8906010367831,GRB badam Drink 10/-,
8904335604327,Daily Energy Bar Mixed Fruit Flavour,Yoga Bar
8906080603310,paper boat swing Lychee,
0903023140015,Co,
8906009013008,8906009013008,parrys
8001719135306,Parle Krack jack 352gm,
8906077361902,Roasted black pepper chana,Jaimin
8906165631733,,
8904422704053,,
8906006852464,Honey Nut Crunch Ice Cream,BR
8906020495326,GHEE NO ADDED SUGAR,
8904422670532,Patanjali Marie Biscuit,
8904220103799,Memantine,Denigma
8906007202404,Chamomile,KamoCare
8904004418316,,
8901552017640,Mango Chutney,
8906002008292,FUNFOODS Pasta&pizza white sauce,
8908015836305,,
8903363442253,,
8906138740721,,
8904004413052,,
8901777970997,Chocobar,Vadilal
8904477300941,Soya Chunks,Bambino
8908010900346,Almond Butter,Pintola
0546209270214,,
8901138002381,Himalaya GDC,
8906020581494,Protein Idly Dosa Batter,ID fresh
8994453710024,Etawaku,
8902901063233,Best farms green peas,
02328302,,
0670087142988,Buffalo Jerky Smoky,Doki
8906183430004,Dutasteride + Tamsulosin HCl,Dutimax
8908024586093,,
8906118200139,Peri Peri Chickpeas,Super Munchies
8908006989164,,
8901719919596,,
8908009059260,Burger Bun,The Health Factory
8908007323851,Aloo Tikki Sliders,Hungritos
8906028790034,Funtop Pickle,
8901071702249,Hershey's Exotic Dark Raspberry And Goji,Hershey's
8904305602407,Peri Peri Chicken Wings,Fresh to Home
8906118934300,chill pp,Maya
0692707253614,Oreo choco Crm,
8903363012722,,
8906005508096,Nut cracker,Bikaji
4901069852165,Kit kat 90,
8901058017762,Maggi 48g,
8904477300897,Bambino Ginger Garlic Paste,
8901571004089,Sensodyne,
8906160932088,Chokito 10,
8901393017915,Mentos,
4904610894645,Fruit twist 5,
03442409,Perk 20,
6936756271736,Pop bear,
8906163832453,Chia Seeds,
8906158750113,Orange Frenzy,Hitkary
8906028790287,Funtop Jam,
8904057395664,Hatsun Milkpowder,
8906103680403,Testo Vinegar,
8906015340174,Everest Ketchup,
8906028791253,funtop Pickle,
0941103305008,Verka gher,
8904209300973,Fried Chicken Mix,Aachi
8901725013745,,
8908000339491,Karak Tea Instant Premix,San Ramon
7622202233616,Silk miniatures 280,
8908018514132,Small marsh mallow 60,
0555349110540,To mo 100,
4901079705406,Fruit stones 5,
8906010090517,Feta,
8901262060035,,
6416453017313,Milk Chocolate With Toffee Pieces,Karlfazer
8908025188081,Blueberry Cheesecake Ice Cream,Get A way
8902979052887,,
9551016901191,,
8904272600581,,
9992910572566,,
13982320,,
4306537557335,,
8901764012600,,
8931563819551,,SWAGINI
8904132975774,Campa power up,
8906108895178,DESİ POPZ,
8909081007729,,
8901088712668,,
3948764112270,Zero cocacola,
8904132975552,campa soda,
8904132949737,Campa o,
0700465999306,Frozen Blueberries,Very Berry Fruits
0702142121581,Frozen Strawberries,Very Berry Fruits
3064860042904,Thums up 2.25L,
8906000921524,NACHOS Crisp Wheat,
8904085500106,High Protein Paneer,Milky Mist
8904083320562,Black Currant Splash Ice Cream,Milky Mist
8904052502272,,
8901071705684,Hershey's Special Dark Chocolate Bar,Hershey's
8903363010506,Masoor Whole,"DMart,Premia"
8901777882030,Malai Rabri Kulfi,Vadilal
8908010900353,Pintola almond Butter,Pintola
8906119081157,Tandoori chicken mix,GRAIN GRACE
8906119082062,Hyderabadi biriyani masala,Gran grace
8906119082369,peri peri sprinker,gran grace
8906002083466,super garam masala,Sakti
8906002770366,Coffee,Cothas
8908000863897,Fusilli Pasta,Oleev Kitchen
8908017270480,Pumpkin Seeds,NUTPAC
8906002081776,sakti Fish curry Masala 50 gm,
8904063222930,Ajwain Paratha,Haldiram's
8906048501948,Protinex,"Nutricia,Danone"
8904072001823,Peri Peri Style Potato Chips,Mota’s
8908020813162,Aloo Tikki,Chill Fill
8906008818611,Fortune refined soyabean oil,Fortune
8906170520732,Whey Isolate Gold,Nutrabay
8906021510677,GANGBAL RICE AATA 500 Gm,
8906021510646,GANGBAL SINGADA AATA 200GM,
8904327602331,High Protein Oats,Pro.Fitness
8901123000972,,
8904089326353,Choco Vanilla Ice Cream,Havmor
8906064621354,Classic Cold Coffee,Theobroma
8901058023305,Salted Caramel,Kit Kat
8906001052067,CHICKEN CHETTINAD,MOTHER'S RECIPE
8906014080309,Rasam powder,Brahmins
8908009192691,Bitter gourd gojju,indiras
8904011506600,Ginger pickle,
8906165788369,Biozyme ISO Zero Low Carb Ice Cream Chocolate,Muscle Blaze
3948262180115,Amul Malai Paneer,Amul
8908016531049,Misal Family Pack,Kailas Bhel
8902570809361,,
8901123001764,Pepero Original Biscuit Sticks,Lotte
9060858867515,Nescafe Gold Coffee Blend,Nescafe
8906001388906,cremica digestives 400g,Cremica
8908006274680,Pickled Small Cucumbers With Chili,Hugo Reitzel
8901777313084,Paneer Lababdar,Vadilal
8006115781065,,
8901448303239,,
8906001026631,100% Performance Whey,Avvatar
8901595864027,,
8906173930606,Shoestring Fries,Pommetos
8901138815158,himalaya hair cream,
8906190570007,Chyavanprash,Kerala Ayurveda
7622202328800,,
8901565001810,,
8908009059208,Zero Maida Bombay Pav,The Health Factory
8906009534343,Peanut Butter - Crunchy,Ritebite
8904038109259,Aalo Bhujia,Babaji
0002440525303,WHITE BREAD,MARUTI
8908010525174,MARUTI Pizza Base  43/-,
8906004565342,Spicy Korean Chips,Diamond
8906036674081,Toned Milk,Nandini
8906113230117,Empires Toast 365g,Empire
8906113230001,Empire Toast 200g,
8906011853012,Taal Masala,Katdare
8908024361508,High Protein Kesar Elaichi,Provilac
8906010912956,Coffee Brazilian Ice Cream Sandwich,Dairy Day
8908019882117,pop goli,Dobra
8904063213747,Minute Khana Aloo Pyaz Paratha,Haldiram's
8906033592203,Tomato Ketchup,Suruchi
8904132974722,Basmati rice good life,
8906113440585,,
8906035572821,Plain Salted Potato Chips,Harish Namkeen
6992050875810,Dukes Nibbles Crackers,
3608393248428,Double Chocolate Protein Bar,Decathlon
8906119721626,Impact Whey,Osoaa
09985334,Anardana,Gita
8906069560528,,
8904063231574,Aloo Bhujia,Haldiram's
8904214504922,Masala Boondi,Raju
0700465999252,Frozen Cranberry,Very Berry Fruits
8886008101046,Air Mineral,
9825335200502,,
8901023007903,Mfg. Date please see on the side.,
8906117091226,Peanut Butter Wafer,Brb
8906001021087,Cow Milk - Gold,Gowardhan
8904193800398,face  powder,hd
8906172130045,Yellow Curry Paste,Thai Kitchen
8906165789472,Clean Whey Protein,True Basics
8901719130731,Parle 2020 Gold,
8908024977280,Fermented Yeast Protein,Superyou
8901722061053,Safal Frozen Mixed Vegetables,Safal
8908012987611,Whey Protein,Trunativ
8906151991018,Ice Cream,Camery
0670087143008,Buffalo Jerky (Kerala Fry),Doki
8906019961474,,
8908008818462,Malabar puttu podi 1kg,
8901058022162,Nestle Munch Pouch 160 g,Nestlé
8906069404747,Tandoori Veginnaise,VEEBA
8904132959392,snactac sauce,
3948764111259,Coca cola zero 300ml can MFD10/04/2025,
8901719122859,Happy happy chocolate cake 90gm,
8901751803945,Pure Kumkum,Cycle Brand
8906191580043,,
8640090460654,,
0011003603816,kids puff 3PC set,
8906014252041,,
8908005459910,Dark Chocolate Muesli,nourish you
8901777422649,Sheermal,Royal Cuisine
9343708000042,Belle Spread,
8901063165601,Nutri choice,
8901399017650,butter murukku,"Granamma,Wipro"
8904004404319,Haldiram mathri,Haldiram
0797776518012,,
8904063224859,Golden Mixture,Haldiram
8901542001949,Complan,Unknown Brand
8908007050030,Avean chilli surprise peanuts 140g,
8904340701783,,
8906153884349,,
8902756630017,Crispy Potato Starz,Godrej Yummiez
8901414055124,Roasted Peanuts - Barbeque,Bikano
8908015859021,White Bread,Am's Fresh
7622202324840,Dairy Milk Fruit & Nut,Cadbury
8906133408114,Alphabet Gummies 10 In 1,Root Labs
3948063158085,Chunkies Choco Chip Cookies,Good Day
8904133700290,Masala Chai,Jaipur Avenue
8906005910561,Punjabi Tadka,Akash Namkeen
8901044951094,GULKAND,Mapro
8908004197882,MARSHMELTS,
8908024977242,Multigrain Chips,Super you
8906071888931,,
7904063400377,,
8904004412321,,
8908010609362,Thai Mango Slices,Natch
0726872104591,Chicken Chips (Portuguese Peri Peri),Doki
8906143040731,Cheese Squce Pqstq,Yu
8906021921237,,
4906424054413,,
8906069610360,Anand Jolliz TIKHI SEV,Anand
8906069610377,Anand Jolliz MORI SEV,
8906069610759,Anand Jolliz ALOO SEV,
8906069610452,Anand Jolliz FARALI CHIWDA MEETHA,
8906069610865,Anand Jolliz SOYA STIK,anand
8906069610735,Anand Jolliz KHATTA MITHA MIX 200g,Anand
8906069610704,Anand Jolliz SING BHUJIA,
8906069610391,Anand Jolliz SAKKARPARA,
8906187060986,PACKING DATE,
8901058022384,Dahi,Nestle
8901030996139,Dove intense repair,hul
8906078722443,Cristos Salted,Gopal
8901058019223,,
8908015543098,Banana,Green protein
0000590011315,Carrot,Unknown Brand
8908024977273,Chocolate Fermented Yeast Protein,SuperYou
8906007670111,jovees Herbal,
8906137050258,Milma Elite Toned Milk Curd,Milma
8906069610810,Anand Jolliz VANELA GANTHIYA,Anand
0783942601053,Mastitis Bytes,
3948063139213,BRITANNIA BOURBON,BRITANNIA
8906155920625,Gokul Nylon Sev 500g,Gokul
8908019229165,,
8906048502037,,Unknown Brand
8906140084462,MAKHANA (Khatta Meetha),
8906140084479,MAKHANA (Pudina),
8904045414582,cough syrup,Multani Kuka
8906140084486,MAKHANA (Desi Chat),
8906140085278,FLAX SEEDS (Roasted),
8904017005787,Poha,
8904188610407,Popcorn Kernels,
8904188614283,Chick peas,
8904188614986,Mung Split dal,
8904188604758,Maida atta,
8906134530005,Almond Milk,Only Earth
8904304508496,tea sachet,Karma kettle
8905507001289,,
8903553186554,Kesar Milk Masala,Ram Bandhu
8994016013234,Alfamart 150Oml Mineral,
8901063160408,BRITANNIA,
8901552028622,Ras malai,Meethi baatein
8906043521408,8ll906043521408,
8906120108126,Peri Peri Makhana,Farmley
8906009534350,Max Protein Peanut Butter,RiteBite
8901247574908,INSTA,INSTA
8901063341838,Britannia 100% Whole Wheat Bread,Britannia
8906155921165,Gokul NYLON SEV,Gokul
8906059372445,Milk Rusks,Bakers World
8902901001303,,Unknown Brand
8902188821052,Ramdev (Pavbhaji) Masala,Ramdev
8902188823056,Ramdev Panipuri Masala,
8906013315662,indian Basmati Rice,guatam
8908012784005,RADHE KRISHNA POHA,
8904281908043,,
8903241230316,Suhana Red Chilli Sauce,
8902901223613,Matta vadi rice,
8906020970571,Saras Cow Ghee 100ml,saras
8906020970014,Saras Cow Ghee 200ml,Saras
9825809935015,Lajwab chatni,lajwab
8901662029199,PALAK PANEER MIX,suhana
8908000861589,Gopal  Nylon Sev 500g,Gopal
8906070130161,Peanuts,Sikandar
8902901066463,Best farm peas 1kg,
8902433030147,Strawberry Snickers,Snickers
8902167007545,,
3214578132149,,
0111212272328,,Unknown Brand
8906091687064,Wheat Puttu,Kitchen Treasures
8906021920247,SOYA Chunks,apis
8906021921220,SHAHENSHAH BLACK DATES,apis
8901058014846,PAZZTA Cheesy Tomato Twist,Maggi
8906060950144,Kesar Penda,Pelican
8906165785085,Pre Workout Crea-Xtreme Berry Lime,MuscleBlaze
8906038710268,Nutrilife pomegranate juice,
8906038710299,Nutrilife cranberry juice,
8906038710060,Nutrilife orange juice,
8906038710077,Nutrilife Apple juice,
8906038710107,Nutrilife Mango juice,
8906038710121,Nutrilife Guava juice,
8809925131354,Laneige Cream Skin Cerapeptide Toner & Moisturizer,
8906161980088,Asaya Hand Cream- Bed of Roses,
0716170228938,Bobbi Brown Crushed Oil-Infused Gloss,
8906001026488,100% Performance Whey,Avvatar
8906068764439,Peanut butter,Rapid
0046455920111,,
8906064654185,W-G TEZ TANDORI NAAN CHIP 150G,
8906100592396,,
8906069404716,Indian Pickled Veginnaise,Veeba
8904063218261,Paneer Pakoda,Minute Khana
0731777734378,Bacon Chilli Oil,Nomad
8903363010650,Moong Whole,Dmart
8908023404060,Salted Almonds,Tong Garden
8906001050490,Ginger Pickle,Mother's Recipe
8904406397721,GrandS,
5404017408234,Iso Ripped Whey Choco Brownie,Qnt
8902146014717,,
8901652140057,Butter Bite - Cashew Cookies,
8907003508835,Mini Thenkuzgal,A2B
8908012784050,MAKAI POHA,gopi
8904103030990,,
8906006720084,Milk,
8500191630052,,
8906106300018,Paneer Bhurji,Bowl Ful
8906156488568,,
8906132401222,Roasted Sesame Seed,KoMart
8906097597787,,
8902579003630,,
8906038710398,Nutrilife Mango juice 160ml,
8906038710312,Nutrilife Guava juice 160ml,
8906038710367,Nutrilife Apple juice 160ml,
8904063231567,,
8907525040189,Sprite 1 litre,
8907525101163,Kinley strong soda,
8906046145465,Dried Egg White Powder,Eggylicious
8902579003616,Chocolate Milk,Smoodh
8901777664100,Peda Mix,Vadilal
8904246000003,,
8904057300651,,
8906044992504,,
8901058019438,Milky Bar Strawberry Flavour,Nestle
8902080002788,,
8906054420271,,
8906122501130,Rice flour,
8906006784475,Surbhi veg hakka,
8906001051619,Mothers Sabudana,
8906036520456,Apna shahi sev,
8901242202608,Bambino instant Rava idli Mix,
0820294212428,BC Moong Dal,
8901030718861,,
0811307031006,Protien Puffs,
8906020495944,KAJU KATL,Lal Sweets (P) Ltd
8908016910042,,
7311043002245,"Laktosfri ekologisk mellanmjölkdryck, 1,5% fett",Garant
8901491003803,Wafer Chip Red Chili Flavour,Lays
8906077363142,,
8906078267555,Twinnies,
8905950001997,Khatta Meetha Tana-Bana,Bikaji
8906113261678,Calcium+Magnisium+Zinc+D3+B12+K2,Vlados Himalayan Organics
8906133020330,Whey Gold,Nakpro
8909081007132,,
8901963910004,,
8906005506047,bikaji kaju katli,
8901721015040,prabhuji kaju,
8906015654226,bikaram chandmal  kaju,Chandlam
7211021127123,,
7622202326080,Cadbury D.M silk oreo,
8906182900430,Puffed Soya,Yogie Healthy Foods
8908017415911,PEANUT BUTTER,GET
8908019726374,8908019726374,
0306026061002,,
8904089992510,Heritage cheese slices 100g,
8904352000386,face wash,biotique
0792649254202,,
8907093003739,Sardine Curry,Tasty Nibbles
8901552028172,,
8901777596104,Mysore Pak,Vadilal
8901161105806,Whole Grain Brown Basmati Rice,Lal Qilla
8908000791015,Chicken ham,Meatigo
8906076133111,Milk Bread,The Baker's Dozen
8906015651386,bikharam chandmal gon ladu,
8908018729925,Suchali Sourdough Sliced Bread,Suchali
8901063092884,britannia Good Day,Britannia
8906188960483,cookiz dates & jaggery,Unibic
8908000589056,,
8902433008504,galaxy fruit n nut,
8000500441688,TicTac Seeds,Tictac
8901063035164,Milk Bikis,Britannia
8906048502181,,
8904335605508,31G Protein Shake,Yoga Bar
8904132976191,,
7622202324901,Dairy Milk Crackle,Dairy Milk
8906143892224,Light Cocoa Whey Protein,The While Truth
8901777589106,Mango Burfee,Vadilal
0001002395279,,
8907525040219,Sprite 1.75 litre,
8906020581609,,
8906020580190,Tomato Chutney,iD
8904043500072,,
8904250605324,dermiford,leefrod
8906020010611,Vanilla Protein Shake,Just
8906183980745,Peanut Butter,Beast Life
8904358326466,American harvest creamy peanut butter,
8908017900028,Spanish Olive Cold Pressed Oil,Kaiser
8904152811335,,
8903023006146,Kala Chana,VEDAKA
8904084503551,BAIDYANATH PREMIUM COW GHEE,BAIDYANATH
2934440303743,Govardhan PURE COW GHEE,Govardhan
8906901033050,Pure Cow Ghee,Govardhan
8906115410159,Milk Cake,Brijwasi
8909081007255,ChocoRolls,Sunfeast Dark Fantasy
8906020460539,Bread,Harvest Gold
8908001032339,8908001032339,Unknown Brand
8906068330207,Fresh Frozen Mixed Vegetables,SPT
8906078150185,indian mixture,
8906066206092,,
8902188617112,,
8906064701032,Banana Chips,KozhiKodens
0787099815691,Dark Chocolate And Sea Salt Bar,Wingreens Harvest
8908014757113,Paneer Methi Malai,Hocco
8908020047017,Peanut Butter,Brawny Bear
8904239606861,Gandharvahasthadi,Oushadi
8909106042216,Horlicks milkshake,Horlicks
8906010277857,Piloral,
8908014016500,Meniphib,
8906188960124,Unb ot,
8905507002293,,
8901968333563,Chicken Bockwurst,Buffet
8906150344372,Lion’s Mane Capsules,Boost
8901777539248,Basmati Rice (Extra Long),Vadilal
8904390200427,Dr Rhazes b1g1,
8901207043475,Odonil gel froral valley,
8901207043482,Odonil gel wild forest,
8901207043468,Odonil gel citrus,
8907234013757,CELLO GRIIPPER PEN,CELLO1
8525063060058,Britannia Treat croissant Triple choco 55gm,
8909106002180,Tresemme hair fall defense,hul
0746935596262,Buffalo Curd,Sids Farm
8906151990974,Blueberry Icecream,Camerry
8908015551468,Basmati,Heavens Harvest
8499300780002,,
6909047962224,Wicked Gud Noodles,
8906188400262,Roasted Rice Crackers Peanut Mix Sesame Soy,Karikari
6295150001517,,
8901138817060,Partysmart,
8904091150441,Deriva,
8906106300025,Dal Makhani,Bowl Ful
2410794010006,Indian Pav,Lulu
2120076005001,California Almonds,Lulu
8904296901084,Roasted Vermicelli,Fabsta
8904049650610,Riso Basmati Alishaan,Alishaan
8904004410631,Orange Burfee,Haldiram's
8901440003373,,
8904026643710,LITTLES BABY COMFY PANTS  M 9 DIAPERS,PIRAMAL
8908020463022,Natkhat Classic,Crax
1425998203476,Fish Oil 1000mg,Red Seal
8886467128127,Pringles desi masala tadka 134g,Pringles
1701042930001,Ajwain Rice Papad,Ratndeep
8886467127977,Pringles desi masala tadka 40g,Pringles
8906138740943,Kakarkaya Chips,Vellanki Foods
8901012101827,,
8906005503190,Kesar Mawa Peda,Bikaji
7622202326059,Dairy Milk Silk Mousse,Cadbury is sold by Mondelez
8906133312275,Almond Shortbread Biscuit,Karachi Bakery
8906085277806,Flax Seeds,Swetha
8901030929892,clinic plus,
8901030937200,clinic plus,
8906058330279,Salyzap,
8902901026917,Cane jaggery powder,Good Life
8901071705530,,
8901063151413,Jimjam,
8904208600227,Palak Paneer spice mix,Rasol Magic
5033015400140,eggs,
8901777554104,Kaju Katli,Vadilal
8901063121164,nutroʻ8901063121164,nutro
8901063121171,8901063121171 nutro cream strwbry,nutro
8906143041967,,
8901719135194,PARLE MONACO,PARLE
8908012811961,Rocky Road Low Fat Ice Cream,Minus Thirty
8906191630069,phabulous millet wafer bar,phab
8901764231254,Soda Water,Schweppes
8901054005329,Maggie chicken noodles,
8901058003727,Maggie korean BBQ chicken noodles,
8906143890114,Dark Chocolate Peanut Spread,The Whole Truth
0044480906520,Garlic mixture,
8904055200069,chikki,Sun
8906005671400,Rajgira Chikki Bar,Charliee
8906077741094,,
8904335604198,Protein cookies,Yoga Bar
0801092130527,,
8904064628298,,
8901414004566,All Time Mixture,Bikini
8904004405293,,
8909106039469,k pot,hul
8906012873125,,
8904063231765,Punjabi Tadka,Haldiram
0726529044690,"Cacao, Hazelnut & Date Fudge",The Cinnamon Kitchen
8906068764057,,
8901030978104,Lakme facewash,hul
8901030994777,Lakme vit c serum facewash,hul
8901030976292,Pears pure and gentle facewash,hul
8906059638510,Greek Yogurt Smoothie,Epigamia
8906165784804,Whey Iso-Max Cafe Mocha,Fuel One
8904004416510,,
8902979051927,Milk shake,
8902979051965,Milk shake strawberry,
8904043551784,Burger Supreme,Modern
8904073191462,gulab jamun,
8902433030314,,
8902133058311,,
8901262173537,Probiotic Frozen Yogurt Wild Berry,Amul
8906005503084,Sandbar,Nikki
0926400327021,,
8901725004804,,
8908000589421,Bindu,Bindu
8908015970177,SF Roasted Hazelnut Syrup,GOOD&MOORE
8901063093614,Good day 905g(2),
8908010213989,Nacho Chips Salted,Makino
8909106042872,Red lebel,hul
8901063092846,britania GGOD DAY,
8906188960032,unibic fruit and nut cookies,unibic
8906188960100,UNIBIC pista badam cookies,
8901982358504,googly,bisk farm
8904067709314,CHIKKI PEANUT GUD,jabsons
8901719136498,FAB burbon chocolate,paele
3948719136504,fab burbon chocolate,parle
3948063004139,GOOD DAY (chocochip cookies),britania
8901721003122,soan papdi,prabhuji
8904132981140,best farm coriander whole,
8904132963658,kuti chilli powder,good life
8906020580343,Frozen Mango,ID
8902901222586,chilli guntur stemless,Good Life
8906188960452,unobic cookiz,
8906188960469,Unobic cookiz,
8904132976818,,
8906188960476,unobic cookiz,
8901537070288,رز دعوات 4.5 كيلو غرام,
8908003419374,رز احمد 4.5 كيلو غرام,
8901161108418,رز الملكي 4.5 كيلو غرام,
8906064679331,Wingreen org mayo,
8902901224757,urad dal chhilka,
1900023066399,,
8906089932244,Hydrolyzed Collagen,INLIFE
7622202252372,Oreo strawberry,Oreo
8906010365967,Ghee Bombay Halwa,GRB
0964403926421,Tata smp unpo green moong 500g,
0048107255947,Peanut Butter Protein Wafer,Gnc
8901552025300,Tikka Masala,
8908004711033,,
8904256706469,fresho,
40109373,bb royal,
60000032,mrji,
8906063434115,Prabhat,
8906084416497,M.O.M,M.O.M
40133683,bb royal,
8905604001861,grass,
8901440222798,Chili Pulver,
8904234000329,snacks,
40091133,chawal bb,
20000453,bb royal,
8901499010018,Kellogg's,
8904067712918,Potato Chips,Jabsons
0904000304444,Protein Milkshake,phab
8902901251623,Cashews 400g,
8906110943768,,
8906070596493,,
8902269509305,Zukacold,
0811307032478,Crispy Coated Peanuts,Taali
8902579002084,B fizz malt flavoured sparkling drink,
8908015543210,Banana Flavoured Pea Protein By Green Protein,Green Protein
8904043907239,Classic Salted & Roasted Almonds,Tata Sampann
8906133021689,Whey Hydro Hydrolyzed Whey Protein,Nakpro
8901088150521,Parachute 500ml,
5059883365725,Pista Ice Cream Whey Isolate,MyProtien
8901262050074,Gulab Jamun,Amul
8901248306010,fast relief,herbal pain relief ointment
8901719921124,Biscuits,
8901777033661,Green Chilli,Vadilal
8906112662643,Flax Seeds Raw,True Elements
8906081923073,Micronized Creatine Monohydrate,Carbamide Forte
8906038230995,Chicken Kheema Parathas,Zorabian
8906045581264,lalji sona papdi,
0754083606825,Creatine Monohydrate,Big muscles
8904083300755,milky chocolate,
5059883468082,Strawberry Whey Isolate,MyProtien
8901262030458,Ghee,Amul
8906117254867,MADE IN INDIA,Dr rashel
8908008660207,JJ Jeera rice papad,
8908008660115,JJ Potato Fryms,
8906036673138,Nandini,Special
8902979043991,Tomato Garlic Pickle,Puchi Magic
8908014493646,Kerala Whole Wheat Paratha,Rusingo
8908015543418,green protein,sport
8902710508901,High Protein Oats,Bagrrys Dark Chocolate Oats
8906041570200,Paneer,Pride Of Cows
8908026538083,Protein Powder Unflavoured,Wellbeing Nutrition
8904198806951,,
8901262070928,Choco Cracker,Amul
0941456722286,Jimjam 460g,
8901063033818,Pure magic 84g,
8901719135866,Parle Hide&Seek,Hide & Seek
8906138980615,salted chips,
8906065031138,karachi cookies,
8908018802086,Malaysian Curry Instant Noodles,Sakaza
8906082371552,Kulfi,Grameen Kulfi
8906066201295,Black Pepper Grinder,Keya
8902710511024,Granola,Bagrry's
8906000921968,Namak Para,Daadis
8904327602348,Peanut Butter Unsweetened,Myfitness Zero
0890138003017,,
8906010368340,town bus Avalakki mixture,
8904083302445,Blueberry Greek Yogurt,Milkmist
8901738200385,Badhusha Mithai,Vaigai
934055827448192,,
8906030392752,Saras tarmarind 500g,
8906030392745,Saras tarmarind 200g,
8901779901104,Saras kashmir chilli,
8901779022106,Saras corinder,
8906159971241,Kerala Cashew & Pepper Chocolate,Paul and Mike
8904132901681,sun crush,
8904132904187,sun crush mango,
8904018600769,Peru Papd,Chandan
8908018802079,Thai Fire Blaze Instant Noodes,Sakaza
8901030764332,dove anti dandruff solution,hul
8904150206461,Mix Dried Berries,Nutty Gritties
8906078150161,Star fries ring murukku,
8906078150147,Star fries tapioca chips,
8901491002905,Kurkure,Unknown Brand
8904494100487,Butter Cookies,Danish Style
8901537081062,Roasted Rice Cracker,Kari Kari
8908009918215,Plant Protein,O’ziva
8902080001439,Unknown Product,
8904422712102,,
8901220004736,chyawanprash,Baidyanath
8901248703291,Zandu Chyawanprash,Zandu
8901207050060,Chyawanprash,Dabur
8901928710007,Rich Marie 1kg,
0000801964100,bakery,pooj
8904063254474,,
3948207040337,Dabur chyawanprash,
8906121210101,Calcutta Elaichi Chai,Chérise
8906037694965,,
8901157025200,Hit 400 ml,
8906078723198,,
8908020440252,Tomato & Herbs Tortilla Wraps,Habanero
8904063204073,Instant meal Dal Kichdi,Haldiram's
0540037566839,Classic vanilla,
8906125982721,Buttter popcorn,4700BC
8904256720168,Eggless chocolate cake,
8908001039703,MRP Rs.80,bun
8906195000004,Cooked Rajma (Kidney Beans),FreshCon
4987176138125,Old Spice,
6281018298618,,
24724524,,
8904150197783,Laddubar Protein Frutos Secos Y Cranberries,Sumeru Ayurveda
8908000863880,Oleev kitchen pasta,
8906067529350,Metabolic Fiber Boost,The GoodBug
8906026013876,Sri Murugan Ghee,Unknown Brand
8904132973718,Desi Ghee,Independence
8901832000027,Annapurna desi ghee 1L,
8901764312021,,
8901571011032,Eno Fruit Salt Lemon Flavour,Eno
1949475778856,Pistachios roasted salted pista 400g,
8906020588455,Plain paratha,
8908012648451,Рис басмати,Indian basmati rice
8901030175664,Lakme foundation  NATURAL PEARL,
0655160784422,,
8906011772238,Paneer,Unknown Brand
8908004270523,Garlic paste,Choki Dhani
8901071701945,Hershey's kisses almonds,
8903553402494,Chakli,Rambandhu
8906082391062,Tapioca Sticks Masala,Malabar Treat
8901030653957,Lux flaw less glow jasmine,hul
8906079956847,Zimtstangen Cinnamon Bark,Bio K.D.M
8906079956434,Lorbeerblätter,Bio K.D.M
8906044992870,,
8908015284168,Energy Drink Xtreme,Coco High
8904083508601,Organic Virgin Coconut Oil,24 Mantra
8908015543081,Wild Strawberry,Green Protein
8901576010344,Modern corn mixture,
0006451060037,Laxmi narayan chiwda,
4006481664256,Durga peanut chakka,
8901777449769,Wholewheat Homestyle Paratha,Vadilal
8906058330002,Cleovera,
8908022529030,,
89080801,,
8906005505859,Bikaji soya sheekh kabab,
8901047001031,カルカッタジャルフレイジーカレーソース,ナーナックフーズ
8907899008679,,
8901014000418,Geki Spicy Korean Ramen,Nissin Geki
8904004416817,Haldiram's Indian Sweets - Dodha Burfee,Haldiram's
8908023883568,Cashews,Bazana
8904281502005,COCO NUTTY CLUSTERS,Gopala
8901725005207,,Unknown Brand
8904063203229,Patisa,Haldiram's
8908024977396,Cookies And Cream Protein Wafer,Super You
8902850022657,,
8939115152408,Vold energy drink,
8901725017958,Yippee Noodles,Sunfeast
3662956051603,Tang,
8901688931056,,
0000638634346,,
8906113901659,JointRelief Collagen,Healthy Hey Nutrition
8901058014341,KitKat Delights dark,Nestlé
8908005080565,Manpasand Malda,
8906079530443,Mutton Mince,Daanish
8903023003503,More selecta,More
8908011301043,Instant Noodles Oriental Hot Chicken Flavoured,Zim tak
19005334,Lalbaba banskati   rice 10 kg,
8904335604471,yogabar multigrain,
0796548411414,Beyond Snack Banana Chips,Beyond
8904057300088,Berry Flavored Ice Cream,Arun
8901725014339,Aashirwad aata with millets,Ashirwad
8901725101053,Aashirvad atta,Aashirwad
8908018651486,Troovy Ketchup,Troovy
8906010079123,Ganesh chawal atta,Ganesh
8904304337461,Gingin,
8908013098552,Plant Protein Real Strawberry,POD NUTRITION
8906140085568,MAKHANA (Tomato Achari),
8906140085575,MAKHANA (Peri Peri),
8906140085483,MAKHANA (Onion Cream),
0748927065701,gold standard whey protein- vanilla ice cream flavor,optimum nutrition
8902433002809,8902433002809,
8850006960240,,
8901721001548,Prabhuji Namkeen,Prabhuji
9994605500366,,
8901030974625,,
8906107175936,Salad Chicken (Herb And Pepper),Meatigo
8906107175929,Salad Chicken (Chilli And Garlic),Meatigo
8106329418938,Acacia Honey,White Vale
8904406390623,Oat Drink,Alt
8901414004474,Navaratan Mixture,Bikano
8906169991949,,
8906001050476,Mother's recipe Andhara ginger pickle 20gm,mother's recipe
8904422707504,patanjali nooddles,
8906015651362,bikharam dry fruit laddu,
8901721002941,prabhuji rossogolla,
7622202327414,Cadbury,
8904340701462,pass pas delights,
8901721000701,prabhuji,
8906034814670,"100% All Natural Peanut Butter, Creamy",American Harvest
8906066201882,Keya ginger garlic powder,
8901399102011,santoor royal sandal,
8908001285292,Kerala sandal soap,
4908471562354,wicked gud  masala cup noodles,Unknown Brand
8901030996498,Dove,
8901088772419,saffola masala millets (1),
8906143610491,Peanut butter,Flex Nuts
8904287001106,,
8906113491051,tata soulfull,
8901058022445,,
8901548310076,,
8908024707023,Pumpkin Seed Bite,Zealo
8906033261147,,
8906069405614,Burger Vegginaise Sauce,Veeba
8904150501931,,
8901103009049,Frm,
8901063093591,,
8903553646430,RB sweet lime pickle,
8904056503213,,
8907122002986,Vlcc skin whitening facial kit 25g,
8908020733439,Mint Chocolate Chip Wafer Bar,Volt
8904063220196,Paneer Mint Fingers,Haldirams
8906089080242,ctrl sun sundcreen gel spf 38,
8906014904643,pani puri kit,kwality
8906095290246,Instant ragi dosa,
8836000311035,Tone Tone Noode(2M),
0796548217719,,
8904145912407,Pediasure Vanilla Flavour,Abbott
8908012365792,Purabi milk 200ml,
8906163273478,,
8904000617379,,
8906016412870,Badam milk,Jersey
8904037208663,,
8906179300144,Date check,
8904004402674,,
7622202348808,Oreo Cookies,Cadbury
8908024801011,Vanilla Protein Shake,Nuvie
4711378580600,MOS Friends 綜合米果,MOS
62000000094384,Calpol 500,
8908008674891,,
8908012692980,Superfood Plant Protein,Wellbeing Nutrition
8904358314661,Unifresh organic panner 125g,
8901958001991,Egg White Liquid,SKM
0726872019369,Solo Chicken Jerky,Doki
8904335604112,Mocha Bliss 10gms Protein Shake,YogaBar
8904319302621,haldiram besan ladoo,
8904319302492,haldiram kaju,
7622202308246,Cadbury celebrations,
7622202322471,Cadbury celebrations,
8904335605102,Protein Mini Coffee Crunch,Yoga Bar
8908020889174,Rasam powder 100gm,IHP leyngars
8908020889150,IHP leyngars samber powder 100gm,
8901719128295,20-20,
8906032360339,Cashew Biscuit,
8904057302549,Ice Cream Sandwich,Arun
8908005459828,Chia Seeds,Nourish You
8908025349048,,
8906002080427,Sakti curry powder 100g.,
4901440434010,Strawberry Fruit Crush,Mapro
9851677789016,Punam Mamura,Punam
8901719137044,Hide and seek milano,
8908008556654,Cookies man,
8901612003385,Brown sugar,
0746272374554,Green tea whole leaf,
8906177080062,Twinings classic tea,
0070177079215,Twinings lemon and ginger,
8906183980028,Creatine Monohydrate,Beast Life
3948764211256,Ginger ale,
4906607173504,Brown sugar sachet,
6903096200382,Red chilly flakes,
8906044542235,Whey Protein Choco Crunch,HEALTHFARM
0155441005142,,
8906040480081,,
0000590009369,Kimia dates,Unknown Brand
8904281907541,Swechha coconut biscuit,
8904405902513,Milk,Karminnagar Diary
8906111541260,Fun Flips Puffs Chatpata,Fun Flips
8909106048553,Cup-a-Soup Tomato Chatpata,Knorr
8908009193025,Power Eggs,Yojana Poultry
8904004442281,Baingan Bharta,Mo'plleez
8908017366428,Indian Masala Protein Bhujia,Shaka Harry
8906059636769,15g Blueberry,Epigamia Greek Yogurt
8906021122597,,
8908014265274,DARK  SOY SAUCE,
8908014265168,HOP HOP TOMATO KETCHUP,
8906069405133,wok tok momo chutney,
8906069406048,Wok tok all in one chowmein sauce,
8906069405171,WOK TOK CHILI VINEGAR,
8906069405164,WOK TOK GREEN CHILLI,
8908014265380,HOP HOP FIERY SCHEZWAN KETCHUP,
8906069405157,WOK TOK RED CHILLI SAUCE,
8908014265182,HOP HOP DARK SOY SAUCE,
8907316003263,MOTHER'S RED CHILLI SAUCE,
8901058014044,MAGGI RICH TOMATO KETCHUP,Maggi
8906029450579,MEAL TIME GREEN CHILLI SAUCE,
8901012116999,Johnson,
8906113441827,Urak peanut butter sugar free,
8908006561230,Groundnut Chikki Crunchy Bite,Wilson’s Sweets
8906095124497,Wonderland mabroom date 200gm,
8906112995994,High Protein Wheat Rusk,Protein Chef
8901552023801,Date & Tamarind Chutney,Ashoka
8906001023876,Isorich Health Supplement,Avvatar
8906095125104,Wonderland walnut 500gm,
8906068762220,,
8023388462316,Brown Bread,PKK Bakers
8906060950670,Fruit Shots,PELICAN
8906176680171,Green apple,
8906063022442,,
0941458017687,Maggi 70g,maggi
8904281904656,Swechha jeera biscuits,
8906078260785,Pista almond cookies,Cremica
8904022909704,Bonn jeera,
8904477300453,Telangana Spicy Mixture,Bambino
0166193064899,Cremica coconut 🥥,
8904281904397,Rcm salt,
8904281906650,Swechha Tomato 🍅  ketchup,
8904422707498,Patanjali noodles,
0944251905786,Good dot noodles 70g,
8906080603297,,
8906097400070,Zoff red chilli 🌶  5rs,
8906097400056,Zoff turmeric powder 5rs,
8904067702506,Roasted Chickpeas,Jansons
8901044100430,Sparky,Mapro
8901071704229,Hershey's Kisses Hazelnut n Cookies,Unknown Brand
8901648096986,Mother Dairy Dahi Small Can,Mother dairy
8906013698307,Kajah Golden tea 225g,
8900199525297,,
8904063430083,,
8904281906636,Shinol hairfall control,
8904281900122,Nature cool oil,
8904281903925,Coconut oil,
8904281908289,Natural cool,
0032522906614,Nysa Body lotion,
8904281906490,Talc pink 💗,
8904281908265,Cavigo red ♥️,
8904281905448,Cavigo red ♥️  small,
8904281905264,Pixie blue 💙,
8904281907640,Swechha tea green 🍵 💚,
8904281907619,Swechha tea red 🔴,
8909081003325,,
8906097401695,Zoff Black salt,
8904281908357,Swechha chaat masala,
8204281090190,Sabji magic masala,
8904281906001,Rasoi tadka,
8904281903307,Turmeric powder,Sweccha
8904281904649,Jaljeera,
8904281905387,Revito daily laundry bar,
8904281905509,Nysa sensation cream soap,
8904281905301,Detmaxx,
8904281905554,Nysa glycerin bar,
8904281908302,Ena green 💚,
8904281902973,Ena Jasmine,
8904281905493,Ena haldi & chandan,
5900627907001,Ena green 💚 small,
8904281908005,Ena Jasmine small,
8904281907145,Ena floral small,
8909106022812,Horlicks plus,
8906033746040,Hobnobs Oats Cookies,McVities
8908024353107,Chocolate Donut Cake,Cooba
8901777461808,Aloo Mutter Sandwich,Vadilal
8901552025584,jalfrezi sauce,truly indian
8906107170177,Spicy Chicken Dumplings,Prasuma
8901719259319,,
8901777657102,Sangam Kaju Katli,Vadilal
8906044993495,,
8906084417319,MOMS BANANA CHIPS DESI MASALA,
8906125983032,4700 bc,
8901595971213,Chinese tomato 🍅  soup,
3948595971237,Chinese sweet corn 🌽  veg,
8903363011572,Jelly Mazza kala khatta,
8903363011589,Jelly jeera masala,
8901571405688,ENO 3 IN 1,
8909106005518,daily shine,hul
8909106002166,Tresemme haire fall Defense,hul
8909106006553,Tresemme Lamellar gloss,hul
8909106045064,Orange Candy,Kwality
8908023136237,Plant Protein,Maiva
8901242400332,Bambino seviyan,Bambino
0811307031587,PEANUTS SALTED,TAALI
8908017753037,BHUJIALALJI CHIWDA MIXTURE,
8901207004551,GINGER GARLIC PASTE,"HOMMADE,DABUR"
8901652142235,Puff tangy lemon sandwich biscuits,Priyagold
8906163831050,Peri Peri Party Mix,Farmley
8908002854619,Soya Sticks Cream & Onion,Promunch
8906102380519,vintomo plus,
8904013603024,,
7622202818332,,
8901058897487,,
0017203630460,Break,
8906107173697,Pizza Mini,Prasuma
8904319303963,,
8904300200349,Butter Biks,Mario
8906063434313,Pujabi Gol Chikki,Prabhat
8906066700385,Black Truffle With Salt,Kettle Studio
8904406100536,Butter Chicken Cooking Sauce,Vandco
8901777426111,Tandoori Roti,Vadilal
8906107170733,Bao Buns Bbq Chicken,Prasuma
8906022691306,Chicken Breakfast Sausages,Delicious
9555768600548,Flax Seed,RK HERITAGE
8908026875751,Whey Pro Rich Chocolate,Ripped Up Nutrition
8906040377657,Basmati Rice,Preema's
8901786810505,Nattu meat masala 50gm,
8906002083497,sakti Super garam masala 100gm,
8901512564405,Act 2 Golden Sizzle Popcorn,Act 2
8908019726404,Nova Nova red velvet,
8908019726411,Nova nova,
8906149991617,jujube,
8901030997945,Dove sensitive care,hul
8901030989711,Sunsilk oil blends,hul
8901552001922,AMBA,
8904063255280,Lite Mixture,Haldiram
8906070431688,Organic Cowpea White,
8904209326492,,
8906084693317,Kaju Bites,Om Sweets & Snacks
96030300005900,,
8908016002365,Amlaprash Sweetened With Misri,Two Brothers Organic Farms
8906032378723,Blueberry jam,
8904089930819,Sweet Lassi By Heritage,Heritage
8906036068705,Taka Tak Bhel,ever green
8901088000994,Saffola testy + oil 5lt,
8908024495098,,
8901246003287,Delmonte quality classic olive oil 200 ml,
0801541511457,Organic india mustard oil 1Lt,
8906005454034,KPL Shudhi gingelly oil 500 ml bottle,
8908004238332,Plant protein Chocolate Fudge,Origin Nutrition
0748927967913,Whey,Optimum Nutrition
8903363009630,Home chef pasta fusilli,
8906004565861,PUUFF,7 Diamonds
9556001254054,NESCAFÉ Classic Instant Coffee,Nescafé is sold by Nestlé
8904340701257,Pulse golmol,Pulse
8901725013721,Very Peri Peri - MAD Angels,Bingo!
8906099642751,Choco Hack,Neo
8903081357907,Rocky Road Peanut Butter,Chase Protein
8901246002679,Delmonte quality california pitted 340gm,
8906081121073,Happilo seed and Barriers 200gm,
8906001055365,LIME PICKLE (MILD),Mother's Recipe
8906081120069,Happilo supermix berries 200gm,
8906081120083,Happilo salted cashews 200gm,
8906081120229,Happilo whole cashews 200gm,
8906081127587,Happilo champions mix 200gm,
8906081120014,Happilo california blueberries 200gm,
0787099480257,Tofu,SoyaRich
8901552020114,Punjabi Samosa,Ashoka
8906001050063,Mother's recipe Madras thokki pickle packet 200gm,
8908009533944,Glueten Free Atta,JusAmazin
8906001050025,Mother's recipe Stuffed green chilli pickle 200gm,
8906002770632,Filter Coffee Decoction,Cothas
8901719925122,Premium Rusk,Parle
8908012691082,Berry Mix,Just Berry
8901262071734,Amul-Raisin n',
8043440565342,,
8901042970592,Minute Rasam,MTR
8904063251930,Mast Masal Chips,Haldiram
3608393247841,Whey Isolate - Chocolate Fudge,Decathlon
8904083506485,Whole Wheat Atta,24 Mantra Organic
4987176304643,amni pur,
4987176304629,ambi pur room fresh,
8901192211262,Fresh Palak Gourmet Gravy,"catch,Kitchen Art"
8901192211286,Rich White Gourmet Gravy,"Kitchen Art, catch"
8901192211248,Makhani Gravy Culinary Paste,"catch,Kitchen Art"
8901023018220,godrej Aer matic cool suff .blue,
8902979029636,Nylon Shev,Garden
8906185240199,Mango Vanilla (Isolated Whey),Deep Impact
8901302189887,,
8901175016181,Koact 625mg,
8901302098325,Avas 10,
8906013812505,Corn flake Mixture,Roasty Toasty
8901808007715,Corn Flour,Weikfield
8901552021135,Matar Paneer Kathi Roll,Ashoka
8906140084455,Roasted MAKHANA,
4906469614610,Vanela Ganthiya,anand
8906005501776,Mini Samosa,Bikaji
8906117361381,High Protein Milk,Country Delight
8904045800040,curd chilly,
8901030945106,pond's sunscreen,hul
8901030999505,pond's Sun miracle  spf 50,hul
8901030976520,Vaseline light hydrate,hul
8906000120217,,
8906042352683,,
8902268011519,,
7575758868880,,
8909081001178,Bounce elaichi creme,sunfeast
8901719129520,parle orange bite,
8904029415833,Glucomin-D,Jhonson & Smith Co
8901063166264,britannia tiger,
8901063337718,Sweet slice,Britannia
8904038410997,Panda Lemon pickle 5kg bottle,
8907316012753,Mother's recipe crushed mixed pickle,
8906001050759,mother's recipe mixed pickle 400gm,
8906001052562,mother's recipe bangali mixed pickle 300g,
8906001051428,Mother's recipe Lime pickle 300gm,
8901042955018,MTR Mango thokki 500g,
8901042955049,MTR Mango tender pickle 300gm,
8904011506518,Double horse cut mango pickle 400gm,
8904011506532,Double horse Lime pickle 400g,
8904011506839,Double horse Lime pickle 150 gm,
8904011506884,Double horse cut mango pickle 160 gm,
8904246910623,Priyanka green chilli pickle 300g,
8904246910746,priya citron pickle 300g,
8906001052920,Mother's recipe ginger garlic paste 500gm,
8906032990574,Teju ginger garlic paste 1kg,
8901719136504,Parle fabi bourbon,
8908003823065,Satyavijay Green Sandwich Chutney,Satyavijay
8908003823058,Satyavijay Coconut Chutney,Satyavijay
8043030380249,Gurujee Ompudi Thin,
8906033530564,Snapin nutmeg powder 50gm,
8906066201738,Keya salad seasoning 80g,
1944987014010,Laxmi narayan,
8906033530113,Snapin thyme 6g,
8908001954037,Sanjay avarebele masala 200g,
8906066205101,keya piri seasoning 70g,
8906088330256,Durga peanut chakra,
8906066201868,keya garlic granules 55g,
8906066200588,keya parsley 17g,
3090081006388,Yippee,sunfist
8901041000757,,
8901088200738,,
8907093003661,Chilli Tuna,Tasty Nibbles
8904335603405,Protein Muesli,Yogabar
8904132976962,,
8996001357194,Choki choki rollz,Mayora
8901552028158,Sandwich Chutney,Ashoka
8908024977457,Choco Hazelnut Protein Wafer Mini,Superyou
8906198981645,Biozyme Iso Zero Low Carb,Muscleblaze
8908001105286,The only smoked paprika52g,
8908001105484,The only paprika powder 52 g,
8908001105675,the only garlic powder 50g,
8908001105682,The only ginger power 40g,
8906072610357,,
8936121117193,,
2011234006223,cod liver oil softgels,apollo
5053047003317,Bluetooth wireless headphone,August
8909081001765,Mint paan rose,
8909081001734,Candyman toffichoo,
8904132979574,Toffeeman,
9901062970267,Toffeeman deluxe assorted,
8904145913800,Ensure Diabetes Care,Abbott
8904011505245,Double horse rice palada mix 300g,
8906021120968,aachi fish curry masala 50 g,
8906021123068,Aachi tomato rice powder 50 gm,
8906021120517,Aachi chilli Chicken Masala 50gm,
8906021128551,Aachi Madras sambar power 100gm,Aachi
8901725006051,Aashirwad chilli powder 100g,
8908018072458,Pancake and Waffle Mix,The Nutrik Co.
8906001052036,mother's recipe butter chicken,
8906002082117,sakti pepar powder 50 gm,
8906002082124,sakti paper powder 100gm,
8906002080120,sakti chilli powder 100g,
8906079011867,,
8908000861152,,
8906078720425,,
8906020491427,Kaju Roll,Lal
8904304388845,Special Mixture,Grand Sweets And Snacks
8906074207326,,
8908006024216,Kothamalli Thokku,Gss
8901042971438,MYR Mangaluru buns mix500gm,
0946450161055,,
8902269525206,cream,olesoft
8908000655225,Agmark Ghee,Roja
75021184,lucas panzon,
0748927070439,Fish Oil Softgel,Optimum Nutrition
8906152260618,swalty,
8906001090922,White Sella Rice,
8904073797718,Red double boiled rice,
8901777994177,Kesar Jalebi Mithai Ice Cream,Vadilal
8901138008116,"Himalaya Re-Hydrate Electrolyte Drink, Orange Flavor",Himalaya Wellness Company
8901725106782,Candyman Fruitee Fun,Candyman is sold by ITC Limited
8906077940237,Original Kaima Dates,Amal Al Khair
8901207051494,Dabur Sat Isabgol 120 g,Dabur
8901248114257,Zandu Fast Relief 45 ml,
8901571011063,ENO Orange,
4987176244970,Vick VapoRub 150 ml,
8901396389460,moov 20g,
8906027122058,sams,
8906010913304,Blueberry Flavored Cone Ice Cream,Milky Mist
3204223938343,Multigrain Bagel,Goodly
8908011479797,Magnesium Tablet,Tata
8904422707481,,
0732940998429,Mango Flavoured Greek Yogurt,Agapi
0755757400022,,
7622202305856,Cadbury mini treats,
8905950002819,Bikaneri Bhujia,Bikaji
8906161390795,Onion Bhujia,Let's Try
8906081811271,,
8906161390641,Methi Matheri,
8906045141598,Vanilla Ice Cream Protein Powder,Nutrabay
8904054107482,,
8904214505035,Dal Sev,Raju Namkeen
0670087143022,Doki Buffalo Jerky,Doki
8908003050911,rice,india
6951613991510,Bass+ in ear headphones,Philips
8904238300128,Fogg queen,
8901565000486,Tomato Discs,Peppy
8909106048584,knorr Manchow veg,
8909106035256,knorr Broccoli,
7893000558915,Chicken Griller,Sadia
8906016570266,Mangal deef,
8906107930290,,
8906001053897,,
8909340000058,Plant Protein Powder,Cosmic
8904063223449,,
0799493287592,AGMARK GINGELLY OIL,SRS
8906009536637,Max Protein Bytes ChoconAlmond,RiteBite
0652509057575,Oreo 7 pack,
7530709973358,Tomato Murukku,
8904227312125,black henna,
8906020581807,Protein Idly Ready Mix,ID Fresh
8908015975448,Millet Noodles,Gud Mom
8906005509871,Shahi Paneer,Bikaji
8908010213804,,
8901552027274,Onion Paneer Paratha,Ashoka
8908000308701,Spicy Mixture,Visas
8906069720977,Mysore Pak,Anand
8901414042179,Paratha,Bikano
8906019560318,Nankhatai Whole Wheat,
4906419566310,Wholewheat Cookies,
8901440200949,Eastern Madras sambar power 100g,
8906120105408,,
8901440206293,Meat ularthu masala 100gm,
8906068765696,املو خارج احمر,
8904038400226,panda coriander powder 100g,
8904422708693,neem tulsi,patanjali
8901688122140,Veg momos,
8906077362503,jamin puff pastry,
8906065032661,karachi biscuits,
8906065031046,karachi biscuits,
8906069407595,Tandoori Mayonnaise,Veeba
8906005610317,Mini Toast Classic,Lite Bite
8908013172986,Cookies And Cream Protein Bar,Phab-
8904045811664,Roasted Bitter Gourd,
8901719131851,Parle kance mango,
00216639,Ciplox eye/ear drops,
8908026875577,Isolate Creamy Chocolate,Ripped Up Nutrition
8906040373451,Brownies Basmati Rice,
8908009059567,Olive & Rosemary Sourdough,The Health Factory
8902579002114,Fizz,Parle
8901725005993,Yippee noodles Mood masala,Unknown Brand
8904064628137,Jaggery Cubes,
8906158360190,Fit Bite Digestive,
8906158360084,Caramel finger,
8901058015829,CERELAC Rice,Nestle
8906144490726,,
8906009532165,,
8904152403219,coconut,
8907885000113,BUSH,
8901036124246,Cappuccino,Continental
8901030533198,Lakme 9to5 sun expert,hul
8909106026315,Lakme 9To 5Sun expert,hul
8901764031021,Sprite,
8901030993831,pond's vit c+E+A face wash,hul
8901030683299,glow& Lovely face wash,hul
8901030978227,Vaseline light hydrate  serum lotin,hul
8901030974540,pond's niacinamide lotion,hul
8906152261493,sunder bourbon,
8906030612584,Chicken Breast Wrap,Green Chick Cjop
19062174,,
8906119861926,Drinking Water,Aquavelly
8901777389171,Mini Punjabi Samosa,Vadilal
8906009534008,Protein bar,Max Protein
8901393026481,Chupa chups crawlers,Crawlers
8906100881568,campa power,
8908014100407,Riz basmati,
8908020611171,Oasis Arabia Deseeded dates 500g,
8901399393006,Deep cleansing,
8906161680049,,
8901786280100,Everest kasuri methi,Everest
0641341047509,Good life salted pista,Good Life
8906158620355,Priya dairy curd,
8906064919864,Dried cranberry 100g,
8906019771721,Nutraj anymany cashew 500g,
8901764972065,,
8901719918292,Cream Crackers,Simply Good
8904250615439,benzoyl peroxide gel ip,
8996001311738,,
8906112995833,Gluten Free Butter Millet Cookie,Lo Food
8906042150050,Anil Roasted short vermicelli,
8906021123006,aachi tomato pickle,
8906002081561,Sakthi chicken masala,
8906002081783,sakthi fish curry masala,
8906002081745,sakthi fish fry masala,
8906002081820,sakthi garam masala,
8906002080076,sakthi turmeric powder,
0746935596491,,
8906002081349,sakthi Vathal pulikulambu powder,
8906002081059,sakthi tamarind rice powder,
8906002080564,sakthi Chilli chutney powder,
8906002080656,sakthi rasam powder,
0603728851390,Whole grain Mustard,The Gourmet Jar
8904188616836,Urad Dal,Saurbhi
8901138505851,Himalaya 200 g,
8908010299082,Shifa jelly 50 g,
8906125380497,Shifa jelly 100 g,
8908003457338,Coconut Water,Mojoco
8906080040375,Garlic Toast,27 Peaks
0099071351487,Whey Protein,Ultimate Nutrition
8902901026757,Good Life Black Dry Dates 200gm,
8902167009969,mdh hing powder 20g,
8906001400301,ssp special asafoetida hing,
8906005506719,Bikaji anokhe risty,
8905950000327,Bikaji Shubh Avsar,
8905950000341,Bikaji Festive masti,
8906063530411,,
8904156102064,Vanilla ice cream,Ideal
8906038782852,Aceite,sri
4906419564132,Ratlami Sev,
8906019561162,Jeera Khari 400gm,
8906065580131,Potato Wafers,Manohar
8904063255365,Khatta meetha,Haldirams
8906188960094,Jeera Cookies,Unibic
7622202339912,7622202339912,
8906095192144,Onion Powder,Praakritik
8905110001232,Fiama lemongrass & jojoba,
8906013282742,St. Botanica smoothening,St.Botanica
8908019582048,Millet Noodles,Mr. Agro
8903023264587,more selecta maida,more selecta
8904120400882,American Yellow Mustard,Abbie’s
8906005508218,Achari Masala Matthi,BIKAJI
8906069405669,Shawarma Garlic Veginnaise Eggless,Veeba
7906027124671,chile walnuts,Wonderland
0717273505209,American Garden US Mustard,American Garden
8906073541124,"WEIGHT Ủj Alkhor, Industrial 2, Dubai (UAE) ral Trading LLC Dubai (UAE) for: Shed No. 04, Ras Alkhor, Industrial 2, Dubai (UAE) Plot No. 613-1432, Corporate Office: Win Trade General Trading LLC Dubai (UAE)",
8906034814090,,
8901030970191,Lux Fresh Glow,hul
10496516,,
8904002501904,MASQATI BADAM PISTA KULFI,MASQATI
8904002501881,Mango Duet,MASQATI
8904002500631,MASQATI SITAPHAL ICECREAM,MASQATI
8906163832248,Farmley Quinoa,
8906014881043,Methi Thepla,Rewynd
8901030871023,pears Soft and fresh,hul
8906167242760,Black Small Mustard Seeds,
8906167242371,Sooji,
8907065096127,Puramate Corn Flour,
8906097403194,Zoff Onion Powder,
0942508254915,,
8901192106124,Catch Red Chilli Powder,
8906169991345,,
8906033530540,,
8908016793966,White Vinegar,
9909466244496,Keya Chicken Pickle,
8029762236702,Dabur Dilli Hari Chatpati Chutney,
8901719101663,Parle-g gold,
8901063166288,Brita.tiger kreemz 72g,
8901662038344,suhana chicken gravy,
3948662038351,suhana mutton gravy,
8901058011746,Maggi sauce,maggi
8902335013378,,
8904155834737,butter cookies,
8906155920441,,
4906416366012,,
8698957020169,BA10 Y17S Y28,
8901058903171,KitKat big,
8908001246361,Mast Mattar,Crax
8901058020335,,
8906166360298,Unjunked Bhujia,Open Secret
8908001658584,O,Ocean
8901047011054,Cooked Basmati Rice,Trophy
0850028073292,100% Whey Protein (Rich Chocolate),BullPharm
8904071512122,Kachori,
00006274,,
8906125982097,Crunchy salt corn,
8908019882094,Coco Poco Green Apple,Dobra
8908013080878,Coconut Water,Cocomama
8906170521425,High Protein Oats ( Chocolate Raisin),Nutrabay
8900419935837,bergen black,
8906091300468,Creatine,NutraBox
8904043554808,Cream Bite Choco Layer,Modern
8906017162354,870,
1948203400045,,
8904039700219,Jaggery,
8906112668799,Oats atta,
8906159973696,Mutton masala,
8904293708419,Chana Brown Flipkart,
8906032550440,Biryani Masala,Eagle
8909177014921,Walnut,
8909177015393,Cashew,
8909177014297,Fig,
8904293708501,Urad split,
8906095192274,Raw Sugar,Praakritik
8904039702367,Sugar brown,
8903794503011,Red chilli,
8903794503509,Tamarind,
0009449011301,sugar,Parry's
8901537081567,Roasted Rice Crackers,Pepper Delight
8904017013843,Phool Makhana,Uttam Fresh And Clean
8906087420309,Bengaluru's Special Mixture,Sowbhagya Foods
8901071704335,Kisses hazelnut,
8901719135491,Parle-G Royale Biscuits,Parle
8906199980203,Classic Chettinad Seedai,Sri Krishna Sweets
8904004402285,farali Chiwda,Haldirams
8906064701230,Cornflakes Mixture,Kozhi Koden's
8901491003414,Kurkure,Lehar
8906095141456,Energy Gel,Unived
8901648011613,Misthi doi,Mother Dairy
8901648013761,Mishti Doi,Mother Dairy
8901648014850,Fruit yoghurt Blueberry,Mother Dairy
8904320075439,Peanut Butter Creamy,DiSano
5059883474205,Keventers Butterscotch Whey,Myprotein
8906189580550,Plant Protein Bar,Upnourish by Pluckk
8904038109402,Salted Peanuts,Babaji
8906005509888,Palak Paneer,Bikaji
8907316007315,Spice Mix For Chicken 65,Mother’s Recipe
8901648001768,Lassi sweet,Mother Dairy
8901648091455,Nutrifit probiotic drink strawberry,Mother Dairy
8909350001038,Tofu masala,Vinvik
0890935001025,Vinvik silk tofu pasteurized,Vinvik
8908024377011,Tofu jeera,fit bean
8908024377004,firm Tofu,Fit Bean
8908024377028,veggie Tofu,fit bean
8906020493551,lal soan papdi,
8908019552003,ORIGINAL PANCAKE & WAFFLE mix,The Belgian Waffle Co
0941296142695,Nutri choice digestive biscuits,Britannia Industries Ltd
8906010367619,GRB Gulab jamun,GRB
0670087142964,Doki Chicken Jerky Korean Gochujang,Doki
8906107930269,,
8906072795450,Munchitos,Mom’s Basket
8908020905218,,
8901725110772,,
8906045141581,Gold Whey Concentrate,Nutrabay
8906121111200,,
8908016002235,Sattu,Two Brothers Organic Farms
8906133406707,Nutrimix,Little Joys
8904111021317,,
8906014081887,brahmins kadala,
8906014081535,brahmins uluva,
8901743062008,Melam idily mix,
8906014080477,Br Coriander powder,
8904011509069,Double horse coriander powder,
8908006779734,ajmi coriander powder,
8906134670299,ajmi turmeric powdee,
8902082700170,Grandma's turmeric powder,
8906134670510,Ajmi kashmiri chilli powder,
8908006779727,ajmi chilli powder,
8902082700026,grandma's meat masala,
8902082700064,grandma's chicken masala,
8902082700088,grandma's fish curry masala,
8906014081313,Br ginger garlic paste,
8904011508192,Double horse meat masala,
8904011508185,double horse fish masala,
8904450000172,Lampy out,
7622202338144,,
8908006982127,Raw Cooking Spray,Raw
8902082801211,,
8901138512026,1930,himalaya
8906014081276,Himalayan Pink SALT,Brahmins
8906001093169,Premium Extra Long Gain Basmati Rice,Golden Grain
8906134670374,Kashmiri,Ajmi
8906013812512,Quinoa & Seeds,Roasty Toasty
00551281,Oreo dark chocolate creme flavored,Oreo
8904089929127,Heritage fresh panner,
8902901035179,Bolas kaju,Bolas
8908019481181,Rich Plum Cake,Kottaram
8906095112487,Flax seeds,Wonderland
8901248270175,Emami soyabean oil 5lr,
8906023810270,Brown Bread,Nanda's
8901764042102,,
8906054071664,Elite Grains,Elite Grains
8901777462072,Cheese Chutney,Vadilal
8908013252596,Power oats choco peanut butter 400gm Fit & Flex,Fit and Flex
0701098208452,Nutritional Yeast Flakes,Urban Platter
8906010261085,Sunflower Oil,Gold Winner
5065012112047,,
8909106028586,Coffee,Bru
8901052005970,Black Tea,Tata Tea
8901052006519,Agni Leaf,Tata Tea
8906005625038,Coffee Powder,Mayil
8904335605096,Mango Rizz Protein Shake,Yoga Bar
8901052031450,Kanan Devan,Tata Tea
8906134671623,Ripe Banana Chips,Ajmi
8906134671357,Tapioca Chips,Ajmi
8906134671340,Banana Chips,Ajmi
8906134671616,Tapioca Sticks Spicy,Ajmi
8906134671593,Garlic Murukku,Ajmi
8906134671395,Bombay Mixture,Amji
8906134671401,Kuzhalappam,Ajmi
8906134671388,Kerala Mix,Ajmi
8906134671418,Sharkaravaratty,Ajmi
8906134671364,JackFruit Chips,Ajmi
8906134671647,Kerala Mixture Extra Hot,Ajmi
8906134671425,Pakkavada,Ajmi
8906134672118,Masala  Cookies,Ajmi
5900757114683,Ace Vitals Whey,Ace Vitals
8908020440269,Tortilla Wrap Beetroot & Carrot,Habanero
8908024361478,High Protein Coffee,Provilac
0941361464356,Bolas pl cashew regular,
4581950404798,Dry fruits mixed,Unknown Brand
8908004114438,Cashew nuts,
0941458017564,cerealac,
8906027713034,,
8906111323606,Fara tamarind 500g,
8908001105088,the only salad mix 50gm,
3948648092599,Mother dairy paneer,
8901648014867,Mother dairy Raspberry,
8901648026174,Mother dairy,
4032764856759,LEMON PICKLE,crackery
0052990390333,Flax seeds,
8906000594452,Indian Basmati Rice,Nezzah
8901192219121,catch,super garam masala
8906080040382,Herb Toast,27 Peaks
8904008410057,MIMIORANGE HAEMATIC TONIC,
8904008410231,MIMIORANGE Capsules,
8902292007601,MAGNAVIT Capsule,
8902445020297,Jeritone E Capsules,
8902445005416,Vardplex Forte,B - Complex
8906009235530,BG - Glutamin Tabs,B - Complex
8906104981714,Edge Vitamin E,Vitamins
8906047110677,BESIX Tabs,Pyrodoxine
8906047110776,BECO,B - Complex
8906031051047,Actilosa Capsules,Probiotics and Prebiotics
8906081301857,ASNORBIN-1000 Vitamin C Effervescent Tablets 1000 mg,Vitamin C
8906145150971,Belgian Chocolate Ice Cream,Bombay Ice Cream Co
8904115411404,Lactel laban,
8901901224712,Chana dal roasted,Good Life
8901262040020,Amul shrikhand,Amul
8901262040044,Amul shrikhand badam pista,Amul
8901262020381,Amul cheese,Amul
8901063410053,Cheese Britannia,Britannia
8906066201875,keya ginger powder 40g,
8908007344382,Vanilla Extract,SPRIG
8904324904711,FERTILION - F&quot;,Supplements
8904324905718,FERTILION-M 30 Soft Gelatin Caps,Supplements
8906076132862,Zero Maida Burger Bun,Baker's Dozen
8904324900096,FOETASAFE 30 Soft Gelatin Capsules,Supplements
3948248114257,zandu fast relief 45ml,
8906010278809,Meniphib Tablets,
8901207503801,Odomos naturals cream 100g,
8906069872775,FAMICAL-D,
8906010277833,Kidflame Tablets,
8906031058428,"Optilyf Supports Eye, Macula and Retina health",
8906010277666,q,
8904043927497,tata sampann coriander powder,Tata Sampann
8906135091109,Mixed Fruit Jam,apis
8906159661050,Ragi Flour,"DeHaat,Honest Farms"
0944406226728,TATA Fine Besan,Tata Sampann
8908018651530,The Healthy Ragi Chips,Troovy
8906160270968,Peanut Butter,American Rich
8901493010236,"fruitomans,mix fruit jam",
8904091117734,Relcer ANTACID 100mls,
8904134920529,Sucrafil0 Gel Sucralfate & Oxetocoine Suspension Fourrts 100mls,
8904134910094,SUCRAFIL SUSPENSION 200 ml,
8906013698314,golden premium tea,kajah
8906009237381,BGACID 100 ml,
8908019673173,nannari sharbat,bakers
8906064283439,brit butter cookies,
8906063985624,Mintogel  Antacid Suspension 180 ml,
8904008420117,Gastracid Liquid 100 ml,
8901704093812,R-COL ACTIVATED CHARCOAL 500 mg 60 Tablets,
8904063226525,,
8906010279684,Gas Off Tablets,
8902281026200,cital DISODIUM HYDROGEN  CITRATE LIQUID 100 ml,
9901242937349,,
8904008423118,Oligo care Tablets 30 (5 x 6) Tablets,
8904008423101,Ova care Tablets 30 (5 x 6) Tablets,
8901972064514,Butter Cookies,Danish Delights
4908435982303,,
8901063151314,Good day,
8904083512387,Red Dry Chully,Organic
8901414005334,Boondi,Bikano
8906115810454,Total Ten eggs,Total Ten
8904043551531,Whole Wheat Bread,"Bimbo,Modern"
8906136652071,Organic quinoa,Pintola
8906145151183,Berry Shortcake Ice Cream,NOTO
8904091112500,Candid mouth paint,
8904051309261,Cassava chips,
5060640240001,Bix,Nettlebed Creamery
8906064656653,Tandoori Mayo,Wingreens
8906058330125,Skarfix-plus,
8906058330187,Fix derma scar gel,
8908010780184,nine  pads,
8908004963135,Basmati Rijst,MEHNAT
8908018729680,Multigrain Sourdough,Suchali
8908007022921,Multigrain Tortilla Wrap,Habanero
8901537071025,Daawat biryani 5 kg,
8901058009293,Peach,
8901848004538,Lemon,
8908013140008,Cocktail sour,
8906144570510,Coll,
0006505088420,Fortune soya chunks,Fortune
8901207053825,Mix,
8908000302143,Restaurant Parotta,Viswas
8908000985957,Stevia,So Sweet
8906021122535,Aachi Rasam powder 50g,
0007011393305,O stwbr,
8906064700158,Parippuvada,Kozhi Koden's
8902082100109,Mango Jam,Grandma's
8906010260125,Deepam oil,
8906066701023,kettle studio chips,
8906097408311,soya chunks,Zoff
8906046146455,"Triple Omega Superseed Flour (Chia, Flax, Sesame)",Pride of India
8906191630038,Millet Wafer Bar Mocha Latte,Phab
8908001105019,Black Pepper,On1y
8901149017381,HAEMUP LIQUID 200 ml,
8902292000619,"HEMOFORCE Syrup of Iron, Folic Acid 200 ml",
8902445005133,VARD'S BLOOD TONIC 200 ml Syrup,
8901111078129,Fedate Syrup 200 ml,
8906009237145,AMITONE 200 ml,
8906081290298,FERROUS SULPHATE TABLET BP 200 mg,
8906006330412,Rath Vanaspati,Rath
8904360308092,FOLIC ACID TABLETS USP 5mg,
8908002671131,ASTYFER LIQUID BLOOD BUILDER,
5069449330357,Rath Vanaspati,Rath
8901117258266,Cipladon Tablets BP 500 mg,
3162648019725,,
8901079005328,Zerodol Aceclofenac Tablets 100mg,
8902297002793,Pirox PIROXICAM CAPSULES B.P.,
8906003150716,Powergesic MR 100 Tablets,
8901296111505,BRUSTAN 10 Tablets/ Comprimés,
8906034080082,"MEDIZOX  Diclofenac Sodium, Paracetamol & Chlorzoxazone Tablets",
8902281081063,flamar-MX 1X 10 TABLETS,
8901262030618,Amul cow ghee,Amul
8908023100573,Marine Collagen 4x,Miduty
8904335604242,Seeds Mix,Yoga Bar
8902396002984,KOFEX SYRUP 100 ml,
8902396003646,KOFMINT Peppermint cough syrup 100 ml,
8902292006918,Shaltoux CHESTY COUGH 100ml,
8902292007120,Shaltoux Cough Syrup 100ml,
8905013003647,Pa12 PROGLETS,
8904008421930,Ugesic Piroxicam Orodispersible Tablets,
8902281605085,CYCLOPAM 1 x 10 Tablets,
8906005111951,MEPEN-250 Mefenamic acid Tablets BP 250 mg,
8906081291110,FENAMEX SPAS 10 Tablets/Comprimés,
8906104980724,XTRA-P 500  14 Toblets,
8904159629421,Algic-P Aceclofenac 100 mg and Paracetamol 500 mg Tablets,
8902541407114,Rihaee 1 Strip of 10 Tablets,
8901648092636,Mother dairy cheese spread,Mother dairy
8901393017298,Chupa chups bites manis asem,
8906008818161,Fortune soya,
99212223,Sava rice,Good Life
8901248204156,emami golden beauty talc,
8901248204217,emami golden beauty talc,
8903105032568,Yardley london morning  dew,
8904192204951,Peanut and Jaggery Brittle,Navadarshanam
8906062810194,Fluozap nm,
8904286204126,FunIt,galletas
0720053853773,,
8941158064617,Mango Fruit Drink,"RD,Frooti Plus"
0890819726220,,
8906165789489,Whey Protein,MB
8906006330375,Swikar refind sunflower oil,
8901552026567,Lime Pickle,
8904089322560,Dark Chocolate Cone Ice Cream,Havmor
8904004639636,,
8906070210665,Honey,Little Bee
8906082580015,Power Brown Eggs,Henfruit
00291238,Salted Potato Wafers,Noice
8903081246805,Salted Caramel Peanut Butter,Chase Protein
8906002082445,Bajji-Bonda Powder,Sakthi
8904137451068,CD Garam masala whole,
8904043922027,Tata I-shakti A1 Grade Cooking Soda,"Tata,I-shakti"
8904137451099,Javitri,chukde
0040332083302,Lotus cloves,Lotus
8902901026849,Roasted dhana dal,Good Life
8902901222289,cardamom black,Best farms
8902901211245,Cardamom green,Good Life
8902901222876,mustard yellow,Good Life
8902901111958,Best farms almond,Best farms
8906095124701,California almonds,Wonderland
9909095124633,Wonderland platinum,Wonderland
0533006410028,Tulsi almonds,Tulsi
8902080000326,,
8909106033948,magnum mini almond icecream,
8910050393002,IRAANI BROWN FENUGREEK SEEDS,MOREX
8901571014149,Centrum Kids Recharge Orangle Flavour,Centrum
8908025026000,Aqa Mine Drinking Water,Aqa Mine
8901262130301,Amul Pro Whey Protein Malt Beverage,Amul
8901138001551,Yy,
8904002506053,Toned Milk Curd,Masqati
0008406644675,,
8906018380443,Brown Bread,Nasta
8904221694302,Whey Protein With Creatine,ATOM
18141207,"SHARE BAG You buy, we donate. Together we'll help",
7622202348006,,
8901648486763,Mother Dairy Raspberry Fruit Yoghurt,Mother Dairy
6907009024850,Fruit yoghurt blueberry,Mother Dairy
8901648004455,Mother dairy dahi,Mother Dairy
8906055442142,Organic Black Paper whole,Organic Tattva
8908004114285,Wonderland Blueberries,200g
7902947000378,Sabja Seed,Best Farms
0004400154035,Value pack,Wonderland
8906095124756,Flax seeds,Wonderland
8906069850278,,
8906095124466,Ajwa dates,Wonderland
8908002506051,Emperor dates 500g,
8906016013442,Gourmia 200g,
8906019772056,Nutraj sunflower seeds,Nutraj
8908004124734,Flax seeds wonderland,Wonderland
10323629,Wonderland mixed seeds,Wonderland
8908004114742,Wonderland sunflower seeds,Wonderland
8908009059574,Super Protein Bread,The Health Factory
8906135191588,Brown Rice Paper,Moi Soi
0000590004475,Coriander,Unknown Brand
8901063410350,Cheese Block,Britannia
8906118200948,Masala Okra Chips,Super Munchies
8906009532226,MAX PROTEIN CHEESE & JALAPENO,
8901648001447,mother dairy double trouble icecream,
8904244307500,Samossas aux légumes,
8906163074952,Basmati Reis,
8906156052066,Repose milk cake 450gm,
8906156052059,Repose Fruit cake 450gm,
8906156052073,Repose plum cake 450gm,
0502872019369,Chicken Jerky Myth Mughlai,Doki
5059883304038,Clear Whey Hydrate,MyProtein
5059883365473,Legacy Pre-Workout Dry Scoop - Mango And PassionFruit,Myprotein
0921086215372,Mother dairy dahi,Mother Dairy
8908019489194,Cookd Madras 65 Masala,Cookd
7622202324192,Cadbury,
8901719129551,parle kapi,
0901030761188,Rin liquid,
8906010090128,Cheese Block,Dlecta
8908010365039,,
3948764012907,Coco cola,
8908022418037,Egg Whites,Yellows And Whites
8906115881270,بسكت nice,
8906157570521,Nutty Delight Cereal,Gaia
9311770612722,High Strength Magnesium Glycinate & Citrate,Swisse
0850041703954,d3+k2,AG1
8906069407601,Burger Mayonnaise,Veeba
8901063410480,Laughing Cow Cheese Slice,Britannia
8901444095954,Creamy Peanut Butter,Nutro Plus
8904335604464,yogabar,
8908015236921,Wow thukpa veg noodols,
8906032018414,,
8901138822224,Himalaya bar,
8906170521142,Whey Concentrate,Nutrabay
8903553002977,,
8901063093676,,
0907314450081,Mrs.food rite mayonnaise,
8906019772773,Nutraj Afghan munakka (abjoshi),Nutraj
8908004114643,Wonderland roasted makhana,Wonderland
8908009450005,Brown Bread,Homa
8901207028045,Alphonso Mango Juice,Real
8906106300933,Rajma,Bowlful
8901088769402,Body lotion,parachute
0940204042706,ThumsUp,ThumsUp
8908000339859,,
8906019772186,Cashew nuts,Nutraj
8906002340279,Rajdhani suji 1 kg,Rajdhani
8906095124718,Raw cashews,Wonderland
9909095121380,Wonderland value pack Cashew,Wonderland
8902901223996,Good life cashew 2pieces,Good Life
8906078724270,Gopal Masala Sev Murmura,Gopal
8906014902175,Kwality Pasta masala 50gm,Kwality
8906185460559,makhane,
8901030974533,nourishing lotion,ponds
8904386100083,Mars Mascara,
0041554588910,Maybelline Tattoo Studio,
0041554588927,Maybelline,
8906059636912,Everyday Yogurt,Epigamia
8909081002779,Superior MP Atta,Aashirvaad
0544444403671,,
8909177014648,Kasoori methi,Daily Good
8909106011113,Spicy Korean Kimchi Soup,Knorr
8901719132049,Rusk,
8901972050043,Desire Premium Danish Choco-chip Cookies,Dukes
8901138816582,Himalaya Neem scrub,
8901138819972,Himalaya brightening daily scrub,
6004100154001,Wonderland value pack Mixed Dry Fruits,Wonderland
15629334,Good life mixed dry fruits,Good Life
8906095121816,Wonderland dry yellow dates Kharek,Wonderland
9904625669233,WOW khow suey veg,
0946459775116,Nutraj dried  cranberries,
8908004114728,Wonderland roasted makhana,Wonderland
8908004114278,Wonderland Dried Cranberries,Wonderland
8908004114704,Wonderland Roasted makhana,Wonderland
8906006330139,Nature fresh refined soyabean oil,Nature Fresh
8908456012818,لوشن 500 ګرام,
8906111593610,Indian Masala Chai Instant Premix,Octavius
8908026581003,Egg Whites,OVO lites
8906068766068,peanut butter,hayel
8906082372276,Alphonso Mango Ice Cream,Nic
8906095990467,Butterscotch Ice Cream,Chitale
8901662029144,Suhana paneer chilli dry mix,Suhana
8901248749275,Zandu honey 1kg,
8906064650040,Chipotle mayo,
8906064651689,8906064651689,
8901063033658,Treat triple chokho rs 30,
17406758,,
8906125983308,Korean Popcorn,4700 BC
8906019402243,High Fiber Bread,St Michael
8906069722407,Pepper Cashewnuts,
8906069723046,Maddur Vada,
4901409135316,Krack jack,
8902346050553,Enerzal Zero Orange Flavour,Enerzal
4077944035463,Classic dahi,
0982263572015,Sabudana Wada,Taste Of Kerala
8906090591294,Quinoa Chips - Jalapeño,Chef Urbano
8908023879004,Peanut Butter,Wellx
8906010503543,Balaji Crunchem Chaat Chaska,Balaji
7622202339851,celebration,cadbury
8904035421460,Hairfall defense,joy
8906080603761,8906080603761,
8906002081431,sakthi mutton masala,
8904004442830,Minute Khana Palak Paneer,Haldiram
8906090592161,Sweet Potato Chips,Chef Urbano
8906010367732,Gulab jamun1kg,
8906010367336,Grb soan cake,GRB
8908020463176,,
8901393028270,Mentos Clean Breath,mentos
8909081006272,Popped Chips Salt 'n' Pepper,"Bingo, ITC"
8901262178853,Aloo Tikki,Amul
8901719137068,,
8904287005395,Choco Delight,Amore
8908013439478,eclairs,
0810036563031,Condensed Milk,Pampa
8901719110023,Centre Filled Cookies,Hide & Seek
8999908210005,BPOM RI,
5430446640587,Shirataki Noodles Korean BBQ Chilli,Urban Platter
8908009149138,Pet safa,Unknown Brand
8901248704083,Zandu Pancharishta,Zandu
8901963201195,Chicken Breakfast Sausages,Billar
8906011347450,Milk Compound,Mello Royale
8901207001246,Shilajit,Dabur
8906029791764,Hunk,Priyagold
8906151141932,Calcium + Vitamin D3,Tata 1mg
8908016501486,Classic Veggies Momos,Hello Tempay
8901548312414,D'lite Cookies Choco-Chip,Sugar Free
6134047020456,Emirates macaroni,
8906107380163,stingless honey,beecraft
8906064700011,Banana Chips,Kozhikoden's
8906018940104,Tuborg Strong Beer,Tuborg
8909081008030,Butter & Garlic Chips,Bingo
8906142161000,zylinex,
8908020554584,Ginkgo Biloba Leaf Powder,Buds and Roots
8904049713346,nature's essence,
8904091101801,Powercort,
8908000861640,Gopal (Tikha GATHIYA),Gopal
8908000861756,Gopal (Sev Murmura),Gopal
0769807182202,Earl Grey Iced Tea,Beyond Water
8906069721752,PISTAMIKA INDIAN PISTACHIO BISCOTTI,ANAND
8906112995918,Millet Chips,LO Foods
8901262202602,"Buffalo Milk, Curd Yogurt",Dahi
8906176792508,Mutton biryani,Pista House
8993319730404,BONTEH,
8908020463305,Biggies Swiss Cheese,Crax
8901030641657,WHEEL 2IN 1 DETERGENT POWDER 500G,UNILEVER
4906469406154,Wok tok spicy korean noodles,
07240101,Special Rajgira Laddu,Jai Mathaji
8901042956923,Ragi Dosa Ready Mix,MTR
8906082571686,Roasted Súper Mix,Cornitos
8906053597783,charms peanut butter 340g,
8904343602834,ORS POWDER 21.8G,CIPLA
23230293,FLORITE PRIYA FEEDING BOTTLE 125ML,FLORITE
8901103171319,OXY BLEACH 9G,OXYLIFE
8901701101053,HESH MULTANI.MATI 50G,hesh
8906068240001,COSMOSILKY 40G,COSME
8901414061163,teekha mixture,bikano
8908010213897,,
0000101403203,,Unknown Brand
0000590003837,,Unknown Brand
8901777766187,Vanilla Ice Cream,Vadilal
8905507001364,,
8906071510009,GLUCOSE D REGULAR 100G,HELLO
8906071510108,GLUCOSE D ORANGE 100G,HELLO
8908001753784,DR ORTHO OIL 100ML,DIVISA
18901355000631,NOVELON TAB,INFAR
8901148200487,Mucolite Drops,REDDY
8901117244849,MICOGEL 15G,CIPLA
4902430871662,AERIAL.POWDER,UNILEVER
8904055140570,SUPERMAX SII BLADE 4+1,supermax
4902430787093,GILLETE VECTOR  CARTRIDGE,P&G
4902430478793,GILLETE 7 OCLOCKPII  CARTRIDGE,P&G
8904054100445,AMYCORDIAL SYRUP 200ML,AIMIL
8906008231854,FRIENDS ADULT DIAPER M 2 PICES,FRIENDS
8906008233254,FRIENDS ADULT DIAPERS  L,FREINDS
8906124050605,LIVEASY HOT WATER BAG 2LITR,LIVEASY
8906124050612,COTTON CREEP BANDAGE,LIVEASY
8908005946304,ABSORBANT COTTON WOOL 50G,JAYCOT
8904150208502,Brazil Nuts,Nutty Gritties
8906120100502,Roasted & Salted California Pistachios,Farmley
8901117287914,CIPLOX D EYE DROPS 10ML,CIPLA
8902281608925,CLOBENG 5gCREAM,INDOCO
8906019647453,DIGENE TAB 15S,ABOTT
4987176181022,Pampers. all-round protection,P&G
9679989464646438,fruity biskiss,
4987176218322,PAMPERS HAPPY DKIN PANTS  L,P&G
8904192600203,FLORITE PRIYA FEEDING BOTTLE 125ML,FLORITE
8904192600326,FLORITE FEEDING BOTTLE 250ML,FLORITE
8901701115753,HESH  QUEEN NEEM TUSLI POWDER,HESH
8901701130756,HESH COLONE COOL TALC,HESH
8901063344617,Britannia Atta Bread,Britannia
8901058008524,Gold corn flakes,
8904335605706,High Protein Oats Banana Creme,Yoga Bar
8904101602182,cream roll,Moreish
8907065122154,Pancake Syrup,
8904192600548,FLORITE DELUX NIPPLE,FLORITE
8901396393610,DETTOL ORIGINAL SOAP,RECKITT
8901023028021,GODREJ NO 1 SOAP,GODREJ
8901023003622,CINTHOL LEMON SOAP 75G,GODRRJ
8901023005398,GODREJ SHIKAKAI SOAP,GODREJ
8906000131404,DOG SOAP 75G,NIRMAL
8904213900060,HICKS OVAL THERMOMETER,HICKS
8906009703466,Mathiya,
0909106040670,8 909106&quot;040670&gt;,
8906076133272,Cheesy Tomato (Protein Chips),The Baker's Dozen
8906013813144,Millet Upma,Roasty Tasty
8904064621657,Green mukhwas,
8906026161577,Kaduku mango pickle,
8906165788765,WrathX,Muscleblaze
8901662044376,Chick fry masala,
8901662040002,Meat / Mutton masala,Suhana
4901430042010,Chicken Tandoori 50g,
8901662042389,Misala masala 12g,
8901414004450,,
8906078262666,Olive Sub,English Oven
8901786170500,Everest tandori chicken,
3746135070422,ZINC MAGNESIUM ASPARTATE,Optimum Nutrition
0748927070446,MULTIVITAMIN FOR MEN,Optimum Nutrition
8906198980730,Protein powder,Truebasics
8901719136795,parle hide&serk,
8901719137037,parle hide serk,Parle Platina
8902979015301,,
8901719136740,hide seek,
8901719136771,hide seek 100g,
8908015078125,Nutri+ Eggs,Abhi Eggs
8901972059978,Shortbread Cookies,Dukes
8901719135668,hide seek,
8906182620093,Chilli Garlic,Master Chow
8904485500210,,
8906157904388,Pure Himalayan Shilajit Honey Sticks,Anecdote
8906647777966,,
8906026600458,,
8906032019206,,
8905950002000,Namkeen Bhujia,Bikani
8906090577007,Tapioca Chips - Lemon Pepper,Too Yum
8906069612791,Anand Khatta Mitha Mixture 900Gram,Anand
8906069612784,Anand Tikha Mitha Mixture (900gram),Anand
8901262060127,cream cheese,amul
0746060449167,Natural Sparkling Juice Dragon Fruit,Flying Kombucha
8906082520097,Get slim juice,Kapiva
8904083504849,24 mantra organic poha 500g,
8904083504894,24 mantra organic red poha 500 g,
8901088894128,Forest Honey,Saffola
0670087267957,Nice Pakkavada,Nice
8906006852457,Mississippi Mud Ice Cream,Baskin Robbins
8904377105523,عسل باران,
8901262223362,,
8906113910651,,
8906005611291,,
8906063130086,Pomegranate Arils,KIMĀYE
8906090577960,Gourmet Chips Truffle,Too Yum
8906010366643,town bus moong dal,
8906007250580,Elite Roasted Ragi powder,Elite
8906021926249,apis mixed fruits jam,
8904073779295,Bille de taapioca,
8906161391327,,
8996001352212,Astor Chocolate wafer,Astor
8901277017093,Park avenue,
8901161106001,Basmati Rice,Lal Qilla
8906071882366,Coffee-espresso,
8906013870062,Coorg Cofee,
8906133026134,,
8904214505462,Papad Pauva,Raju
8904335605522,High Protein Oats,Yoga Bar
8906055445556,Organic Mixed Dal,Organic Tattva
8908014757465,Dal Tadka,Hocco
8906165782688,"Biozyme ISO Zero low Carb, Unflavoured",Muscle Blaze
8904057396951,Fresh Cream,Hatsun
8901030718946,Horlicks biscuit,
8901063092303,Good day biscuit,
0040459215327,Parle Rusk MRP 35,
7622202818400,,
8906025861089,Boondi,
8901063121188,Nutro,
8904064616332,Roasted red rice,
8901262260787,Amul Taaza Milky Milk,
8900994643530,Korniszony Z Nutą Miodu,Nasza Spiżarnia
8906035143366,Passion Fruit Peda,Chipo
8906064654161,Tez Tandoori Naan Chips,Wingreens Farms
8908000870215,Methi Puri,Jaimin
8901063014442,Vita Marie Gold,Britannia
8904073779141,Chocolat en poudre 1848,
8901042963549,Mtr Vermicelli roasted 440g,
8904091146772,Ryaltris Olopatadina 600ug/ Mometasona 25ug,
8906169990119,Madras mixture,Sweet Karam coffee
8906125385416,فازلين,
8901414058316,Dry Fruit Kachori,Bikanerwala
8906068766464,Peanut Butter (Choco),Nut Berry
8908009275035,Rice Powder,Ponkathir
8901071705516,,
8904057302662,Red velvet Ice cream Sandwich,Arun Ice creams
8904057397019,Cheese spread,Hatsun
8908023145239,Banana Chips-Malabar Flavor,Beyond Snacks
0000590000245,BUTTON MUSHROOM,NutraGro
8906036848376,Sojabällchen,subash
8906036840011,Rotes Reismehl,Subash
8904335605515,"Fruits, Nuts & Seeds High Protein Oats",Yoga Bar
8904004409161,Orange Delighy,Haldirams
8903553840586,temptin chilli vinegar,Temptin
8903553832437,temptin soy sauce,
8903553851438,Temptin tomato kechup,
8903553834431,temptin green chilli,
8903553070297,Cumin powder,Ram Bandhu
8906125870288,tylowel,tylowel
8906038740326,Grilled Sweet Corn Cob,Y-Cook!
8906134960055,Kaju katli,
8902335011602,Chocolate Wafer Stick,Bakemate
8902027005100,atta rusk,kitty
8906029140913,Gingelly oil pickle,
8904265415215,Jowar Khichiya Sorghum Flour Crackers,Amdavadi
8906082650749,Corn Chakali Sticks,Athavales
8904035417098,joy skin fruits 300 ml,
8908004415108,5star peanutbutter,
8908004415245,5star peanut butter,
1948438976742,korean ramen knorr,hul
8908002627015,ORAL REHYDRATION SALTS BP,SunLyte ORS
8906135191458,Hakka Noodles,Moi Soi
8909081004391,Supermilk Biscuits,Sunfeast
8906118200108,Sweet Potato tandori,Super Munchies
8904063240200,,
0940061100007,,
8901030736797,,
8904286204140,fun it,
8906070368717,GRB Rasogolla,
0787099843717,Granola Bar Chocolate Espresso,Wingreens Harvest
8904083513988,Somamasuri Brown Ricd,24 Mantra Organic
8908004076453,Basmati Rice,Parliament
8901414000162,bikano bikaneri bhujia,
8901414006508,Bikano Chana Masala,
8901414000384,Bikano Moong Dal,
8901414040984,Bikano Tasty Saga,
8901414031845,Bikano plain bhujia,
8904089552912,Paneer,
8904089995368,Livo Mango Yogurt,"Heritage, Livo"
8904089995337,Livo Strawberry Yogurt,"Heritage, Livo"
8906107216134,Date Bites,Flyberry
8906076133166,Protein Bread,Baker’s Dozen
5627902318108,,
8906010366537,Town bus Butter muruku,
8904335604129,Double Chocolate Protein Shake,Yoga Bar
8907033811196,,
7311311025143,Krispig Muslim (Mandel Aprikos),Risenta
8901777669105,Milk Cake Sugar Free,Vadilal
8904430105743,Gapata Sapata- panipuri,Gajanand
8906090577984,Too yum gourmet chips Himalayan pink salt,Too Yum
8901584002706,All Purpose Gravy,M.M. Poonjiaji Spices Ltd.
4901273001892,,
00952862,Whey Protein Bar Chocolate Chip,NO!CE
8906672651149,Jaggery Powder,PSK ayur
8906107176001,Pad Kra Pao,Meatigo
8904083322870,High Protein Cheddar Cheese,Milky Mist
8906023418681,Cotton Candy Frozen Desert Cone,Creambell
8906184890869,Makhana Peri Peri,Purva Bites
8907316008480,,
8906133409241,Whey Protein Concentrate (Cocoa Edition),Only What's Needed
8901512544605,Popcorn,
8906000591758,Indian Extra Long Grain Basmati Rice,Begum Premium Quality
0705105713564,Ricotta Gnocchi,Deanos pasta
8906168751544,Kaara Kuzhambu,777
8906005501295,All In one,Bikaji
8908024899070,Classic Indie Soda Twisted Shikanji,Green Horn
8906090577953,Thai Curry Chips,Too Yum
8901058005653,Maggi spicy,
8901552029650,Cham Cham dessert,Ashoka
8906198120136,Isolation Pure Whey Isolate With Digezyme,Exalt
8917581305009,KLM BADSHA ASSAM TEA,KADAK
00674814,Whey Protein Bar - Coconut Almond,NO!CE
8906057901593,Sattu,Century
8906009994291,,
8908000835078,,
8906021128261,Idly Chilli Powder,Aachi's
8904221695361,ATOM Whey Protein Double Rich Chocolate,AS-IT-IS Nutrition
8906026600090,Acai Berry & Mixed Berry Soda,Rio
00094845,Whey Protein Bar Chocolate Fudge,NO!CE
8906123323472,senso,
8903023253816,,More
0617571006548,Professional ISO Hydro Protein Powder,Americanz Muscles
8906151142960,Tata 1mg Vitd3+ K2 Mk7 Supplement,Tata 1mg
4901860174114,,
8906077361544,Garlic Pickle,Jaimin
8901764041112,Thums up Can 350ml,ThumsUp
8908000275270,Instant Upma Mix,Viswas
8904089241014,Bum,
7622202328749,Dairy Milk Milkinis,Cadbury
8904293723375,Raw groundnut,Flipkart Grocery
8901233026510,Cadbury Lickables,
8901262153263,Amul tru mango 150ml,
8904124100665,Bilona Ghee,Ananda
8901030833939,dove Care protect,hul
8901747003823,WAGH BAKRI Spiced Tea,wagh bakri
8904083301851,milky mist ghee,Milky Mist
8906095125098,Wonderland walnut jumbo 1kg,
8906167310414,Mark premium Green Pista100gm,
8906017863411,Bisk farm Heylo,
8903553002427,RB Kasoori Methi,
8886467071959,camay natural with fresh scent,hul
8801861220604,wongjin,
8901491100212,Olive And Greek Salad,Red Rock Deli
0455493372040,,
8906078262093,oatmeal digestive biscuits,Cremica
8906196970252,,
10012064000017,,
7622202335655,Cadbury Temptations Rum & Raisins,Cadbury
8901155409316,DHANSAK,Gits
8901440209416,Egg Masala Powder,Eastern
8901552028233,Vegetable Kulcha,Ashoka
8902850006749,Coconut milk,
8906144492324,Cold Coffee by Sleepy Owl,
8906159641458,Masala Oats,Fira
8906159641441,Oats With Curry & Pepper,Fira
0670087142995,Buffalo Jerky Tokyo Teriyaki,Doki
41832510072951,,
3969754004986,,
8904234004143,Dankaram gur evri,
8906065169930,Spicy Chicken Grill Patty,"ITC,Master Chef"
8901777409091,Malai Paneer Paratha,Vadilal
8906019564170,Aloo Sev,Real
8906084380064,Aloo Sev,Real
0021009038979,,
8906186470076,Indian Biryani Rice,Eat Regal Gourmet
8906178380062,Clove,One Pinch
8901262220392,Amul,
8904335605782,High Protein Oats Mum's Masala,Yoga Bar
0006497713560,,
8906027141738,Marinated Boneless Chillie Chicken,Del Frez
8908026832037,CORN CHIVDA SWEET (160g),ISHAN
8908026832020,CORN CHIVDA (160g),ishan
8908026832228,ishan DRY FRUIT KACHORI (250g),ishan
8908026832211,ishan KACHORI,ishan
8908026832242,ishan MASALA CHANA JOR GARAM,ishan
8908026832075,ishan WHEAT CHIVDA,ishan
8908026832181,ishan SING BHUJIA,ishan
8908026832150,ishan SANCHAR SEV,ishan
8908026832167,ishan METHI PARA,ishan
7622202334115,Fuse chocolate 21g,
8908026832044,ishan POHA CHIVDA,ishan
8908026832143,ishan NYLON CHIVDA,ishan
8908026832174,ishan SHAKKAR PARA,ishan
8908026832099,ishan WHEAT PURI,ishan
8908026832082,ishan FARSI PURI,ishan
8901491100052,Doritos blue India,
0720444437025,Soy Isolate Chocolate flavour,Nutrija
6224010205994,Dark Chocolate Hazelnut,Egypt
8906125475582,Lemon Ginger Non Alcoholic Beer,Coolberg
8906071430789,Premium Extra Long Basmati Rice,Little India
00490800,,
5060326761004,Sour Cream Crunchy Corn Nibbles,Indulge
4550512943945,Tieh-Guan-Yin Tea Chocolate,Muji
8904234003863,danaram gulab chikki,Danaram
8904054644475,Elice soap,
8906058330057,Foot cream,
8902850003687,Cumin seed 200g,uncle J's
8908012811428,Belgian Dark Chocolate,Minus30
8906116953983,Whey Protein Magical Mango,Muscle Blaze Biozyme PR
0006262642222,MUSCL,
8901278001169,Brontuss syrup,
8901063365704,Festive Plum Cake,Britannia
8901414054936,Bombay mixture,
8906133024727,Mr Fit. Mass Gainer,Nakpro
8904004440102,Tandoori Garlic Naan,Mo’plleez
8904405901561,,
8906095373116,Makkai Chewdo,Ramji Damodar
8908023404565,Freshly Roasted Salted Peanuts,Tong Garden
8904482000447,Soya Magic Soya Chunks,Hamdard
8901719119224,choco fills hide and seek,
8908000863019,PREMIUM AMERICAN POPCORN CLASSIC SALTED,PIPO
8904004410471,Dodha Burfee,
8908024977402,Choco Hazelnut Protein Wafer Mini,Super You
8906007750462,,
8906163833252,makhana chips korean,
8908020493401,Cheese Spread,Fidel
8904221694623,Double Rich Chocolate Whey Protein,Atom (As It Is )
8901595991549,Schezwan Samosa,Ching's Secret
8902710205244,Corn Flakes Honey And Almond,Bagrry's
8908003623399,dnv bori,
8906191630045,Phab protein bar,Phabulous
8902901035971,Hyderabad Biriyani rice,
0962941131185,Good life jaggery 1kg,
8906065169725,Chicken Seekh Hot And Spicy,ITC Master Chef
8901071701402,Cocoa,Hershey's
8904220505890,Monopil,pil
8903172022844,Iv cannula,missionpharma
8901063370074,8901063370074,
8908001658560,Mango & Passion Fruit Drink,O'cean
8908025557023,,
8906090760393,Choco Vanilla Cake,Diamond
8906107176025,Thai BBQ Chicken,Meatigo
8904296910840,Crunchy Potato Wafers,Fabsta
8901777489086,Paneer Chilly Vadilal,Vadilal
8901248303644,Himani navaratna zaith zaitoon,
8906010277246,co-ex syrup,
5430446642178,Dried Shirataki Long Grain Rice,Urban Platter
8904091116621,Ascoril syrup,
8901030997280,vaseline daily brightening,hul
8901262175531,Amul Real Milk Ice Cream Mini Cup,Amul
8906163830381,Black Pepper Cashews,Farmley
7622210967602,tang,
8904091106400,Ascoril TABLETS,
8241758365429,,
8906129221192,lassi,chaswale
8901262300537,Amul cream mango icecream,Kwality Walls
8902579002121,Appy Fizz,Appy Fuzz
8901030767517,After shave,
8901719129926,,
8906015655230,Bhikharam chandmal khatta mitha 200gm,
8908000295254,Mukhorachak 7pm 200g,
8901030943584,Lakme anti Aging mask,
5627902308697,,
8906115100203,Wafer Roll Roll Pole Red Velvet,Haldiram's
8901296056448,Prohance Activ Vanillla Flavour,Prohance
8906046142730,Parboiled Golden Basmati Rice,Pride of India
8902433007385,Orbit,WRIGLEYS
8906097408588,Fish Fry Marinade Mix,Zoff
8901030986536,3 Roses Tea,Brooke Bond
8908005266013,Brown Bread,Brea
8908018234016,Kombucha Peach,Kulturd
8906106240000,Honey spoon,
8908012811817,Vanilla Mini,Minus Thirty
8905507015538,Jeera,Imli tree
8905507001340,pasta,first crop
8904287001182,Penne Pasta,Bambino
0081200040300,Thums Up,Thumsup
0941102000003,,
8904004401486,Bhelpuri,Haldiram's
8908026832204,ishan RICE CHIVDA,ishan
8901655216148,Triple Distilled Vodka Added Orange Flavour,Smirnoff
2110000590002883010001,Sapota,Unknown Brand
8904067712055,Tikka Masala Coated Peanuts,Jabsons
8906168750622,Chekku Pressed Sesame Oil,777
8908000791527,Pork Prime Ham,Prasuma
8906143892330,Cranberry Raisin Protein Bar,The While Truth
8900019102523,Jaggery cubes 500gm,
8908000861619,Gopal Bhavnagari Gathiya,gopal
8908009247148,Sanjivani tea,Sanjivani
8906011410123,Ganesh Udad Pepper Lentil Chips,Ganesh
8906085460079,Papad,Yash
8939123211098,Original Peanut Butter Powder,MyPB
8908009247308,Sanjivani tea 1kg,
8901071704489,,
8901071702232,Blueberry &Acai Flavored Center Chocolate,Hershey's Exotic Dark
8905002000022,KINGFISHER PREMIUM,KINGFISHER
8906082570573,,
8901499025944,Near expire,
8901499027511,Multigrain+ Corn Flakes,Kellogg's
8902188839071,Ramdev (Gulab Jamun),Ramdev
8908009247049,Sanjivani kadak,
8901537078338,biryani kit,daawat
8901537032019,dubar basmati rice,daawat
8906125982073,Corn Chips,4700bc
8906162360315,CHUTNEFY,
8909081007637,Barbourn Bounce,Itc
8906095191512,Beet Root powder,
8902850022336,Saras rice 5kg,saras
8908010609430,Thai Rice Chips,Match
8904049110121,Arjuna Kwath,
8906169993264,Filter Cofffee Mysore Pak,Sweet Karam Coffee
8909106008922,8909106008922,
8906171280376,haldi,Indian Desire
8909106056251,Vaseline,dep moisture
8906191630687,Bhel Bar Curry Leaf,Phab
8904132917347,Water with minerals,Independence
8902979007726,maa mango drink,cavinkare
8906125983209,Peri Peri Popcorn,4700BC
8908024505100,Powdered Milk,Delite
8902433008160,,
8904406908477,Chia Seeds,Bliss Of Earth
8908014250027,Chocolate Almonds,Loyka
8908024899094,Classic Indie Soda - Jeera Masala,Green Horn
8908023186119,Crunchy Green Peas,Peazy
8906041570194,fig and Honey yogurt,Pride of Cows
8901058843323,,
8906037697454,Chocolate Chunchy High Protein Penut Butter With Added Whey,Savory
8906163833436,Peri Peri Makhana,Farmley
8908000276864,Malabar Porotta,Viswas
5059883304625,Impact Bar - Fudge Brownie Flavor,MyProtein
8906000595800,Royal Basmati Rice,Maharani
8908010271156,Double Chocochip Cookies,
8906076280259,Triple Calcium,neulife
8904335603931,High Protein Muesli Fruit+ Nuts & Seeds,Yogabar
8906198980587,Pre-Workout 200 Xtreme (Tangy Orange),MuscleBlaze
8908010570037,Gold Extra Long Grain Basmati Rice,Azizaa
8906112662667,Chia Seeds (Raw),True Elements
8906122606279,oncle,
8904485500135,Dal Makhani,Contil india Ltd
8906083303729,Multi Millet Istant Noodles,Naturally Yours
8904221694142,asitis double choc,Asitis
8905507137018,First crop karare peanuts,First crop
8905507137100,Chana Masala,First crop
6422757913206,Parle Hide seek,
8901972076630,dukes creme 4 fun,
8901972075763,Dukes cream 4 fun,
0683125242472,,
8901058899092,,
8906005500526,Classic Salted Peanut S,Bikaji
8901063092785,Gâteau,
8904288601794,Pizza Pasta Sauce,Tops
8906120100670,Minty Pudding Makhana,Farmley
8906070132325,Premium Roasted Peanuts Hing Jeera,Sikandar
8906091682809,Alphonso Mango Milk Chocolate,Paul And Mike
8901262202480,,
8908013252039,Crunchy Granola Happy Berries,FIT & Flex
8907003500150,Alu Bhujia,Unknown Brand
8904063257956,Haldiram White Rasbhari,
8904063252548,Haldiram Gulab Jamun,Haldiram's
9016481000300,Dark Fantasy Sandwich Crème Vanilla Flavoured Crème,
8908025655019,Banana Berry Cloud Shake,Skyway
8906183930009,chilli flakes,shreeji vrundavan
6289760900032,dry yeast,tikku
5058053891729,vanilla custard powder,tikku
9019720556361,corn flour,tikku
8906183930078,oregano,shreeji vrundavan
8902049000008,methiya mango pickle,hampa
8906001024637,,
8904089401166,,
8901453017213,gosanda,10/25
8901063367258,,
7622202335488,CADBURY NUTTIES CHOCOLATE 30G,Cadbury
8904083322290,Chocolate Italian Ice Cream,Milky Mist
8906078782454,Margherita Pizza,HyFun
8906005508089,All In One Kuch Kuch,Bikaji
8906061490113,Bombaywala punjabi samosa,
8906066855290,Pumpkin Seeds,Nature Land
8906161672495,Almond Brittle Brownie,Loyka
8906010505202,BALAJ),
8901037077855,Girnar Detox Desi Kahwa Green Tea,
8906078724591,Gopal Tasty Peanuts,Gopal
8906078720098,Gopal Bhakharvadi,Gopal
8908009839619,,
8904004400496,Masala Peanuts,"Haldiram's, Haldiram Snacks Pvt. Ltd."
8906170521869,Nutrabay Pea Protein,Nutrabay
8906010300975,Chocolate Wafer Roll,Champion Gold
8906002912223,Calcutta Pan,Bullion
8901063165892,Britania Krunch,
8906067023049,MuscleBlaze Gold Whey Rich Chocolate,"MB,MuscleBlaze"
8906010367756,Raaogolla,GRB
8908074506997,Benatux Xarope 120ml,
8904251300037,Quinoa Flour,Queen's Quinoa
8908001588355,Half Cooked Whole Wheat Parota,"Asal,Milky Mist"
8906125251629,Black Sesame Burfi,mani mark
8901777408124,Aloo Pyaz Parantha,Vadilal
7906047000887,Dr oetker funfoods veg mayonnaise garlic,"Dr. Oetker,Funfoods"
8901414000100,Bikaneri Lachha,Bikano
0182972341081,Good life mixed dry fruits,Good Life
8904055907739,Grilled Chicken Burger Patty,Meatzza
8906009537030,Strawberry Truffle Millet Wafer,Max Protein
8901393024975,Mentos,Men
8906021120562,aachi chilli powder,
8906135093981,Natural Honey,Akasia
8904494100661,,
8908004010914,Fruit Biscuits,Karachi bakery’s
8906131684794,Plant Protein Coffee Hazelnut bar,"Mille,Slurrp Farm"
8901972060035,,
8907525100180,kinley 1 liter,
8901071705806,Hershey’s Cookies ‘N’ Creme 90g (India),Hershey’s
8906166084491,Organic garam masala,
8903241110946,Green Chilli Pickle,Pravin
8906002001064,American Mustard,"Dr. Oetker,FUNFOODS"
8901491100229,Basil Thai Sweet Chilli Wafers,Red Rock Deli
8901262202619,Amul Low Fat Yogurt,
8906059638541,Greek yoghurt smoothie,Epigamia
9751349400617,GRIHANI,Grihani
8909177015478,Red labiya,Daily Good
8909177015485,White lobiya,Daily Good
8904067702483,,
3960001006777,cherry candied Karonda,Ask foods
8906031251720,Milk Masti Bread,Chakote
8908012365785,Purabi milk 1ltr,Purabi
7622202372681,,
8906040413546,Pasta masala,Pushup brand
8905507002309,,
0048107238605,GNC Calcium Plus Tablets,GNC
0015268000785,,
8908014100414,,
8906166084453,Organic ginger powder,Ingrancplus
0839423009051,peanut crunch sing chikki,samrat
8906165856280,Quinoa Chips,Healthy Master
8901058024401,KiKat,Unknown Brand
8901035049267,Thé noir traditionnel,Golden Victoria the queen of tea
8906044171565,Caramel Nuts Ice cream,Scoops
8906048601099,,
8908005312222,Hawaiian Barbecue Cheese Popcorn,4700 BC
8906005913425,,
8906084413380,Roasted & Salted California Almonds,MOM
8908007167318,Cream & Onion,Makhana Wala’s
8904477301634,bisi bele bath,
0655160784446,,
8901595864348,Ginger Garlic Paste,Smith & Jones
8901719133374,,
00870211,,
8906161390665,,
08581118,,
8906133312886,Dubai Chocolate,Cocoatini
0028418023787,,
14072091,,
3948721000039,,
8904064683112,Soya Flakes,Chakra
8901262275804,,
8908016986023,Iodised salt,Top Cook
8906024001028,,
8906133406721,,
8904221698522,Pure Carb For Weight Gain (Maltodextrin),asitis
8901058029109,Maggi Pazzta Masala Penne,maggi
0801541515042,,
8901207042089,Chawanprash,Dabur
8906112663541,Muesli Nuts & Berries,True Elements
8906006781016,,
00080884,,
8901063368712,8901063368712,
8907969000008,Rey castor,
8901725121211,Aashirvaad Select atta 10 kg,
7622202332265,,
8906133407001,,
8904104300146,Roasted / salted californian almonds,
8901063369023,,
8906108120034,Elois hair removal cream,
8906146020648,,
8904117500076,Whole Wheat Bread,Super
8908005345008,Ragi Biscuit,Nanjundeshwara
3948764061189,,
8906000611777,McCain cheesy nuggets,
8901248749664,Honey,Zandu
8908006217120,Mighty Puffs Choco ragi,Slurrp Farm
8906004341724,Bazooka,Premium Deluxe whisky
8906026460564,GREYBOLT,Greybolt
8909431251239,Cream blast biscuit,Rajson exports
8909106010949,,
8908020463756,,
8906132697557,"Skin Collagen, Hydrolyzed Type 1 Marine Collagen, Hyaluronic Acid, Biotin, Sesba",Dr. Morepen
8906091300659,Vegan Protein,Nutrabox
8906172780141,"Muesli, Dark Chocolate",True Elements
8901777501146,Malai Paneer,Vadilal
8908006704118,Poshan,Jan Aushadhi
0840222000446,LG mutton masala,LG
8904293709713,Flipkart Fennel seeds,Flipkart Grocery
8901052011643,Kannan Devan Strong Tea,Tata Tea
8904293707504,Flipkart Urad white whole,
8906136650268,Pintola High Protein Peanut Butter Green Colour,Pintola
8906115886947,marie biscuit,
8909081002977,Salt & Pepper,Bingo Popped
8901719136689,,
8906152261059,,
8903363001382,elaichi green eco,dmart
8906179550242,garlic mixture,purohit
8901063021792,,
0941943062833,,
8908008763007,Whole wheat Khakhra,Wel Baked
8906006721876,,
18909192000128,,
8906001056836,,
8901725118808,Roasted Vermicelli,Aashirvaad
8906069404754,Garlic Veginnaise eggless,Veeba
8904427705451,,
8904209303844,,
8904156103399,Ghee Roast Masala Curry Paste,Ideal Cafe
8906033532988,Piri Piri Mix,Snapin
0357509299993,Gopal Bhavnagari Gathiya,gopal
8901440022091,,
8901440022039,,
8901440012023,,
8901042961200,,
8906158897375,,
8906158897283,,
8901262140133,Capsicum,
8901414057074,Khatti Meethi BIKANERVALA D पत्र Kachori www BIKAN,
8901414010611,www BIKANERVALA Matar Para Crispy Salty Snacks of,
8901491103015,Tomato,
3948764361364,,
8906055440032,organic moong whole,organic tattva
8906006299542,Kottu Barotta,
0632016605216,Cranberry Juice,No Filter
8906159661876,dehaat jaggery lumps gur,Dehaat
8904162930866,Toor / Arhar Dal unpolished,Good Life
8904198801895,Jowar Khakhra Multi Grain Crisps,Euro
0946450510679,,
8906076133258,Protein Chips,The Bakers Dozen
8901652142860,Butter Delite,Priyagold
7622202308673,Biscoff Caramelized Cookie,Lotus
9902658014761,,
8906189960123,mango bango,XTCY
8901262300513,Fruit & Nut Fantasy Gold,Amul
8908006779970,ajmi rice flakes,
7622202294365,,
8906005625168,sesame ball,
8906134670060,chicken masala,
8901393024944,Alpenliebe FAMILY PACK,Alpenliebe
8908025440592,Black Pepper Potato Chips,Origins By The Filter Coffee
8906193330806,Makhana Seasoning Combo Pack,Lotus Makhana
8906095127009,Wonderland Mamra Badam7A 200gm,Wonderland
8901670814046,Sugar Coated Fennel Seeds,
0048107252489,Whey Protein,GNC Pro Performance 100% Whey
8901595933518,,
8902216202518,,
8901764102943,,
8906101801480,Aguaje,
8904320075453,Chocolate Peanut Butter Smooth,DiSano
8901777402122,Lachcha Paratha,Vadilal Quick Treat
8906000921531,Khakhra,Daadis
8908000273399,Garlic Pickle,Viswas
8906001025207,Isorich Whey Protein,Avvatar
8908015694011,Chatmola,Rinkas
8908015694431,Chatmola Chand O Sitare,Rinkas
8906078780900,Straight Cut Potato,Farm Best
8903105010498,Yardley london,
8908018651721,THE HEALTHY PROTEIN PUFFS,troovy
0904063240187,,
0633690009093,tea powder,VRM
8901071732833,Sofit Almond Unsweetened,Sofit
8901052008780,Premium Care Tea,Tata Tea
8901741001870,,
8906020730106,Green Cardamom,Spice Valley
8908001375986,Chocolate Coconut Cookies,Nourish Irganics
3948764011184,,
9909410037730,,
7622202818363,,
8904288612547,Garlic Pickle,Tops
8908009275004,Puttupodi,Ponkathir
8906088860043,,
8901777276556,Chikoo Pulp,Vadilal
8901058013733,Nestle classic fruit and nut,Nestlé
8801073212664,Black,Buldak - Cup Noodles
3948764112751,Coke Zero Sugar,Coca Cola
8908005807292,Orange Dark Chocolate,Mojo Bar
0001523118675,,
8906000612811,McCain garlic potato bites,Mccain
8908009059550,sourdough bread multigrain,the health factory
8939122244790,Whey Iso Boost Chocolate,Naturaltein
8904422707283,,
8906020462076,Zero Maida Pav,Baker’s Loaf
3948764112911,NETQUANTITY:,
8901393024630,mentos,
9100268998628,Protein powder Chocolate Fudge,Supr
8906107173758,Chicken Salami,Prasuma
8906133026233,Double Rich Chocolate Impact Whey Protein,Nakpro
00938669,Salted Tapioca Chips,Noice
8906015501940,momo,
8330939644436,Patritti Billabong Red Non-Alcoholic Beverage,Patritti
8901662027027,Matan gravy mix,
8901777287057,Vanilla Cream Roll,Vadilal
8901063008076,,
8904103300598,unwanted -72,mankind
8904221694111,Pea Protein,Atom
00161893,,
8906059636714,alphonso mango protein greek yoghurt,epigamia
8904132901698,sun crush indian mixed fruit,
8906095290086,INSTANT RICE UPMA MIX,adukale
5050001666274,,
8901777285169,Jamun Pulp,Vadilal
8906009532271,,
8901030546563,,
8904288604023,Tops junior tomato ketchup,Tops
8901058029123,,
8906172784071,True Elements High Protein Oats Indi Masala,True Elements
8908016793973,Schezwan Sauce,Master Chow
8906069011167,Drinking Chocolate Swiss Vanilla,Cocosutra
8906165785986,Magnesium Glycinate,HK Vitals
8906165787577,Fish Oil,HK Vitals
8906102671242,Vitamin D,Briyo
8906064707010,Banana Sweet Chips Long Slice,malabar delights
8719322780423,Beef Hot Smoked Sausage Links,Greenhill Farm
8909340000003,Protein Pro Vanilla Bean,Cosmix
8908024361546,High Protien Mango,Provilac
8901161104984,Basmati Rice,Lal Qilla
8906047380018,Mangue,
5903002503478,Cream fudge,
8906198982048,Rocky Road Fudge Protein,Muscle Blaze
8904063227171,Lima Beans,Valor Lilva
8904405800031,Jerk BBQ Sauce,Chokhi Dhani
0748927071894,Gold Standard Whey Protein - Alphonso Mango,Optimum Nutrition
8906064701452,Andhra Mixture,KozhiKoden’s
8908020248056,Plast Based Chocolate Drink,Oatish
8906019770793,,
8908024361522,High protein Chickoo,Provilac
8901719139208,HIDE & SEEK,PARLE
8908025585217,Ashwagandha Powder,Mai Greens
8906073149405,Clear,
8906071431502,Basmati Rice,Ameenah
3948725013790,,
8901242107903,Roasted Vermicelli,Bambino
0941902201402,,
8901063142855,Nutri Choice Digestive Zero,Britannia
8906076133340,Baked For Each Other,Baker’s Dozen
8906011155963,"Dal (organic, unpolished)",Alpine
8906058338053,Cleovera face wash,
8906058330040,Multi active moisturizing lotion 150ml,
8904281905776,,
8906112990531,Ultra Low Carb Keto Atta,Lo! Foods
8906023416366,,
8908006441983,Chicken Nuggets,FnM
8906029450104,,
8906055440377,Ragi Flour,Organic Tattva
8908000275614,Grated Coconut,Viswas
8908003249087,Slim Milk,Akshayakalpa
8906081380562,Nalla Karram Podi,"Swetha,Telugu Foods"
8906059637452,Turbo+ 30gr Protein Shake,Epigamia
8906090572095,,
8908005459033,Quinoa And Brown Rice,Nourish You
8906009809250,Choco Safari,Dukes
8906198981119,Whey Isolate,True Basics
8908026432008,,
8908016314253,Digestive,Sunder
8904084901265,Edamame Soybeans,Gadré
8908005144045,MULTIGRAIN ENERGY BAR,yoga bar
8904043501314,Oatmeal Bread,Baker's Loaf
8904043551883,Medium Crust Pizza Bread,Modern
8906119721602,IMPACT WHEY PROTEIN,OSOAA
8906112996069,High Protein Choclate Cookie,Lo Foods Protein Chef
8901296107140,Revital,
8904084901371,Imitation Crab Stick,Uminoko
8908008521089,Brown Rice,Salkar
00599725,,
0726529044737,,
8939112782134,"Whey Protein, Cafe Mocha",Naturaltein
8901207029585,Odonil,
8908008772023,Nebiko crackers,
8908008772283,Nebiko,
8901063155473,Tiger,
8906057901814,Century panipuri masala,
8909106036062,0 NET VOL #09125 B66,
8784350029790,Rajma,Pink Delight
8908007167578,Peri Peri Oat Chips,Makhana Walas
8929752286369,SUPERKAKI,WHEAT FLOUR
8906109111109,Gur Atta Cookies,Haldiram's
8906146032450,Pan Burfi,
0089094025939,Dutch Chocolate,Isopure Dutch Chocolate
8906135075000,Shichimi Gachujang Instant Millet Noodles,Native Foodstore
00088795,,Unknown Brand
8901414042278,Aloo Tikki,Bikano
8906153882734,Multifloral Forest Honey,Two Brothers
8906170521241,Bioabsorb WHEY,Nutrabay
8904132981454,Best Farm Raisins 100gm,
8901662028185,Chické Tikka Masala Mix,
00004815,,
5033712960015,Smokey Chicken Sausage,Blue Flame
5513227010000,,
8901058868647,KitKat delighta,
8901262200035,Masti Dahi,Amul
8908014757519,Bisi Bele Bath,Hocco
8904340702254,,
8901063162907,Unknown Product,
8909340000300,,
8901560860580,,
8909340001338,Mocha Almond Bar,Cosmix
6945016062403,Amul chocominis,Amul
8907003000162,Puliyogare,A2B
8906040480265,Tomato Sticks,National
8906199680592,Whey Protein Isolate Chocolate,The Func. Lab
8902433030260,,
8908005155355,real,
8906000427873,Marine Collagen,Dr. Morepen
8906199680615,Whey Protein Isolate Coffee,The Func. Lab
8906095125029,Mazafati Black Dates,Wonderland Foods
8993365130029,Madu tj strawberry,Madu tj
8906151142311,Tata 1mg DHT Blocker With Biotin Advanced Tablet,Tata 1mg
8901088134910,Parachute 140ml✘2,parachute
4901416016516,,
0002898284211,,
8904057300002,Arun LikStick Ice Candy Orange Flavour,Arun
8908025188029,Death By Chocolate Jar,Get A Way
8909177002133,,Zepto
8904067713731,Coated Peanuts,Jacobson
8906010912864,Tripple Bar Black Current,Dairy Day
8908000275492,Banana Roast,Viswas
8909081009266,Breakfast Smoothie,Sunfeast
8906082373686,Desi Malai Kulfi,Grameen Kulfi
8901063029415,Jim jam,
8908020415212,ziggy donut cake,
8906020494077,,
8901552014458,,
8904083533696,organic frozen naan,
8908002753530,Ghee,Red Cow Dairy
8906005509963,Bikaji Bombay mix,Bikaji
8909081008764,Crushin Himalayan Pink Salt,Bingo
8908000391901,WheaFree Pistachio ACookies,fssai
8901777559147,Gajar Halwa,Vadilal
8901777463109,Bombay Club Jumbo Grilled Sandwich,Vadilala
8906059707957,Garlic Coriander Naan,Kottage Garden
8901777894040,Cassette Icecream,Vadilal
8901042970998,Coriander Powder,MTR
8906000950166,sunsmile,
8901030744563,Chocolate & Vanilla Ice Cream Sandwich,Kwality Walls
7622202818462,,
8443009503714,Buttermilk,Chitale
8906081949936,Halkidiki Olives Greek Stuffed With Jalapenos,Kouzina
0717273703018,Green Stuffed Olives,American Garden
8906058330699,Strallium stretch marks cream,
8904293726062,,
8904095640351,Olympian ankle support xl,
8904044224182,Olympian ankle support xl,
8904044224175,Olympian ankle support L,
8904095641082,Olympian elbow support M,
8904044224342,Olympian elbow support L,
8906008309669,Flamingo maternity belt L,
8904044224359,Olympian elbow support XL,
8904063226396,,
02011150,,
8908008763014,Khakhra,Wel Baked
8906127551727,High Protein Oats - 25% Protein,Alpino
8904103338096,Menohelp Plus,Mankind
8904327602805,High Protein Choco Oats,Profitness
8901030702884,Pond's Hyaluronic Super Light Gel,"Unilever, Pond's"
8901662038818,Chicken Chilli Dry Mix,Suhana
8906087772941,Hydra gel,Mamaearth
8901207004094,Dabur Gulabari Rose Glow Face Cleanser,Dabur
8903105010269,Yardley London English LAVENDER,Yardley
8901012189504,Clean & Clear Foaming Face Wash,Clean & Clear
8901314009067,Colgate ACTIVE SALT,
8904035422832,Joy Hydra Refresh Ultra Light Gel,Joy
8901314543653,Colgate maxfresh,Colgate
8901138505530,Himalaya Moisturizing Alo Vera Face Wash,Himalaya
8908026834017,Overnight Oats Mocha Marvel,Goat Life
8906095141463,Gel 100 Salted Caramel,Unived
8901512001900,ActII cheese brust,
8906115423517,Crunchi bhelpuri,
8904063226570,Haldiram cheese popcorn,
8906111540560,Fun flip,
8901414035041,Bikano chips,
8906063434320,Prabhat,
7906123425221,Will be crunchi khara umpudi,
8906115425573,Wellbe mini khara chakli,
8901512546104,Act II popcorn extreme butter,Act II
0960995603894,Cold Coffee Protein Shake,Yoga Bar
8901491100182,Las combi,
8906063434054,Prabhat navratan 400g,
8906063430742,Prabhat,
8901565000714,Picnic pops jalapeno,
8901491100076,Doritos jalapeno Salsa,
3948063155619,BRITANNIA marie GOLD,Britannia
8901393018523,Just jelly fruit and bears,
8908008551062,,
8906088703128,"Natural Cocoa Powder, Unsweetened",Christopher Cocoa
8904137451174,Ajwain,
8906005618153,Winkies Choco Cake With Vanilla Filling,Winkies
9190806556748,Shanti Corn Puffs,Shanti
8901721000244,prabhuji all in one,
8901063367340,,
0404543377849,,
8901262202411,,
8901526591671,Garnier men hair colour,
8908001920032,Bean Curd,Chetran’s
8908005667575,Roasted Makhana Cheese,Pravin
8906161540237,Stroom Protein bar 10gm Choco Almond,Stroom
8906035270017,Tomato ketchup,Prime
8904221697600,High Protein Bar Cookie Latte,"Atom,asitis"
0048107237783,AMP Chocolate Why,GNC
8908027388007,High Protein Flour,Mill’D
8901030972812,Diabetes Plus Vanilla Flavour,Horlicks
0948413140022,Jimmy cocktails mango chilli mojito 250 ml,
8901041958430,Uttappam mix,
8909106032941,Cornetto Strawberry Vanilla Ice Cream Cone,Kwality Walls
8904463100401,Creatine Wafer Bar,Wellcore
8906163833146,Farmley Cheesy Cheddar Makhana,Farmley
0840205712915,Potata,Pran
8906081945495,Katsu Sauce,Meishi
8906183550559,Organic Virgin Avocado Oil Spray,Pure Nutrition
8901648096979,,
8909081009839,Malabar Paratha,Aashirvaad
8906082391673,BANANA CHILLI CHIPS,Malabar Treats
8906113491914,Crunchy Corn Flakes+ Millet Power Honey & Almonds,TATA SOULFULL
8904304503996,Shahi Gulab Jamun,Swad
8906011815300,Biryani aux légumes,
8905551111231,FUNDAMENTAL SMASHERS Nº9,VÖLKA
8906006850897,Three Cheers Chocolate,Baskin Robbins
8902710205268,Barry corn flakes,
8906033371969,seetha mango uce cream,
8906199680608,Vanilla Whey Protein Isolate,The Func. Lab
8906133409593,Only What's Needed Coffee Edition,Food Pharmer
8908009082855,panipuri,
8904335605737,High Protein Oats Dark Chocolate,Yoga Bar
8904256704502,Fuili Semolina Pasta,Happy Chef
8901161115065,LONG GRAIN BASMATI RICE,LAL QILLA
8909106068940,,
8906191630052,Phab Strawberry Wafer Bar,Phabulous
8901972071475,Anika,Koko
8901063367326,brittania 50 50 maska chaska,
8901063033801,brittania pure magic,
8901719135439,parle monaco sixer,
8901719135392,parle monaco jeffs,
8908013841011,BL,
8000500394847,Kinder Joy,Ferrero
8906137051910,Milma pasteurized unsalted butter,Milma
8904152250486,Butter Khari biscuit,Mr Puff
8901393017984,,
8908009159205,Soya Sticks,Sukhadia
5056517322048,Butter Chicken,Cook
8901777470787,Dabeli,Vadilal
8906159970985,Dark Chocolate With Rum And Raisins,Paul And Mike
8907901244828,makeup,
8904256734592,"Goat Meat, Mince",fresho!
8901777488089,Vegetable Manchurian,Vadilal
8901595991570,Jumbo Schezwan Spring Rolls,Ching's Secret
8901063370067,good day,britannia
8906171120580,coconut cookies,
8906001384151,bourbon,
8906078267937,cashew delight,
8906001380245,magicream chocolate biscuit,
8904022910212,digestive,
8001063929408,jimjam,
8901058024074,bar one,
3948764362750,pulpy orange,
8906159660428,,
11831471,,
8906069402927,Ketchup With Sugar,Veeba
8904221699161,"Natural Peanut Butter, Creamy",asitis
8904043500393,Sunbake Rusk,Modern
8901262176132,Amul Duetz Raspberry,Amul
8906015022629,booster d’immo,
8908015052132,Fruit Jus Pomegranate,Juicewale
8901123002297,lotte chocopie big,
8902433030758,Minis,
7622202335624,Cadbury almond treat,
7622202336058,cadbury perk,
7622202819384,5star mini treats 266.6g,
8902433009303,snikers,
8901393018530,aloenliebe just zelly,Just Jelly
0945000300906,,
02829180,,
8901719107665,Biskit,
8901389001898,Cacao Reserve Belgium Melt,Sos Save Our Souls
8905672622333,Fasola biała konser,Moc Warzyw Dino
8908026382006,Tofu,Mothers Nature
0612101818707,,
8906084381597,Classic Bhakharwadi,Jagdish
8903023006078,kabuli Chana,Vedaka
0811307033406,Talli Masala,
0009042502018,Paracetamol tablets IP,
8906150460034,Roasted Salted Magic Mix,Sao Foods
8901874131420,Valor Papdi,Kitchen Xpress
8906141461484,Mixed Veg,Vimal
8920068534038,WOFELLE TASTE OF COCONUT,WOFELLE
5744548000034,,
8904063229885,Cheese Balls,Minute Khana
8901148248878,Stamlo 5,
8901063155572,Tiger Krunch,Britannia
8906108190198,Chunky Butter Chicken Spread,Licious
8906011141829,MMS Infant Formula,British Life Sciences
8908008607004,true cone choco chips,
8901777038666,Surti Paprika,Vadilal
8906133641931,Carrot & Dates Cake,Best Bakers
8904057397286,AROKYA FULL CREAM MILK,
8908026158007,Peri Peri Super Bhujia,Total Snacc
8906160510033,Macarconi,
8909106055681,Horlicks Milkshake,
8908024977082,,
8939118245336,,
8901262071772,,
8901123001771,,
8908019040289,Clear whey,Protyze
8902167002311,Soyatein,MDH
8901790697529,Loratadina,
8904063204660,Rajma Chawal,Haldiram's
8906143891548,Protein Powder,The Whole Truth
8908023136145,Plant Protein Shake,Maiva
8353962003964,Amul creme rich,Amul
8904063260024,Snac Lite! Soya Katori Masala Dhamaka,Haldiram's
8901052005628,Tata tea gold care,
8906029780621,Tora Tora Butterscotch Cone Icecream,Milma
8906069400589,Salsa,Veeba
4908405144649,YB,
8906015655308,Bhikharam chandmal Moong Dal 200g,
8904067702490,Jabsons Hing Jeera CHANA,Jabsons
8721274500400,almond crunch,Cornetto
8904043603452,Chicken Burger Patty,Venky's
8904420604188,foundation,
8906151252423,Ragi Chips Desi Masala,Snackable
8901030997112,Pond's Bright Beauty Serum Cream,"Unilever, Pond's"
00003725,,
8908009082640,,shareat
8906079728222,Malai Penda,
8901777816172,,
8904132947016,,
8906078722641,,
8908020854783,Whey Concentrate Unflavored,Wellbeing Nutrition
8908005234807,,
8906090578523,Triple Tadka Chips,Too Yum
8906008351811,Millet Bytes by Manna - Multigrain Shottz,
8920102038003,AROGYA NUTRA - CREARUSH GUMMIES,BLUEBERRY FLAVOUR
8906090578486,Too Yumm! Chips,
8920102038010,AROGYA NUTRA - BIOGLOW GUMMIES,RASPBERRY FLAVOUR
8920102038027,AROGYA NUTRA- DAILYVITA GUMMIES,POMEGRANATE FLAVOUR
8920102038034,AROGYA NUTRA - DREAMEASE GUMMIES,STRAWBERRY FLAVOUR
8920102038041,AROGYA NUTRA - MORNINGBOOST GUMMIES,COFFEE FLAVOUR
8920102038058,AROGYA NUTRA - SHILAJIT GUMMIES,IMLI FLAVOUR
8920102038065,AROGYA NUTRA,BONEUP FIZZ
8920102038072,AROGYA NUTRA,BREATHE PURE FIZZ
8920102038089,AROGYA NUTRA,GLUGLOW FIZZ
8920102038096,AROGYA NUTRA,HYDRA CHARGE FIZZ
8920102038102,AROGYA NUTRA,JOINTEASE FIZZ
8920102038119,AROGYA NUTRA,TANGAY-C FIZZ
8906090574402,Bhujia,Too Yumm!
8908020710072,Wholy Fudgy Cakes Belgian Chocolate,Wholy
8906009533155,RiteBite Max Protein 7 Grain Breakfast Cookie Oats & Raisins,RiteBite
8908006646920,Cheezy Peezy Popped Lotus Seeds,Mr Makhana
8901719925115,,
8901777291054,Chocolate Cream Roll,Vadilal
8901246006356,Del Monte mayo,
8901747000556,WAGH BAKRI Masala Chai Tea Bags,
8906090578516,Hot & Sweet,Too Yum
8902433030499,Orbit mix fruit flavour,
8902850009047,Rice Rava,Eastern
8906116955475,MB Fit High Protein Muesli Fruits and Nut,
8906108894348,,
5059883304632,Impact Bar Fudge Brownie,MyProtein
1001560092800,maazaaa,
0000590001887,Muskmelon small,Unknown Brand
19040578,,
8906197380159,Clear carbonated water flavoured with Peach,Catch
5010338001049,Tom Yum Culinary Paste,Blue Dragon
8901512949806,,
00256002,,
8901058014723,Nescafé sunrise,
8908010698465,Madrasi Saunf,
8904209301758,Tandoori Chicken Masala,Aachi
8907316003096,mother garlic paste,
8907316003089,mother ginger pasty,
8902456000028,,SBL
8904132953338,toffeman fudge,
6294017130872,kitkat,
8906127551567,Peanut Butter,Alpino
8904071701731,Roasted Chickpea,Chheda's India
8906018901563,Nutrulicious Curd,Lotus
8906136840003,Peanut Butter Crunchy,Happy
0731788981396,Almond Drink,AltCo
8904043904474,,
8906132730858,FRIED MALAI PANEER,Inde-Chefs
8901157025217,,
4906403652814,Lite bite,
8904083312048,Milky mist Shrikhand Elichi,Milky Mist
8906130100325,Parmesan Cheese,Fiorella
8906010368456,Lemon Rice Powder,Rakal By GRB
8904063201966,Punjabi Samosa Jhatpat Bites,Haldiram's
8906065794323,Litchi Fruit Drink,Pran
8908005469001,Honey Twigs,Himalayan Multi floral Honey
8908015078132,Abhi Eggs D3,
8904240606775,Neuprotein-DF,GlenSmith
8908002515701,Kalimark Choco Blast Flavored Milk,
8904083300441,Milky mist paneer cubes 500g,
8904132936782,,
8904063226518,Snac Lite!,Haldiram's
8906134671371,Mixture Kerala,Ajmi
8906172544460,Guava Chilli Medium Fat Ice Cream,Huber & Holly
8906078267869,,
8906107170030,Pork Ham,Prasuma
8906143610538,Peanut Butter Crunchy,Classy
8906068762275,Peanut Butter Creamy Gold,Riya
8904198805909,Tikha Sabudana Chiwda (Farali),Euro
8904272602530,coconet water,
8908006646135,Black Salt Roasted Makhana,Mr Makhana
4906400732861,,
8906024623022,,
8906095121564,,
8906159661036,Dehaat Besan,Dehaat honest Farms
8904063255358,,
8901052009114,Tata Soulfull Mast misal,Tata
8906149990887,Nimboo Masala,Candzey
5430446645063,Protein Spaghetti,Urban Platter
8906076133241,Malabar Parota,The Bakers Dozen
8906097333170,Traditional Butter Cookies,Parliament
8908017366398,Protein Bhujia,Shaka Harry
8908001631082,Fresh Curd,Aroma
8908015836183,Ragi Crispies,The Healthy Binge
8902269510721,DERMIKEM KT 5,
8902269517942,BURN-O-KEM,
8902328014665,Clotiact - B,
8906125982080,Crunchy Corn Hawaiian Barbeque,4700 BC
8902269515054,Moximax Eye Drops,
0811307031709,Talli peanuts masala,
0811307031594,Talli peanuts hing zeera,
8906015652505,bikharam chandmal jeera khari,
8901725125363,,
8901030702679,No onion no garlic,Kissan
8901725111168,Yippee tricolour pasta,Sunfeast
9908410117718,,
8906167310346,Mark premium walnut 200gm,
8901565000769,Madala Rice Popped Chips,PikNik Pops
0000000000000,,
8908007022044,Hot Sauce,Habanero
8906064651108,olive hummus,wingreens
8901262153577,Amul Taaza Milk,Amul
8906059637902,,
1954007627038,,
8909106059191,soap,hamam
8901777880036,VADILAL CHOWPATI KULFI,
8906005501097,moong dal,BIKAJI
8904422710399,Aloe vera gel,
8901777682135,Meetha paan Ice Cream,Validal
8906188960513,Qubz Wafers,Unibis
8901207005121,real fruit,
8906198120051,The Priority Whey,Exalt
8906027790523,aristozyme cap,
8906081123657,Salted Roasted Almonds,Happilo
8906035140143,Banana Chips,Chipo
8901725148317,,
8901063004252,,
8908023404435,Nature's Harvest Mix,Tong Garden
8906122120317,Groovy,
9555544200672,Pro diet,Pro Diet
8906170521678,Pea Protein Isolate Unflavoured,Nutrabay
8906183591316,Lucky life corn flakes PRODUCT OF INDIA,
8908017658301,Dark Chocolate Oats,Health Ninja
8904098900124,Plastic Bucket,Joyo Plastics
8908025188012,Hazelnut Choco Cheesecake,Get-A-Way
8992775345511,Chocolate crackers(gery),
8909106027718,GL 203.5,
8939118469862,Calcium Citrate,Naturaltein
8904064660779,Karibana,Royal partap food s.r.l.
8906001385677,,
8904090900429,Rajam,
8904090903604,Rajam,
8906030521763,Cardamom Sugar Free Karak Tea,Neel Chai
8906067026125,Protein bar,
8901248826006,Zandu,
8906064621552,Whole Wheat Bread,Theobroma
8906020580954,Aloo Paratha,iD
8906004561375,,
8901063151512,Galletas,
8906023880082,Panchvati Black hair colour,
9556995130426,Magic stix,
80885559,Loacker Wafers Quadratini Napolitaner,
6281100355861,Deluxe,
8906082390041,Madras Mixture,Malabar Treats
8901030912764,Kw choglko bar,
0811307033079,Taali peanuts,
8906015655247,bikharam chandmal,
8906015655155,bikharam chandmal,
8906015657326,bikharam chandmal all in one,
8906015657319,khasta mix,
8904067710167,tandoori,
8906015657302,moong dal,
8904067713328,party snacks,
8907003000049,,
8906066702020,Air Fried Potato Chips BBQ,Kettle
8904406100451,asin rice,
8902519105509,Cuaderno,
8906095143061,Elite Beet 420,Unived
8901777134061,Kathi Roll - Tandoori Paneer,Vadilal
8902570802607,Spencer Sliced Sweet Bread,
8906064283002,8906064283002,
8904063227560,,
8901662024781,suhana,
0001002361151,,
8905950002352,,
89080474,Nescafe Iced Frappe,
8908013328147,White Choco Cashew Nutty Cookies,Open Secret
8906134790140,Fraise baby su'cr'è,
5400119587587,Schalottes,Delhaize
8904209303813,Mixed Vegetable Pickle,Aachi
8907093002947,Prawn Pickle,Tasty Nibbles
8908016002570,Date Palm Jaggery,Two Brothers
8901777424742,Naan Bread,Vadilal
8906117250265,Spirit,
7622202364907,cadbury chocobakes,
8901063029453,brittania Jimjam,
8901207028328,dabur glucoplus-c,
8901138508050,Himalaya,
8906076133050,Choco Chip Muffin,The Baker's Dozen
8906032355311,Organic Split Red Lentil,Uncle Cook’s
8901719918452,festo,Unknown Brand
8906005618825,Bauli moonfils vanilla,
8906131350057,Chana Besan,GBM
8901725007751,Matar Pudina Paratha,Aashirvaad
8908004114414,WL California walnut,
8906095120598,Roasted & Salted Cashews,Wonderland
8901548311646,sugar free d lite granola chocolat,
8904023008963,Shampun Trichup,
8906077363104,mexican.chi potato chips,jamin
8902433030529,Snikers mini,
8906003511388,Jalani Jaljira,Jalani
8903553002670,NIMBU PANI MIX,Ram Bandhu
8906078268125,Crisp 'n' Lite,
0000590014232,Cucumber French,Unknown Brand
8906005910370,,
8903363014801,,
8904089922814,Heritage ghee,
8901777421093,Roghni Naan,Royal Cuisine
8901777887783,Mango Dolly,Vadilal
8901719137914,Parle rusk,
8906082580008,Henfruit White,Henfruit Eggs
7438032784033,,
4908430809612,Sweet Chilli Supergrain Puffs,Klaw
8908014100223,basmati rice,india gate
8901777626801,Overload Veggie Pizza,Vadilal
0942693000052,Good Day Chocochips,Britannia
8901058892635,Maggi export,
8908013252299,multi grain mixture,
8906082570085,cornitos pop n green peas,
8906158701160,Indian kishmish 400 gm,
0726529044645,"Snap & Crackle Cacao, Almond & Berry Rocks",The cinnamon kitchen
8901741080011,Rio,CG
8906010368234,インディアンスナック　ムングダールブラックソルト,神戸物産
8906074811301,,
8906041815851,Waffix,
8906141311918,Crunch Peanut Butter,Bonfire
8906019564149,Bites,REAL
8902756661943,Cheese Corn Nuggets,Godrej Yummiez
3948453042215,,
8904300200028,Mario noodles,
8904010690454,nirapara black pepper,
8939123211166,Pure Peanut Butter Powder,MYPB
8906066700873,Kettle Studio Mature Cheddar qnd Red Onion,Kettle Studio
8906066702013,Air Fried Spicy Dill Pickle,Kettle Studio
8904063201355,Haldiram chips Tanki tomato,Haldiram
8904320007775,Fuzilli pasta,DiSano
8904063257598,light mixer,Haldiram
8904063213877,Bhagwan Giri gathiya,
8904063253354,roasted chana hinjira,Haldiram
8904063258168,hing jeera matar,Haldiram
8906090575638,Too yumm smoking bhoot wafers 82gm,
8906001387213,burger bun,English Oven
8906140970215,Mango Lassi,Punjab Sind
8906080251245,Caramelo,
8908015676024,Tangy Chickpea with Chilli & Lime,IKEA
4901265035256,,
3948063035256,,
0062781068174,,Divya
8906152130270,,
8901063371071,Mari gold 1kg,
8901440001126,Gingelly Oil,
8901088137546,Hair cream coconut &cactus2*140ml.parachute,
8901088030397,Parachute 500ml,
8901662024545,Mutter Methi Malai Mix,Suhana
8908002247763,Ranitidina,
8901790704111,Tetraciclina,
03911219,Pillsbury chakki fresh atta 1kg,
8906012231239,Vijay gold maida 1kg,
8904043551593,,
8906151991148,,
8901491000444,kurkure combo pack,
8906133409494,Plant Protein Powder,OWN
0746935596408,Sweet Lassi,Sid's Farm
8904258703374,"Iced Green Tea Peach, Raw Pressery",
8908017087446,Plant Protein - Strawberry,Happy Culture
8908017087422,Plant Protein- Chocolate,Happy Cultures
8906143041752,whole wheat macaroni,yu
8904063210890,Mix veg paratha,Haldiram's
8906081382900,Idli Rava,
8906089471224,Idli Rava,
9042005259480,Country harvest cake orange,
8909081007262,Aashirvaad Atta,
8908007448042,Mangal kalas Atta,
0766679388640,Mangal kalas Atta,
8906035030727,Kachi Ghani Mustard Oil,Freedom
8906060890259,Double Hiran ( m.oil ),
8906060891539,Kachi Ghani Mustard Oil,Double Hiran
8906017292051,,
8906008811421,Mustard Oil,King's
8904075600900,Kashmiri mirch powder,Bharat Masala
8904075600504,Garam masala,
8904075600436,Chicken Masala,Bharat Masala
8901748001477,Mustard seeds,Ruchi Foodline
8904075603352,Red chilli,
8901755031009,Haldi powder,Swadist
8901755060252,Dhania powder,Swadist
8904075600689,Panch phutan,Bharat Masala
8901414058286,Bikano whole pack,
8908006646258,Mr.makhana,
4906409079462,Unibic oats digestive 600g,
8904083309888,Cream Cheese,Milky Mist
8901108166020,nirma shudh salt,
8904422700086,,
8901058024951,Har chij,
8901552024433,Butter Chicken Paste,Ashoka
0690225307284,Baramati rice,INDIA GATE
0690425303284,Basmati Rice,India Gate
8906185930069,,
8901874131123,Chopped And Cubed Methi,Kitchen Express
9201601200801,Good Life Dal Mix 500g,Good Life
8906186470106,Tikka Masala Rice,Eat Regal Gourmet
8902901129984,Good Life Moong Whole/Premium 500g,
8902268010543,Butter bake,
8906115883083,Crunchy - Mariyo,
8902351222235,Toast,
8901063093737,Good Day,
8902268013919,Lemon Mazaa,
8901063371019,Marie Gold,
8902351997591,Hum Tum Krackers,Sobisco
8909081008214,,
8909081011160,Pomegranate drink,B NATURAL
8902042300839,Avt dairy whitener,
8901063402041,Britannia dairy whitener 200 g,
8906137050616,Milma dairy whitener,
00580979,,
8904508701402,Coconut Dry Fruit Gujia,Haldiram's
8908003819617,حنه انيلا,
8901058021271,Nestle everyday,
8908023115461,PROTEIN BAR CHOCO FUDGE,WHEY91
9000409037431,,
8904246960062,,
8904422700260,PUSHTAHAR DALIA,PATANJALI
8906056450351,Sonai Gjee,
8906033744077,,
8901790699622,Clopridogrel 75mg Tab,
8906069407120,Wok Tok By Veena Instant Noodles Masala,Wok Tok By Veeba
3071657302332,,
8901552029025,Dal Makhani And Byriani,Ashoka
4906444890404,Lemon Cranberry Protein Bar,Whole the Truth
8904137703204,Rajgira Atta,Deepak
8906055441657,Kuttu Flour,Organic Tattva
8908001375894,Almond Buckwheat Cookies,Nourish Organics
8906115884301,Cremy,
8901262020534,Cheddar Cheese,Amul
8906097408571,Zoff Marinade Mix Tandoori Chicken,
8904170190511,Surgi_blue azul tripano,
8908014672058,Cremberie natural yoghurt plain 400 g,
8906186474920,Spanish Style Rice With Tomatoes & Peppers,Eat Regal
8906165787430,Biozyme Whey PR,MuscleBlaze
8906137051620,Cremberie yoghurt plain 1L,
8901063344525,Atta Bread,Britania
8906014903356,Kwality Corn Flakes,
8902901241839,Best Farm Moong Whole 500g,
0982901221855,Best Farm White Dry Peas 500g,
8902901224382,Best Farm White Lobia 500g,
0942661211985,Best Farm Urad Washed Gota 500g,
4000781000059,....,
8908003623054,,
8908013735365,Instant China Grass (Vanilla Flavour),FiveStar
8906066701900,Tabasco Sauce Flavour Potato Chips,Kettle Studio
8906043834416,Complément alimentaire gingembre,
8939135663632,"Refined Soyabean oil, Refined Pamoline oil, Refined Sunflower oil, Refined Mustard oil,",Swadful
8902188440086,Poha Dagdi,Ramdev
2940435110319,dan Kode Produksi:,
8904063240163,nutcracker,Haldiram
8906188400385,Roasted Rice Crackers Krispy Hopu,Kari Kari
8903081678903,Cookies And Cream Protein Bar,Chase
8908018729024,Cheese Sourdough,Suchali’s
0856023006341,Sun-dried Tomatoes,Abbie’s
8906135191465,Udon Shirataki Noodles,MOISOI
8906032911937,Sparsh Puliyogare Powder 100G,Sparsh
8903363012234,Brisky Bites Waffle Chips Milk Choco Splash,Brisky Bites
8901262300278,,
4901307123132,Good Life Lobia White 1Kg,
8902901130010,Good Life Kabuli Chana Premium 1Kg,
8901719134906,,
8906015659245,bikharam chandmal nut cracker,
8908000295070,chaal bhaja,
8901721000114,prabhuji chat pata,
8908000295032,Mukharochak sweet & sour chanachur,Mukharachak
8904057716339,mellets diet bhel,
8906143890213,Protein Bar,Whole Truth - Double Cocoa Mini
8901058025408,Maggie Masala,
8906001383819,Non Stop Jeera Lite,Cremica
8906125982646,Garden Chips Lightly Salted,4700 BC Gourmet Snacks
8904063222886,Lachcha Paratha,Halidram's minute khana
8904063215376,haldi Ram gajjak,
8901777552100,Kesar Motichoor Laddoo,Vadilal
8904137467328,Lime Mint Roasted Chana,Viks
8906001056966,Amritsari Rajma,Mother’s Recipe
8907093006891,Chans Curry,Tasty Nibbles
8901012101797,face wash,Deep clean
8908007441777,,
8906125983568,Nachos-Korean Kimchi,4700 BC
8906001726869,Paras Desi ghee 900 ml,
8904330008588,Prime Whey Protein,Big Flex
8904427700784,Kapiva,
8801055724604,,
8901414039773,,
8904043904610,Almond,Tata
8908020997800,Almond Drink,VDC
8901063167650,Little Hearts,Britannia
7622202818707,,
8901719137594,parle 2020,
8859032707225,,
8901719135354,parle monaco cheeslings,
8901036393192,Continental Malgudi Coffee  53',Continental
8906161540176,Cookie Crunch Delight,Stroom
8906064709472,SPECIAL MASALA MURUKKU,malabar delights
8906076271523,Zeeba Premium Basmati Rice,
1701040600001,Roasted Channa Whole,Ratnadeep
8908015692024,Chicken Cheese Momos,Wow Momo
8901090223763,Gold Pure Coffee Orginal,Tata Coffee
0314440702555,Sweet And Spicy Sauce,Kissan
8903363014795,Refined Soyabean Oil,DMart
8906001026068,Kesar Pedha,Gowardhan
8906198982956,Clean Whey Protein (coffee),TRUEBASICS
8906014082020,Indian Pickle,Generic
8906080232206,Methi Khakhra,Nasto LKC
8906125983506,Nachos - Tangy Guacamole,4700BC
8906009011448,Sugar Brown,Parrys
8906064703272,Tomato Murukku,Kozhikoden's
8906193330028,,
0850041152776,ProteinX Bar,Bolt Nutrition
8901063019225,Little Hearts,Britannia
8901063367296,50 50,Britannia
8906091689563,Brunost Cheese Chocolate,Paul And Mike
8904422710382,aloe Vera gel,Patanjali
8904004418804,Mini Bhakarwadi,Mo'plleez
8906005505361,Kishmish Mix,Bikaner
8908018963046,Best Chiwda,Laxmi Narayan
8906159971210,Fine Milk Chocolate With Real Ratnagiri Mangoes,Paul & Mike
9556138503049,frix,4 fruitz assorted pudding pack 3240
3529060691401,,
8901622202013,,
8906082577640,Crusties Korean Chilli,Cornitos
8906046585933,Eastern sambar powder,
8906153561950,,
8906148424628,,
7622202332241,,
8908023404442,Tropical Nuts & Fruit Mix,Tong Garden
8901071705721,Creamy Milk Chocolate bar,Hersheys
8906147830222,Black Pepper Roasted chana,Diamond
8906078266565,Sandwich Biscuits,Bourbon
8908001778114,Falooda Mix Pista Flavor,Kings
9100949889511,Macroni  Rigate,Gracious
8906133024574,Vegan Platinum Soy Protein Isolate,Nakpro
8909081010651,Ashirwad 10 KG Atta,
8904054610579,Zeagra,
8904043603407,Chicken Sausag,Venky's
8906092350776,,
8906163833306,Farmley Makha Shakha Achari Stix,Farmley
8901790703336,Ibuwin,
8901790681078,Diclofenaco,
8906174610101,Sprouted Foxtail Millet Flour,Dandodia Foods
0961650702921,Hydra miracle,Ponds
8908000106611,Tomato Rasam Paste,Indiras
8901262280341,Mysore Pak,Amul
8901399001826,Max kleen 1.25L,Unknown Brand
8902433001369,Pedigree biscrok 500g,Unknown Brand
8902433001383,Pedigree BISCROK biscuits (with milk & chicken) 500g,
8906082391345,Madhura Seva,Malabar Treats
0908005808459,,
8901063162723,Marie Gold biscuits,Britannia
8906002520411,Raja marie biscuits,Raja
0944445605102,,
3904102482986,Pedigree puppy chicken & milk 1kg,Unknown Brand
4014162014399,DENITROL JBL 100ML,JBL
4014162230423,FERROPOL JBL 250ML,JBL
8901491337052,kurkure puffcorn,Unknown Brand
8904335604549,Protein bar,Yoga bar
4987176176837,Old Spice After Shave lotion,Old Spice
8901262153621,Amul kool protein milkshake,
8908005758815,Unsweetened Masala Chai,Senso
7108328656459,activated charcoal,Glamveda
8901552000413,Sweet Lime Pickle,Ashoka
8901777133064,Paneer Tikka Kathi Roll,Vadilal
8901262170376,Chocolate Brownie Ice Cream,Amul
8853301006286,Whiskas with salmon in gravy 85g,Unknown Brand
8853301889322,digree adult mini,digree
8901023010484,Cinthol soap,Godrej
8901030815911,Vwash Expert Intimate Hygiene,Vwash
8901030970696,Dreamflower,Ponds
8901030978753,Lakme 9To5 Sun Expert Sunscreen Lotion,"Unilever, Lakmé"
8901030997105,Pond's Bright Beauty Serum Cream,"Unilever, Pond's"
8901138500153,Anti wrinkle cream,Himalaya
8901138830441,Face wash,Himalya
8901138851248,Himalaya Purifying Neem Face Wash,Himalaya
8901216406803,Kama Sutra( orges max) Condom,
8901314078216,Colgate visible white,Colgate
8901314571816,Colgate total12,Charcoal
8901396388487,Durex extra thin intense chocolate,Durex
8902433005237,Pedigree Biscrok biscuits with chicken 900g,
8904103330731,EPIC condoms,Man force
8904132922167,Mopz lime fresh 200ml,Unknown Brand
8904132922174,Mopz 200 Ml,
8904132922228,Mopz 5L,
8904352004070,BIOTIQUE Advanced Ayurveda Fruit Brightening Face wash,BIOTIQUE
8904352004193,BIOTIQUE Advanced Ayurveda Papaya Deep Cleanse Face Wash,BIOTIQUE
8906002482856,Adult Chicken & Vegetables Adult 1KG,Pedigree
8906002482924,Pedigree,Pedigree
8906002482948,Adult Meat And Rice,Pedigree
8906002483204,Pedigree 2.8 kg pink,Unknown Brand
8906008422917,Lens cleaner,Aqua lens
8906008450897,Skin whitening,VLCC
8906008452846,Almond under eye cream,VLCC
8906087775072,,Unknown Brand
8906064705641,Banana Sweetened,Malabar Delights
8906163832705,Date Powder,Farmley
4906601500085,,
8908005259480,Country harvest cake 32 gm,
8904258703435,RAW-P ICED GRN TEA PEACH 245ML,
8901262202442,Probiotic Curd,Amul
8908023145178,Banana Chips,
8998866107518,ZINC,
8901414043916,Palak Paneer,
8904374508495,Noodles Puff,S.Motiram
8907316004550,,
8908020493180,Almond Milk,Fidelo
8906043348081,Salts,Supply6
8901719907524,,
8964201532420,,
6900055442111,Organic tattva organic Fenugreek,Organic Tattva
8906055442005,Ajwain ot,
8906020589018,Malabar parota,
8906011818189,Curry de noix de coco de Madras avec riz curcuma,
8908000276659,Jackfruit Green,Viswas
8908025203005,Roasted Foxnut BBQ,EatThis
8901234567890,,
8908009059505,Multigrain Low GI Bread,The Health Factory
8901262223416,Rasmalai,Amul
8901030922985,lifebuoy Saavn,lifebuoy
8901063368668,Britenei Ford cake 100 gm,
8904093613982,Rice Papas Plain,Gramarhein
8901030832161,Sunsilk stunning black shine shampoo,
8906023920573,Cheese Slice Herb & Spices,Dairy Craft
8901063401273,,
7622202819933,Gems,Cadbury
8905302005017,baking soda,blue brand
8906202780080,Frozen coconut,
8904150504918,Tandoori Naan,Sujata
8906011834080,Sundaikai Vathal Kulambu,Minute Kitchen
8901725101442,Dark Fantasy Big Choco Meltz,Sunfeast
8904150501689,Double Chocolate Fudge Brownie Mix,Betty Crocker
8906123581278,Peanut Butter,Scrunch
8901571011742,Centrum Men,Centrum
8902579004330,,
8901058005226,,
8904209303820,Tomato Pickle,Aachi
0810182790985,Prosupps Whey,Prosupps
0964447900418,Pro Nature penanuts,
8903023300695,,More
8909081010156,,
8901440100973,Roasted Rice Powder,Eastern
8809950200391,Korean Veg Dumplings,Good Seoul
8906191631349,Choco Peanut Butter Protein Bat,phab
8901499027610,Choco Millet Muesli,Kellogg's
8904061400293,Orange Wafers,Gourmet's Delite
8909081008818,,
8906069570008,Sattoo,Satyendra Sattoo
8906006852129,Very Berry Strawberry Ice Cream,Baskin Robbin’s
5059606405202,Whey Protein Isolate Chocolate Flavour,Naturaltein
8901790690353,Amoxicilina 500 mg,
8906037780101,Pastilla,
8906011835520,Mini Idli With Sambar,Minute Kitchen
8906069690911,,
8906148690054,Chicken Masala,Prakash
8908013252381,Choco Almond Millionaire's Mini Bites,
8908013252398,Fit & Flex Cranberry Oats Granola & Yogurt Mini Bites,
8908013252220,Muesli Choco Almond Cookie Delights,
8906038742016,Ta daa sweet corn,
8908017693647,Chilli Chatka,Millet Bank
8908023404305,Party Snack,Tong Garden
8906001091219,,
8908006024599,Omapodi,The Grand Sweets And Snacks Chennai Special
8901777578100,Kesar Peda,Vadilal
0000590011721,Beetroot,Unknown Brand
8906064520237,,
8906069960038,Gold,Sanchi
8906095125494,Wonderland Mamra Badam7A 500gm,
8906095125937,Wonderland Pine nuts 200gm,
8902901222555,Chilli bedgi with Stem,good life
8908009839541,sugar free digestive biscuits,
8906016413129,spicy buttermilk,
8906157551285,Grated Coconut,
8906059637469,Zero Fat Coffee Protein Milkshake,Epigama
8900760009461,Żywiec zdrój,
2419544010006,,
8906068763821,Peanut Butter,Lucky Family
8906068763838,Peanut Butter,Lucky Family
8901063165441,Oreo,
6905058011104,Kitkat Minis,Unknown Brand
8906153883748,Sattu Laddoo,Two Brothers
8904004401790,Sev Murmura (Classic),Unknown Brand
8901777767177,Kaju Draksh,Vadilal
8906078269627,,
8906190331455,,
8901972084482,Galletas Cream Fredy Sandwich,
8904006206065,Galletas Cream Fredy Sandwich,
8906189580215,Chilli Guava juice,Pluckk
8908014051570,Flax Seeds,ERIKA ORGANICS
8906139991351,Tamasa,
8906117360414,Mango Lassi,Country Delight
8906006951921,Ginger Garlic Paste,
8906075341708,Sweet Corn,Lucky Family
8908006989539,Protein Bar Cocoa Dry Fruit,Nutritius
8906086209486,,
8906009504124,,Chitale
8904064616486,Sona Masuri Rice,Annam
0988865144612,,Yogabar
8906074180001,,
8908020062270,Open Secret Chocolate Biscuit,Open Secret
8909106076655,Lakme sun expert,
8904035416534,JOY Skin Fruits,JOY
8904326301495,Bee one,
8901030823787,Ponds bb cream,
8906132697588,Fish Oil,Dr. Morepen
8904083320081,Litchi Ice Cream,Milky Mist
8904482801860,Denver,
8850477028562,wet food,me-o
8906125484744,dools,
8904209307118,Ginger Garlic Paste,
3541879797808,pav bhaji masala,catch
8908020463824,Spicy Treat Chips,Crax
8904067712727,Peanut Chikki,Jabsons
8908001296311,PARATHAS,
8904482801990,Denver,
8906006525504,Top Start,
9994602486113,Big B,
8901063371026,Marie gold,
8901058866216,Coffee mocha,
8901552007689,KANTOLA,ashoka
8901560170641,Nilon parampara mixed pickle 1kg,
8906071454259,Chatpata Snacks Sauce,9 am
8901552007818,val papdi,ashoka
8901552007658,bhindi,ashoka
8906002009053,Dr. otekar Supreme brownie,
8905634561519,Best bakery mixture,
8906139760070,Rootstock organic triphala powder 100g,
0726684791408,Frozen Espresso Shot,Zenma
00999770,,
8901262171090,,
8908020440351,Whole Wheat Tortilla Wraps 8 Inches,Habanero
8909688735063,Mocha,IMPULSE COFFEES
8904132976184,,
5000159558709,Mars Miniatures 220g,
8904418906331,Glam 21  black eyeliner,
0806360010099,Lotus night cream,
8906036554178,Olivia pan cake,Olivia
0042506808674,Lakme compact,
18838671,Vicco wso,
8906081126405,Black Raisins,Happilo
8906019561322,Real cream roll,
8904092400118,Kulcha,Kabhi b
8908019552102,Waffle Crisps Cookies 'n Cream,The Belgian Waffle
8906070214434,Honey,American Harvest
8902901244076,Good life mixed dry fruits 100g,
8901058865851,,
8906003510091,Chatpata,
8908005103219,Razana papad urad sapecial papad,
8904067700748,Jabsons punjabi masla papad,Jabsons
8901414006706,Bikano papad,
8906198981652,Iso Zero Blue Tokai,MB
0735850873190,Mint And Chilli Tofu,SoyaRich
8901764061103,,
8906183920796,coconut cocoa makan,natch
8908002854701,Soya Crunchies,Promunch
8906108894386,,
8901648004264,Cheese Slice,Mother Dairy
8906091900750,Raw Makhana (Foxnuts),Sattvik
8906165787607,Fuel One Whey,Fuel One
8906136651517,Jumbo Rolled Oats,Pintola
8908012945765,Edamame Rice,Pink Harvest
8410086000245,Disano olive oil,DiSano
8904238302955,Whitone,
8906007675451,Jovees cream,
8908010609959,Thai Rice Chips Vegan Cheddar,natch
8904463100104,Cretin,
8904418906348,Maskra,
8907122016563,Vlcc cream,
6923859200688,Mn foundation white,
8904386101462,Mars bb foundation cream base,
8909106027879,Ponds hydra miracle,
8906045488105,Coloressence bb cream,
8904035413205,Joy,
8904035413175,Joy,
8906032325338,Ayur massege,
42467168,Nivea soft spf,
8906071432332,Red Split Lentil,Jaisal
4987176179388,Olay cream,
8908001158992,White tone,
4987176077721,Olay,
8903363002310,Rasgulla,
8901063363588,Choco Chill cake,Britannia
9044374367414,Amla lemon juice,JHAJHU FOODS
8530108880416,,
8906008350784,Multi Millet Atta,Manna
8901972086158,Tick time,Dukes
8906109000595,Kinnow Apple,Five Rivers
8906125475490,cool berg,
8906144570848,malt beverage,
8906144570855,high malt,
8906144570800,malt beverage,
8906144570824,malt beverage,
8901030021268,Vaseline,
8902268010871,,
9917063032484,Britannia Treat croissant mixed fruit,
3948063032446,Britannia Treat croissant coco,
8908020415106,Ziggy donut cake,
8901719127533,,
8906136652712,Pintola Masala Oats,Pintola
8906084691764,Makhana,Om
8908008660412,Sabudana papad,
8904063251039,Jeera rice papadi,
0762497524413,Hot Sauce (Goan Tarvotti),Papa Patel's
8901063167087,Galleta Nutro Chocolate,
8901063167117,Galleta Nutro Naranja,
8901063167407,Galleta Nutro Limon,
8906013811638,Crunchy Munchy,Roasty Toasty
8901063167094,Galleta Nutro Vainilla,
8901063167100,Galleta Nutro Fresa,
8901972065658,Galleta koko Anika,
8906115887098,Galleta MaltyMilk,
8906041810139,Choco Tron,
8901058028935,Milkybar Choo,Nestle
8904063209641,Gajar Halwa,Haldirams
8906041813369,Caramelo Miel Tarro,
8998225800012,fortune cermat,
