barcode,product_name,brands,categories,fssai_category_code,banned_item,banned_item_type,banned_in_jurisdictions,violation_reason,needs_verification,verification_reason,data_source,last_cleaned,is_verified,platform
28000081409,Milk chocolate,Nestlé,Snacks,CAT_15,TBHQ (E319),Additive (INS/E-Code),['JP'],Banned in JP according to additive rulebook. Functional Class: Antioxidant.,True, | Non-standard barcode length,OpenFoodFacts / GS1 Database,2026-08-07 02:46:51,False,foodfactsindia.online
40000488064,M & M Chocolate (180 G),Mars,"Snacks,Sweet snacks,Cocoa and its products,Confectioneries,Chocolate candies,Candies",CAT_15,Titanium Dioxide (E171),Additive (INS/E-Code),['EU'],Banned in EU according to additive rulebook. Functional Class: Colorant.,True, | Non-standard barcode length,OpenFoodFacts / GS1 Database,2026-08-07 02:46:51,False,foodfactsindia.online
21130266197,Blue Cheese Dressing & Dip,"Signature Kitchens,  Safeway  Inc.",undefined,Unknown,Partially Hydrogenated Oil (PHO),Ingredient (Null INS),"['US', 'CA']",Banned in US (FDA 2018 GRAS revocation) and Canada due to industrial trans fats.,True, | Unknown FSSAI category | Non-standard barcode length,OpenFoodFacts / GS1 Database,2026-08-07 02:46:51,False,foodfactsindia.online
73402357003,Fine chocolate donuts,"Country Kitchen,  Lepage Bakeries  Inc.","Snacks, Sweet snacks, Biscuits and cakes, Cakes",CAT_15,Titanium Dioxide (E171),Additive (INS/E-Code),['EU'],Banned in EU according to additive rulebook. Functional Class: Colorant.,True, | Non-standard barcode length,OpenFoodFacts / GS1 Database,2026-08-07 02:46:51,False,foodfactsindia.online
73402357003,Fine chocolate donuts,"Country Kitchen,  Lepage Bakeries  Inc.","Snacks, Sweet snacks, Biscuits and cakes, Cakes",CAT_15,Partially Hydrogenated Oil (PHO),Ingredient (Null INS),"['US', 'CA']",Banned in US (FDA 2018 GRAS revocation) and Canada due to industrial trans fats.,True, | Non-standard barcode length,OpenFoodFacts / GS1 Database,2026-08-07 02:46:51,False,foodfactsindia.online
21130477432,Whipped Dressing,Safeway Kitchens,undefined,Unknown,Titanium Dioxide (E171),Additive (INS/E-Code),['EU'],Banned in EU according to additive rulebook. Functional Class: Colorant.,True, | Unknown FSSAI category | Non-standard barcode length,OpenFoodFacts / GS1 Database,2026-08-07 02:46:51,False,foodfactsindia.online
8901552032711,Soul Amritsari Kulcha,Soul,Frozen foods,Unknown,TBHQ (E319),Additive (INS/E-Code),['JP'],Banned in JP according to additive rulebook. Functional Class: Antioxidant.,True, | Unknown FSSAI category,OpenFoodFacts / GS1 Database,2026-08-07 02:46:51,False,foodfactsindia.online
28000500313,Beef flavor bouillon,Maggi,,CAT_06,TBHQ (E319),Additive (INS/E-Code),['JP'],Banned in JP according to additive rulebook. Functional Class: Antioxidant.,True, | Non-standard barcode length,OpenFoodFacts / GS1 Database,2026-08-07 02:46:51,False,foodfactsindia.online
28000500313,Beef flavor bouillon,Maggi,,CAT_06,Partially Hydrogenated Oil (PHO),Ingredient (Null INS),"['US', 'CA']",Banned in US (FDA 2018 GRAS revocation) and Canada due to industrial trans fats.,True, | Non-standard barcode length,OpenFoodFacts / GS1 Database,2026-08-07 02:46:51,False,foodfactsindia.online
8906154670156,Tomato Pickle,Kh Pickle,,Unknown,TBHQ (E319),Additive (INS/E-Code),['JP'],Banned in JP according to additive rulebook. Functional Class: Antioxidant.,True, | Unknown FSSAI category,OpenFoodFacts / GS1 Database,2026-08-07 02:46:51,False,foodfactsindia.online
74714085523,Croutons,Mrs. Cubbison's Kitchen  Llc.,,Unknown,TBHQ (E319),Additive (INS/E-Code),['JP'],Banned in JP according to additive rulebook. Functional Class: Antioxidant.,True, | Unknown FSSAI category | Non-standard barcode length,OpenFoodFacts / GS1 Database,2026-08-07 02:46:51,False,foodfactsindia.online
40000247234,"Snickers, minis, dark chocolate, peanuts, caramel, nougat",Snickers,"Snacks, Sweet snacks, Cocoa and its products, Confectioneries, Chocolate candies",CAT_15,Partially Hydrogenated Oil (PHO),Ingredient (Null INS),"['US', 'CA']",Banned in US (FDA 2018 GRAS revocation) and Canada due to industrial trans fats.,True, | Non-standard barcode length,OpenFoodFacts / GS1 Database,2026-08-07 02:46:51,False,foodfactsindia.online
8901662037828,CHICKEN BIRYANI MIX,Suhana,,Unknown,TBHQ (E319),Additive (INS/E-Code),['JP'],Banned in JP according to additive rulebook. Functional Class: Antioxidant.,True, | Unknown FSSAI category,OpenFoodFacts / GS1 Database,2026-08-07 02:46:51,False,foodfactsindia.online
8901393025002,mentos,Unbranded,,Unknown,Erythrosine (E127),Additive (INS/E-Code),['US'],Banned in US according to additive rulebook. Functional Class: Additive.,True, | Unknown FSSAI category,OpenFoodFacts / GS1 Database,2026-08-07 02:46:51,False,foodfactsindia.online
5449000229243,Next joy visnja,Coca-Cola,,Unknown,Brilliant Black BN (E151),Additive (INS/E-Code),"['IN', 'JP', 'US']","Banned in IN, JP, US according to additive rulebook. Functional Class: Additive.",True,Claims banned in India - verify against FSSAI Schedule 2.4.5 | Unknown FSSAI category,OpenFoodFacts / GS1 Database,2026-08-07 02:46:51,False,foodfactsindia.online
8906006721555,Mixed Fruit Jam,Lion,,Unknown,Carmoisine / Azorubine (E122),Additive (INS/E-Code),"['JP', 'US']","Banned in JP, US according to additive rulebook. Functional Class: Additive.",True, | Unknown FSSAI category,OpenFoodFacts / GS1 Database,2026-08-07 02:46:51,False,foodfactsindia.online
4009900510813,Skittles,Mars,en:candies,Unknown,Titanium Dioxide (E171),Additive (INS/E-Code),['EU'],Banned in EU according to additive rulebook. Functional Class: Colorant.,True, | Unknown FSSAI category,OpenFoodFacts / GS1 Database,2026-08-07 02:46:51,False,foodfactsindia.online
28000867379,"Crispety, crunchety, peanut-buttery! bar",Nestlé,"Snacks, Sweet snacks, Confectioneries",CAT_15,TBHQ (E319),Additive (INS/E-Code),['JP'],Banned in JP according to additive rulebook. Functional Class: Antioxidant.,True, | Non-standard barcode length,OpenFoodFacts / GS1 Database,2026-08-07 02:46:51,False,foodfactsindia.online
88009150452,Fanta orange,"Brasserie de tahiti,coca-cola compagny","Aliments et boissons à base de végétaux, Boissons, Boissons à base de végétaux, Boissons gazeuses, Boissons aux fruits, Sodas, Sodas aux fruits, Sodas à l'orange, Boissons avec sucre ajouté",CAT_14,Carmoisine / Azorubine (E122),Additive (INS/E-Code),"['JP', 'US']","Banned in JP, US according to additive rulebook. Functional Class: Additive.",True, | Non-standard barcode length,OpenFoodFacts / GS1 Database,2026-08-07 02:46:51,False,foodfactsindia.online
40000473480,"Snickers, milk chocolate hearts, creamy caramel and peanuts",Snickers,"Snacks, Sweet snacks, Cocoa and its products, Confectioneries, Chocolate candies",CAT_15,Partially Hydrogenated Oil (PHO),Ingredient (Null INS),"['US', 'CA']",Banned in US (FDA 2018 GRAS revocation) and Canada due to industrial trans fats.,True, | Non-standard barcode length,OpenFoodFacts / GS1 Database,2026-08-07 02:46:51,False,foodfactsindia.online
8904146307851,Muesli,Spar,,Unknown,Carmoisine / Azorubine (E122),Additive (INS/E-Code),"['JP', 'US']","Banned in JP, US according to additive rulebook. Functional Class: Additive.",True, | Unknown FSSAI category,OpenFoodFacts / GS1 Database,2026-08-07 02:46:51,False,foodfactsindia.online
8904146307851,Muesli,Spar,,Unknown,Erythrosine (E127),Additive (INS/E-Code),['US'],Banned in US according to additive rulebook. Functional Class: Additive.,True, | Unknown FSSAI category,OpenFoodFacts / GS1 Database,2026-08-07 02:46:51,False,foodfactsindia.online
8904146307851,Muesli,Spar,,Unknown,Ponceau 4R (E124),Additive (INS/E-Code),['US'],Banned in US according to additive rulebook. Functional Class: Additive.,True, | Unknown FSSAI category,OpenFoodFacts / GS1 Database,2026-08-07 02:46:51,False,foodfactsindia.online
8906026504985,Cream Roll,Nafees,,Unknown,Ponceau 4R (E124),Additive (INS/E-Code),['US'],Banned in US according to additive rulebook. Functional Class: Additive.,True, | Unknown FSSAI category,OpenFoodFacts / GS1 Database,2026-08-07 02:46:51,False,foodfactsindia.online
40000502418,"Snickers, candy bars",Snickers,"Snacks, Sweet snacks, Cocoa and its products, Confectioneries, Chocolate candies",CAT_15,Partially Hydrogenated Oil (PHO),Ingredient (Null INS),"['US', 'CA']",Banned in US (FDA 2018 GRAS revocation) and Canada due to industrial trans fats.,True, | Non-standard barcode length,OpenFoodFacts / GS1 Database,2026-08-07 02:46:51,False,foodfactsindia.online
40000494072,"Snickers, snickers",Snickers,"Snacks, Sweet snacks, Confectioneries",CAT_15,Partially Hydrogenated Oil (PHO),Ingredient (Null INS),"['US', 'CA']",Banned in US (FDA 2018 GRAS revocation) and Canada due to industrial trans fats.,True, | Non-standard barcode length,OpenFoodFacts / GS1 Database,2026-08-07 02:46:51,False,foodfactsindia.online
121340,Diet Mountain Dew,PepsiCo,"Beverages, Carbonated drinks, Sodas",CAT_14,Brominated Vegetable Oil (BVO),Ingredient (Null INS),"['US', 'IN', 'EU', 'JP']","Banned in US (FDA 2024 revocation), EU, Japan, and India as a food additive.",True,Claims banned in India - verify against FSSAI Schedule 2.4.5 | Non-standard barcode length,OpenFoodFacts / GS1 Database,2026-08-07 02:46:51,False,foodfactsindia.online
7500478010691,Tostitos Salsa Verde,PepsiCo,Botana de Maiz Nixtamalizado,Unknown,TBHQ (E319),Additive (INS/E-Code),['JP'],Banned in JP according to additive rulebook. Functional Class: Antioxidant.,True, | Unknown FSSAI category,OpenFoodFacts / GS1 Database,2026-08-07 02:46:51,False,foodfactsindia.online
66721030207,Brown Sugar Bubble Tea OREO,"Oreo, Christie",,CAT_07,TBHQ (E319),Additive (INS/E-Code),['JP'],Banned in JP according to additive rulebook. Functional Class: Antioxidant.,True, | Non-standard barcode length,OpenFoodFacts / GS1 Database,2026-08-07 02:46:51,False,foodfactsindia.online
1223305,MTN Dew,PepsiCo,,Unknown,Brominated Vegetable Oil (BVO),Ingredient (Null INS),"['US', 'IN', 'EU', 'JP']","Banned in US (FDA 2024 revocation), EU, Japan, and India as a food additive.",True,Claims banned in India - verify against FSSAI Schedule 2.4.5 | Unknown FSSAI category | Non-standard barcode length,OpenFoodFacts / GS1 Database,2026-08-07 02:46:51,False,foodfactsindia.online
1229707,mountain dew,PepsiCo,,Unknown,Brominated Vegetable Oil (BVO),Ingredient (Null INS),"['US', 'IN', 'EU', 'JP']","Banned in US (FDA 2024 revocation), EU, Japan, and India as a food additive.",True,Claims banned in India - verify against FSSAI Schedule 2.4.5 | Unknown FSSAI category | Non-standard barcode length,OpenFoodFacts / GS1 Database,2026-08-07 02:46:51,False,foodfactsindia.online
58496457532,Milk Chocolate M&M's,Mars,"Snacks, Sweet snacks, Cocoa and its products, Confectioneries, Chocolate candies, Bonbons",CAT_15,Titanium Dioxide (E171),Additive (INS/E-Code),['EU'],Banned in EU according to additive rulebook. Functional Class: Colorant.,True, | Non-standard barcode length,OpenFoodFacts / GS1 Database,2026-08-07 02:46:51,False,foodfactsindia.online
28000115678,"Maggi, bouillon, chicken",Maggi,,CAT_06,TBHQ (E319),Additive (INS/E-Code),['JP'],Banned in JP according to additive rulebook. Functional Class: Antioxidant.,True, | Non-standard barcode length,OpenFoodFacts / GS1 Database,2026-08-07 02:46:51,False,foodfactsindia.online
28000115678,"Maggi, bouillon, chicken",Maggi,,CAT_06,Partially Hydrogenated Oil (PHO),Ingredient (Null INS),"['US', 'CA']",Banned in US (FDA 2018 GRAS revocation) and Canada due to industrial trans fats.,True, | Non-standard barcode length,OpenFoodFacts / GS1 Database,2026-08-07 02:46:51,False,foodfactsindia.online
2867633,refined soya bean oil,Fortune,"Plant-based foods and beverages, Plant-based foods, Legumes and their products, Fats, Vegetable fats, Vegetable oils, Legume oils, Soybean oils",CAT_14,TBHQ (E319),Additive (INS/E-Code),['JP'],Banned in JP according to additive rulebook. Functional Class: Antioxidant.,True, | Non-standard barcode length,OpenFoodFacts / GS1 Database,2026-08-07 02:46:51,False,foodfactsindia.online
5000112659948,Hawaii Tropical,Coca-Cola Company,,Unknown,Quinoline Yellow (E104),Additive (INS/E-Code),"['JP', 'US']","Banned in JP, US according to additive rulebook. Functional Class: Additive.",True, | Unknown FSSAI category,OpenFoodFacts / GS1 Database,2026-08-07 02:46:51,False,foodfactsindia.online
5000112659948,Hawaii Tropical,Coca-Cola Company,,Unknown,Ponceau 4R (E124),Additive (INS/E-Code),['US'],Banned in US according to additive rulebook. Functional Class: Additive.,True, | Unknown FSSAI category,OpenFoodFacts / GS1 Database,2026-08-07 02:46:51,False,foodfactsindia.online
5060896625348,Енергийна напитка,"Monster, Monster Monarch",,Unknown,Carmoisine / Azorubine (E122),Additive (INS/E-Code),"['JP', 'US']","Banned in JP, US according to additive rulebook. Functional Class: Additive.",True, | Unknown FSSAI category,OpenFoodFacts / GS1 Database,2026-08-07 02:46:51,False,foodfactsindia.online
38000768620,"Rice cereal, chocolatey, sweetened",Kellogg's,"Plant-based foods and beverages, Plant-based foods, Breakfasts, Cereals and potatoes, Cereals and their products, Breakfast cereals, Chocolate cereals",CAT_14,Partially Hydrogenated Oil (PHO),Ingredient (Null INS),"['US', 'CA']",Banned in US (FDA 2018 GRAS revocation) and Canada due to industrial trans fats.,True, | Non-standard barcode length,OpenFoodFacts / GS1 Database,2026-08-07 02:46:51,False,foodfactsindia.online
28000703196,Caldo Sabor A Pollo,Maggi,,CAT_06,Partially Hydrogenated Oil (PHO),Ingredient (Null INS),"['US', 'CA']",Banned in US (FDA 2018 GRAS revocation) and Canada due to industrial trans fats.,True, | Non-standard barcode length,OpenFoodFacts / GS1 Database,2026-08-07 02:46:51,False,foodfactsindia.online
38000207716,"Caticorn berry purrr-fection with glittery sparkles cereal, caticorn berry purrr-fection with glittery sparkles",Kellogg's,"Plant-based foods and beverages, Plant-based foods, Cereals and potatoes, Cereals and their products",CAT_14,Erythrosine (E127),Additive (INS/E-Code),['US'],Banned in US according to additive rulebook. Functional Class: Additive.,True, | Non-standard barcode length,OpenFoodFacts / GS1 Database,2026-08-07 02:46:51,False,foodfactsindia.online
8906020960053,Refined Oil,Vimal,,Unknown,TBHQ (E319),Additive (INS/E-Code),['JP'],Banned in JP according to additive rulebook. Functional Class: Antioxidant.,True, | Unknown FSSAI category,OpenFoodFacts / GS1 Database,2026-08-07 02:46:51,False,foodfactsindia.online
5449000060600,Shweppes Ananas,"Coca-Cola, Schweppes","Boissons,Boissons gazeuses,Boissons édulcorées,Boisson gazeuse",Unknown,Quinoline Yellow (E104),Additive (INS/E-Code),"['JP', 'US']","Banned in JP, US according to additive rulebook. Functional Class: Additive.",True, | Unknown FSSAI category,OpenFoodFacts / GS1 Database,2026-08-07 02:46:51,False,foodfactsindia.online
5000159477536,M &M'S Kersteditie Pinda,Mars,,Unknown,Titanium Dioxide (E171),Additive (INS/E-Code),['EU'],Banned in EU according to additive rulebook. Functional Class: Colorant.,True, | Unknown FSSAI category,OpenFoodFacts / GS1 Database,2026-08-07 02:46:51,False,foodfactsindia.online
5449000033413,HAWAI,"Coca-Cola Company, Cocacola",,Unknown,Quinoline Yellow (E104),Additive (INS/E-Code),"['JP', 'US']","Banned in JP, US according to additive rulebook. Functional Class: Additive.",True, | Unknown FSSAI category,OpenFoodFacts / GS1 Database,2026-08-07 02:46:51,False,foodfactsindia.online
5711243112744,Sweetkitchen Pastafarve mørkeblå,Sweetkitchen,Dagligvarer,Unknown,Carmoisine / Azorubine (E122),Additive (INS/E-Code),"['JP', 'US']","Banned in JP, US according to additive rulebook. Functional Class: Additive.",True, | Unknown FSSAI category,OpenFoodFacts / GS1 Database,2026-08-07 02:46:51,False,foodfactsindia.online
5900951272967,M&M's Crunchy Caramel,Mars,,Unknown,Titanium Dioxide (E171),Additive (INS/E-Code),['EU'],Banned in EU according to additive rulebook. Functional Class: Colorant.,True, | Unknown FSSAI category,OpenFoodFacts / GS1 Database,2026-08-07 02:46:51,False,foodfactsindia.online
8852756328738,LCM's kaleidos,Kellogg's,,Unknown,Titanium Dioxide (E171),Additive (INS/E-Code),['EU'],Banned in EU according to additive rulebook. Functional Class: Colorant.,True, | Unknown FSSAI category,OpenFoodFacts / GS1 Database,2026-08-07 02:46:51,False,foodfactsindia.online
10217627,Décros sucrés,Kitchen Academy,,Unknown,Titanium Dioxide (E171),Additive (INS/E-Code),['EU'],Banned in EU according to additive rulebook. Functional Class: Colorant.,True, | Unknown FSSAI category,OpenFoodFacts / GS1 Database,2026-08-07 02:46:51,False,foodfactsindia.online
10408780,starburst jelly beans,Mars,,Unknown,Titanium Dioxide (E171),Additive (INS/E-Code),['EU'],Banned in EU according to additive rulebook. Functional Class: Colorant.,True, | Unknown FSSAI category,OpenFoodFacts / GS1 Database,2026-08-07 02:46:51,False,foodfactsindia.online
4009900489119,White Bubblemint Chewing Gum Sugar Free Bottle Pieces,"Mars, Wrigley’s",,Unknown,Titanium Dioxide (E171),Additive (INS/E-Code),['EU'],Banned in EU according to additive rulebook. Functional Class: Colorant.,True, | Unknown FSSAI category,OpenFoodFacts / GS1 Database,2026-08-07 02:46:51,False,foodfactsindia.online
3023290798454,La Laitière secret de mousse saveur Rocher coco,"Nestlé, La Laitière, Secret de Mousse","Produits laitiers, Desserts, Desserts lactés, Frais, Mousses sucrées, Mousses lactées",Unknown,Titanium Dioxide (E171),Additive (INS/E-Code),['EU'],Banned in EU according to additive rulebook. Functional Class: Colorant.,True, | Unknown FSSAI category,OpenFoodFacts / GS1 Database,2026-08-07 02:46:51,False,foodfactsindia.online
9300682051385,TWIX,TWIX,,Unknown,Patent Blue V (E131),Additive (INS/E-Code),"['IN', 'JP', 'US']","Banned in IN, JP, US according to additive rulebook. Functional Class: Additive.",True,Claims banned in India - verify against FSSAI Schedule 2.4.5 | Unknown FSSAI category,OpenFoodFacts / GS1 Database,2026-08-07 02:46:51,False,foodfactsindia.online
5060337509831,Monster Hydro Manic Melon,Monster,"Boissons, Boissons édulcorées",Unknown,Carmoisine / Azorubine (E122),Additive (INS/E-Code),"['JP', 'US']","Banned in JP, US according to additive rulebook. Functional Class: Additive.",True, | Unknown FSSAI category,OpenFoodFacts / GS1 Database,2026-08-07 02:46:51,False,foodfactsindia.online
9400547003037,fruit salad,Heinz,,Unknown,Erythrosine (E127),Additive (INS/E-Code),['US'],Banned in US according to additive rulebook. Functional Class: Additive.,True, | Unknown FSSAI category,OpenFoodFacts / GS1 Database,2026-08-07 02:46:51,False,foodfactsindia.online
7802000011900,Cheetos,PepsiCo,,Unknown,TBHQ (E319),Additive (INS/E-Code),['JP'],Banned in JP according to additive rulebook. Functional Class: Antioxidant.,True, | Unknown FSSAI category,OpenFoodFacts / GS1 Database,2026-08-07 02:46:51,False,foodfactsindia.online
7802000011900,Cheetos,PepsiCo,,Unknown,Titanium Dioxide (E171),Additive (INS/E-Code),['EU'],Banned in EU according to additive rulebook. Functional Class: Colorant.,True, | Unknown FSSAI category,OpenFoodFacts / GS1 Database,2026-08-07 02:46:51,False,foodfactsindia.online
40099873,Extra Salty Licorice 14g,MARS NORGE AS,,Unknown,Titanium Dioxide (E171),Additive (INS/E-Code),['EU'],Banned in EU according to additive rulebook. Functional Class: Colorant.,True, | Unknown FSSAI category,OpenFoodFacts / GS1 Database,2026-08-07 02:46:51,False,foodfactsindia.online
7501059287228,Coffee mate caramelo,Nestlé,"Alimentos y bebidas de origen vegetal, Bebidas, Alimentos de origen vegetal, Cafés, Bebidas azucaradas, CREMAS, SUSTITUTO DE CREMA",Unknown,Titanium Dioxide (E171),Additive (INS/E-Code),['EU'],Banned in EU according to additive rulebook. Functional Class: Colorant.,True, | Unknown FSSAI category,OpenFoodFacts / GS1 Database,2026-08-07 02:46:51,False,foodfactsindia.online
44000063757,Trolls Oreo,Oreo,,CAT_07,Erythrosine (E127),Additive (INS/E-Code),['US'],Banned in US according to additive rulebook. Functional Class: Additive.,True, | Non-standard barcode length,OpenFoodFacts / GS1 Database,2026-08-07 02:46:51,False,foodfactsindia.online
72554001529,Frozen Dairy Dessert Cones,Nestle,"Desserts, Frozen foods, Frozen desserts",Unknown,Partially Hydrogenated Oil (PHO),Ingredient (Null INS),"['US', 'CA']",Banned in US (FDA 2018 GRAS revocation) and Canada due to industrial trans fats.,True, | Unknown FSSAI category | Non-standard barcode length,OpenFoodFacts / GS1 Database,2026-08-07 02:46:51,False,foodfactsindia.online
34260777,choc whizz,Heinz,,Unknown,TBHQ (E319),Additive (INS/E-Code),['JP'],Banned in JP according to additive rulebook. Functional Class: Antioxidant.,True, | Unknown FSSAI category,OpenFoodFacts / GS1 Database,2026-08-07 02:46:51,False,foodfactsindia.online
40099361,Extra Sugarfree Peppermint 14g,"Mars inc, Wrigley's Extra",,Unknown,Titanium Dioxide (E171),Additive (INS/E-Code),['EU'],Banned in EU according to additive rulebook. Functional Class: Colorant.,True, | Unknown FSSAI category,OpenFoodFacts / GS1 Database,2026-08-07 02:46:51,False,foodfactsindia.online
8906002000494,Dr Oetker Funfoods Veg Mayonnaise,"Funfoods,Dr Oetker",Mayonnaises,Unknown,TBHQ (E319),Additive (INS/E-Code),['JP'],Banned in JP according to additive rulebook. Functional Class: Antioxidant.,True, | Unknown FSSAI category,OpenFoodFacts / GS1 Database,2026-08-07 02:46:51,False,foodfactsindia.online
6271001736302,Hummus chips - Bliss,Kitco,en:appetizers,Unknown,TBHQ (E319),Additive (INS/E-Code),['JP'],Banned in JP according to additive rulebook. Functional Class: Antioxidant.,True, | Unknown FSSAI category,OpenFoodFacts / GS1 Database,2026-08-07 02:46:51,False,foodfactsindia.online
8904288626070,Mixed fruit Jam,Tops,,Unknown,Carmoisine / Azorubine (E122),Additive (INS/E-Code),"['JP', 'US']","Banned in JP, US according to additive rulebook. Functional Class: Additive.",True, | Unknown FSSAI category,OpenFoodFacts / GS1 Database,2026-08-07 02:46:51,False,foodfactsindia.online
745367367266,Holiday Decorating Candies,"Target Corporation,  Brand's Country Kitchen Supplies  Inc.",,Unknown,Partially Hydrogenated Oil (PHO),Ingredient (Null INS),"['US', 'CA']",Banned in US (FDA 2018 GRAS revocation) and Canada due to industrial trans fats.,True, | Unknown FSSAI category,OpenFoodFacts / GS1 Database,2026-08-07 02:46:51,False,foodfactsindia.online
93557153,"Lemon, line & bitter",Coca-Cola,,Unknown,Carmoisine / Azorubine (E122),Additive (INS/E-Code),"['JP', 'US']","Banned in JP, US according to additive rulebook. Functional Class: Additive.",True, | Unknown FSSAI category,OpenFoodFacts / GS1 Database,2026-08-07 02:46:51,False,foodfactsindia.online
93657778,Salad cream,Heinz,,Unknown,TBHQ (E319),Additive (INS/E-Code),['JP'],Banned in JP according to additive rulebook. Functional Class: Antioxidant.,True, | Unknown FSSAI category,OpenFoodFacts / GS1 Database,2026-08-07 02:46:51,False,foodfactsindia.online
93657778,Salad cream,Heinz,,Unknown,Titanium Dioxide (E171),Additive (INS/E-Code),['EU'],Banned in EU according to additive rulebook. Functional Class: Colorant.,True, | Unknown FSSAI category,OpenFoodFacts / GS1 Database,2026-08-07 02:46:51,False,foodfactsindia.online
8994963003272,Instant Noodles Special Chicken Flavour,Unbranded,,Unknown,TBHQ (E319),Additive (INS/E-Code),['JP'],Banned in JP according to additive rulebook. Functional Class: Antioxidant.,True, | Unknown FSSAI category,OpenFoodFacts / GS1 Database,2026-08-07 02:46:51,False,foodfactsindia.online
8906000921555,Daadi's Peri Peri Khakhra,Daadi's,,Unknown,TBHQ (E319),Additive (INS/E-Code),['JP'],Banned in JP according to additive rulebook. Functional Class: Antioxidant.,True, | Unknown FSSAI category,OpenFoodFacts / GS1 Database,2026-08-07 02:46:51,False,foodfactsindia.online
711381319321,Chocolate Beach Stones,Stonewall Kitchen,,Unknown,Titanium Dioxide (E171),Additive (INS/E-Code),['EU'],Banned in EU according to additive rulebook. Functional Class: Colorant.,True, | Unknown FSSAI category,OpenFoodFacts / GS1 Database,2026-08-07 02:46:51,False,foodfactsindia.online
8906069400527,Veeba sandwich spread,VEEBA,,Unknown,TBHQ (E319),Additive (INS/E-Code),['JP'],Banned in JP according to additive rulebook. Functional Class: Antioxidant.,True, | Unknown FSSAI category,OpenFoodFacts / GS1 Database,2026-08-07 02:46:51,False,foodfactsindia.online
8906026504961,Cream Roll,Nafees,,Unknown,Green S (E142),Additive (INS/E-Code),"['IN', 'JP', 'US']","Banned in IN, JP, US according to additive rulebook. Functional Class: Additive.",True,Claims banned in India - verify against FSSAI Schedule 2.4.5 | Unknown FSSAI category,OpenFoodFacts / GS1 Database,2026-08-07 02:46:51,False,foodfactsindia.online
8906002004379,Dr. Oetker Funfoods Veg Mayonnaise,Dr. Oetker,Mayonnaises,Unknown,TBHQ (E319),Additive (INS/E-Code),['JP'],Banned in JP according to additive rulebook. Functional Class: Antioxidant.,True, | Unknown FSSAI category,OpenFoodFacts / GS1 Database,2026-08-07 02:46:51,False,foodfactsindia.online
8901063146952,Winkin Cow Strawberry,Winkin Cow,,Unknown,Erythrosine (E127),Additive (INS/E-Code),['US'],Banned in US according to additive rulebook. Functional Class: Additive.,True, | Unknown FSSAI category,OpenFoodFacts / GS1 Database,2026-08-07 02:46:51,False,foodfactsindia.online
8902268014688,anmol swiss roll,Unbranded,,Unknown,Carmoisine / Azorubine (E122),Additive (INS/E-Code),"['JP', 'US']","Banned in JP, US according to additive rulebook. Functional Class: Additive.",True, | Unknown FSSAI category,OpenFoodFacts / GS1 Database,2026-08-07 02:46:51,False,foodfactsindia.online
8908010271194,Osmania biscuit,Cafe niloufer,,Unknown,Partially Hydrogenated Oil (PHO),Ingredient (Null INS),"['US', 'CA']",Banned in US (FDA 2018 GRAS revocation) and Canada due to industrial trans fats.,True, | Unknown FSSAI category,OpenFoodFacts / GS1 Database,2026-08-07 02:46:51,False,foodfactsindia.online
58496456610,Miniar,Mars,"Snacks, Sweet snacks, Cocoa and its products, Confectioneries, Chocolate candies, Bonbons, Candies",CAT_15,Titanium Dioxide (E171),Additive (INS/E-Code),['EU'],Banned in EU according to additive rulebook. Functional Class: Colorant.,True, | Non-standard barcode length,OpenFoodFacts / GS1 Database,2026-08-07 02:46:51,False,foodfactsindia.online
786832820435,Asiago Dinner Rolls,Royal Kitchens  Inc.,"Plant-based foods and beverages, Plant-based foods, Cereals and potatoes, Breads",CAT_14,Potassium Bromate (E924A),Additive (INS/E-Code),"['EU', 'IN']","Banned in EU, IN according to additive rulebook. Functional Class: FLOUR_TREATMENT_AGENT.",True,Claims banned in India - verify against FSSAI Schedule 2.4.5,OpenFoodFacts / GS1 Database,2026-08-07 02:46:51,False,foodfactsindia.online
71214054226,Lemon Creme Cake,Old Home Kitchens,,Unknown,Partially Hydrogenated Oil (PHO),Ingredient (Null INS),"['US', 'CA']",Banned in US (FDA 2018 GRAS revocation) and Canada due to industrial trans fats.,True, | Unknown FSSAI category | Non-standard barcode length,OpenFoodFacts / GS1 Database,2026-08-07 02:46:51,False,foodfactsindia.online
38000121593,"Cereal bars, blueberry",Kellogg's,Snacks,CAT_15,Partially Hydrogenated Oil (PHO),Ingredient (Null INS),"['US', 'CA']",Banned in US (FDA 2018 GRAS revocation) and Canada due to industrial trans fats.,True, | Non-standard barcode length,OpenFoodFacts / GS1 Database,2026-08-07 02:46:51,False,foodfactsindia.online
21130501755,"Signature kitchens, curious george, flavored snacks, assorted fruit","Signature Kitchens,  Safeway  Inc.","Snacks, Sweet snacks, Confectioneries",CAT_15,Partially Hydrogenated Oil (PHO),Ingredient (Null INS),"['US', 'CA']",Banned in US (FDA 2018 GRAS revocation) and Canada due to industrial trans fats.,True, | Non-standard barcode length,OpenFoodFacts / GS1 Database,2026-08-07 02:46:51,False,foodfactsindia.online
745367366559,Day Of The Dead Sprinkles Decorating Candies,Brand's Country Kitchen Supplies  Inc.,Baking decorations,Unknown,Erythrosine (E127),Additive (INS/E-Code),['US'],Banned in US according to additive rulebook. Functional Class: Additive.,True, | Unknown FSSAI category,OpenFoodFacts / GS1 Database,2026-08-07 02:46:51,False,foodfactsindia.online
745367366559,Day Of The Dead Sprinkles Decorating Candies,Brand's Country Kitchen Supplies  Inc.,Baking decorations,Unknown,Partially Hydrogenated Oil (PHO),Ingredient (Null INS),"['US', 'CA']",Banned in US (FDA 2018 GRAS revocation) and Canada due to industrial trans fats.,True, | Unknown FSSAI category,OpenFoodFacts / GS1 Database,2026-08-07 02:46:51,False,foodfactsindia.online
745367367235,"Target corporation, holly & berries decorating candies","Target Corporation,  Brand's Country Kitchen Supplies  Inc.",Baking decorations,Unknown,Partially Hydrogenated Oil (PHO),Ingredient (Null INS),"['US', 'CA']",Banned in US (FDA 2018 GRAS revocation) and Canada due to industrial trans fats.,True, | Unknown FSSAI category,OpenFoodFacts / GS1 Database,2026-08-07 02:46:51,False,foodfactsindia.online
64100148833,Double Toasted Cheez-it,Kellogg's,,Unknown,TBHQ (E319),Additive (INS/E-Code),['JP'],Banned in JP according to additive rulebook. Functional Class: Antioxidant.,True, | Unknown FSSAI category | Non-standard barcode length,OpenFoodFacts / GS1 Database,2026-08-07 02:46:51,False,foodfactsindia.online
23933665191,Banana Foster Pie,Dierbergs Kitchen,undefined,Unknown,Partially Hydrogenated Oil (PHO),Ingredient (Null INS),"['US', 'CA']",Banned in US (FDA 2018 GRAS revocation) and Canada due to industrial trans fats.,True, | Unknown FSSAI category | Non-standard barcode length,OpenFoodFacts / GS1 Database,2026-08-07 02:46:51,False,foodfactsindia.online
2544317101,POP TARTS FROSTED STRAWBERRY,KELLOGG´S,"Snacks, Sweet snacks, Biscuits and cakes, Biscuits, Toaster pastries, es:Tarta de trigo, en:pies",CAT_15,Titanium Dioxide (E171),Additive (INS/E-Code),['EU'],Banned in EU according to additive rulebook. Functional Class: Colorant.,True, | Non-standard barcode length,OpenFoodFacts / GS1 Database,2026-08-07 02:46:51,False,foodfactsindia.online
41548662947,Ice Cream,Nestlé,"Desserts, Frozen foods, Frozen desserts",Unknown,TBHQ (E319),Additive (INS/E-Code),['JP'],Banned in JP according to additive rulebook. Functional Class: Antioxidant.,True, | Unknown FSSAI category | Non-standard barcode length,OpenFoodFacts / GS1 Database,2026-08-07 02:46:51,False,foodfactsindia.online
40000499268,"Snickers, peanut butter eggs",Snickers,"Snacks, Sweet snacks, Confectioneries",CAT_15,Partially Hydrogenated Oil (PHO),Ingredient (Null INS),"['US', 'CA']",Banned in US (FDA 2018 GRAS revocation) and Canada due to industrial trans fats.,True, | Non-standard barcode length,OpenFoodFacts / GS1 Database,2026-08-07 02:46:51,False,foodfactsindia.online
7501059285200,COFFEE MATE VAINILLA,NESTLE,"Alimentos y bebidas de origen vegetal, Bebidas, Alimentos de origen vegetal, Cafés, Bebidas azucaradas, CREMAS, SUSTITUTO DE CREMA",Unknown,Titanium Dioxide (E171),Additive (INS/E-Code),['EU'],Banned in EU according to additive rulebook. Functional Class: Colorant.,True, | Unknown FSSAI category,OpenFoodFacts / GS1 Database,2026-08-07 02:46:51,False,foodfactsindia.online
5425032430703,Fruit lollipops,Sweet switch,,Unknown,Titanium Dioxide (E171),Additive (INS/E-Code),['EU'],Banned in EU according to additive rulebook. Functional Class: Colorant.,True, | Unknown FSSAI category,OpenFoodFacts / GS1 Database,2026-08-07 02:46:51,False,foodfactsindia.online
28000736095,Home style vegetable pasta & chicken flavor soup mix,Maggi,"Meals, Soups",CAT_12,TBHQ (E319),Additive (INS/E-Code),['JP'],Banned in JP according to additive rulebook. Functional Class: Antioxidant.,True, | Non-standard barcode length,OpenFoodFacts / GS1 Database,2026-08-07 02:46:51,False,foodfactsindia.online
28000736095,Home style vegetable pasta & chicken flavor soup mix,Maggi,"Meals, Soups",CAT_12,Partially Hydrogenated Oil (PHO),Ingredient (Null INS),"['US', 'CA']",Banned in US (FDA 2018 GRAS revocation) and Canada due to industrial trans fats.,True, | Non-standard barcode length,OpenFoodFacts / GS1 Database,2026-08-07 02:46:51,False,foodfactsindia.online
37600247917,Birthday Cake,Kid's Kitchen,undefined,Unknown,Erythrosine (E127),Additive (INS/E-Code),['US'],Banned in US according to additive rulebook. Functional Class: Additive.,True, | Unknown FSSAI category | Non-standard barcode length,OpenFoodFacts / GS1 Database,2026-08-07 02:46:51,False,foodfactsindia.online
28000822057,Bars,Nestlé,"Snacks, Sweet snacks, Cocoa and its products, Confectioneries, Chocolate candies",CAT_15,TBHQ (E319),Additive (INS/E-Code),['JP'],Banned in JP according to additive rulebook. Functional Class: Antioxidant.,True, | Non-standard barcode length,OpenFoodFacts / GS1 Database,2026-08-07 02:46:51,False,foodfactsindia.online
64100126121,Crackers - Town House Original,Kellogg's,"snacks, salty-snacks, appetizers, da:crackers",CAT_15,TBHQ (E319),Additive (INS/E-Code),['JP'],Banned in JP according to additive rulebook. Functional Class: Antioxidant.,True, | Non-standard barcode length,OpenFoodFacts / GS1 Database,2026-08-07 02:46:51,False,foodfactsindia.online
5998710960729,Nesquik 200-Nestle,Nestlé,"Beverages, Cocoa and its products, Cocoa and chocolate powders, Instant beverages, Chocolate-powders, en:instant-chocolate-powders",CAT_14,Patent Blue V (E131),Additive (INS/E-Code),"['IN', 'JP', 'US']","Banned in IN, JP, US according to additive rulebook. Functional Class: Additive.",True,Claims banned in India - verify against FSSAI Schedule 2.4.5,OpenFoodFacts / GS1 Database,2026-08-07 02:46:51,False,foodfactsindia.online
38000391255,"Froot loops, sweetened multi-grain cereal",Kellogg's,"Plant-based foods and beverages, Plant-based foods, Cereals and potatoes, Cereals and their products",CAT_14,Partially Hydrogenated Oil (PHO),Ingredient (Null INS),"['US', 'CA']",Banned in US (FDA 2018 GRAS revocation) and Canada due to industrial trans fats.,True, | Non-standard barcode length,OpenFoodFacts / GS1 Database,2026-08-07 02:46:51,False,foodfactsindia.online
21130185788,Flaky Gem Rolls,Signature Kitchens,undefined,Unknown,Partially Hydrogenated Oil (PHO),Ingredient (Null INS),"['US', 'CA']",Banned in US (FDA 2018 GRAS revocation) and Canada due to industrial trans fats.,True, | Unknown FSSAI category | Non-standard barcode length,OpenFoodFacts / GS1 Database,2026-08-07 02:46:51,False,foodfactsindia.online
34695122617,Rotisserie Chicken,Soules Kitchen,Meals,Unknown,Partially Hydrogenated Oil (PHO),Ingredient (Null INS),"['US', 'CA']",Banned in US (FDA 2018 GRAS revocation) and Canada due to industrial trans fats.,True, | Unknown FSSAI category | Non-standard barcode length,OpenFoodFacts / GS1 Database,2026-08-07 02:46:51,False,foodfactsindia.online
73402345109,Powdered Donuts,"Country Kitchen,  Lepage Bakeries  Inc.","Snacks, Sweet snacks, Biscuits and cakes, Cakes",CAT_15,Titanium Dioxide (E171),Additive (INS/E-Code),['EU'],Banned in EU according to additive rulebook. Functional Class: Colorant.,True, | Non-standard barcode length,OpenFoodFacts / GS1 Database,2026-08-07 02:46:51,False,foodfactsindia.online
73402345109,Powdered Donuts,"Country Kitchen,  Lepage Bakeries  Inc.","Snacks, Sweet snacks, Biscuits and cakes, Cakes",CAT_15,Partially Hydrogenated Oil (PHO),Ingredient (Null INS),"['US', 'CA']",Banned in US (FDA 2018 GRAS revocation) and Canada due to industrial trans fats.,True, | Non-standard barcode length,OpenFoodFacts / GS1 Database,2026-08-07 02:46:51,False,foodfactsindia.online
28000881054,"Maggi, bouillon cubes, vegetable",Nestlé,,Unknown,TBHQ (E319),Additive (INS/E-Code),['JP'],Banned in JP according to additive rulebook. Functional Class: Antioxidant.,True, | Unknown FSSAI category | Non-standard barcode length,OpenFoodFacts / GS1 Database,2026-08-07 02:46:51,False,foodfactsindia.online
28000881054,"Maggi, bouillon cubes, vegetable",Nestlé,,Unknown,Partially Hydrogenated Oil (PHO),Ingredient (Null INS),"['US', 'CA']",Banned in US (FDA 2018 GRAS revocation) and Canada due to industrial trans fats.,True, | Unknown FSSAI category | Non-standard barcode length,OpenFoodFacts / GS1 Database,2026-08-07 02:46:51,False,foodfactsindia.online
50000990467,French Vanilla,Nestle Coffee Mate,"Plant-based foods and beverages, Dairy substitutes, Milk substitutes, Creamer",CAT_14,Partially Hydrogenated Oil (PHO),Ingredient (Null INS),"['US', 'CA']",Banned in US (FDA 2018 GRAS revocation) and Canada due to industrial trans fats.,True, | Non-standard barcode length,OpenFoodFacts / GS1 Database,2026-08-07 02:46:51,False,foodfactsindia.online
21130495511,Chicken Gravy,Safeway Kitchens,undefined,Unknown,Partially Hydrogenated Oil (PHO),Ingredient (Null INS),"['US', 'CA']",Banned in US (FDA 2018 GRAS revocation) and Canada due to industrial trans fats.,True, | Unknown FSSAI category | Non-standard barcode length,OpenFoodFacts / GS1 Database,2026-08-07 02:46:51,False,foodfactsindia.online
21130495597,Homestyle Gravy Savory Beef,Signature Kitchens,undefined,Unknown,Partially Hydrogenated Oil (PHO),Ingredient (Null INS),"['US', 'CA']",Banned in US (FDA 2018 GRAS revocation) and Canada due to industrial trans fats.,True, | Unknown FSSAI category | Non-standard barcode length,OpenFoodFacts / GS1 Database,2026-08-07 02:46:51,False,foodfactsindia.online
40000492290,"Snickers, bar, milk chocolate, peanuts, caramel & nougat",Snickers,"Snacks, Sweet snacks, Confectioneries",CAT_15,Partially Hydrogenated Oil (PHO),Ingredient (Null INS),"['US', 'CA']",Banned in US (FDA 2018 GRAS revocation) and Canada due to industrial trans fats.,True, | Non-standard barcode length,OpenFoodFacts / GS1 Database,2026-08-07 02:46:51,False,foodfactsindia.online
44000068158,Oreo Strawberry Frosted Donut,Oreo,,CAT_07,Erythrosine (E127),Additive (INS/E-Code),['US'],Banned in US according to additive rulebook. Functional Class: Additive.,True, | Non-standard barcode length,OpenFoodFacts / GS1 Database,2026-08-07 02:46:51,False,foodfactsindia.online
745367368232,Easter Sprinkles,Brand's Country Kitchen Supplies  Inc.,Baking decorations,Unknown,Erythrosine (E127),Additive (INS/E-Code),['US'],Banned in US according to additive rulebook. Functional Class: Additive.,True, | Unknown FSSAI category,OpenFoodFacts / GS1 Database,2026-08-07 02:46:51,False,foodfactsindia.online
37600248068,"Kid's kitchen, instant pudding, chocolate peanut butter",Kid's Kitchen,Desserts,Unknown,Titanium Dioxide (E171),Additive (INS/E-Code),['EU'],Banned in EU according to additive rulebook. Functional Class: Colorant.,True, | Unknown FSSAI category | Non-standard barcode length,OpenFoodFacts / GS1 Database,2026-08-07 02:46:51,False,foodfactsindia.online
37600248068,"Kid's kitchen, instant pudding, chocolate peanut butter",Kid's Kitchen,Desserts,Unknown,Partially Hydrogenated Oil (PHO),Ingredient (Null INS),"['US', 'CA']",Banned in US (FDA 2018 GRAS revocation) and Canada due to industrial trans fats.,True, | Unknown FSSAI category | Non-standard barcode length,OpenFoodFacts / GS1 Database,2026-08-07 02:46:51,False,foodfactsindia.online
28000130008,Candy,Nestle,"Snacks, Sweet snacks, Confectioneries, Candies",CAT_15,TBHQ (E319),Additive (INS/E-Code),['JP'],Banned in JP according to additive rulebook. Functional Class: Antioxidant.,True, | Non-standard barcode length,OpenFoodFacts / GS1 Database,2026-08-07 02:46:51,False,foodfactsindia.online
40000503170,"Snickers, fun size crisper",Snickers,"Snacks, Sweet snacks, Cocoa and its products, Confectioneries, Chocolate candies",CAT_15,Partially Hydrogenated Oil (PHO),Ingredient (Null INS),"['US', 'CA']",Banned in US (FDA 2018 GRAS revocation) and Canada due to industrial trans fats.,True, | Non-standard barcode length,OpenFoodFacts / GS1 Database,2026-08-07 02:46:51,False,foodfactsindia.online
66721009401,White Fudge Covered Oreos,"Oreo,",,CAT_07,Titanium Dioxide (E171),Additive (INS/E-Code),['EU'],Banned in EU according to additive rulebook. Functional Class: Colorant.,True, | Non-standard barcode length,OpenFoodFacts / GS1 Database,2026-08-07 02:46:51,False,foodfactsindia.online
28000517311,"Maggi, creamy seafood soup mix",Maggi,"Meals, Soups",CAT_12,TBHQ (E319),Additive (INS/E-Code),['JP'],Banned in JP according to additive rulebook. Functional Class: Antioxidant.,True, | Non-standard barcode length,OpenFoodFacts / GS1 Database,2026-08-07 02:46:51,False,foodfactsindia.online
28000517311,"Maggi, creamy seafood soup mix",Maggi,"Meals, Soups",CAT_12,Partially Hydrogenated Oil (PHO),Ingredient (Null INS),"['US', 'CA']",Banned in US (FDA 2018 GRAS revocation) and Canada due to industrial trans fats.,True, | Non-standard barcode length,OpenFoodFacts / GS1 Database,2026-08-07 02:46:51,False,foodfactsindia.online
28000800093,Liquid coffee creamer,Nestlé,"Plant-based foods and beverages, Dairy substitutes, Milk substitutes, Creamer",CAT_14,Partially Hydrogenated Oil (PHO),Ingredient (Null INS),"['US', 'CA']",Banned in US (FDA 2018 GRAS revocation) and Canada due to industrial trans fats.,True, | Non-standard barcode length,OpenFoodFacts / GS1 Database,2026-08-07 02:46:51,False,foodfactsindia.online
21130110025,Cornbread Stuffing Mix,"Safeway Kitchens,  Safeway  Inc.",undefined,Unknown,Partially Hydrogenated Oil (PHO),Ingredient (Null INS),"['US', 'CA']",Banned in US (FDA 2018 GRAS revocation) and Canada due to industrial trans fats.,True, | Unknown FSSAI category | Non-standard barcode length,OpenFoodFacts / GS1 Database,2026-08-07 02:46:51,False,foodfactsindia.online
73402352008,Plain Powdered Fine Donuts,"Country Kitchen,  Lepage Bakeries  Inc.","Snacks, Sweet snacks, Biscuits and cakes, Cakes",CAT_15,Titanium Dioxide (E171),Additive (INS/E-Code),['EU'],Banned in EU according to additive rulebook. Functional Class: Colorant.,True, | Non-standard barcode length,OpenFoodFacts / GS1 Database,2026-08-07 02:46:51,False,foodfactsindia.online
73402352008,Plain Powdered Fine Donuts,"Country Kitchen,  Lepage Bakeries  Inc.","Snacks, Sweet snacks, Biscuits and cakes, Cakes",CAT_15,Partially Hydrogenated Oil (PHO),Ingredient (Null INS),"['US', 'CA']",Banned in US (FDA 2018 GRAS revocation) and Canada due to industrial trans fats.,True, | Non-standard barcode length,OpenFoodFacts / GS1 Database,2026-08-07 02:46:51,False,foodfactsindia.online
722652690025,"Steak, Egg & Muenster Cheese On Everything Bagel",Buddy's Kitchen  Inc.,Sandwiches,Unknown,TBHQ (E319),Additive (INS/E-Code),['JP'],Banned in JP according to additive rulebook. Functional Class: Antioxidant.,True, | Unknown FSSAI category,OpenFoodFacts / GS1 Database,2026-08-07 02:46:51,False,foodfactsindia.online
722652690025,"Steak, Egg & Muenster Cheese On Everything Bagel",Buddy's Kitchen  Inc.,Sandwiches,Unknown,Partially Hydrogenated Oil (PHO),Ingredient (Null INS),"['US', 'CA']",Banned in US (FDA 2018 GRAS revocation) and Canada due to industrial trans fats.,True, | Unknown FSSAI category,OpenFoodFacts / GS1 Database,2026-08-07 02:46:51,False,foodfactsindia.online
21130495535,Turkey Gravy,Signature Kitchens,undefined,Unknown,Partially Hydrogenated Oil (PHO),Ingredient (Null INS),"['US', 'CA']",Banned in US (FDA 2018 GRAS revocation) and Canada due to industrial trans fats.,True, | Unknown FSSAI category | Non-standard barcode length,OpenFoodFacts / GS1 Database,2026-08-07 02:46:51,False,foodfactsindia.online
21130479436,Ranch Dressing & Dip,"Safeway Kitchens,  Safeway  Inc.",undefined,Unknown,Titanium Dioxide (E171),Additive (INS/E-Code),['EU'],Banned in EU according to additive rulebook. Functional Class: Colorant.,True, | Unknown FSSAI category | Non-standard barcode length,OpenFoodFacts / GS1 Database,2026-08-07 02:46:51,False,foodfactsindia.online
61200018585,Mini Eggs,Cadbury,"Cocoa and its products, Chocolate eggs, en:confectioneries",CAT_14,Titanium Dioxide (E171),Additive (INS/E-Code),['EU'],Banned in EU according to additive rulebook. Functional Class: Colorant.,True, | Non-standard barcode length,OpenFoodFacts / GS1 Database,2026-08-07 02:46:51,False,foodfactsindia.online
72554001543,Drumstick vanilla ice cream cone,Nestlé,"Desserts, Frozen foods, Frozen desserts",Unknown,Partially Hydrogenated Oil (PHO),Ingredient (Null INS),"['US', 'CA']",Banned in US (FDA 2018 GRAS revocation) and Canada due to industrial trans fats.,True, | Unknown FSSAI category | Non-standard barcode length,OpenFoodFacts / GS1 Database,2026-08-07 02:46:51,False,foodfactsindia.online
61200016741,Mini Eggs,Cadbury,,CAT_05,Titanium Dioxide (E171),Additive (INS/E-Code),['EU'],Banned in EU according to additive rulebook. Functional Class: Colorant.,True, | Non-standard barcode length,OpenFoodFacts / GS1 Database,2026-08-07 02:46:51,False,foodfactsindia.online
745367363336,Decorating Candies,Brand's Country Kitchen Supplies  Inc.,Baking decorations,Unknown,Erythrosine (E127),Additive (INS/E-Code),['US'],Banned in US according to additive rulebook. Functional Class: Additive.,True, | Unknown FSSAI category,OpenFoodFacts / GS1 Database,2026-08-07 02:46:51,False,foodfactsindia.online
23933681092,"Dierbergs kitchen, brownies, iced pecans","Dierbergs Kitchen,  Dierberg's Markets  Inc.","Snacks, Sweet snacks, Biscuits and cakes, Cakes",CAT_15,Partially Hydrogenated Oil (PHO),Ingredient (Null INS),"['US', 'CA']",Banned in US (FDA 2018 GRAS revocation) and Canada due to industrial trans fats.,True, | Non-standard barcode length,OpenFoodFacts / GS1 Database,2026-08-07 02:46:51,False,foodfactsindia.online
44000058029,White Fudge Covered Oreo Bite,Oreo,"Snacks, Sweet snacks, Biscuits and cakes, Biscuits",CAT_15,Titanium Dioxide (E171),Additive (INS/E-Code),['EU'],Banned in EU according to additive rulebook. Functional Class: Colorant.,True, | Non-standard barcode length,OpenFoodFacts / GS1 Database,2026-08-07 02:46:51,False,foodfactsindia.online
28000010775,Bars,Nestlé,"Snacks, Sweet snacks, Cocoa and its products, Confectioneries, Chocolate candies",CAT_15,TBHQ (E319),Additive (INS/E-Code),['JP'],Banned in JP according to additive rulebook. Functional Class: Antioxidant.,True, | Non-standard barcode length,OpenFoodFacts / GS1 Database,2026-08-07 02:46:51,False,foodfactsindia.online
9300605012578,Kool mints,"Nestlé, Allens",,Unknown,Titanium Dioxide (E171),Additive (INS/E-Code),['EU'],Banned in EU according to additive rulebook. Functional Class: Colorant.,True, | Unknown FSSAI category,OpenFoodFacts / GS1 Database,2026-08-07 02:46:51,False,foodfactsindia.online
28000881016,"Bouillon Cubes, Beef",Maggi,"Condiments, Groceries",CAT_12,TBHQ (E319),Additive (INS/E-Code),['JP'],Banned in JP according to additive rulebook. Functional Class: Antioxidant.,True, | Non-standard barcode length,OpenFoodFacts / GS1 Database,2026-08-07 02:46:51,False,foodfactsindia.online
28000881016,"Bouillon Cubes, Beef",Maggi,"Condiments, Groceries",CAT_12,Partially Hydrogenated Oil (PHO),Ingredient (Null INS),"['US', 'CA']",Banned in US (FDA 2018 GRAS revocation) and Canada due to industrial trans fats.,True, | Non-standard barcode length,OpenFoodFacts / GS1 Database,2026-08-07 02:46:51,False,foodfactsindia.online
50000904976,"Coffee creamer, snicker doodle",Snickers,"Plant-based foods and beverages, Dairy substitutes, Milk substitutes, Creamer",CAT_14,Partially Hydrogenated Oil (PHO),Ingredient (Null INS),"['US', 'CA']",Banned in US (FDA 2018 GRAS revocation) and Canada due to industrial trans fats.,True, | Non-standard barcode length,OpenFoodFacts / GS1 Database,2026-08-07 02:46:51,False,foodfactsindia.online
71800818058,Unsalted Margarine,Saffola,"Plant-based foods and beverages, Plant-based foods, Fats, Spreads, Plant-based spreads, Salted spreads, Spreadable fats, Vegetable fats, Margarines, Unsalted margarines",CAT_14,Partially Hydrogenated Oil (PHO),Ingredient (Null INS),"['US', 'CA']",Banned in US (FDA 2018 GRAS revocation) and Canada due to industrial trans fats.,True, | Non-standard barcode length,OpenFoodFacts / GS1 Database,2026-08-07 02:46:51,False,foodfactsindia.online
50000114757,Nestle coffeemate coffee creamer sweetened original,Nestlé,,Unknown,Partially Hydrogenated Oil (PHO),Ingredient (Null INS),"['US', 'CA']",Banned in US (FDA 2018 GRAS revocation) and Canada due to industrial trans fats.,True, | Unknown FSSAI category | Non-standard barcode length,OpenFoodFacts / GS1 Database,2026-08-07 02:46:51,False,foodfactsindia.online
38000391187,Froot loops sweetened multi grain cereal,Kellogg's,"Plant-based foods and beverages, Plant-based foods, Breakfasts, Cereals and potatoes, Cereals and their products, Breakfast cereals, extruded cereals",CAT_15,Partially Hydrogenated Oil (PHO),Ingredient (Null INS),"['US', 'CA']",Banned in US (FDA 2018 GRAS revocation) and Canada due to industrial trans fats.,True, | Non-standard barcode length,OpenFoodFacts / GS1 Database,2026-08-07 02:46:51,False,foodfactsindia.online
38000924408,"Kellogg's, pop-tarts, frosted toaster pastries, chocolate peanut butter, frosted chocolate peanut butter",Kellogg's,"Snacks, Breakfasts, Sweet snacks, Biscuits and cakes, Sweet pies, Pastries, Pies",CAT_15,TBHQ (E319),Additive (INS/E-Code),['JP'],Banned in JP according to additive rulebook. Functional Class: Antioxidant.,True, | Non-standard barcode length,OpenFoodFacts / GS1 Database,2026-08-07 02:46:51,False,foodfactsindia.online
50000397600,"Mini marshmallows hot cocoa mix, rich milk chocolate",Nestlé,"Boissons et préparations de boissons, Boissons, Produits déshydratés, Produits lyophilisés à reconstituer, Boissons lyophilisées",Unknown,Partially Hydrogenated Oil (PHO),Ingredient (Null INS),"['US', 'CA']",Banned in US (FDA 2018 GRAS revocation) and Canada due to industrial trans fats.,True, | Unknown FSSAI category | Non-standard barcode length,OpenFoodFacts / GS1 Database,2026-08-07 02:46:51,False,foodfactsindia.online
738464961697,"Heritage Candy Company, Cranberry & Fruit Blend",Heritage Candy Company  Inc.,,Unknown,Titanium Dioxide (E171),Additive (INS/E-Code),['EU'],Banned in EU according to additive rulebook. Functional Class: Colorant.,True, | Unknown FSSAI category,OpenFoodFacts / GS1 Database,2026-08-07 02:46:51,False,foodfactsindia.online
738464961697,"Heritage Candy Company, Cranberry & Fruit Blend",Heritage Candy Company  Inc.,,Unknown,Partially Hydrogenated Oil (PHO),Ingredient (Null INS),"['US', 'CA']",Banned in US (FDA 2018 GRAS revocation) and Canada due to industrial trans fats.,True, | Unknown FSSAI category,OpenFoodFacts / GS1 Database,2026-08-07 02:46:51,False,foodfactsindia.online
50000388257,French Vanilla Coffee Mate Zero Sugar,Nestlé Coffee mate,"Plant-based foods and beverages, Dairy substitutes, Milk substitutes, Creamer",CAT_14,Partially Hydrogenated Oil (PHO),Ingredient (Null INS),"['US', 'CA']",Banned in US (FDA 2018 GRAS revocation) and Canada due to industrial trans fats.,True, | Non-standard barcode length,OpenFoodFacts / GS1 Database,2026-08-07 02:46:51,False,foodfactsindia.online
40000459194,"Snickers, bar, pumpkin",Snickers,"Snacks, Sweet snacks, Cocoa and its products, Confectioneries, Chocolate candies",CAT_15,Partially Hydrogenated Oil (PHO),Ingredient (Null INS),"['US', 'CA']",Banned in US (FDA 2018 GRAS revocation) and Canada due to industrial trans fats.,True, | Non-standard barcode length,OpenFoodFacts / GS1 Database,2026-08-07 02:46:51,False,foodfactsindia.online
85239807699,"Monster trail mix with nuts, candy & raisins","Monster,  Target Stores",Snacks,CAT_15,Partially Hydrogenated Oil (PHO),Ingredient (Null INS),"['US', 'CA']",Banned in US (FDA 2018 GRAS revocation) and Canada due to industrial trans fats.,True, | Non-standard barcode length,OpenFoodFacts / GS1 Database,2026-08-07 02:46:51,False,foodfactsindia.online
28000740108,Candy bars,Nestle,"Snacks, Sweet snacks, Confectioneries",CAT_15,TBHQ (E319),Additive (INS/E-Code),['JP'],Banned in JP according to additive rulebook. Functional Class: Antioxidant.,True, | Non-standard barcode length,OpenFoodFacts / GS1 Database,2026-08-07 02:46:51,False,foodfactsindia.online
21130336975,Au Gratin Potatoes,Signature Kitchens,undefined,Unknown,Partially Hydrogenated Oil (PHO),Ingredient (Null INS),"['US', 'CA']",Banned in US (FDA 2018 GRAS revocation) and Canada due to industrial trans fats.,True, | Unknown FSSAI category | Non-standard barcode length,OpenFoodFacts / GS1 Database,2026-08-07 02:46:51,False,foodfactsindia.online
28000516017,Chicken flavored rice soup mix,Maggi,"Meals, Soups",CAT_12,Partially Hydrogenated Oil (PHO),Ingredient (Null INS),"['US', 'CA']",Banned in US (FDA 2018 GRAS revocation) and Canada due to industrial trans fats.,True, | Non-standard barcode length,OpenFoodFacts / GS1 Database,2026-08-07 02:46:51,False,foodfactsindia.online
40000493198,"Snickers, milk chocolate, peanut, caramel, nougat",Snickers,"Snacks, Sweet snacks, Cocoa and its products, Confectioneries, Chocolate candies",CAT_15,Partially Hydrogenated Oil (PHO),Ingredient (Null INS),"['US', 'CA']",Banned in US (FDA 2018 GRAS revocation) and Canada due to industrial trans fats.,True, | Non-standard barcode length,OpenFoodFacts / GS1 Database,2026-08-07 02:46:51,False,foodfactsindia.online
6001065034027,Laduma Lunch Bar Camury,"Cadbury,Mondelez","Snacks, Snacks sucrés, Cacao et dérivés, Confiseries, Barres, Confiseries chocolatées, Barres chocolatées",CAT_05,Green S (E142),Additive (INS/E-Code),"['IN', 'JP', 'US']","Banned in IN, JP, US according to additive rulebook. Functional Class: Additive.",True,Claims banned in India - verify against FSSAI Schedule 2.4.5,OpenFoodFacts / GS1 Database,2026-08-07 02:46:51,False,foodfactsindia.online
72554218606,drumstick,Nestlé,,Unknown,Partially Hydrogenated Oil (PHO),Ingredient (Null INS),"['US', 'CA']",Banned in US (FDA 2018 GRAS revocation) and Canada due to industrial trans fats.,True, | Unknown FSSAI category | Non-standard barcode length,OpenFoodFacts / GS1 Database,2026-08-07 02:46:51,False,foodfactsindia.online
28000084004,Milk chocolate with peanuts & raisins,Nestlé,"Snacks, Sweet snacks, Cocoa and its products, Confectioneries, Chocolate candies",CAT_15,TBHQ (E319),Additive (INS/E-Code),['JP'],Banned in JP according to additive rulebook. Functional Class: Antioxidant.,True, | Non-standard barcode length,OpenFoodFacts / GS1 Database,2026-08-07 02:46:51,False,foodfactsindia.online
43456076908,Bouillon tblt chckn,Maggi,"Condiments, Groceries",CAT_12,TBHQ (E319),Additive (INS/E-Code),['JP'],Banned in JP according to additive rulebook. Functional Class: Antioxidant.,True, | Non-standard barcode length,OpenFoodFacts / GS1 Database,2026-08-07 02:46:51,False,foodfactsindia.online
43456076908,Bouillon tblt chckn,Maggi,"Condiments, Groceries",CAT_12,Partially Hydrogenated Oil (PHO),Ingredient (Null INS),"['US', 'CA']",Banned in US (FDA 2018 GRAS revocation) and Canada due to industrial trans fats.,True, | Non-standard barcode length,OpenFoodFacts / GS1 Database,2026-08-07 02:46:51,False,foodfactsindia.online
40000487746,"Snickers, nut crackers milk chocolate, caramel and peanuts",Snickers,"Snacks, Sweet snacks, Cocoa and its products, Confectioneries, Chocolate candies",CAT_15,Partially Hydrogenated Oil (PHO),Ingredient (Null INS),"['US', 'CA']",Banned in US (FDA 2018 GRAS revocation) and Canada due to industrial trans fats.,True, | Non-standard barcode length,OpenFoodFacts / GS1 Database,2026-08-07 02:46:51,False,foodfactsindia.online
817719022007,Fit crunch mint chocolate chip,Fitcrunch,,Unknown,Titanium Dioxide (E171),Additive (INS/E-Code),['EU'],Banned in EU according to additive rulebook. Functional Class: Colorant.,True, | Unknown FSSAI category,OpenFoodFacts / GS1 Database,2026-08-07 02:46:51,False,foodfactsindia.online
40000424314,Snickers,Snickers,,CAT_05,Partially Hydrogenated Oil (PHO),Ingredient (Null INS),"['US', 'CA']",Banned in US (FDA 2018 GRAS revocation) and Canada due to industrial trans fats.,True, | Non-standard barcode length,OpenFoodFacts / GS1 Database,2026-08-07 02:46:51,False,foodfactsindia.online
50000368150,Coffee mate Zero Sugar Pumpkin Spice,Nestlé,,Unknown,Partially Hydrogenated Oil (PHO),Ingredient (Null INS),"['US', 'CA']",Banned in US (FDA 2018 GRAS revocation) and Canada due to industrial trans fats.,True, | Unknown FSSAI category | Non-standard barcode length,OpenFoodFacts / GS1 Database,2026-08-07 02:46:51,False,foodfactsindia.online
66721026385,Mini Eggs cookies,Chips Ahoy! Cadbury,Biscuits pépites de chocolat,CAT_14,Titanium Dioxide (E171),Additive (INS/E-Code),['EU'],Banned in EU according to additive rulebook. Functional Class: Colorant.,True, | Non-standard barcode length,OpenFoodFacts / GS1 Database,2026-08-07 02:46:51,False,foodfactsindia.online
44000071868,Chocolage confetti cake,Oreo,,CAT_07,Erythrosine (E127),Additive (INS/E-Code),['US'],Banned in US according to additive rulebook. Functional Class: Additive.,True, | Non-standard barcode length,OpenFoodFacts / GS1 Database,2026-08-07 02:46:51,False,foodfactsindia.online
61200018479,DAIRY MILK Mini Eggs,Cadbury,,CAT_05,Titanium Dioxide (E171),Additive (INS/E-Code),['EU'],Banned in EU according to additive rulebook. Functional Class: Colorant.,True, | Non-standard barcode length,OpenFoodFacts / GS1 Database,2026-08-07 02:46:51,False,foodfactsindia.online
21130558018,Sour Gummi Worms Candy,"Signature Kitchens,  Safeway  Inc.","Snacks, Sweet snacks, Confectioneries",CAT_15,Titanium Dioxide (E171),Additive (INS/E-Code),['EU'],Banned in EU according to additive rulebook. Functional Class: Colorant.,True, | Non-standard barcode length,OpenFoodFacts / GS1 Database,2026-08-07 02:46:51,False,foodfactsindia.online
40000503781,"Snickers, snickers minis",Snickers,"Snacks, Sweet snacks, Confectioneries",CAT_15,Partially Hydrogenated Oil (PHO),Ingredient (Null INS),"['US', 'CA']",Banned in US (FDA 2018 GRAS revocation) and Canada due to industrial trans fats.,True, | Non-standard barcode length,OpenFoodFacts / GS1 Database,2026-08-07 02:46:51,False,foodfactsindia.online
7501059285217,COFFEE MATE ORIGINAL,NESTLE,"Alimentos y bebidas de origen vegetal, Bebidas, Alimentos de origen vegetal, Cafés, Bebidas azucaradas, CREMAS, SUSTITUTO DE CREMA",Unknown,Titanium Dioxide (E171),Additive (INS/E-Code),['EU'],Banned in EU according to additive rulebook. Functional Class: Colorant.,True, | Unknown FSSAI category,OpenFoodFacts / GS1 Database,2026-08-07 02:46:51,False,foodfactsindia.online
745367363374,Valentine's Day Decorating Candies,"Target Corporation,  Brand's Country Kitchen Supplies  Inc.",,Unknown,Erythrosine (E127),Additive (INS/E-Code),['US'],Banned in US according to additive rulebook. Functional Class: Additive.,True, | Unknown FSSAI category,OpenFoodFacts / GS1 Database,2026-08-07 02:46:51,False,foodfactsindia.online
745367363374,Valentine's Day Decorating Candies,"Target Corporation,  Brand's Country Kitchen Supplies  Inc.",,Unknown,Titanium Dioxide (E171),Additive (INS/E-Code),['EU'],Banned in EU according to additive rulebook. Functional Class: Colorant.,True, | Unknown FSSAI category,OpenFoodFacts / GS1 Database,2026-08-07 02:46:51,False,foodfactsindia.online
745367363374,Valentine's Day Decorating Candies,"Target Corporation,  Brand's Country Kitchen Supplies  Inc.",,Unknown,Partially Hydrogenated Oil (PHO),Ingredient (Null INS),"['US', 'CA']",Banned in US (FDA 2018 GRAS revocation) and Canada due to industrial trans fats.,True, | Unknown FSSAI category,OpenFoodFacts / GS1 Database,2026-08-07 02:46:51,False,foodfactsindia.online
745367363527,"Target corporation, easter sprinkles","Target Corporation,  Brand's Country Kitchen Supplies  Inc.",Baking decorations,Unknown,Erythrosine (E127),Additive (INS/E-Code),['US'],Banned in US according to additive rulebook. Functional Class: Additive.,True, | Unknown FSSAI category,OpenFoodFacts / GS1 Database,2026-08-07 02:46:51,False,foodfactsindia.online
745367368188,Easer Decors Kit,Brand's Country Kitchen Supplies  Inc.,,Unknown,Erythrosine (E127),Additive (INS/E-Code),['US'],Banned in US according to additive rulebook. Functional Class: Additive.,True, | Unknown FSSAI category,OpenFoodFacts / GS1 Database,2026-08-07 02:46:51,False,foodfactsindia.online
745367368188,Easer Decors Kit,Brand's Country Kitchen Supplies  Inc.,,Unknown,Partially Hydrogenated Oil (PHO),Ingredient (Null INS),"['US', 'CA']",Banned in US (FDA 2018 GRAS revocation) and Canada due to industrial trans fats.,True, | Unknown FSSAI category,OpenFoodFacts / GS1 Database,2026-08-07 02:46:51,False,foodfactsindia.online
40000499039,"Snickers, candy bar",Snickers,"Snacks, Sweet snacks, Cocoa and its products, Confectioneries, Chocolate candies",CAT_15,Partially Hydrogenated Oil (PHO),Ingredient (Null INS),"['US', 'CA']",Banned in US (FDA 2018 GRAS revocation) and Canada due to industrial trans fats.,True, | Non-standard barcode length,OpenFoodFacts / GS1 Database,2026-08-07 02:46:51,False,foodfactsindia.online
7501059282629,Coffee Mate Lite,Nestle,Sustituto de crema en polvo,Unknown,Titanium Dioxide (E171),Additive (INS/E-Code),['EU'],Banned in EU according to additive rulebook. Functional Class: Colorant.,True, | Unknown FSSAI category,OpenFoodFacts / GS1 Database,2026-08-07 02:46:51,False,foodfactsindia.online
50000800049,Hazelnut Artificial Flavor,Nestlé Coffee mate,"Plant-based foods and beverages, Dairy substitutes, Milk substitutes, Creamer",CAT_14,Partially Hydrogenated Oil (PHO),Ingredient (Null INS),"['US', 'CA']",Banned in US (FDA 2018 GRAS revocation) and Canada due to industrial trans fats.,True, | Non-standard barcode length,OpenFoodFacts / GS1 Database,2026-08-07 02:46:51,False,foodfactsindia.online
61200016420,Mini Eggs,Cadbury,"Snacks, Snacks sucrés, Cacao et dérivés, Confiseries, Aliments festifs, Aliments de Pâques, Oeufs en chocolat, Œufs de Pâques",CAT_15,Titanium Dioxide (E171),Additive (INS/E-Code),['EU'],Banned in EU according to additive rulebook. Functional Class: Colorant.,True, | Non-standard barcode length,OpenFoodFacts / GS1 Database,2026-08-07 02:46:51,False,foodfactsindia.online
786832820442,Sourdough Sauerkraut Rye Dinner Rolls,Royal Kitchens Inc.,"Plant-based foods and beverages, Plant-based foods, Cereals and potatoes, Breads",CAT_14,Potassium Bromate (E924A),Additive (INS/E-Code),"['EU', 'IN']","Banned in EU, IN according to additive rulebook. Functional Class: FLOUR_TREATMENT_AGENT.",True,Claims banned in India - verify against FSSAI Schedule 2.4.5,OpenFoodFacts / GS1 Database,2026-08-07 02:46:51,False,foodfactsindia.online
50428517680,Monster decorating kit,"Monster,  Cvs Pharmacy  Inc.",Baking decorations,Unknown,Erythrosine (E127),Additive (INS/E-Code),['US'],Banned in US according to additive rulebook. Functional Class: Additive.,True, | Unknown FSSAI category | Non-standard barcode length,OpenFoodFacts / GS1 Database,2026-08-07 02:46:51,False,foodfactsindia.online
50428517680,Monster decorating kit,"Monster,  Cvs Pharmacy  Inc.",Baking decorations,Unknown,Titanium Dioxide (E171),Additive (INS/E-Code),['EU'],Banned in EU according to additive rulebook. Functional Class: Colorant.,True, | Unknown FSSAI category | Non-standard barcode length,OpenFoodFacts / GS1 Database,2026-08-07 02:46:51,False,foodfactsindia.online
50428517680,Monster decorating kit,"Monster,  Cvs Pharmacy  Inc.",Baking decorations,Unknown,Partially Hydrogenated Oil (PHO),Ingredient (Null INS),"['US', 'CA']",Banned in US (FDA 2018 GRAS revocation) and Canada due to industrial trans fats.,True, | Unknown FSSAI category | Non-standard barcode length,OpenFoodFacts / GS1 Database,2026-08-07 02:46:51,False,foodfactsindia.online
21130404186,Pudding Snack,Safeway Kitchens,undefined,Unknown,Partially Hydrogenated Oil (PHO),Ingredient (Null INS),"['US', 'CA']",Banned in US (FDA 2018 GRAS revocation) and Canada due to industrial trans fats.,True, | Unknown FSSAI category | Non-standard barcode length,OpenFoodFacts / GS1 Database,2026-08-07 02:46:51,False,foodfactsindia.online
61200015089,Mini Eggs,Cadbury Dairy Milk,"Snacks, Sweet snacks, Cocoa and its products, Confectioneries, Chocolates, Milk chocolates",CAT_15,Titanium Dioxide (E171),Additive (INS/E-Code),['EU'],Banned in EU according to additive rulebook. Functional Class: Colorant.,True, | Non-standard barcode length,OpenFoodFacts / GS1 Database,2026-08-07 02:46:51,False,foodfactsindia.online
7501059299382,COFFEE MATE CREMA IRLANDESA,NESTLE,"Alimentos y bebidas de origen vegetal, Bebidas, Alimentos de origen vegetal, Cafés, Bebidas azucaradas, CREMAS, SUSTITUTO DE CREMA",Unknown,Titanium Dioxide (E171),Additive (INS/E-Code),['EU'],Banned in EU according to additive rulebook. Functional Class: Colorant.,True, | Unknown FSSAI category,OpenFoodFacts / GS1 Database,2026-08-07 02:46:51,False,foodfactsindia.online
745367363381,Spring Sugars,Brand's Country Kitchen Supplies  Inc.,Baking decorations,Unknown,Erythrosine (E127),Additive (INS/E-Code),['US'],Banned in US according to additive rulebook. Functional Class: Additive.,True, | Unknown FSSAI category,OpenFoodFacts / GS1 Database,2026-08-07 02:46:51,False,foodfactsindia.online
745367363466,Easter Decors,Brand's Country Kitchen Supplies  Inc.,,Unknown,Erythrosine (E127),Additive (INS/E-Code),['US'],Banned in US according to additive rulebook. Functional Class: Additive.,True, | Unknown FSSAI category,OpenFoodFacts / GS1 Database,2026-08-07 02:46:51,False,foodfactsindia.online
745367363466,Easter Decors,Brand's Country Kitchen Supplies  Inc.,,Unknown,Partially Hydrogenated Oil (PHO),Ingredient (Null INS),"['US', 'CA']",Banned in US (FDA 2018 GRAS revocation) and Canada due to industrial trans fats.,True, | Unknown FSSAI category,OpenFoodFacts / GS1 Database,2026-08-07 02:46:51,False,foodfactsindia.online
745367367228,Noel Blend Decorating Candies,Brand's Country Kitchen Supplies  Inc.,Baking decorations,Unknown,Titanium Dioxide (E171),Additive (INS/E-Code),['EU'],Banned in EU according to additive rulebook. Functional Class: Colorant.,True, | Unknown FSSAI category,OpenFoodFacts / GS1 Database,2026-08-07 02:46:51,False,foodfactsindia.online
745367367228,Noel Blend Decorating Candies,Brand's Country Kitchen Supplies  Inc.,Baking decorations,Unknown,Partially Hydrogenated Oil (PHO),Ingredient (Null INS),"['US', 'CA']",Banned in US (FDA 2018 GRAS revocation) and Canada due to industrial trans fats.,True, | Unknown FSSAI category,OpenFoodFacts / GS1 Database,2026-08-07 02:46:51,False,foodfactsindia.online
23933672472,"Dierbergs kitchen, white/white iced cupcake cake",Dierbergs Kitchen,"Snacks, Sweet snacks, Biscuits and cakes, Cakes",CAT_15,Erythrosine (E127),Additive (INS/E-Code),['US'],Banned in US according to additive rulebook. Functional Class: Additive.,True, | Non-standard barcode length,OpenFoodFacts / GS1 Database,2026-08-07 02:46:51,False,foodfactsindia.online
28000803193,Bouillon,Maggi,,CAT_06,Partially Hydrogenated Oil (PHO),Ingredient (Null INS),"['US', 'CA']",Banned in US (FDA 2018 GRAS revocation) and Canada due to industrial trans fats.,True, | Non-standard barcode length,OpenFoodFacts / GS1 Database,2026-08-07 02:46:51,False,foodfactsindia.online
23933301938,"Grilled Southwest Chick'N Veggie Burger, Grilled Southwest Chick'N",Dierbergs kitchen,Meals,Unknown,TBHQ (E319),Additive (INS/E-Code),['JP'],Banned in JP according to additive rulebook. Functional Class: Antioxidant.,True, | Unknown FSSAI category | Non-standard barcode length,OpenFoodFacts / GS1 Database,2026-08-07 02:46:51,False,foodfactsindia.online
64100144835,Cheez It Snap’d,Kellogg,"Croustilles,collation",Unknown,TBHQ (E319),Additive (INS/E-Code),['JP'],Banned in JP according to additive rulebook. Functional Class: Antioxidant.,True, | Unknown FSSAI category | Non-standard barcode length,OpenFoodFacts / GS1 Database,2026-08-07 02:46:51,False,foodfactsindia.online
90272016502,"Monster mercantile, mad scientist mix candy","Monster,  Fenton Enterprises  Inc.","Snacks, Sweet snacks, Confectioneries",CAT_15,Erythrosine (E127),Additive (INS/E-Code),['US'],Banned in US according to additive rulebook. Functional Class: Additive.,True, | Non-standard barcode length,OpenFoodFacts / GS1 Database,2026-08-07 02:46:51,False,foodfactsindia.online
90272016502,"Monster mercantile, mad scientist mix candy","Monster,  Fenton Enterprises  Inc.","Snacks, Sweet snacks, Confectioneries",CAT_15,Titanium Dioxide (E171),Additive (INS/E-Code),['EU'],Banned in EU according to additive rulebook. Functional Class: Colorant.,True, | Non-standard barcode length,OpenFoodFacts / GS1 Database,2026-08-07 02:46:51,False,foodfactsindia.online
44000083847,Reeses,Oreo,,CAT_07,TBHQ (E319),Additive (INS/E-Code),['JP'],Banned in JP according to additive rulebook. Functional Class: Antioxidant.,True, | Non-standard barcode length,OpenFoodFacts / GS1 Database,2026-08-07 02:46:51,False,foodfactsindia.online
50000368907,"Coffee creamer, hazelnut",Nestlé,"Plant-based foods and beverages, Dairy substitutes, Milk substitutes, Creamer",CAT_14,Partially Hydrogenated Oil (PHO),Ingredient (Null INS),"['US', 'CA']",Banned in US (FDA 2018 GRAS revocation) and Canada due to industrial trans fats.,True, | Non-standard barcode length,OpenFoodFacts / GS1 Database,2026-08-07 02:46:51,False,foodfactsindia.online
32000397187,Froot Loops,Kellogg's,"Plant-based foods and beverages, Plant-based foods, Breakfasts, Cereals and potatoes, Cereals and their products, Breakfast cereals, extruded cereals",CAT_15,Partially Hydrogenated Oil (PHO),Ingredient (Null INS),"['US', 'CA']",Banned in US (FDA 2018 GRAS revocation) and Canada due to industrial trans fats.,True, | Non-standard barcode length,OpenFoodFacts / GS1 Database,2026-08-07 02:46:51,False,foodfactsindia.online
73402353005,Fine cinnamon donuts,"Country Kitchen,  Lepage Bakeries  Inc.","Snacks, Sweet snacks, Biscuits and cakes, Cakes",CAT_15,Partially Hydrogenated Oil (PHO),Ingredient (Null INS),"['US', 'CA']",Banned in US (FDA 2018 GRAS revocation) and Canada due to industrial trans fats.,True, | Non-standard barcode length,OpenFoodFacts / GS1 Database,2026-08-07 02:46:51,False,foodfactsindia.online
50000692255,Coffeemate liquid french vanilla,Nestlé,,Unknown,TBHQ (E319),Additive (INS/E-Code),['JP'],Banned in JP according to additive rulebook. Functional Class: Antioxidant.,True, | Unknown FSSAI category | Non-standard barcode length,OpenFoodFacts / GS1 Database,2026-08-07 02:46:51,False,foodfactsindia.online
38000225871,Baby shark berry fin tastic with marshmallows flavored cereal,Kellogg's,"Plant-based foods and beverages, Plant-based foods, Cereals and potatoes, Cereals and their products",CAT_14,Erythrosine (E127),Additive (INS/E-Code),['US'],Banned in US according to additive rulebook. Functional Class: Additive.,True, | Non-standard barcode length,OpenFoodFacts / GS1 Database,2026-08-07 02:46:51,False,foodfactsindia.online
21130308866,Salted Caramel Fudge,"Safeway Kitchens,  Safeway  Inc.",undefined,Unknown,Partially Hydrogenated Oil (PHO),Ingredient (Null INS),"['US', 'CA']",Banned in US (FDA 2018 GRAS revocation) and Canada due to industrial trans fats.,True, | Unknown FSSAI category | Non-standard barcode length,OpenFoodFacts / GS1 Database,2026-08-07 02:46:51,False,foodfactsindia.online
21130382149,"Signature kitchens, hot cocoa mix, rich chocolate",Signature Kitchens,"Beverages, Dried products, Dried products to be rehydrated, Dehydrated beverages",CAT_14,Partially Hydrogenated Oil (PHO),Ingredient (Null INS),"['US', 'CA']",Banned in US (FDA 2018 GRAS revocation) and Canada due to industrial trans fats.,True, | Non-standard barcode length,OpenFoodFacts / GS1 Database,2026-08-07 02:46:51,False,foodfactsindia.online
21130495528,Beef Gravy,Signature Kitchens,undefined,Unknown,Partially Hydrogenated Oil (PHO),Ingredient (Null INS),"['US', 'CA']",Banned in US (FDA 2018 GRAS revocation) and Canada due to industrial trans fats.,True, | Unknown FSSAI category | Non-standard barcode length,OpenFoodFacts / GS1 Database,2026-08-07 02:46:51,False,foodfactsindia.online
849896044053,Portabello Mushroom,Gourmet Kitchens,,Unknown,Partially Hydrogenated Oil (PHO),Ingredient (Null INS),"['US', 'CA']",Banned in US (FDA 2018 GRAS revocation) and Canada due to industrial trans fats.,True, | Unknown FSSAI category,OpenFoodFacts / GS1 Database,2026-08-07 02:46:51,False,foodfactsindia.online
50000800032,Coffee mate French Vanilla,Nestle,"Plant-based foods and beverages, Dairy substitutes, Milk substitutes, Creamer",CAT_14,Partially Hydrogenated Oil (PHO),Ingredient (Null INS),"['US', 'CA']",Banned in US (FDA 2018 GRAS revocation) and Canada due to industrial trans fats.,True, | Non-standard barcode length,OpenFoodFacts / GS1 Database,2026-08-07 02:46:51,False,foodfactsindia.online
44000072155,Oreo sinkerdoodle,Oreo,,CAT_07,Titanium Dioxide (E171),Additive (INS/E-Code),['EU'],Banned in EU according to additive rulebook. Functional Class: Colorant.,True, | Non-standard barcode length,OpenFoodFacts / GS1 Database,2026-08-07 02:46:51,False,foodfactsindia.online
760263711203,"Rice Mix, Cheddar, Broccoli",Bear Creek Country Kitchens,,Unknown,Partially Hydrogenated Oil (PHO),Ingredient (Null INS),"['US', 'CA']",Banned in US (FDA 2018 GRAS revocation) and Canada due to industrial trans fats.,True, | Unknown FSSAI category,OpenFoodFacts / GS1 Database,2026-08-07 02:46:51,False,foodfactsindia.online
22000117427,"Original bite size candies, original","Mars,Skittles","Snacks, Sweet snacks, Confectioneries, en:candies",CAT_15,Titanium Dioxide (E171),Additive (INS/E-Code),['EU'],Banned in EU according to additive rulebook. Functional Class: Colorant.,True, | Non-standard barcode length,OpenFoodFacts / GS1 Database,2026-08-07 02:46:51,False,foodfactsindia.online
22000012562,"Skittles, bite size candies","Mars Wrigley Confectionery, Skittles","Snacks, Sweet snacks, Confectioneries, Candies, Gummi candies",CAT_15,Titanium Dioxide (E171),Additive (INS/E-Code),['EU'],Banned in EU according to additive rulebook. Functional Class: Colorant.,True, | Non-standard barcode length,OpenFoodFacts / GS1 Database,2026-08-07 02:46:51,False,foodfactsindia.online
47677371156,Ice Cream Cones,Snickers,"Desserts, Frozen foods, Frozen desserts",CAT_05,Partially Hydrogenated Oil (PHO),Ingredient (Null INS),"['US', 'CA']",Banned in US (FDA 2018 GRAS revocation) and Canada due to industrial trans fats.,True, | Non-standard barcode length,OpenFoodFacts / GS1 Database,2026-08-07 02:46:51,False,foodfactsindia.online
34271900202,Chocolate nut pie,"Kern's,  Kern's Kitchen","Snacks, Sweet snacks, Biscuits and cakes, Cakes",CAT_15,Partially Hydrogenated Oil (PHO),Ingredient (Null INS),"['US', 'CA']",Banned in US (FDA 2018 GRAS revocation) and Canada due to industrial trans fats.,True, | Non-standard barcode length,OpenFoodFacts / GS1 Database,2026-08-07 02:46:51,False,foodfactsindia.online
940042488551,Doublemint,WRIGLEYS,,Unknown,Titanium Dioxide (E171),Additive (INS/E-Code),['EU'],Banned in EU according to additive rulebook. Functional Class: Colorant.,True, | Unknown FSSAI category,OpenFoodFacts / GS1 Database,2026-08-07 02:46:51,False,foodfactsindia.online
7891000304839,NESFIT banana,NESTLE,Biscoito,Unknown,TBHQ (E319),Additive (INS/E-Code),['JP'],Banned in JP according to additive rulebook. Functional Class: Antioxidant.,True, | Unknown FSSAI category,OpenFoodFacts / GS1 Database,2026-08-07 02:46:51,False,foodfactsindia.online
810172559301,Xl Bourbon Meatballs,Clean Eatz Kitchen,,Unknown,Titanium Dioxide (E171),Additive (INS/E-Code),['EU'],Banned in EU according to additive rulebook. Functional Class: Colorant.,True, | Unknown FSSAI category,OpenFoodFacts / GS1 Database,2026-08-07 02:46:51,False,foodfactsindia.online
50000246649,Nestle coffee mate powdered coffee creamer french vanilla,Nestlé,"Plant-based foods and beverages, Dairy substitutes, Milk substitutes, Creamer",CAT_14,Partially Hydrogenated Oil (PHO),Ingredient (Null INS),"['US', 'CA']",Banned in US (FDA 2018 GRAS revocation) and Canada due to industrial trans fats.,True, | Non-standard barcode length,OpenFoodFacts / GS1 Database,2026-08-07 02:46:51,False,foodfactsindia.online
21130405053,Instant Bouillon,Signature Kitchens,undefined,Unknown,Partially Hydrogenated Oil (PHO),Ingredient (Null INS),"['US', 'CA']",Banned in US (FDA 2018 GRAS revocation) and Canada due to industrial trans fats.,True, | Unknown FSSAI category | Non-standard barcode length,OpenFoodFacts / GS1 Database,2026-08-07 02:46:51,False,foodfactsindia.online
71214054288,Apple Cake,Old Home Kitchens,"Snacks, Sweet snacks, Biscuits and cakes, Cakes",CAT_15,Partially Hydrogenated Oil (PHO),Ingredient (Null INS),"['US', 'CA']",Banned in US (FDA 2018 GRAS revocation) and Canada due to industrial trans fats.,True, | Non-standard barcode length,OpenFoodFacts / GS1 Database,2026-08-07 02:46:51,False,foodfactsindia.online
73402350004,Fine classic plain donuts,"Country Kitchen,  Lepage Bakeries  Inc.","Snacks, Sweet snacks, Biscuits and cakes, Cakes",CAT_15,Partially Hydrogenated Oil (PHO),Ingredient (Null INS),"['US', 'CA']",Banned in US (FDA 2018 GRAS revocation) and Canada due to industrial trans fats.,True, | Non-standard barcode length,OpenFoodFacts / GS1 Database,2026-08-07 02:46:51,False,foodfactsindia.online
73402358000,Fine chocolate powdered donuts,"Country Kitchen,  Lepage Bakeries  Inc.","Snacks, Sweet snacks, Biscuits and cakes, Cakes",CAT_15,Titanium Dioxide (E171),Additive (INS/E-Code),['EU'],Banned in EU according to additive rulebook. Functional Class: Colorant.,True, | Non-standard barcode length,OpenFoodFacts / GS1 Database,2026-08-07 02:46:51,False,foodfactsindia.online
73402358000,Fine chocolate powdered donuts,"Country Kitchen,  Lepage Bakeries  Inc.","Snacks, Sweet snacks, Biscuits and cakes, Cakes",CAT_15,Partially Hydrogenated Oil (PHO),Ingredient (Null INS),"['US', 'CA']",Banned in US (FDA 2018 GRAS revocation) and Canada due to industrial trans fats.,True, | Non-standard barcode length,OpenFoodFacts / GS1 Database,2026-08-07 02:46:51,False,foodfactsindia.online
50000560240,"Hazelnut coffee creamer, hazelnut",Nestlé,,Unknown,TBHQ (E319),Additive (INS/E-Code),['JP'],Banned in JP according to additive rulebook. Functional Class: Antioxidant.,True, | Unknown FSSAI category | Non-standard barcode length,OpenFoodFacts / GS1 Database,2026-08-07 02:46:51,False,foodfactsindia.online
41548510972,Butterfnger light ice cream,Nestlé,"Desserts, Frozen foods, Frozen desserts",Unknown,TBHQ (E319),Additive (INS/E-Code),['JP'],Banned in JP according to additive rulebook. Functional Class: Antioxidant.,True, | Unknown FSSAI category | Non-standard barcode length,OpenFoodFacts / GS1 Database,2026-08-07 02:46:51,False,foodfactsindia.online
21130557950,Peppermint Starlights Candy,"Signature Kitchens,Safeway  Inc.","Snacks, Sweet snacks, Confectioneries",CAT_15,Titanium Dioxide (E171),Additive (INS/E-Code),['EU'],Banned in EU according to additive rulebook. Functional Class: Colorant.,True, | Non-standard barcode length,OpenFoodFacts / GS1 Database,2026-08-07 02:46:51,False,foodfactsindia.online
893447001385,Teriyaki Chicken,Hart Asian Kitchen,Frozen foods,Unknown,Partially Hydrogenated Oil (PHO),Ingredient (Null INS),"['US', 'CA']",Banned in US (FDA 2018 GRAS revocation) and Canada due to industrial trans fats.,True, | Unknown FSSAI category,OpenFoodFacts / GS1 Database,2026-08-07 02:46:51,False,foodfactsindia.online
10055106510,Pop-tarts Frosted S'mores Chocolate And Marshmallow Flavour,Kellogg's,,Unknown,TBHQ (E319),Additive (INS/E-Code),['JP'],Banned in JP according to additive rulebook. Functional Class: Antioxidant.,True, | Unknown FSSAI category | Non-standard barcode length,OpenFoodFacts / GS1 Database,2026-08-07 02:46:51,False,foodfactsindia.online
10055106510,Pop-tarts Frosted S'mores Chocolate And Marshmallow Flavour,Kellogg's,,Unknown,Titanium Dioxide (E171),Additive (INS/E-Code),['EU'],Banned in EU according to additive rulebook. Functional Class: Colorant.,True, | Unknown FSSAI category | Non-standard barcode length,OpenFoodFacts / GS1 Database,2026-08-07 02:46:51,False,foodfactsindia.online
38000318276,Cereal chocolatey delight,Kellogg's,"Plant-based foods and beverages, Plant-based foods, Cereals and potatoes, Cereals and their products",CAT_14,Partially Hydrogenated Oil (PHO),Ingredient (Null INS),"['US', 'CA']",Banned in US (FDA 2018 GRAS revocation) and Canada due to industrial trans fats.,True, | Non-standard barcode length,OpenFoodFacts / GS1 Database,2026-08-07 02:46:51,False,foodfactsindia.online
817719021000,Robervine's FitCrunch,FitCrunch,,Unknown,Titanium Dioxide (E171),Additive (INS/E-Code),['EU'],Banned in EU according to additive rulebook. Functional Class: Colorant.,True, | Unknown FSSAI category,OpenFoodFacts / GS1 Database,2026-08-07 02:46:51,False,foodfactsindia.online
28000560683,Peanut butter cups skull,Nestlé,"Snacks, Sweet snacks, Confectioneries",CAT_15,TBHQ (E319),Additive (INS/E-Code),['JP'],Banned in JP according to additive rulebook. Functional Class: Antioxidant.,True, | Non-standard barcode length,OpenFoodFacts / GS1 Database,2026-08-07 02:46:51,False,foodfactsindia.online
50000610402,Coffee mate,Nestle,"Plant-based foods and beverages, Dairy substitutes, Milk substitutes, Creamer",CAT_14,Partially Hydrogenated Oil (PHO),Ingredient (Null INS),"['US', 'CA']",Banned in US (FDA 2018 GRAS revocation) and Canada due to industrial trans fats.,True, | Non-standard barcode length,OpenFoodFacts / GS1 Database,2026-08-07 02:46:51,False,foodfactsindia.online
28000109059,Chicken bouillon,Maggi,"Condiments, Groceries",CAT_12,Partially Hydrogenated Oil (PHO),Ingredient (Null INS),"['US', 'CA']",Banned in US (FDA 2018 GRAS revocation) and Canada due to industrial trans fats.,True, | Non-standard barcode length,OpenFoodFacts / GS1 Database,2026-08-07 02:46:51,False,foodfactsindia.online
9300605229006,Gobstopper,Nestlé,,Unknown,Titanium Dioxide (E171),Additive (INS/E-Code),['EU'],Banned in EU according to additive rulebook. Functional Class: Colorant.,True, | Unknown FSSAI category,OpenFoodFacts / GS1 Database,2026-08-07 02:46:51,False,foodfactsindia.online
40000490418,"Snickers, unwrapped bites",Snickers,"Snacks, Sweet snacks, Confectioneries",CAT_15,Partially Hydrogenated Oil (PHO),Ingredient (Null INS),"['US', 'CA']",Banned in US (FDA 2018 GRAS revocation) and Canada due to industrial trans fats.,True, | Non-standard barcode length,OpenFoodFacts / GS1 Database,2026-08-07 02:46:51,False,foodfactsindia.online
44000032715,Nabisco oreo cookies birthday cake 1x15.25 oz,Oreo,"Snacks, Sweet snacks, Biscuits and cakes, Biscuits",CAT_15,Erythrosine (E127),Additive (INS/E-Code),['US'],Banned in US according to additive rulebook. Functional Class: Additive.,True, | Non-standard barcode length,OpenFoodFacts / GS1 Database,2026-08-07 02:46:51,False,foodfactsindia.online
50000630745,coffeemate original lite powdered creamer,Nestlé,"Plant-based foods and beverages, Dairy substitutes, Milk substitutes, Creamer",CAT_14,Partially Hydrogenated Oil (PHO),Ingredient (Null INS),"['US', 'CA']",Banned in US (FDA 2018 GRAS revocation) and Canada due to industrial trans fats.,True, | Non-standard barcode length,OpenFoodFacts / GS1 Database,2026-08-07 02:46:51,False,foodfactsindia.online
7613032984441,Bûche glacée 3 Chocolats,"Nestlé, Lanvin","Desserts, Aliments festifs, Surgelés, Aliments et boissons de Noël, Desserts glacés, Bûches de Noël, Bûches glacées",Unknown,Titanium Dioxide (E171),Additive (INS/E-Code),['EU'],Banned in EU according to additive rulebook. Functional Class: Colorant.,True, | Unknown FSSAI category,OpenFoodFacts / GS1 Database,2026-08-07 02:46:51,False,foodfactsindia.online
7501059289147,COFFEE MATE CHAI LATTE,NESTLE,"Alimentos y bebidas de origen vegetal, Bebidas, Alimentos de origen vegetal, Cafés, Bebidas azucaradas, CREMAS, SUSTITUTO DE CREMA",Unknown,Titanium Dioxide (E171),Additive (INS/E-Code),['EU'],Banned in EU according to additive rulebook. Functional Class: Colorant.,True, | Unknown FSSAI category,OpenFoodFacts / GS1 Database,2026-08-07 02:46:51,False,foodfactsindia.online
44000077334,Space Dunk,Oreo,"Snacks, Sweet snacks, Biscuits and cakes, Biscuits, en:confectioneries",CAT_15,Erythrosine (E127),Additive (INS/E-Code),['US'],Banned in US according to additive rulebook. Functional Class: Additive.,True, | Non-standard barcode length,OpenFoodFacts / GS1 Database,2026-08-07 02:46:51,False,foodfactsindia.online
28000469689,Bite-sized candy,Nestlé,"Snacks, Sweet snacks, Confectioneries",CAT_15,TBHQ (E319),Additive (INS/E-Code),['JP'],Banned in JP according to additive rulebook. Functional Class: Antioxidant.,True, | Non-standard barcode length,OpenFoodFacts / GS1 Database,2026-08-07 02:46:51,False,foodfactsindia.online
38000149856,"Pringles, loaded baked potato crisps",Pringles,Snacks,CAT_15,Partially Hydrogenated Oil (PHO),Ingredient (Null INS),"['US', 'CA']",Banned in US (FDA 2018 GRAS revocation) and Canada due to industrial trans fats.,True, | Non-standard barcode length,OpenFoodFacts / GS1 Database,2026-08-07 02:46:51,False,foodfactsindia.online
44000077228,Oreo Space Dunk,Oreo,,CAT_07,Erythrosine (E127),Additive (INS/E-Code),['US'],Banned in US according to additive rulebook. Functional Class: Additive.,True, | Non-standard barcode length,OpenFoodFacts / GS1 Database,2026-08-07 02:46:51,False,foodfactsindia.online
34695124048,ROTISSERIE CHICKEN,SOULES KITCHEN,undefined,Unknown,Partially Hydrogenated Oil (PHO),Ingredient (Null INS),"['US', 'CA']",Banned in US (FDA 2018 GRAS revocation) and Canada due to industrial trans fats.,True, | Unknown FSSAI category | Non-standard barcode length,OpenFoodFacts / GS1 Database,2026-08-07 02:46:51,False,foodfactsindia.online
50000032631,Rich Chocolate Flavor Hot Cocoa Mix,Nestlé,"Beverages, Hot cocoa mix, en:dehydrated-beverages",CAT_14,Partially Hydrogenated Oil (PHO),Ingredient (Null INS),"['US', 'CA']",Banned in US (FDA 2018 GRAS revocation) and Canada due to industrial trans fats.,True, | Non-standard barcode length,OpenFoodFacts / GS1 Database,2026-08-07 02:46:51,False,foodfactsindia.online
58496464783,M&m’s,Mars Canada,,Unknown,Titanium Dioxide (E171),Additive (INS/E-Code),['EU'],Banned in EU according to additive rulebook. Functional Class: Colorant.,True, | Unknown FSSAI category | Non-standard barcode length,OpenFoodFacts / GS1 Database,2026-08-07 02:46:51,False,foodfactsindia.online
786832900236,Focaccia,Royal Kitchens  Inc,"Plant-based foods and beverages, Plant-based foods, Cereals and potatoes, Breads",CAT_14,Potassium Bromate (E924A),Additive (INS/E-Code),"['EU', 'IN']","Banned in EU, IN according to additive rulebook. Functional Class: FLOUR_TREATMENT_AGENT.",True,Claims banned in India - verify against FSSAI Schedule 2.4.5,OpenFoodFacts / GS1 Database,2026-08-07 02:46:51,False,foodfactsindia.online
40000151463,"Snickers, chocolate bar",Snickers,"Snacks, Sweet snacks, Cocoa and its products, Confectioneries, Chocolate candies",CAT_15,Partially Hydrogenated Oil (PHO),Ingredient (Null INS),"['US', 'CA']",Banned in US (FDA 2018 GRAS revocation) and Canada due to industrial trans fats.,True, | Non-standard barcode length,OpenFoodFacts / GS1 Database,2026-08-07 02:46:51,False,foodfactsindia.online
21130266326,Chocolate Candy Coating,"Signature Kitchens,  Safeway  Inc.",undefined,Unknown,Partially Hydrogenated Oil (PHO),Ingredient (Null INS),"['US', 'CA']",Banned in US (FDA 2018 GRAS revocation) and Canada due to industrial trans fats.,True, | Unknown FSSAI category | Non-standard barcode length,OpenFoodFacts / GS1 Database,2026-08-07 02:46:51,False,foodfactsindia.online
21130501731,"Signature kitchens, sharks snacks, assorted fruit","Signature Kitchens,  Safeway  Inc.","Snacks, Sweet snacks, Confectioneries",CAT_15,Partially Hydrogenated Oil (PHO),Ingredient (Null INS),"['US', 'CA']",Banned in US (FDA 2018 GRAS revocation) and Canada due to industrial trans fats.,True, | Non-standard barcode length,OpenFoodFacts / GS1 Database,2026-08-07 02:46:51,False,foodfactsindia.online
40000393146,"Snickers, candy bar",Snickers,"Snacks, Sweet snacks, Confectioneries",CAT_15,Partially Hydrogenated Oil (PHO),Ingredient (Null INS),"['US', 'CA']",Banned in US (FDA 2018 GRAS revocation) and Canada due to industrial trans fats.,True, | Non-standard barcode length,OpenFoodFacts / GS1 Database,2026-08-07 02:46:51,False,foodfactsindia.online
72554218903,Nestle drumstick triple chocolate king size sundae cone 7.5 oz,Nestlé,,Unknown,Partially Hydrogenated Oil (PHO),Ingredient (Null INS),"['US', 'CA']",Banned in US (FDA 2018 GRAS revocation) and Canada due to industrial trans fats.,True, | Unknown FSSAI category | Non-standard barcode length,OpenFoodFacts / GS1 Database,2026-08-07 02:46:51,False,foodfactsindia.online
44000060411,Birthday Cake Flavor Creme Oreo Chocolate Sandwich Cookies,Oreo,,CAT_07,Erythrosine (E127),Additive (INS/E-Code),['US'],Banned in US according to additive rulebook. Functional Class: Additive.,True, | Non-standard barcode length,OpenFoodFacts / GS1 Database,2026-08-07 02:46:51,False,foodfactsindia.online
745367363480,"Target corporation, marbled egg shaped confetti","Target Corporation,  Brand's Country Kitchen Supplies  Inc.",Baking decorations,Unknown,Erythrosine (E127),Additive (INS/E-Code),['US'],Banned in US according to additive rulebook. Functional Class: Additive.,True, | Unknown FSSAI category,OpenFoodFacts / GS1 Database,2026-08-07 02:46:51,False,foodfactsindia.online
745367363480,"Target corporation, marbled egg shaped confetti","Target Corporation,  Brand's Country Kitchen Supplies  Inc.",Baking decorations,Unknown,Partially Hydrogenated Oil (PHO),Ingredient (Null INS),"['US', 'CA']",Banned in US (FDA 2018 GRAS revocation) and Canada due to industrial trans fats.,True, | Unknown FSSAI category,OpenFoodFacts / GS1 Database,2026-08-07 02:46:51,False,foodfactsindia.online
745367368027,Sprinkles Decorating Candies,Brand's Country Kitchen Supplies  Inc.,Baking decorations,Unknown,Erythrosine (E127),Additive (INS/E-Code),['US'],Banned in US according to additive rulebook. Functional Class: Additive.,True, | Unknown FSSAI category,OpenFoodFacts / GS1 Database,2026-08-07 02:46:51,False,foodfactsindia.online
40000449287,"Snickers, peanut butter egg",Snickers,"Snacks, Sweet snacks, Confectioneries",CAT_15,Partially Hydrogenated Oil (PHO),Ingredient (Null INS),"['US', 'CA']",Banned in US (FDA 2018 GRAS revocation) and Canada due to industrial trans fats.,True, | Non-standard barcode length,OpenFoodFacts / GS1 Database,2026-08-07 02:46:51,False,foodfactsindia.online
40000492474,"Snickers, mixed nuts candy bar",Snickers,"Snacks, Sweet snacks, Confectioneries",CAT_15,Partially Hydrogenated Oil (PHO),Ingredient (Null INS),"['US', 'CA']",Banned in US (FDA 2018 GRAS revocation) and Canada due to industrial trans fats.,True, | Non-standard barcode length,OpenFoodFacts / GS1 Database,2026-08-07 02:46:51,False,foodfactsindia.online
72417159688,"Cadbury, cookies",Cadbury,"Snacks, Sweet snacks, Biscuits and cakes, Biscuits",CAT_15,Titanium Dioxide (E171),Additive (INS/E-Code),['EU'],Banned in EU according to additive rulebook. Functional Class: Colorant.,True, | Non-standard barcode length,OpenFoodFacts / GS1 Database,2026-08-07 02:46:51,False,foodfactsindia.online
66721026637,Birthday Cake Flavour OREO Chocolate Sandwich Cookies,Oreo,,CAT_07,Erythrosine (E127),Additive (INS/E-Code),['US'],Banned in US according to additive rulebook. Functional Class: Additive.,True, | Non-standard barcode length,OpenFoodFacts / GS1 Database,2026-08-07 02:46:51,False,foodfactsindia.online
28000525538,Mexican style instant hot chocolate mix,nestle abuelita,,Unknown,Partially Hydrogenated Oil (PHO),Ingredient (Null INS),"['US', 'CA']",Banned in US (FDA 2018 GRAS revocation) and Canada due to industrial trans fats.,True, | Unknown FSSAI category | Non-standard barcode length,OpenFoodFacts / GS1 Database,2026-08-07 02:46:51,False,foodfactsindia.online
38000391200,Sweetened multi-grain cereal,Kellogg's,"Plant-based foods and beverages, Plant-based foods, Breakfasts, Cereals and potatoes, Cereals and their products, Breakfast cereals, Extruded cereals",CAT_15,Partially Hydrogenated Oil (PHO),Ingredient (Null INS),"['US', 'CA']",Banned in US (FDA 2018 GRAS revocation) and Canada due to industrial trans fats.,True, | Non-standard barcode length,OpenFoodFacts / GS1 Database,2026-08-07 02:46:51,False,foodfactsindia.online
61200019636,Dairy Milk Mini Bars,Cadbury,,CAT_05,Titanium Dioxide (E171),Additive (INS/E-Code),['EU'],Banned in EU according to additive rulebook. Functional Class: Colorant.,True, | Non-standard barcode length,OpenFoodFacts / GS1 Database,2026-08-07 02:46:51,False,foodfactsindia.online
50000334803,Vanilla Caramel Zero Sugar Coffee Mate,Nestlé,"Beverages and beverages preparations, Plant-based foods and beverages, Beverages, Dairy substitutes, Hot beverages, Milk substitutes, Beverage preparations, Instant beverages, Unsweetened beverages, Creamer",CAT_14,Partially Hydrogenated Oil (PHO),Ingredient (Null INS),"['US', 'CA']",Banned in US (FDA 2018 GRAS revocation) and Canada due to industrial trans fats.,True, | Non-standard barcode length,OpenFoodFacts / GS1 Database,2026-08-07 02:46:51,False,foodfactsindia.online
71214040694,"Old home kitchens, angel foods cake",Old Home Kitchens,"Snacks, Sweet snacks, Biscuits and cakes, Cakes",CAT_15,Partially Hydrogenated Oil (PHO),Ingredient (Null INS),"['US', 'CA']",Banned in US (FDA 2018 GRAS revocation) and Canada due to industrial trans fats.,True, | Non-standard barcode length,OpenFoodFacts / GS1 Database,2026-08-07 02:46:51,False,foodfactsindia.online
28000511159,Beef Flavor Bouillon,Maggi,,CAT_06,TBHQ (E319),Additive (INS/E-Code),['JP'],Banned in JP according to additive rulebook. Functional Class: Antioxidant.,True, | Non-standard barcode length,OpenFoodFacts / GS1 Database,2026-08-07 02:46:51,False,foodfactsindia.online
28000511159,Beef Flavor Bouillon,Maggi,,CAT_06,Partially Hydrogenated Oil (PHO),Ingredient (Null INS),"['US', 'CA']",Banned in US (FDA 2018 GRAS revocation) and Canada due to industrial trans fats.,True, | Non-standard barcode length,OpenFoodFacts / GS1 Database,2026-08-07 02:46:51,False,foodfactsindia.online
73402356006,Seasonal fine donuts,"Country Kitchen,  Lepage Bakeries  Inc.","Snacks, Sweet snacks, Biscuits and cakes, Cakes",CAT_15,Partially Hydrogenated Oil (PHO),Ingredient (Null INS),"['US', 'CA']",Banned in US (FDA 2018 GRAS revocation) and Canada due to industrial trans fats.,True, | Non-standard barcode length,OpenFoodFacts / GS1 Database,2026-08-07 02:46:51,False,foodfactsindia.online
21130558117,Candy,"Signature Kitchens,  Safeway  Inc.","Snacks, Sweet snacks, Confectioneries",CAT_15,Titanium Dioxide (E171),Additive (INS/E-Code),['EU'],Banned in EU according to additive rulebook. Functional Class: Colorant.,True, | Non-standard barcode length,OpenFoodFacts / GS1 Database,2026-08-07 02:46:51,False,foodfactsindia.online
28000213190,"Granulated Bouillon, Chicken",Maggi,"Condiments, Groceries",CAT_12,Partially Hydrogenated Oil (PHO),Ingredient (Null INS),"['US', 'CA']",Banned in US (FDA 2018 GRAS revocation) and Canada due to industrial trans fats.,True, | Non-standard barcode length,OpenFoodFacts / GS1 Database,2026-08-07 02:46:51,False,foodfactsindia.online
50000127665,Fat free french vanilla coffee creamer,Nestlé,"Plant-based foods and beverages, Dairy substitutes, Milk substitutes, Creamer",CAT_14,Partially Hydrogenated Oil (PHO),Ingredient (Null INS),"['US', 'CA']",Banned in US (FDA 2018 GRAS revocation) and Canada due to industrial trans fats.,True, | Non-standard barcode length,OpenFoodFacts / GS1 Database,2026-08-07 02:46:51,False,foodfactsindia.online
28000202033,"Nestle, butterfinger",Nestlé,"Snacks, Sweet snacks, Cocoa and its products, Confectioneries, Bars, Chocolate candies, Candies, Bars covered with chocolate",CAT_15,TBHQ (E319),Additive (INS/E-Code),['JP'],Banned in JP according to additive rulebook. Functional Class: Antioxidant.,True, | Non-standard barcode length,OpenFoodFacts / GS1 Database,2026-08-07 02:46:51,False,foodfactsindia.online
50000143740,Hot cocoa mix,Nestle,"Beverages, Dried products, Dried products to be rehydrated, Dehydrated beverages",CAT_14,Partially Hydrogenated Oil (PHO),Ingredient (Null INS),"['US', 'CA']",Banned in US (FDA 2018 GRAS revocation) and Canada due to industrial trans fats.,True, | Non-standard barcode length,OpenFoodFacts / GS1 Database,2026-08-07 02:46:51,False,foodfactsindia.online
858883001177,Chicken Eggrolls,Spring Kitchen,Frozen foods,Unknown,Potassium Bromate (E924A),Additive (INS/E-Code),"['EU', 'IN']","Banned in EU, IN according to additive rulebook. Functional Class: FLOUR_TREATMENT_AGENT.",True,Claims banned in India - verify against FSSAI Schedule 2.4.5 | Unknown FSSAI category,OpenFoodFacts / GS1 Database,2026-08-07 02:46:51,False,foodfactsindia.online
38000863509,Apple Jacks,Kellogg's,,Unknown,Partially Hydrogenated Oil (PHO),Ingredient (Null INS),"['US', 'CA']",Banned in US (FDA 2018 GRAS revocation) and Canada due to industrial trans fats.,True, | Unknown FSSAI category | Non-standard barcode length,OpenFoodFacts / GS1 Database,2026-08-07 02:46:51,False,foodfactsindia.online
786832614218,Fresh Spinach & Feta Cheese Focaccia Bread,Royal Kitchens  Inc,"Plant-based foods and beverages, Plant-based foods, Cereals and potatoes, Breads",CAT_14,Potassium Bromate (E924A),Additive (INS/E-Code),"['EU', 'IN']","Banned in EU, IN according to additive rulebook. Functional Class: FLOUR_TREATMENT_AGENT.",True,Claims banned in India - verify against FSSAI Schedule 2.4.5,OpenFoodFacts / GS1 Database,2026-08-07 02:46:51,False,foodfactsindia.online
21130116935,"Signature kitchens, halloween cookies, chocolate chip","Signature Kitchens,  Safeway  Inc.","Plant-based foods and beverages, Plant-based foods, Cereals and potatoes, Cereals and their products, Pie dough",CAT_14,Titanium Dioxide (E171),Additive (INS/E-Code),['EU'],Banned in EU according to additive rulebook. Functional Class: Colorant.,True, | Non-standard barcode length,OpenFoodFacts / GS1 Database,2026-08-07 02:46:51,False,foodfactsindia.online
21130116935,"Signature kitchens, halloween cookies, chocolate chip","Signature Kitchens,  Safeway  Inc.","Plant-based foods and beverages, Plant-based foods, Cereals and potatoes, Cereals and their products, Pie dough",CAT_14,Partially Hydrogenated Oil (PHO),Ingredient (Null INS),"['US', 'CA']",Banned in US (FDA 2018 GRAS revocation) and Canada due to industrial trans fats.,True, | Non-standard barcode length,OpenFoodFacts / GS1 Database,2026-08-07 02:46:51,False,foodfactsindia.online
21130116997,"Signature kitchens, break & bake easter cookie dough, chocolate chip","Signature Kitchens,  Safeway  Inc.","Plant-based foods and beverages, Plant-based foods, Cereals and potatoes, Cereals and their products, Pie dough",CAT_14,Erythrosine (E127),Additive (INS/E-Code),['US'],Banned in US according to additive rulebook. Functional Class: Additive.,True, | Non-standard barcode length,OpenFoodFacts / GS1 Database,2026-08-07 02:46:51,False,foodfactsindia.online
21130116997,"Signature kitchens, break & bake easter cookie dough, chocolate chip","Signature Kitchens,  Safeway  Inc.","Plant-based foods and beverages, Plant-based foods, Cereals and potatoes, Cereals and their products, Pie dough",CAT_14,Titanium Dioxide (E171),Additive (INS/E-Code),['EU'],Banned in EU according to additive rulebook. Functional Class: Colorant.,True, | Non-standard barcode length,OpenFoodFacts / GS1 Database,2026-08-07 02:46:51,False,foodfactsindia.online
21130116997,"Signature kitchens, break & bake easter cookie dough, chocolate chip","Signature Kitchens,  Safeway  Inc.","Plant-based foods and beverages, Plant-based foods, Cereals and potatoes, Cereals and their products, Pie dough",CAT_14,Partially Hydrogenated Oil (PHO),Ingredient (Null INS),"['US', 'CA']",Banned in US (FDA 2018 GRAS revocation) and Canada due to industrial trans fats.,True, | Non-standard barcode length,OpenFoodFacts / GS1 Database,2026-08-07 02:46:51,False,foodfactsindia.online
13000888332,Heinz tomato spaghetti sauce,Heinz,,Unknown,Partially Hydrogenated Oil (PHO),Ingredient (Null INS),"['US', 'CA']",Banned in US (FDA 2018 GRAS revocation) and Canada due to industrial trans fats.,True, | Unknown FSSAI category | Non-standard barcode length,OpenFoodFacts / GS1 Database,2026-08-07 02:46:51,False,foodfactsindia.online
73402345000,Plain donuts,"Country Kitchen,  Lepage Bakeries  Inc.","Snacks, Sweet snacks, Biscuits and cakes, Cakes",CAT_15,Partially Hydrogenated Oil (PHO),Ingredient (Null INS),"['US', 'CA']",Banned in US (FDA 2018 GRAS revocation) and Canada due to industrial trans fats.,True, | Non-standard barcode length,OpenFoodFacts / GS1 Database,2026-08-07 02:46:51,False,foodfactsindia.online
722652690049,Sausage Egg & Cheese On Biscuit,Buddy's Kitchen  Inc.,,Unknown,Partially Hydrogenated Oil (PHO),Ingredient (Null INS),"['US', 'CA']",Banned in US (FDA 2018 GRAS revocation) and Canada due to industrial trans fats.,True, | Unknown FSSAI category,OpenFoodFacts / GS1 Database,2026-08-07 02:46:51,False,foodfactsindia.online
21130502554,Loaded mashed potatoes,Signature Kitchens,Meals,Unknown,Erythrosine (E127),Additive (INS/E-Code),['US'],Banned in US according to additive rulebook. Functional Class: Additive.,True, | Unknown FSSAI category | Non-standard barcode length,OpenFoodFacts / GS1 Database,2026-08-07 02:46:51,False,foodfactsindia.online
21130557981,Jelly Bean Candy,"Signature Kitchens,  Safeway  Inc.",undefined,Unknown,Erythrosine (E127),Additive (INS/E-Code),['US'],Banned in US according to additive rulebook. Functional Class: Additive.,True, | Unknown FSSAI category | Non-standard barcode length,OpenFoodFacts / GS1 Database,2026-08-07 02:46:51,False,foodfactsindia.online
28000515911,"Pollo soup mix, creamy chicken",Maggi,"Meals, Soups",CAT_12,TBHQ (E319),Additive (INS/E-Code),['JP'],Banned in JP according to additive rulebook. Functional Class: Antioxidant.,True, | Non-standard barcode length,OpenFoodFacts / GS1 Database,2026-08-07 02:46:51,False,foodfactsindia.online
28000515911,"Pollo soup mix, creamy chicken",Maggi,"Meals, Soups",CAT_12,Partially Hydrogenated Oil (PHO),Ingredient (Null INS),"['US', 'CA']",Banned in US (FDA 2018 GRAS revocation) and Canada due to industrial trans fats.,True, | Non-standard barcode length,OpenFoodFacts / GS1 Database,2026-08-07 02:46:51,False,foodfactsindia.online
28000089009,Fudge bar in milk chocolate,Nestlé,"Snacks, Sweet snacks, Cocoa and its products, Confectioneries, Chocolate candies",CAT_15,TBHQ (E319),Additive (INS/E-Code),['JP'],Banned in JP according to additive rulebook. Functional Class: Antioxidant.,True, | Non-standard barcode length,OpenFoodFacts / GS1 Database,2026-08-07 02:46:51,False,foodfactsindia.online
745367363497,Easter Decor Mix,Brand's Country Kitchen Supplies  Inc.,Baking decorations,Unknown,Erythrosine (E127),Additive (INS/E-Code),['US'],Banned in US according to additive rulebook. Functional Class: Additive.,True, | Unknown FSSAI category,OpenFoodFacts / GS1 Database,2026-08-07 02:46:51,False,foodfactsindia.online
745367363497,Easter Decor Mix,Brand's Country Kitchen Supplies  Inc.,Baking decorations,Unknown,Partially Hydrogenated Oil (PHO),Ingredient (Null INS),"['US', 'CA']",Banned in US (FDA 2018 GRAS revocation) and Canada due to industrial trans fats.,True, | Unknown FSSAI category,OpenFoodFacts / GS1 Database,2026-08-07 02:46:51,False,foodfactsindia.online
745367366542,Eerie Bats & Bones Decorating Candies,"Target Corporation,  Brand's Country Kitchen Supplies  Inc.",,Unknown,Titanium Dioxide (E171),Additive (INS/E-Code),['EU'],Banned in EU according to additive rulebook. Functional Class: Colorant.,True, | Unknown FSSAI category,OpenFoodFacts / GS1 Database,2026-08-07 02:46:51,False,foodfactsindia.online
28000515751,Strawberry Lowfat Milk,"Nesquik,Nestlé","Bebidas y preparaciones de bebidas,Bebidas,Lácteos,Bebida lácteas,Leches aromatizadas,Bebidas no alcohólicas,en:Strawberry milks,Bebidas azucaradas",CAT_01,Erythrosine (E127),Additive (INS/E-Code),['US'],Banned in US according to additive rulebook. Functional Class: Additive.,True, | Non-standard barcode length,OpenFoodFacts / GS1 Database,2026-08-07 02:46:51,False,foodfactsindia.online
42272008148,Vegetable Lasagna With Daiya Cheeze,"Amy's,  Amy's Kitchen Inc.",undefined,Unknown,Titanium Dioxide (E171),Additive (INS/E-Code),['EU'],Banned in EU according to additive rulebook. Functional Class: Colorant.,True, | Unknown FSSAI category | Non-standard barcode length,OpenFoodFacts / GS1 Database,2026-08-07 02:46:51,False,foodfactsindia.online
44000085063,Reese's Peanut Buttery Creme with Oreo Cookie Crumbs Chocolate Sandwich Cookies,Oreo,,CAT_07,TBHQ (E319),Additive (INS/E-Code),['JP'],Banned in JP according to additive rulebook. Functional Class: Antioxidant.,True, | Non-standard barcode length,OpenFoodFacts / GS1 Database,2026-08-07 02:46:51,False,foodfactsindia.online
786832820428,"Wild Rice, Onion & Dill Dinner Rolls",Royal Kitchens,"Plant-based foods and beverages, Plant-based foods, Cereals and potatoes, Breads",CAT_14,Potassium Bromate (E924A),Additive (INS/E-Code),"['EU', 'IN']","Banned in EU, IN according to additive rulebook. Functional Class: FLOUR_TREATMENT_AGENT.",True,Claims banned in India - verify against FSSAI Schedule 2.4.5,OpenFoodFacts / GS1 Database,2026-08-07 02:46:51,False,foodfactsindia.online
21130118755,Frosted Donut Holes,"Safeway Kitchens,  Safeway  Inc.",undefined,Unknown,Partially Hydrogenated Oil (PHO),Ingredient (Null INS),"['US', 'CA']",Banned in US (FDA 2018 GRAS revocation) and Canada due to industrial trans fats.,True, | Unknown FSSAI category | Non-standard barcode length,OpenFoodFacts / GS1 Database,2026-08-07 02:46:51,False,foodfactsindia.online
50000652860,Italian Sweet Creme Creamer,Nestlé,,Unknown,TBHQ (E319),Additive (INS/E-Code),['JP'],Banned in JP according to additive rulebook. Functional Class: Antioxidant.,True, | Unknown FSSAI category | Non-standard barcode length,OpenFoodFacts / GS1 Database,2026-08-07 02:46:51,False,foodfactsindia.online
21130479450,Thousand Island Dressing & Spread,"Safe way kitchens, Safeway  Inc.","Condiments, Sauces, Salad dressings, Thousand island dressing, Groceries",CAT_12,Titanium Dioxide (E171),Additive (INS/E-Code),['EU'],Banned in EU according to additive rulebook. Functional Class: Colorant.,True, | Non-standard barcode length,OpenFoodFacts / GS1 Database,2026-08-07 02:46:51,False,foodfactsindia.online
21130501748,Fruit Flavored Snacks,"Signature Kitchens,  Safeway  Inc.",undefined,Unknown,Partially Hydrogenated Oil (PHO),Ingredient (Null INS),"['US', 'CA']",Banned in US (FDA 2018 GRAS revocation) and Canada due to industrial trans fats.,True, | Unknown FSSAI category | Non-standard barcode length,OpenFoodFacts / GS1 Database,2026-08-07 02:46:51,False,foodfactsindia.online
38000391033,Honey Smacks,Kellogg's,"Plant-based foods and beverages, Plant-based foods, Breakfasts, Cereals and potatoes, Cereals and their products, Breakfast cereals",CAT_14,Partially Hydrogenated Oil (PHO),Ingredient (Null INS),"['US', 'CA']",Banned in US (FDA 2018 GRAS revocation) and Canada due to industrial trans fats.,True, | Non-standard barcode length,OpenFoodFacts / GS1 Database,2026-08-07 02:46:51,False,foodfactsindia.online
745367367242,Decorating Candies,Brand's Country Kitchen Supplies  Inc.,Baking decorations,Unknown,Titanium Dioxide (E171),Additive (INS/E-Code),['EU'],Banned in EU according to additive rulebook. Functional Class: Colorant.,True, | Unknown FSSAI category,OpenFoodFacts / GS1 Database,2026-08-07 02:46:51,False,foodfactsindia.online
745367368195,Easter Decors Mix,Brand's Country Kitchen Supplies  Inc.,Baking decorations,Unknown,Erythrosine (E127),Additive (INS/E-Code),['US'],Banned in US according to additive rulebook. Functional Class: Additive.,True, | Unknown FSSAI category,OpenFoodFacts / GS1 Database,2026-08-07 02:46:51,False,foodfactsindia.online
745367368195,Easter Decors Mix,Brand's Country Kitchen Supplies  Inc.,Baking decorations,Unknown,Partially Hydrogenated Oil (PHO),Ingredient (Null INS),"['US', 'CA']",Banned in US (FDA 2018 GRAS revocation) and Canada due to industrial trans fats.,True, | Unknown FSSAI category,OpenFoodFacts / GS1 Database,2026-08-07 02:46:51,False,foodfactsindia.online
822486174194,Tapioca Pudding,Katys Kitchen,Desserts,Unknown,Partially Hydrogenated Oil (PHO),Ingredient (Null INS),"['US', 'CA']",Banned in US (FDA 2018 GRAS revocation) and Canada due to industrial trans fats.,True, | Unknown FSSAI category,OpenFoodFacts / GS1 Database,2026-08-07 02:46:51,False,foodfactsindia.online
28000510411,Soup mix chkn ndle,Maggi,"Meals, Soups",CAT_12,TBHQ (E319),Additive (INS/E-Code),['JP'],Banned in JP according to additive rulebook. Functional Class: Antioxidant.,True, | Non-standard barcode length,OpenFoodFacts / GS1 Database,2026-08-07 02:46:51,False,foodfactsindia.online
28000510411,Soup mix chkn ndle,Maggi,"Meals, Soups",CAT_12,Partially Hydrogenated Oil (PHO),Ingredient (Null INS),"['US', 'CA']",Banned in US (FDA 2018 GRAS revocation) and Canada due to industrial trans fats.,True, | Non-standard barcode length,OpenFoodFacts / GS1 Database,2026-08-07 02:46:51,False,foodfactsindia.online
71214054301,Cake,Old Home Kitchens,"Snacks, Sweet snacks, Biscuits and cakes, Cakes",CAT_15,Partially Hydrogenated Oil (PHO),Ingredient (Null INS),"['US', 'CA']",Banned in US (FDA 2018 GRAS revocation) and Canada due to industrial trans fats.,True, | Non-standard barcode length,OpenFoodFacts / GS1 Database,2026-08-07 02:46:51,False,foodfactsindia.online
55000196659,Brown gravy mix,Nestlé Professional,,Unknown,Titanium Dioxide (E171),Additive (INS/E-Code),['EU'],Banned in EU according to additive rulebook. Functional Class: Colorant.,True, | Unknown FSSAI category | Non-standard barcode length,OpenFoodFacts / GS1 Database,2026-08-07 02:46:51,False,foodfactsindia.online
44000061074,Chocolate marshmallow family size,Oreo,,CAT_07,Titanium Dioxide (E171),Additive (INS/E-Code),['EU'],Banned in EU according to additive rulebook. Functional Class: Colorant.,True, | Non-standard barcode length,OpenFoodFacts / GS1 Database,2026-08-07 02:46:51,False,foodfactsindia.online
7891000289747,Biscoito Nesfit Maçã e Canela,Nestle,"Lanches comida, Lanches doces, Biscoitos e Bolos, Biscoitos, en:Biscoito",Unknown,TBHQ (E319),Additive (INS/E-Code),['JP'],Banned in JP according to additive rulebook. Functional Class: Antioxidant.,True, | Unknown FSSAI category,OpenFoodFacts / GS1 Database,2026-08-07 02:46:51,False,foodfactsindia.online
8902268002326,Dream LITE,Anmol,Buscuit,Unknown,Ponceau 4R (E124),Additive (INS/E-Code),['US'],Banned in US according to additive rulebook. Functional Class: Additive.,True, | Unknown FSSAI category,OpenFoodFacts / GS1 Database,2026-08-07 02:46:51,False,foodfactsindia.online
8906001386032,Sandwich cookies,Twinnies,,Unknown,TBHQ (E319),Additive (INS/E-Code),['JP'],Banned in JP according to additive rulebook. Functional Class: Antioxidant.,True, | Unknown FSSAI category,OpenFoodFacts / GS1 Database,2026-08-07 02:46:51,False,foodfactsindia.online
8906002005284,Pizza topping sauce,Dr. Oetker,Spreads,Unknown,TBHQ (E319),Additive (INS/E-Code),['JP'],Banned in JP according to additive rulebook. Functional Class: Antioxidant.,True, | Unknown FSSAI category,OpenFoodFacts / GS1 Database,2026-08-07 02:46:51,False,foodfactsindia.online
8906002000074,Dr. Oetker,Dr. Oetker,,Unknown,TBHQ (E319),Additive (INS/E-Code),['JP'],Banned in JP according to additive rulebook. Functional Class: Antioxidant.,True, | Unknown FSSAI category,OpenFoodFacts / GS1 Database,2026-08-07 02:46:51,False,foodfactsindia.online
8901044624912,Mapro Butterscotch Syrup,Unbranded,,Unknown,Carmoisine / Azorubine (E122),Additive (INS/E-Code),"['JP', 'US']","Banned in JP, US according to additive rulebook. Functional Class: Additive.",True, | Unknown FSSAI category,OpenFoodFacts / GS1 Database,2026-08-07 02:46:51,False,foodfactsindia.online
8901725100117,B Natural Guava Juice 1ltr,Unbranded,,Unknown,Ponceau 4R (E124),Additive (INS/E-Code),['US'],Banned in US according to additive rulebook. Functional Class: Additive.,True, | Unknown FSSAI category,OpenFoodFacts / GS1 Database,2026-08-07 02:46:51,False,foodfactsindia.online
8906080602689,Paper boat mixed fruit medley 750ml pet,Unbranded,,Unknown,Ponceau 4R (E124),Additive (INS/E-Code),['US'],Banned in US according to additive rulebook. Functional Class: Additive.,True, | Unknown FSSAI category,OpenFoodFacts / GS1 Database,2026-08-07 02:46:51,False,foodfactsindia.online
8904004410617,Orange Burfee,Haldiram's,Sweets desserts,Unknown,Carmoisine / Azorubine (E122),Additive (INS/E-Code),"['JP', 'US']","Banned in JP, US according to additive rulebook. Functional Class: Additive.",True, | Unknown FSSAI category,OpenFoodFacts / GS1 Database,2026-08-07 02:46:51,False,foodfactsindia.online
8901207046599,Mustard oil,Dabur,,Unknown,TBHQ (E319),Additive (INS/E-Code),['JP'],Banned in JP according to additive rulebook. Functional Class: Antioxidant.,True, | Unknown FSSAI category,OpenFoodFacts / GS1 Database,2026-08-07 02:46:51,False,foodfactsindia.online
8901037255024,Girnar,Girnar,Tea chai,Unknown,Titanium Dioxide (E171),Additive (INS/E-Code),['EU'],Banned in EU according to additive rulebook. Functional Class: Colorant.,True, | Unknown FSSAI category,OpenFoodFacts / GS1 Database,2026-08-07 02:46:51,False,foodfactsindia.online
8908002396010,Refined Sunflower Oil,Mr. GOLD,,Unknown,TBHQ (E319),Additive (INS/E-Code),['JP'],Banned in JP according to additive rulebook. Functional Class: Antioxidant.,True, | Unknown FSSAI category,OpenFoodFacts / GS1 Database,2026-08-07 02:46:51,False,foodfactsindia.online
41102177191,Cassatta,Amul,"Desserts, Frozen foods, Frozen desserts, Ice creams and sorbets, Ice creams",CAT_03,Erythrosine (E127),Additive (INS/E-Code),['US'],Banned in US according to additive rulebook. Functional Class: Additive.,True, | Non-standard barcode length,OpenFoodFacts / GS1 Database,2026-08-07 02:46:51,False,foodfactsindia.online
41102177191,Cassatta,Amul,"Desserts, Frozen foods, Frozen desserts, Ice creams and sorbets, Ice creams",CAT_03,Ponceau 4R (E124),Additive (INS/E-Code),['US'],Banned in US according to additive rulebook. Functional Class: Additive.,True, | Non-standard barcode length,OpenFoodFacts / GS1 Database,2026-08-07 02:46:51,False,foodfactsindia.online
8901725105167,B Natural Guava juice,B Natural,,Unknown,Ponceau 4R (E124),Additive (INS/E-Code),['US'],Banned in US according to additive rulebook. Functional Class: Additive.,True, | Unknown FSSAI category,OpenFoodFacts / GS1 Database,2026-08-07 02:46:51,False,foodfactsindia.online
8906097549588,Sapphire Poko Loko Lychee Flavoured Juice Drink,Poko Loko,,Unknown,Carmoisine / Azorubine (E122),Additive (INS/E-Code),"['JP', 'US']","Banned in JP, US according to additive rulebook. Functional Class: Additive.",True, | Unknown FSSAI category,OpenFoodFacts / GS1 Database,2026-08-07 02:46:51,False,foodfactsindia.online
8991102771238,Tango brownies crispy,Tango,,Unknown,TBHQ (E319),Additive (INS/E-Code),['JP'],Banned in JP according to additive rulebook. Functional Class: Antioxidant.,True, | Unknown FSSAI category,OpenFoodFacts / GS1 Database,2026-08-07 02:46:51,False,foodfactsindia.online
8906010911065,Dairy Day Medium Fat Frozen Dessert,Dairy Day,Frozen desserts,Unknown,Carmoisine / Azorubine (E122),Additive (INS/E-Code),"['JP', 'US']","Banned in JP, US according to additive rulebook. Functional Class: Additive.",True, | Unknown FSSAI category,OpenFoodFacts / GS1 Database,2026-08-07 02:46:51,False,foodfactsindia.online
8664522556555,Himzberg Kiwi,Himzberg,beverages,CAT_14,Green S (E142),Additive (INS/E-Code),"['IN', 'JP', 'US']","Banned in IN, JP, US according to additive rulebook. Functional Class: Additive.",True,Claims banned in India - verify against FSSAI Schedule 2.4.5,OpenFoodFacts / GS1 Database,2026-08-07 02:46:51,False,foodfactsindia.online
8906033421916,Rusk Elaichi,Kanha,,Unknown,TBHQ (E319),Additive (INS/E-Code),['JP'],Banned in JP according to additive rulebook. Functional Class: Antioxidant.,True, | Unknown FSSAI category,OpenFoodFacts / GS1 Database,2026-08-07 02:46:51,False,foodfactsindia.online
8906069401739,Chef’s Special Veg Mayonnaise Eggless,Veeba,Mayonnaises,Unknown,TBHQ (E319),Additive (INS/E-Code),['JP'],Banned in JP according to additive rulebook. Functional Class: Antioxidant.,True, | Unknown FSSAI category,OpenFoodFacts / GS1 Database,2026-08-07 02:46:51,False,foodfactsindia.online
8906140881405,Dryfruit Kachori,Radhe Prem ni Mithaas,Ready-to-eat Savouries,Unknown,Partially Hydrogenated Oil (PHO),Ingredient (Null INS),"['US', 'CA']",Banned in US (FDA 2018 GRAS revocation) and Canada due to industrial trans fats.,True, | Unknown FSSAI category,OpenFoodFacts / GS1 Database,2026-08-07 02:46:51,False,foodfactsindia.online
8906081122667,Cream And Onion Makhana,Happilo,Makhanas,Unknown,TBHQ (E319),Additive (INS/E-Code),['JP'],Banned in JP according to additive rulebook. Functional Class: Antioxidant.,True, | Unknown FSSAI category,OpenFoodFacts / GS1 Database,2026-08-07 02:46:51,False,foodfactsindia.online
8908000870178,Dry Fruit Samosa,Jaimin,,Unknown,TBHQ (E319),Additive (INS/E-Code),['JP'],Banned in JP according to additive rulebook. Functional Class: Antioxidant.,True, | Unknown FSSAI category,OpenFoodFacts / GS1 Database,2026-08-07 02:46:51,False,foodfactsindia.online
8000500410974,Tic tac strawberry,Tic Tac,"Fo, en:candies",Unknown,Carmoisine / Azorubine (E122),Additive (INS/E-Code),"['JP', 'US']","Banned in JP, US according to additive rulebook. Functional Class: Additive.",True, | Unknown FSSAI category,OpenFoodFacts / GS1 Database,2026-08-07 02:46:51,False,foodfactsindia.online
690225309110,India Gate Uplife Gut Pro,India Gate,Oils,Unknown,TBHQ (E319),Additive (INS/E-Code),['JP'],Banned in JP according to additive rulebook. Functional Class: Antioxidant.,True, | Unknown FSSAI category,OpenFoodFacts / GS1 Database,2026-08-07 02:46:51,False,foodfactsindia.online
8906022212037,Supreme Refined Oil,Supreme,Oils,Unknown,TBHQ (E319),Additive (INS/E-Code),['JP'],Banned in JP according to additive rulebook. Functional Class: Antioxidant.,True, | Unknown FSSAI category,OpenFoodFacts / GS1 Database,2026-08-07 02:46:51,False,foodfactsindia.online
8908006936007,Sloopy Masala Noodles,Sloopy,Instant noodles,Unknown,TBHQ (E319),Additive (INS/E-Code),['JP'],Banned in JP according to additive rulebook. Functional Class: Antioxidant.,True, | Unknown FSSAI category,OpenFoodFacts / GS1 Database,2026-08-07 02:46:51,False,foodfactsindia.online
8904296902968,Fabsta Muesli Fruit N' Nut,Fabsta,Mueslis,Unknown,Carmoisine / Azorubine (E122),Additive (INS/E-Code),"['JP', 'US']","Banned in JP, US according to additive rulebook. Functional Class: Additive.",True, | Unknown FSSAI category,OpenFoodFacts / GS1 Database,2026-08-07 02:46:51,False,foodfactsindia.online
8904296902968,Fabsta Muesli Fruit N' Nut,Fabsta,Mueslis,Unknown,Erythrosine (E127),Additive (INS/E-Code),['US'],Banned in US according to additive rulebook. Functional Class: Additive.,True, | Unknown FSSAI category,OpenFoodFacts / GS1 Database,2026-08-07 02:46:51,False,foodfactsindia.online
8904296902968,Fabsta Muesli Fruit N' Nut,Fabsta,Mueslis,Unknown,Ponceau 4R (E124),Additive (INS/E-Code),['US'],Banned in US according to additive rulebook. Functional Class: Additive.,True, | Unknown FSSAI category,OpenFoodFacts / GS1 Database,2026-08-07 02:46:51,False,foodfactsindia.online
8906006330269,Gemini,Cargill,,Unknown,TBHQ (E319),Additive (INS/E-Code),['JP'],Banned in JP according to additive rulebook. Functional Class: Antioxidant.,True, | Unknown FSSAI category,OpenFoodFacts / GS1 Database,2026-08-07 02:46:51,False,foodfactsindia.online
8901014000470,Nissin,Unbranded,,Unknown,TBHQ (E319),Additive (INS/E-Code),['JP'],Banned in JP according to additive rulebook. Functional Class: Antioxidant.,True, | Unknown FSSAI category,OpenFoodFacts / GS1 Database,2026-08-07 02:46:51,False,foodfactsindia.online
8908007009083,Vitthal Refined Soyabean Oil,Vitthal,Oils,Unknown,TBHQ (E319),Additive (INS/E-Code),['JP'],Banned in JP according to additive rulebook. Functional Class: Antioxidant.,True, | Unknown FSSAI category,OpenFoodFacts / GS1 Database,2026-08-07 02:46:51,False,foodfactsindia.online
8901393026405,chapai chips bubble gum,Unbranded,,Unknown,Carmoisine / Azorubine (E122),Additive (INS/E-Code),"['JP', 'US']","Banned in JP, US according to additive rulebook. Functional Class: Additive.",True, | Unknown FSSAI category,OpenFoodFacts / GS1 Database,2026-08-07 02:46:51,False,foodfactsindia.online
9900272541793,Bix Cake Sandwich,Unbranded,,Unknown,Brown HT (E155),Additive (INS/E-Code),"['IN', 'JP', 'US']","Banned in IN, JP, US according to additive rulebook. Functional Class: Additive.",True,Claims banned in India - verify against FSSAI Schedule 2.4.5 | Unknown FSSAI category,OpenFoodFacts / GS1 Database,2026-08-07 02:46:51,False,foodfactsindia.online
8909081006715,Candyman fruitee fun,Unbranded,,Unknown,Carmoisine / Azorubine (E122),Additive (INS/E-Code),"['JP', 'US']","Banned in JP, US according to additive rulebook. Functional Class: Additive.",True, | Unknown FSSAI category,OpenFoodFacts / GS1 Database,2026-08-07 02:46:51,False,foodfactsindia.online
8904089995351,Blueberry Yogurt,Heritage,,Unknown,Carmoisine / Azorubine (E122),Additive (INS/E-Code),"['JP', 'US']","Banned in JP, US according to additive rulebook. Functional Class: Additive.",True, | Unknown FSSAI category,OpenFoodFacts / GS1 Database,2026-08-07 02:46:51,False,foodfactsindia.online
8906064284818,GOODINI Celebration GIFT OF GOOD TASTE DALIOS PIST,Unbranded,,Unknown,TBHQ (E319),Additive (INS/E-Code),['JP'],Banned in JP according to additive rulebook. Functional Class: Antioxidant.,True, | Unknown FSSAI category,OpenFoodFacts / GS1 Database,2026-08-07 02:46:51,False,foodfactsindia.online
8906065458218,Gone mad Gang of 5 Premium Badam Sticks,Gone mad,Confectioneries,Unknown,Ponceau 4R (E124),Additive (INS/E-Code),['US'],Banned in US according to additive rulebook. Functional Class: Additive.,True, | Unknown FSSAI category,OpenFoodFacts / GS1 Database,2026-08-07 02:46:51,False,foodfactsindia.online
8901548310403,DoodhShakti,Nutralite,"Produits laitiers,Matières grasses,Produits à tartiner,Matières grasses à tartiner,Matières grasses animales,Produits laitiers à tartiner,Matière grasse laitière,Beurres",Unknown,TBHQ (E319),Additive (INS/E-Code),['JP'],Banned in JP according to additive rulebook. Functional Class: Antioxidant.,True, | Unknown FSSAI category,OpenFoodFacts / GS1 Database,2026-08-07 02:46:51,False,foodfactsindia.online
8906012890047,CUSTARD POWDER,BAKERS,Baking,Unknown,Carmoisine / Azorubine (E122),Additive (INS/E-Code),"['JP', 'US']","Banned in JP, US according to additive rulebook. Functional Class: Additive.",True, | Unknown FSSAI category,OpenFoodFacts / GS1 Database,2026-08-07 02:46:51,False,foodfactsindia.online
8901031013088,Donettes Powdered,Hostess,,Unknown,Titanium Dioxide (E171),Additive (INS/E-Code),['EU'],Banned in EU according to additive rulebook. Functional Class: Colorant.,True, | Unknown FSSAI category,OpenFoodFacts / GS1 Database,2026-08-07 02:46:51,False,foodfactsindia.online
