barcode,product_name,brands,categories,fssai_category_code,banned_item,banned_item_type,banned_in_jurisdictions,violation_reason,needs_verification,verification_reason,data_source,last_cleaned,is_verified,platform,is_gs1_890,audit_tier,indian_market_status
8901777960042,Vadilal bomber,Vadilal,,CAT_01,Ponceau 4R (E124),Additive (INS/E-Code),['US'],Banned in US according to additive rulebook. Functional Class: Additive.,False,,OpenFoodFacts / GS1 Database,2026-08-07 02:46:51,True,foodfactsindia.online,True,PRIMARY_QUALIFYING,VERIFIED: GS1 India 890 Barcode
8901808000068,WeiKFiELD,Weikfield,"Dairies, Condiments, Sauces, Dessert sauces, Custards and pastry creams, Desse, en:dessert-mixes",CAT_01,Carmoisine / Azorubine (E122),Additive (INS/E-Code),"['JP', 'US']","Banned in JP, US according to additive rulebook. Functional Class: Additive.",False,,OpenFoodFacts / GS1 Database,2026-08-07 02:46:51,True,foodfactsindia.online,True,PRIMARY_QUALIFYING,VERIFIED: GS1 India 890 Barcode
8908014480080,Bovonto,Kali Mark,"Beverages and beverages preparations,Beverages,Carbonated drinks,Sodas",CAT_14,Carmoisine / Azorubine (E122),Additive (INS/E-Code),"['JP', 'US']","Banned in JP, US according to additive rulebook. Functional Class: Additive.",False,,OpenFoodFacts / GS1 Database,2026-08-07 02:46:51,True,foodfactsindia.online,True,PRIMARY_QUALIFYING,VERIFIED: GS1 India 890 Barcode
8908014480080,Bovonto,Kali Mark,"Beverages and beverages preparations,Beverages,Carbonated drinks,Sodas",CAT_14,Ponceau 4R (E124),Additive (INS/E-Code),['US'],Banned in US according to additive rulebook. Functional Class: Additive.,False,,OpenFoodFacts / GS1 Database,2026-08-07 02:46:51,True,foodfactsindia.online,True,PRIMARY_QUALIFYING,VERIFIED: GS1 India 890 Barcode
8901826903105,Pio' -  Badam,Verka,"Beverages and beverages preparations,Beverages,Dairies,Dairy drinks,Milks,Flavoured milks",CAT_14,Carmoisine / Azorubine (E122),Additive (INS/E-Code),"['JP', 'US']","Banned in JP, US according to additive rulebook. Functional Class: Additive.",False,,OpenFoodFacts / GS1 Database,2026-08-07 02:46:51,True,foodfactsindia.online,True,PRIMARY_QUALIFYING,VERIFIED: GS1 India 890 Barcode
8901063146938,Winkin' Cow Bourbon Shake,Britannia,milkshake,CAT_01,Carmoisine / Azorubine (E122),Additive (INS/E-Code),"['JP', 'US']","Banned in JP, US according to additive rulebook. Functional Class: Additive.",False,,OpenFoodFacts / GS1 Database,2026-08-07 02:46:51,True,foodfactsindia.online,True,PRIMARY_QUALIFYING,VERIFIED: GS1 India 890 Barcode
8901552032711,Soul Amritsari Kulcha,Soul,Frozen foods,Unknown,TBHQ (E319),Additive (INS/E-Code),['JP'],Banned in JP according to additive rulebook. Functional Class: Antioxidant.,True, | Unknown FSSAI category,OpenFoodFacts / GS1 Database,2026-08-07 02:46:51,False,foodfactsindia.online,True,PRIMARY_QUALIFYING,VERIFIED: GS1 India 890 Barcode
8909081013737,Strawberry Smoothie,Sunfeast,"Beverages and beverages preparations,Beverages",CAT_14,Carmoisine / Azorubine (E122),Additive (INS/E-Code),"['JP', 'US']","Banned in JP, US according to additive rulebook. Functional Class: Additive.",False,,OpenFoodFacts / GS1 Database,2026-08-07 02:46:51,True,foodfactsindia.online,True,PRIMARY_QUALIFYING,VERIFIED: GS1 India 890 Barcode
8901030970238,Choco Brownie Fudge,Kwality Walls,"Desserts,Frozen foods,Frozen desserts,Ice creams and sorbets,Ice creams",CAT_03,Carmoisine / Azorubine (E122),Additive (INS/E-Code),"['JP', 'US']","Banned in JP, US according to additive rulebook. Functional Class: Additive.",False,,OpenFoodFacts / GS1 Database,2026-08-07 02:46:51,True,foodfactsindia.online,True,PRIMARY_QUALIFYING,VERIFIED: GS1 India 890 Barcode
8904422710894,Refined Sunflower Oil,Sunrich,"Plant-based foods and beverages,Plant-based foods,Fats,Vegetable fats,Vegetable oils,Sunflower seeds and their products,Sunflower oils",CAT_14,TBHQ (E319),Additive (INS/E-Code),['JP'],Banned in JP according to additive rulebook. Functional Class: Antioxidant.,False,,OpenFoodFacts / GS1 Database,2026-08-07 02:46:51,True,foodfactsindia.online,True,PRIMARY_QUALIFYING,VERIFIED: GS1 India 890 Barcode
8901491002561,Dynamita,Doritos,,CAT_15,Ponceau 4R (E124),Additive (INS/E-Code),['US'],Banned in US according to additive rulebook. Functional Class: Additive.,False,,OpenFoodFacts / GS1 Database,2026-08-07 02:46:51,True,foodfactsindia.online,True,PRIMARY_QUALIFYING,VERIFIED: GS1 India 890 Barcode
8906069612371,Jolliz Namkeen Cream Onion Chips,Anand,Namkeen,CAT_15,TBHQ (E319),Additive (INS/E-Code),['JP'],Banned in JP according to additive rulebook. Functional Class: Antioxidant.,False,,OpenFoodFacts / GS1 Database,2026-08-07 02:46:51,True,foodfactsindia.online,True,PRIMARY_QUALIFYING,VERIFIED: GS1 India 890 Barcode
8906154670156,Tomato Pickle,Kh Pickle,,Unknown,TBHQ (E319),Additive (INS/E-Code),['JP'],Banned in JP according to additive rulebook. Functional Class: Antioxidant.,True, | Unknown FSSAI category,OpenFoodFacts / GS1 Database,2026-08-07 02:46:51,False,foodfactsindia.online,True,PRIMARY_QUALIFYING,VERIFIED: GS1 India 890 Barcode
8902082805004,Grape Squash,Grandma's,squash,CAT_14,Carmoisine / Azorubine (E122),Additive (INS/E-Code),"['JP', 'US']","Banned in JP, US according to additive rulebook. Functional Class: Additive.",False,,OpenFoodFacts / GS1 Database,2026-08-07 02:46:51,True,foodfactsindia.online,True,PRIMARY_QUALIFYING,VERIFIED: GS1 India 890 Barcode
8902082805004,Grape Squash,Grandma's,squash,CAT_14,Ponceau 4R (E124),Additive (INS/E-Code),['US'],Banned in US according to additive rulebook. Functional Class: Additive.,False,,OpenFoodFacts / GS1 Database,2026-08-07 02:46:51,True,foodfactsindia.online,True,PRIMARY_QUALIFYING,VERIFIED: GS1 India 890 Barcode
8901662037828,CHICKEN BIRYANI MIX,Suhana,,Unknown,TBHQ (E319),Additive (INS/E-Code),['JP'],Banned in JP according to additive rulebook. Functional Class: Antioxidant.,True, | Unknown FSSAI category,OpenFoodFacts / GS1 Database,2026-08-07 02:46:51,False,foodfactsindia.online,True,PRIMARY_QUALIFYING,VERIFIED: GS1 India 890 Barcode
8906006721555,Mixed Fruit Jam,Lion,,Unknown,Carmoisine / Azorubine (E122),Additive (INS/E-Code),"['JP', 'US']","Banned in JP, US according to additive rulebook. Functional Class: Additive.",True, | Unknown FSSAI category,OpenFoodFacts / GS1 Database,2026-08-07 02:46:51,False,foodfactsindia.online,True,PRIMARY_QUALIFYING,VERIFIED: GS1 India 890 Barcode
8906021921497,Mixed Fruit Jam,Apis,en:fruit-jam,CAT_04,Carmoisine / Azorubine (E122),Additive (INS/E-Code),"['JP', 'US']","Banned in JP, US according to additive rulebook. Functional Class: Additive.",False,,OpenFoodFacts / GS1 Database,2026-08-07 02:46:51,True,foodfactsindia.online,True,PRIMARY_QUALIFYING,VERIFIED: GS1 India 890 Barcode
8908019726442,Choco Pockets,Nova Nova,snacks,CAT_15,TBHQ (E319),Additive (INS/E-Code),['JP'],Banned in JP according to additive rulebook. Functional Class: Antioxidant.,False,,OpenFoodFacts / GS1 Database,2026-08-07 02:46:51,True,foodfactsindia.online,True,PRIMARY_QUALIFYING,VERIFIED: GS1 India 890 Barcode
8904146307851,Muesli,Spar,,Unknown,Carmoisine / Azorubine (E122),Additive (INS/E-Code),"['JP', 'US']","Banned in JP, US according to additive rulebook. Functional Class: Additive.",True, | Unknown FSSAI category,OpenFoodFacts / GS1 Database,2026-08-07 02:46:51,False,foodfactsindia.online,True,PRIMARY_QUALIFYING,VERIFIED: GS1 India 890 Barcode
8904146307851,Muesli,Spar,,Unknown,Ponceau 4R (E124),Additive (INS/E-Code),['US'],Banned in US according to additive rulebook. Functional Class: Additive.,True, | Unknown FSSAI category,OpenFoodFacts / GS1 Database,2026-08-07 02:46:51,False,foodfactsindia.online,True,PRIMARY_QUALIFYING,VERIFIED: GS1 India 890 Barcode
8908022793011,Rose Syrup,Janatha,Rose syrup,CAT_14,Carmoisine / Azorubine (E122),Additive (INS/E-Code),"['JP', 'US']","Banned in JP, US according to additive rulebook. Functional Class: Additive.",False,,OpenFoodFacts / GS1 Database,2026-08-07 02:46:51,True,foodfactsindia.online,True,PRIMARY_QUALIFYING,VERIFIED: GS1 India 890 Barcode
8906026504985,Cream Roll,Nafees,,Unknown,Ponceau 4R (E124),Additive (INS/E-Code),['US'],Banned in US according to additive rulebook. Functional Class: Additive.,True, | Unknown FSSAI category,OpenFoodFacts / GS1 Database,2026-08-07 02:46:51,False,foodfactsindia.online,True,PRIMARY_QUALIFYING,VERIFIED: GS1 India 890 Barcode
8906008819502,Refined Soyabean Oil,Fortune,,CAT_02,TBHQ (E319),Additive (INS/E-Code),['JP'],Banned in JP according to additive rulebook. Functional Class: Antioxidant.,False,,OpenFoodFacts / GS1 Database,2026-08-07 02:46:51,True,foodfactsindia.online,True,PRIMARY_QUALIFYING,VERIFIED: GS1 India 890 Barcode
8906023797014,Sunflower Oil,Gold Drop,Sunflower Oil,CAT_02,TBHQ (E319),Additive (INS/E-Code),['JP'],Banned in JP according to additive rulebook. Functional Class: Antioxidant.,False,,OpenFoodFacts / GS1 Database,2026-08-07 02:46:51,True,foodfactsindia.online,True,PRIMARY_QUALIFYING,VERIFIED: GS1 India 890 Barcode
8901689010125,Mala's straberry jam,Mala's,Jam,CAT_04,Carmoisine / Azorubine (E122),Additive (INS/E-Code),"['JP', 'US']","Banned in JP, US according to additive rulebook. Functional Class: Additive.",False,,OpenFoodFacts / GS1 Database,2026-08-07 02:46:51,True,foodfactsindia.online,True,PRIMARY_QUALIFYING,VERIFIED: GS1 India 890 Barcode
8901512562807,Butter flavour popcorn,ACT 2,Popcorn,CAT_15,TBHQ (E319),Additive (INS/E-Code),['JP'],Banned in JP according to additive rulebook. Functional Class: Antioxidant.,False,,OpenFoodFacts / GS1 Database,2026-08-07 02:46:51,True,foodfactsindia.online,True,PRIMARY_QUALIFYING,VERIFIED: GS1 India 890 Barcode
8901044570554,Orange Squash,Mapro,beverage preparations,CAT_14,Carmoisine / Azorubine (E122),Additive (INS/E-Code),"['JP', 'US']","Banned in JP, US according to additive rulebook. Functional Class: Additive.",False,,OpenFoodFacts / GS1 Database,2026-08-07 02:46:51,True,foodfactsindia.online,True,PRIMARY_QUALIFYING,VERIFIED: GS1 India 890 Barcode
8906020960053,Refined Oil,Vimal,,Unknown,TBHQ (E319),Additive (INS/E-Code),['JP'],Banned in JP according to additive rulebook. Functional Class: Antioxidant.,True, | Unknown FSSAI category,OpenFoodFacts / GS1 Database,2026-08-07 02:46:51,False,foodfactsindia.online,True,PRIMARY_QUALIFYING,VERIFIED: GS1 India 890 Barcode
8901207096402,Indian Kachchi Ghani Mustard Oil,Dabur,Mustard Oil,CAT_02,TBHQ (E319),Additive (INS/E-Code),['JP'],Banned in JP according to additive rulebook. Functional Class: Antioxidant.,False,,OpenFoodFacts / GS1 Database,2026-08-07 02:46:51,True,foodfactsindia.online,True,PRIMARY_QUALIFYING,VERIFIED: GS1 India 890 Barcode
8906080603433,Sparkling Cranberry Lime Carbonated Water,Paper Boat,"Beverages and beverages preparations,Beverages,Beverages with cranberry",CAT_14,Carmoisine / Azorubine (E122),Additive (INS/E-Code),"['JP', 'US']","Banned in JP, US according to additive rulebook. Functional Class: Additive.",False,,OpenFoodFacts / GS1 Database,2026-08-07 02:46:51,True,foodfactsindia.online,True,PRIMARY_QUALIFYING,VERIFIED: GS1 India 890 Barcode
8901512540201,ACT TT GOlDEN SIZZLE,ACT II,Popcorn,CAT_15,TBHQ (E319),Additive (INS/E-Code),['JP'],Banned in JP according to additive rulebook. Functional Class: Antioxidant.,False,,OpenFoodFacts / GS1 Database,2026-08-07 02:46:51,True,foodfactsindia.online,True,PRIMARY_QUALIFYING,VERIFIED: GS1 India 890 Barcode
8901248270212,Emami Healthy & Tasty Refined Sunflower Oil,Emami,"Plant-based foods and beverages,Plant-based foods,Fats,Vegetable fats,Vegetable oils,Sunflower seeds and their products,Sunflower oils",CAT_14,TBHQ (E319),Additive (INS/E-Code),['JP'],Banned in JP according to additive rulebook. Functional Class: Antioxidant.,False,,OpenFoodFacts / GS1 Database,2026-08-07 02:46:51,True,foodfactsindia.online,True,PRIMARY_QUALIFYING,VERIFIED: GS1 India 890 Barcode
8904422712119,Groundnut Oil,Patanjali,Oils,CAT_02,TBHQ (E319),Additive (INS/E-Code),['JP'],Banned in JP according to additive rulebook. Functional Class: Antioxidant.,False,,OpenFoodFacts / GS1 Database,2026-08-07 02:46:51,True,foodfactsindia.online,True,PRIMARY_QUALIFYING,VERIFIED: GS1 India 890 Barcode
8906077361292,Pizza khakhra,Jaimin,"snacks, salty-snacks, appetizers, da:crackers, plain-salty-snacks",CAT_15,TBHQ (E319),Additive (INS/E-Code),['JP'],Banned in JP according to additive rulebook. Functional Class: Antioxidant.,False,,OpenFoodFacts / GS1 Database,2026-08-07 02:46:51,True,foodfactsindia.online,True,PRIMARY_QUALIFYING,VERIFIED: GS1 India 890 Barcode
8901262140065,Lite Bread Spread,Amul,"Plant-based foods and beverages, Plant-based foods, Fats, Spreads, Plant-based spreads, Salted spreads, Spreadable fats, Vegetable fats, Margarines",CAT_14,TBHQ (E319),Additive (INS/E-Code),['JP'],Banned in JP according to additive rulebook. Functional Class: Antioxidant.,False,,OpenFoodFacts / GS1 Database,2026-08-07 02:46:51,True,foodfactsindia.online,True,PRIMARY_QUALIFYING,VERIFIED: GS1 India 890 Barcode
8906002000494,Dr Oetker Funfoods Veg Mayonnaise,"Funfoods,Dr Oetker",Mayonnaises,Unknown,TBHQ (E319),Additive (INS/E-Code),['JP'],Banned in JP according to additive rulebook. Functional Class: Antioxidant.,True, | Unknown FSSAI category,OpenFoodFacts / GS1 Database,2026-08-07 02:46:51,False,foodfactsindia.online,True,PRIMARY_QUALIFYING,VERIFIED: GS1 India 890 Barcode
8904288626070,Mixed fruit Jam,Tops,,Unknown,Carmoisine / Azorubine (E122),Additive (INS/E-Code),"['JP', 'US']","Banned in JP, US according to additive rulebook. Functional Class: Additive.",True, | Unknown FSSAI category,OpenFoodFacts / GS1 Database,2026-08-07 02:46:51,False,foodfactsindia.online,True,PRIMARY_QUALIFYING,VERIFIED: GS1 India 890 Barcode
8906035030222,Freedom Refined Sunflower Oil,Freedom,Sunflower oils,CAT_02,TBHQ (E319),Additive (INS/E-Code),['JP'],Banned in JP according to additive rulebook. Functional Class: Antioxidant.,False,,OpenFoodFacts / GS1 Database,2026-08-07 02:46:51,True,foodfactsindia.online,True,PRIMARY_QUALIFYING,VERIFIED: GS1 India 890 Barcode
8901595963355,Ching's Noodles,Ching's,,CAT_06,TBHQ (E319),Additive (INS/E-Code),['JP'],Banned in JP according to additive rulebook. Functional Class: Antioxidant.,False,,OpenFoodFacts / GS1 Database,2026-08-07 02:46:51,True,foodfactsindia.online,True,PRIMARY_QUALIFYING,VERIFIED: GS1 India 890 Barcode
8901063139336,Britannia bourbon 100g,Britannia,"Snacks, en:biscuits",CAT_15,Carmoisine / Azorubine (E122),Additive (INS/E-Code),"['JP', 'US']","Banned in JP, US according to additive rulebook. Functional Class: Additive.",False,,OpenFoodFacts / GS1 Database,2026-08-07 02:46:51,True,foodfactsindia.online,True,PRIMARY_QUALIFYING,VERIFIED: GS1 India 890 Barcode
8901512939005,Snack Nacho Chips,Sundrop,Snacks,CAT_15,TBHQ (E319),Additive (INS/E-Code),['JP'],Banned in JP according to additive rulebook. Functional Class: Antioxidant.,False,,OpenFoodFacts / GS1 Database,2026-08-07 02:46:51,True,foodfactsindia.online,True,PRIMARY_QUALIFYING,VERIFIED: GS1 India 890 Barcode
8901014000401,Geki hot and spicy,Nissin,,CAT_06,TBHQ (E319),Additive (INS/E-Code),['JP'],Banned in JP according to additive rulebook. Functional Class: Antioxidant.,False,,OpenFoodFacts / GS1 Database,2026-08-07 02:46:51,True,foodfactsindia.online,True,PRIMARY_QUALIFYING,VERIFIED: GS1 India 890 Barcode
8901030735349,Fruit & Nut,Kwality wall's,en:ice-creams-and-sorbets,CAT_03,Carmoisine / Azorubine (E122),Additive (INS/E-Code),"['JP', 'US']","Banned in JP, US according to additive rulebook. Functional Class: Additive.",False,,OpenFoodFacts / GS1 Database,2026-08-07 02:46:51,True,foodfactsindia.online,True,PRIMARY_QUALIFYING,VERIFIED: GS1 India 890 Barcode
8901030735349,Fruit & Nut,Kwality wall's,en:ice-creams-and-sorbets,CAT_03,Fast Green FCF (E143),Additive (INS/E-Code),"['EU', 'UK']","Banned in EU, UK according to additive rulebook. Functional Class: Additive.",False,,OpenFoodFacts / GS1 Database,2026-08-07 02:46:51,True,foodfactsindia.online,True,PRIMARY_QUALIFYING,VERIFIED: GS1 India 890 Barcode
8901063155459,Tiger Krunch ChocoChips,Britannia,"Snacks,Sweet snacks,Biscuits and cakes,Biscuits and crackers,Biscuits,Chocolate biscuits",CAT_15,Ponceau 4R (E124),Additive (INS/E-Code),['US'],Banned in US according to additive rulebook. Functional Class: Additive.,False,,OpenFoodFacts / GS1 Database,2026-08-07 02:46:51,True,foodfactsindia.online,True,PRIMARY_QUALIFYING,VERIFIED: GS1 India 890 Barcode
8901262178259,Ice Cream Sandwich Vanilla,Amul,"Desserts,Frozen foods,Frozen desserts,Ice creams and sorbets,Ice creams,Ice cream sandwiches",CAT_03,TBHQ (E319),Additive (INS/E-Code),['JP'],Banned in JP according to additive rulebook. Functional Class: Antioxidant.,False,,OpenFoodFacts / GS1 Database,2026-08-07 02:46:51,True,foodfactsindia.online,True,PRIMARY_QUALIFYING,VERIFIED: GS1 India 890 Barcode
8906006850828,BaskinRobbins Cotton Candy Ice Cream,"BR,BaskinRobbins","Desserts,Frozen foods,Frozen desserts,Ice creams and sorbets,Ice creams",CAT_03,Carmoisine / Azorubine (E122),Additive (INS/E-Code),"['JP', 'US']","Banned in JP, US according to additive rulebook. Functional Class: Additive.",False,,OpenFoodFacts / GS1 Database,2026-08-07 02:46:51,True,foodfactsindia.online,True,PRIMARY_QUALIFYING,VERIFIED: GS1 India 890 Barcode
8906000921555,Daadi's Peri Peri Khakhra,Daadi's,,Unknown,TBHQ (E319),Additive (INS/E-Code),['JP'],Banned in JP according to additive rulebook. Functional Class: Antioxidant.,True, | Unknown FSSAI category,OpenFoodFacts / GS1 Database,2026-08-07 02:46:51,False,foodfactsindia.online,True,PRIMARY_QUALIFYING,VERIFIED: GS1 India 890 Barcode
8906069400527,Veeba sandwich spread,VEEBA,,Unknown,TBHQ (E319),Additive (INS/E-Code),['JP'],Banned in JP according to additive rulebook. Functional Class: Antioxidant.,True, | Unknown FSSAI category,OpenFoodFacts / GS1 Database,2026-08-07 02:46:51,False,foodfactsindia.online,True,PRIMARY_QUALIFYING,VERIFIED: GS1 India 890 Barcode
8901512825605,Snacko Cheese & Herbs Flavour Bakes Twisties,Snacko,snacks,CAT_15,TBHQ (E319),Additive (INS/E-Code),['JP'],Banned in JP according to additive rulebook. Functional Class: Antioxidant.,False,,OpenFoodFacts / GS1 Database,2026-08-07 02:46:51,True,foodfactsindia.online,True,PRIMARY_QUALIFYING,VERIFIED: GS1 India 890 Barcode
8906007280259,Fortune Physically Refined Rice Bran Oil,Fortune,"Oils,Rice bran oils",CAT_02,TBHQ (E319),Additive (INS/E-Code),['JP'],Banned in JP according to additive rulebook. Functional Class: Antioxidant.,False,,OpenFoodFacts / GS1 Database,2026-08-07 02:46:51,True,foodfactsindia.online,True,PRIMARY_QUALIFYING,VERIFIED: GS1 India 890 Barcode
8901648000860,Chocolate Flavoured Milk,Mother Dairy,"Beverages and beverages preparations,Beverages,Dairies,Milks (liquid and powder),Dairy drinks,Milks,Flavoured milks",CAT_14,Carmoisine / Azorubine (E122),Additive (INS/E-Code),"['JP', 'US']","Banned in JP, US according to additive rulebook. Functional Class: Additive.",False,,OpenFoodFacts / GS1 Database,2026-08-07 02:46:51,True,foodfactsindia.online,True,PRIMARY_QUALIFYING,VERIFIED: GS1 India 890 Barcode
8906002004379,Dr. Oetker Funfoods Veg Mayonnaise,Dr. Oetker,Mayonnaises,Unknown,TBHQ (E319),Additive (INS/E-Code),['JP'],Banned in JP according to additive rulebook. Functional Class: Antioxidant.,True, | Unknown FSSAI category,OpenFoodFacts / GS1 Database,2026-08-07 02:46:51,False,foodfactsindia.online,True,PRIMARY_QUALIFYING,VERIFIED: GS1 India 890 Barcode
8906018990840,Yum,Amulya,Strawberry flavoured Creme Wafers,CAT_01,TBHQ (E319),Additive (INS/E-Code),['JP'],Banned in JP according to additive rulebook. Functional Class: Antioxidant.,False,,OpenFoodFacts / GS1 Database,2026-08-07 02:46:51,True,foodfactsindia.online,True,PRIMARY_QUALIFYING,VERIFIED: GS1 India 890 Barcode
8904052503804,Dinshaw's Butterscotch,Dinshaw's,Ice creams,CAT_03,Carmoisine / Azorubine (E122),Additive (INS/E-Code),"['JP', 'US']","Banned in JP, US according to additive rulebook. Functional Class: Additive.",False,,OpenFoodFacts / GS1 Database,2026-08-07 02:46:51,True,foodfactsindia.online,True,PRIMARY_QUALIFYING,VERIFIED: GS1 India 890 Barcode
8901044600930,Rose Sharbat,Mapro,,CAT_04,Carmoisine / Azorubine (E122),Additive (INS/E-Code),"['JP', 'US']","Banned in JP, US according to additive rulebook. Functional Class: Additive.",False,,OpenFoodFacts / GS1 Database,2026-08-07 02:46:51,True,foodfactsindia.online,True,PRIMARY_QUALIFYING,VERIFIED: GS1 India 890 Barcode
8901709008828,Priya Vanaspati,Priya,"Vanaspati oil,Oils",CAT_02,TBHQ (E319),Additive (INS/E-Code),['JP'],Banned in JP according to additive rulebook. Functional Class: Antioxidant.,False,,OpenFoodFacts / GS1 Database,2026-08-07 02:46:51,True,foodfactsindia.online,True,PRIMARY_QUALIFYING,VERIFIED: GS1 India 890 Barcode
8901393019490,Chupa Chups Tubes Mini,Chupa Chups,Good,CAT_05,Carmoisine / Azorubine (E122),Additive (INS/E-Code),"['JP', 'US']","Banned in JP, US according to additive rulebook. Functional Class: Additive.",False,,OpenFoodFacts / GS1 Database,2026-08-07 02:46:51,True,foodfactsindia.online,True,PRIMARY_QUALIFYING,VERIFIED: GS1 India 890 Barcode
8901044210856,Mapro Jam,Mapro,en:mixed-fruit-jams,CAT_04,Carmoisine / Azorubine (E122),Additive (INS/E-Code),"['JP', 'US']","Banned in JP, US according to additive rulebook. Functional Class: Additive.",False,,OpenFoodFacts / GS1 Database,2026-08-07 02:46:51,True,foodfactsindia.online,True,PRIMARY_QUALIFYING,VERIFIED: GS1 India 890 Barcode
8901512102904,Sundrop Superlite Advanced Refined Sunflower Oil,Sundrop,Refined deodorized sunflower oils,CAT_02,TBHQ (E319),Additive (INS/E-Code),['JP'],Banned in JP according to additive rulebook. Functional Class: Antioxidant.,False,,OpenFoodFacts / GS1 Database,2026-08-07 02:46:51,True,foodfactsindia.online,True,PRIMARY_QUALIFYING,VERIFIED: GS1 India 890 Barcode
8901014000609,Pokeman Ramen Fun Masala,Nissin,"Plant-based foods and beverages,Plant-based foods,Dried products,Pastas,Dried products to be rehydrated,Noodles,Instant noodles",CAT_14,TBHQ (E319),Additive (INS/E-Code),['JP'],Banned in JP according to additive rulebook. Functional Class: Antioxidant.,False,,OpenFoodFacts / GS1 Database,2026-08-07 02:46:51,True,foodfactsindia.online,True,PRIMARY_QUALIFYING,VERIFIED: GS1 India 890 Barcode
8904238400187,Chicken 65 Masala,Tasty,Chicken tikka masala,CAT_08,Carmoisine / Azorubine (E122),Additive (INS/E-Code),"['JP', 'US']","Banned in JP, US according to additive rulebook. Functional Class: Additive.",False,,OpenFoodFacts / GS1 Database,2026-08-07 02:46:51,True,foodfactsindia.online,True,PRIMARY_QUALIFYING,VERIFIED: GS1 India 890 Barcode
8901777950173,Ice Cream Belgian Chocolate,Vadilal,"Desserts,Frozen foods,Frozen desserts,Ice creams and sorbets,Ice creams,Ice cream in a box",CAT_03,Ponceau 4R (E124),Additive (INS/E-Code),['US'],Banned in US according to additive rulebook. Functional Class: Additive.,False,,OpenFoodFacts / GS1 Database,2026-08-07 02:46:51,True,foodfactsindia.online,True,PRIMARY_QUALIFYING,VERIFIED: GS1 India 890 Barcode
8904089325943,Zulubar dark crunch,Havmor ice cream,"Desserts,Ice creams and sorbets,Ice creams,Frozen desserts",CAT_03,Carmoisine / Azorubine (E122),Additive (INS/E-Code),"['JP', 'US']","Banned in JP, US according to additive rulebook. Functional Class: Additive.",False,,OpenFoodFacts / GS1 Database,2026-08-07 02:46:51,True,foodfactsindia.online,True,PRIMARY_QUALIFYING,VERIFIED: GS1 India 890 Barcode
8902268014688,anmol swiss roll,Unbranded,,Unknown,Carmoisine / Azorubine (E122),Additive (INS/E-Code),"['JP', 'US']","Banned in JP, US according to additive rulebook. Functional Class: Additive.",True, | Unknown FSSAI category,OpenFoodFacts / GS1 Database,2026-08-07 02:46:51,False,foodfactsindia.online,True,PRIMARY_QUALIFYING,VERIFIED: GS1 India 890 Barcode
8904288626322,Strawberry Jam,Tops,Jam,CAT_04,Carmoisine / Azorubine (E122),Additive (INS/E-Code),"['JP', 'US']","Banned in JP, US according to additive rulebook. Functional Class: Additive.",False,,OpenFoodFacts / GS1 Database,2026-08-07 02:46:51,True,foodfactsindia.online,True,PRIMARY_QUALIFYING,VERIFIED: GS1 India 890 Barcode
8901689031007,Butterscotch Crush,Mala's,"Beverages and beverages preparations,Beverages,Flavoured Drinks",CAT_14,Carmoisine / Azorubine (E122),Additive (INS/E-Code),"['JP', 'US']","Banned in JP, US according to additive rulebook. Functional Class: Additive.",False,,OpenFoodFacts / GS1 Database,2026-08-07 02:46:51,True,foodfactsindia.online,True,PRIMARY_QUALIFYING,VERIFIED: GS1 India 890 Barcode
8901689031007,Butterscotch Crush,Mala's,"Beverages and beverages preparations,Beverages,Flavoured Drinks",CAT_14,Titanium Dioxide (E171),Additive (INS/E-Code),['EU'],Banned in EU according to additive rulebook. Functional Class: Colorant.,False,,OpenFoodFacts / GS1 Database,2026-08-07 02:46:51,True,foodfactsindia.online,True,PRIMARY_QUALIFYING,VERIFIED: GS1 India 890 Barcode
8909106048928,Chocolate Ice Cream,Kwality Walls,Ice cream in a box,CAT_03,Carmoisine / Azorubine (E122),Additive (INS/E-Code),"['JP', 'US']","Banned in JP, US according to additive rulebook. Functional Class: Additive.",False,,OpenFoodFacts / GS1 Database,2026-08-07 02:46:51,True,foodfactsindia.online,True,PRIMARY_QUALIFYING,VERIFIED: GS1 India 890 Barcode
8901393019377,Chupa Chups,"Chupa Chups, Perfetti",,CAT_05,Carmoisine / Azorubine (E122),Additive (INS/E-Code),"['JP', 'US']","Banned in JP, US according to additive rulebook. Functional Class: Additive.",False,,OpenFoodFacts / GS1 Database,2026-08-07 02:46:51,True,foodfactsindia.online,True,PRIMARY_QUALIFYING,VERIFIED: GS1 India 890 Barcode
8909081013720,Berry Smoothie,Sunfeast,,CAT_07,Carmoisine / Azorubine (E122),Additive (INS/E-Code),"['JP', 'US']","Banned in JP, US according to additive rulebook. Functional Class: Additive.",False,,OpenFoodFacts / GS1 Database,2026-08-07 02:46:51,True,foodfactsindia.online,True,PRIMARY_QUALIFYING,VERIFIED: GS1 India 890 Barcode
8901001555815,Mida´s Tandoori Curry Paste,Mida's,"Condiments, Sauces, Pâtes de curry, Sauces indiennes, Sauces tandoori, en:Groceries",CAT_12,Ponceau 4R (E124),Additive (INS/E-Code),['US'],Banned in US according to additive rulebook. Functional Class: Additive.,False,,OpenFoodFacts / GS1 Database,2026-08-07 02:46:51,True,foodfactsindia.online,True,PRIMARY_QUALIFYING,VERIFIED: GS1 India 890 Barcode
8901030421501,Cassatta,Kwality Wall's,"Desserts, Frozen foods, Frozen desserts, Ice creams and sorbets, Ice creams",CAT_03,Carmoisine / Azorubine (E122),Additive (INS/E-Code),"['JP', 'US']","Banned in JP, US according to additive rulebook. Functional Class: Additive.",False,,OpenFoodFacts / GS1 Database,2026-08-07 02:46:51,True,foodfactsindia.online,True,PRIMARY_QUALIFYING,VERIFIED: GS1 India 890 Barcode
8901030421501,Cassatta,Kwality Wall's,"Desserts, Frozen foods, Frozen desserts, Ice creams and sorbets, Ice creams",CAT_03,Ponceau 4R (E124),Additive (INS/E-Code),['US'],Banned in US according to additive rulebook. Functional Class: Additive.,False,,OpenFoodFacts / GS1 Database,2026-08-07 02:46:51,True,foodfactsindia.online,True,PRIMARY_QUALIFYING,VERIFIED: GS1 India 890 Barcode
8901030535048,Kissan Mix Fruit Jam,Kissan,"Plant-based foods and beverages, Plant-based foods, Breakfasts, Fruits and vegetables based foods, Spreads, Fruits based foods, Plant-based spreads, Sweet spreads, Fruit and vegetable preserves, Jams, Tropical fruit jams",CAT_14,Carmoisine / Azorubine (E122),Additive (INS/E-Code),"['JP', 'US']","Banned in JP, US according to additive rulebook. Functional Class: Additive.",False,,OpenFoodFacts / GS1 Database,2026-08-07 02:46:51,True,foodfactsindia.online,True,PRIMARY_QUALIFYING,VERIFIED: GS1 India 890 Barcode
8901595963461,Manchow Instant Noodles,Capital Foods,"Plant-based foods and beverages, Plant-based foods, Cereals and potatoes, Cereals and their products, Dried products, Pastas, Dried products to be rehydrated, Noodles, Instant noodles",CAT_14,TBHQ (E319),Additive (INS/E-Code),['JP'],Banned in JP according to additive rulebook. Functional Class: Antioxidant.,False,,OpenFoodFacts / GS1 Database,2026-08-07 02:46:51,True,foodfactsindia.online,True,PRIMARY_QUALIFYING,VERIFIED: GS1 India 890 Barcode
8901652140583,Puff choco vanilla flavoured sandwich biscuits,Priyagold,biscuits,CAT_07,Ponceau 4R (E124),Additive (INS/E-Code),['US'],Banned in US according to additive rulebook. Functional Class: Additive.,False,,OpenFoodFacts / GS1 Database,2026-08-07 02:46:51,True,foodfactsindia.online,True,PRIMARY_QUALIFYING,VERIFIED: GS1 India 890 Barcode
8901725134723,Bounce Choco Twist,Sunfeast,"Snacks, Sweet snacks, Biscuits and cakes, Biscuits, Chocolate biscuits",CAT_15,Carmoisine / Azorubine (E122),Additive (INS/E-Code),"['JP', 'US']","Banned in JP, US according to additive rulebook. Functional Class: Additive.",False,,OpenFoodFacts / GS1 Database,2026-08-07 02:46:51,True,foodfactsindia.online,True,PRIMARY_QUALIFYING,VERIFIED: GS1 India 890 Barcode
8902268002326,Dream LITE,Anmol,Buscuit,Unknown,Ponceau 4R (E124),Additive (INS/E-Code),['US'],Banned in US according to additive rulebook. Functional Class: Additive.,True, | Unknown FSSAI category,OpenFoodFacts / GS1 Database,2026-08-07 02:46:51,False,foodfactsindia.online,True,PRIMARY_QUALIFYING,VERIFIED: GS1 India 890 Barcode
8906001386032,Sandwich cookies,Twinnies,,Unknown,TBHQ (E319),Additive (INS/E-Code),['JP'],Banned in JP according to additive rulebook. Functional Class: Antioxidant.,True, | Unknown FSSAI category,OpenFoodFacts / GS1 Database,2026-08-07 02:46:51,False,foodfactsindia.online,True,PRIMARY_QUALIFYING,VERIFIED: GS1 India 890 Barcode
8906002005284,Pizza topping sauce,Dr. Oetker,Spreads,Unknown,TBHQ (E319),Additive (INS/E-Code),['JP'],Banned in JP according to additive rulebook. Functional Class: Antioxidant.,True, | Unknown FSSAI category,OpenFoodFacts / GS1 Database,2026-08-07 02:46:51,False,foodfactsindia.online,True,PRIMARY_QUALIFYING,VERIFIED: GS1 India 890 Barcode
8906023413501,Fantasia Ice Cream Sandwich,Cream Bell,"Desserts, Frozen foods, Frozen desserts, Ice creams and sorbets, Ice creams, Ice cream sandwiches",CAT_03,TBHQ (E319),Additive (INS/E-Code),['JP'],Banned in JP according to additive rulebook. Functional Class: Antioxidant.,False,,OpenFoodFacts / GS1 Database,2026-08-07 02:46:51,True,foodfactsindia.online,True,PRIMARY_QUALIFYING,VERIFIED: GS1 India 890 Barcode
8901262173438,Frozen Yoghurt - Strawberry flavour,Amul,,CAT_01,Ponceau 4R (E124),Additive (INS/E-Code),['US'],Banned in US according to additive rulebook. Functional Class: Additive.,False,,OpenFoodFacts / GS1 Database,2026-08-07 02:46:51,True,foodfactsindia.online,True,PRIMARY_QUALIFYING,VERIFIED: GS1 India 890 Barcode
8901777759127,Vadilal Gourmet Nutty Belgian Dark chocolate Super Premium Ice Cream,Vadilal,"Desserts, Frozen foods, Frozen desserts, Ice creams and sorbets, Ice creams",CAT_03,Ponceau 4R (E124),Additive (INS/E-Code),['US'],Banned in US according to additive rulebook. Functional Class: Additive.,False,,OpenFoodFacts / GS1 Database,2026-08-07 02:46:51,True,foodfactsindia.online,True,PRIMARY_QUALIFYING,VERIFIED: GS1 India 890 Barcode
8901014004836,Cup Noodles,Nissin,,CAT_06,TBHQ (E319),Additive (INS/E-Code),['JP'],Banned in JP according to additive rulebook. Functional Class: Antioxidant.,False,,OpenFoodFacts / GS1 Database,2026-08-07 02:46:51,True,foodfactsindia.online,True,PRIMARY_QUALIFYING,VERIFIED: GS1 India 890 Barcode
8908006135516,Moraz Strawberry Crush,Moraz,beverages,CAT_14,Carmoisine / Azorubine (E122),Additive (INS/E-Code),"['JP', 'US']","Banned in JP, US according to additive rulebook. Functional Class: Additive.",False,,OpenFoodFacts / GS1 Database,2026-08-07 02:46:51,True,foodfactsindia.online,True,PRIMARY_QUALIFYING,VERIFIED: GS1 India 890 Barcode
8901512144805,Peanut butter,Sundrop,"Aliments et boissons à base de végétaux, Aliments d'origine végétale, Légumineuses et dérivés, Produits à tartiner, Fruits à coques et dérivés, Pâtes à tartiner végétales, Purées d'oléagineux, Beurres de légumineuses, Beurres de fruits à coques, Beurres de cacahuètes",CAT_04,TBHQ (E319),Additive (INS/E-Code),['JP'],Banned in JP according to additive rulebook. Functional Class: Antioxidant.,False,,OpenFoodFacts / GS1 Database,2026-08-07 02:46:51,True,foodfactsindia.online,True,PRIMARY_QUALIFYING,VERIFIED: GS1 India 890 Barcode
8906021924344,Fruitilicious Fruit Blast Mixed Fruit Jam,Apis,"Plant-based foods and beverages, Plant-based foods, Breakfasts, Spreads, Plant-based spreads, Sweet spreads, Fruit and vegetable preserves, Jams",CAT_14,Carmoisine / Azorubine (E122),Additive (INS/E-Code),"['JP', 'US']","Banned in JP, US according to additive rulebook. Functional Class: Additive.",False,,OpenFoodFacts / GS1 Database,2026-08-07 02:46:51,True,foodfactsindia.online,True,PRIMARY_QUALIFYING,VERIFIED: GS1 India 890 Barcode
8906002000074,Dr. Oetker,Dr. Oetker,,Unknown,TBHQ (E319),Additive (INS/E-Code),['JP'],Banned in JP according to additive rulebook. Functional Class: Antioxidant.,True, | Unknown FSSAI category,OpenFoodFacts / GS1 Database,2026-08-07 02:46:51,False,foodfactsindia.online,True,PRIMARY_QUALIFYING,VERIFIED: GS1 India 890 Barcode
8901044624912,Mapro Butterscotch Syrup,Unbranded,,Unknown,Carmoisine / Azorubine (E122),Additive (INS/E-Code),"['JP', 'US']","Banned in JP, US according to additive rulebook. Functional Class: Additive.",True, | Unknown FSSAI category,OpenFoodFacts / GS1 Database,2026-08-07 02:46:51,False,foodfactsindia.online,True,PRIMARY_QUALIFYING,VERIFIED: GS1 India 890 Barcode
8901207006883,Sesame oil,Dabur,"Plant-based foods and beverages, Plant-based foods, Fats, Vegetable fats, Vegetable oils",CAT_14,TBHQ (E319),Additive (INS/E-Code),['JP'],Banned in JP according to additive rulebook. Functional Class: Antioxidant.,False,,OpenFoodFacts / GS1 Database,2026-08-07 02:46:51,True,foodfactsindia.online,True,PRIMARY_QUALIFYING,VERIFIED: GS1 India 890 Barcode
8901725100025,B Natural Mixed fruit 1ltr tpk,ITC Limited,Fruit juices,CAT_14,Titanium Dioxide (E171),Additive (INS/E-Code),['EU'],Banned in EU according to additive rulebook. Functional Class: Colorant.,False,,OpenFoodFacts / GS1 Database,2026-08-07 02:46:51,True,foodfactsindia.online,True,PRIMARY_QUALIFYING,VERIFIED: GS1 India 890 Barcode
8901044200284,Mapro Mixed Fruit Jam,mapro,"Plant-based foods and beverages, Plant-based foods, Breakfasts, Spreads, Plant-based spreads, Sweet spreads, Fruit and vegetable preserves, Jams, Mixed fruit jams",CAT_14,Carmoisine / Azorubine (E122),Additive (INS/E-Code),"['JP', 'US']","Banned in JP, US according to additive rulebook. Functional Class: Additive.",False,,OpenFoodFacts / GS1 Database,2026-08-07 02:46:51,True,foodfactsindia.online,True,PRIMARY_QUALIFYING,VERIFIED: GS1 India 890 Barcode
8901063139213,Brit bourbon 150g (sys),Britannia,"Snacks, Sweet snacks, Biscuits and cakes, Biscuits and crackers, Biscuits, en:chocolate-biscuits",CAT_15,Carmoisine / Azorubine (E122),Additive (INS/E-Code),"['JP', 'US']","Banned in JP, US according to additive rulebook. Functional Class: Additive.",False,,OpenFoodFacts / GS1 Database,2026-08-07 02:46:51,True,foodfactsindia.online,True,PRIMARY_QUALIFYING,VERIFIED: GS1 India 890 Barcode
8906002004331,Funfoods Pasta and Pizza Sauce,Dr. oetker,"Condiments, Sauces, Pasta sauces, Pizza sauces, Groceries",CAT_06,TBHQ (E319),Additive (INS/E-Code),['JP'],Banned in JP according to additive rulebook. Functional Class: Antioxidant.,False,,OpenFoodFacts / GS1 Database,2026-08-07 02:46:51,True,foodfactsindia.online,True,PRIMARY_QUALIFYING,VERIFIED: GS1 India 890 Barcode
8901063362871,cake nut & raisin,britannia,"Snacks,Sweet snacks,Biscuits and cakes,Cakes,Soft cake with nuts",CAT_15,Carmoisine / Azorubine (E122),Additive (INS/E-Code),"['JP', 'US']","Banned in JP, US according to additive rulebook. Functional Class: Additive.",False,,OpenFoodFacts / GS1 Database,2026-08-07 02:46:51,True,foodfactsindia.online,True,PRIMARY_QUALIFYING,VERIFIED: GS1 India 890 Barcode
8906005618726,Pineapple Cake,winkles,"Snacks, Desserts, Sweet snacks, Biscuits and cakes, Cakes",CAT_15,Fast Green FCF (E143),Additive (INS/E-Code),"['EU', 'UK']","Banned in EU, UK according to additive rulebook. Functional Class: Additive.",False,,OpenFoodFacts / GS1 Database,2026-08-07 02:46:51,True,foodfactsindia.online,True,PRIMARY_QUALIFYING,VERIFIED: GS1 India 890 Barcode
8906005618726,Pineapple Cake,winkles,"Snacks, Desserts, Sweet snacks, Biscuits and cakes, Cakes",CAT_15,Ponceau 4R (E124),Additive (INS/E-Code),['US'],Banned in US according to additive rulebook. Functional Class: Additive.,False,,OpenFoodFacts / GS1 Database,2026-08-07 02:46:51,True,foodfactsindia.online,True,PRIMARY_QUALIFYING,VERIFIED: GS1 India 890 Barcode
8901063155282,Tiger Krunch Chocochips,Britannia,"Snacks, Sweet snacks, Biscuits and cakes, Biscuits, Chocolate biscuits",CAT_15,Ponceau 4R (E124),Additive (INS/E-Code),['US'],Banned in US according to additive rulebook. Functional Class: Additive.,False,,OpenFoodFacts / GS1 Database,2026-08-07 02:46:51,True,foodfactsindia.online,True,PRIMARY_QUALIFYING,VERIFIED: GS1 India 890 Barcode
8901014002054,Top Ramen Masala Noodles,Nissin,"Plant-based foods and beverages, Plant-based foods, Pastas, Noodles, en:instant-noodles",CAT_14,TBHQ (E319),Additive (INS/E-Code),['JP'],Banned in JP according to additive rulebook. Functional Class: Antioxidant.,False,,OpenFoodFacts / GS1 Database,2026-08-07 02:46:51,True,foodfactsindia.online,True,PRIMARY_QUALIFYING,VERIFIED: GS1 India 890 Barcode
8901014002566,Top Ramen,Nissin,"Plant-based foods and beverages,Plant-based foods,Meats and their products,Meats,Chicken and its products,Dried products,Poultries,Dried products to be rehydrated,Noodles,Chickens,Instant noodles",CAT_14,TBHQ (E319),Additive (INS/E-Code),['JP'],Banned in JP according to additive rulebook. Functional Class: Antioxidant.,False,,OpenFoodFacts / GS1 Database,2026-08-07 02:46:51,True,foodfactsindia.online,True,PRIMARY_QUALIFYING,VERIFIED: GS1 India 890 Barcode
8901725100117,B Natural Guava Juice 1ltr,ITC B Natural,,Unknown,Ponceau 4R (E124),Additive (INS/E-Code),['US'],Banned in US according to additive rulebook. Functional Class: Additive.,True, | Unknown FSSAI category,OpenFoodFacts / GS1 Database,2026-08-07 02:46:51,False,foodfactsindia.online,True,PRIMARY_QUALIFYING,VERIFIED: GS1 India 890 Barcode
8901030831706,Mixed Fruit Jam,"Hindustan Unilever Limited, Kissan",,CAT_04,Carmoisine / Azorubine (E122),Additive (INS/E-Code),"['JP', 'US']","Banned in JP, US according to additive rulebook. Functional Class: Additive.",False,,OpenFoodFacts / GS1 Database,2026-08-07 02:46:51,True,foodfactsindia.online,True,PRIMARY_QUALIFYING,VERIFIED: GS1 India 890 Barcode
8906002004430,Veg mayonnaise,Dr. Oetker,"Condiments, Sauces, Vegetarian sauces, Mayonnaises, Vegan sauces, Egg-free mayonnaises",CAT_10,TBHQ (E319),Additive (INS/E-Code),['JP'],Banned in JP according to additive rulebook. Functional Class: Antioxidant.,False,,OpenFoodFacts / GS1 Database,2026-08-07 02:46:51,True,foodfactsindia.online,True,PRIMARY_QUALIFYING,VERIFIED: GS1 India 890 Barcode
8906077360400,Bombay Puri,Jaimin,"Snacks, Puri",CAT_15,TBHQ (E319),Additive (INS/E-Code),['JP'],Banned in JP according to additive rulebook. Functional Class: Antioxidant.,False,,OpenFoodFacts / GS1 Database,2026-08-07 02:46:51,True,foodfactsindia.online,True,PRIMARY_QUALIFYING,VERIFIED: GS1 India 890 Barcode
8901014003181,Top Ramen,"Nissin,Top Ramen","Plant-based foods and beverages, Plant-based foods, Dried products, Pastas, Dried products to be rehydrated, Noodles, Instant noodles",CAT_14,TBHQ (E319),Additive (INS/E-Code),['JP'],Banned in JP according to additive rulebook. Functional Class: Antioxidant.,False,,OpenFoodFacts / GS1 Database,2026-08-07 02:46:51,True,foodfactsindia.online,True,PRIMARY_QUALIFYING,VERIFIED: GS1 India 890 Barcode
8901595863044,Schezwan Chutney,Ching's Secret,Sauce,CAT_12,TBHQ (E319),Additive (INS/E-Code),['JP'],Banned in JP according to additive rulebook. Functional Class: Antioxidant.,False,,OpenFoodFacts / GS1 Database,2026-08-07 02:46:51,True,foodfactsindia.online,True,PRIMARY_QUALIFYING,VERIFIED: GS1 India 890 Barcode
8901030831690,kissan mixed fruit jam,Kissan,"Plant-based foods and beverages,Plant-based foods,Breakfasts,Spreads,Plant-based spreads,Sweet spreads,Fruit and vegetable preserves,Jams,Tropical fruit jams",CAT_14,Carmoisine / Azorubine (E122),Additive (INS/E-Code),"['JP', 'US']","Banned in JP, US according to additive rulebook. Functional Class: Additive.",False,,OpenFoodFacts / GS1 Database,2026-08-07 02:46:51,True,foodfactsindia.online,True,PRIMARY_QUALIFYING,VERIFIED: GS1 India 890 Barcode
8901512144706,Peanut Butter Regular Creamy,Sundrop,"Plant-based foods and beverages,Plant-based foods,Legumes and their products,Spreads,Nuts and their products,Plant-based spreads,Oilseed purees,Legume butters,Nut butters,Peanut butters",CAT_14,TBHQ (E319),Additive (INS/E-Code),['JP'],Banned in JP according to additive rulebook. Functional Class: Antioxidant.,False,,OpenFoodFacts / GS1 Database,2026-08-07 02:46:51,True,foodfactsindia.online,True,PRIMARY_QUALIFYING,VERIFIED: GS1 India 890 Barcode
8901014004744,Cup Noodles Mazedaar Masala,Nissin,"Noodles,Instant noodles",CAT_06,TBHQ (E319),Additive (INS/E-Code),['JP'],Banned in JP according to additive rulebook. Functional Class: Antioxidant.,False,,OpenFoodFacts / GS1 Database,2026-08-07 02:46:51,True,foodfactsindia.online,True,PRIMARY_QUALIFYING,VERIFIED: GS1 India 890 Barcode
8901030846304,Cadbury Crackle,Hindustan Unilever limited,"Desserts, Frozen foods, Frozen desserts, Ice creams and sorbets, Ice creams, Ice cream tubs, Chocolate ice cream tubs",CAT_03,Carmoisine / Azorubine (E122),Additive (INS/E-Code),"['JP', 'US']","Banned in JP, US according to additive rulebook. Functional Class: Additive.",False,,OpenFoodFacts / GS1 Database,2026-08-07 02:46:51,True,foodfactsindia.online,True,PRIMARY_QUALIFYING,VERIFIED: GS1 India 890 Barcode
8906080602689,Paper boat mixed fruit medley 750ml pet,Paper Boat,,Unknown,Ponceau 4R (E124),Additive (INS/E-Code),['US'],Banned in US according to additive rulebook. Functional Class: Additive.,True, | Unknown FSSAI category,OpenFoodFacts / GS1 Database,2026-08-07 02:46:51,False,foodfactsindia.online,True,PRIMARY_QUALIFYING,VERIFIED: GS1 India 890 Barcode
8904004410617,Orange Burfee,Haldiram's,Sweets desserts,Unknown,Carmoisine / Azorubine (E122),Additive (INS/E-Code),"['JP', 'US']","Banned in JP, US according to additive rulebook. Functional Class: Additive.",True, | Unknown FSSAI category,OpenFoodFacts / GS1 Database,2026-08-07 02:46:51,False,foodfactsindia.online,True,PRIMARY_QUALIFYING,VERIFIED: GS1 India 890 Barcode
8901030834820,Kwality x Wall's Desi Twist Creamy Kulfi,Kwality x Wall's,"Desserts, Frozen foods, Frozen desserts, Ice creams and sorbets, Ice creams, en:ice-cream-tubs",CAT_03,Carmoisine / Azorubine (E122),Additive (INS/E-Code),"['JP', 'US']","Banned in JP, US according to additive rulebook. Functional Class: Additive.",False,,OpenFoodFacts / GS1 Database,2026-08-07 02:46:51,True,foodfactsindia.online,True,PRIMARY_QUALIFYING,VERIFIED: GS1 India 890 Barcode
8901063363748,CAKE 100% VEG Gobbles fruity fun,Britannia,"Snacks, Sweet snacks, Biscuits and cakes, Cakes, Soft fruit cakes",CAT_15,Ponceau 4R (E124),Additive (INS/E-Code),['US'],Banned in US according to additive rulebook. Functional Class: Additive.,False,,OpenFoodFacts / GS1 Database,2026-08-07 02:46:51,True,foodfactsindia.online,True,PRIMARY_QUALIFYING,VERIFIED: GS1 India 890 Barcode
8906069400619,veeba white pasta dressing,Veeba,"Pasta dressing, Sause",CAT_06,TBHQ (E319),Additive (INS/E-Code),['JP'],Banned in JP according to additive rulebook. Functional Class: Antioxidant.,False,,OpenFoodFacts / GS1 Database,2026-08-07 02:46:51,True,foodfactsindia.online,True,PRIMARY_QUALIFYING,VERIFIED: GS1 India 890 Barcode
8901652140620,Puff,PRIYAGOLD,"Beverages, Snacks, Sweet snacks, Biscuits and cakes, Biscuits, Shortbread cookies, Sweetened beverages",CAT_15,Carmoisine / Azorubine (E122),Additive (INS/E-Code),"['JP', 'US']","Banned in JP, US according to additive rulebook. Functional Class: Additive.",False,,OpenFoodFacts / GS1 Database,2026-08-07 02:46:51,True,foodfactsindia.online,True,PRIMARY_QUALIFYING,VERIFIED: GS1 India 890 Barcode
8901652140620,Puff,PRIYAGOLD,"Beverages, Snacks, Sweet snacks, Biscuits and cakes, Biscuits, Shortbread cookies, Sweetened beverages",CAT_15,Ponceau 4R (E124),Additive (INS/E-Code),['US'],Banned in US according to additive rulebook. Functional Class: Additive.,False,,OpenFoodFacts / GS1 Database,2026-08-07 02:46:51,True,foodfactsindia.online,True,PRIMARY_QUALIFYING,VERIFIED: GS1 India 890 Barcode
8906007280242,refined sunflower oil,Fortune,"Plant-based foods and beverages,Plant-based foods,Fats,Vegetable fats,Vegetable oils,Sunflower seeds and their products,Sunflower oils",CAT_14,TBHQ (E319),Additive (INS/E-Code),['JP'],Banned in JP according to additive rulebook. Functional Class: Antioxidant.,False,,OpenFoodFacts / GS1 Database,2026-08-07 02:46:51,True,foodfactsindia.online,True,PRIMARY_QUALIFYING,VERIFIED: GS1 India 890 Barcode
8901207046599,Mustard oil,Dabur,,Unknown,TBHQ (E319),Additive (INS/E-Code),['JP'],Banned in JP according to additive rulebook. Functional Class: Antioxidant.,True, | Unknown FSSAI category,OpenFoodFacts / GS1 Database,2026-08-07 02:46:51,False,foodfactsindia.online,True,PRIMARY_QUALIFYING,VERIFIED: GS1 India 890 Barcode
8901063365087,Brit 100% veg cake,Britannia,"Snacks, Sweet snacks, Biscuits and cakes, Bars, Cakes, en:confectioneries",CAT_15,Ponceau 4R (E124),Additive (INS/E-Code),['US'],Banned in US according to additive rulebook. Functional Class: Additive.,False,,OpenFoodFacts / GS1 Database,2026-08-07 02:46:51,True,foodfactsindia.online,True,PRIMARY_QUALIFYING,VERIFIED: GS1 India 890 Barcode
8908014480073,Bovonto,NL KALIS SPARKLING WATER,Carbonated drinks,CAT_14,Carmoisine / Azorubine (E122),Additive (INS/E-Code),"['JP', 'US']","Banned in JP, US according to additive rulebook. Functional Class: Additive.",False,,OpenFoodFacts / GS1 Database,2026-08-07 02:46:51,True,foodfactsindia.online,True,PRIMARY_QUALIFYING,VERIFIED: GS1 India 890 Barcode
8908014480073,Bovonto,NL KALIS SPARKLING WATER,Carbonated drinks,CAT_14,Ponceau 4R (E124),Additive (INS/E-Code),['US'],Banned in US according to additive rulebook. Functional Class: Additive.,False,,OpenFoodFacts / GS1 Database,2026-08-07 02:46:51,True,foodfactsindia.online,True,PRIMARY_QUALIFYING,VERIFIED: GS1 India 890 Barcode
8901014004935,spiced chunky chicken,Nissin,"Plant-based foods and beverages, Plant-based foods, Meats and their products, Meals, Meats, Dried products, Pastas, Dried products to be rehydrated, Meals with meat, Noodles, Poultries, Instant noodles, Poultry meals, Instant noodle soups, Meals with chicken",CAT_14,TBHQ (E319),Additive (INS/E-Code),['JP'],Banned in JP according to additive rulebook. Functional Class: Antioxidant.,False,,OpenFoodFacts / GS1 Database,2026-08-07 02:46:51,True,foodfactsindia.online,True,PRIMARY_QUALIFYING,VERIFIED: GS1 India 890 Barcode
8901491001021,Classic Salted,Lay's,"Plant-based foods and beverages, Plant-based foods, Snacks, Cereals and potatoes, Salty snacks, Appetizers, Chips and fries, Crisps, Potato crisps",CAT_15,TBHQ (E319),Additive (INS/E-Code),['JP'],Banned in JP according to additive rulebook. Functional Class: Antioxidant.,False,,OpenFoodFacts / GS1 Database,2026-08-07 02:46:51,True,foodfactsindia.online,True,PRIMARY_QUALIFYING,VERIFIED: GS1 India 890 Barcode
8901037255024,Girnar,Girnar,Tea chai,Unknown,Titanium Dioxide (E171),Additive (INS/E-Code),['EU'],Banned in EU according to additive rulebook. Functional Class: Colorant.,True, | Unknown FSSAI category,OpenFoodFacts / GS1 Database,2026-08-07 02:46:51,False,foodfactsindia.online,True,PRIMARY_QUALIFYING,VERIFIED: GS1 India 890 Barcode
8906032018506,Doodh Biscuits,Patanjali,"Snacks,Sweet snacks,Biscuits and cakes,Biscuits",CAT_15,TBHQ (E319),Additive (INS/E-Code),['JP'],Banned in JP according to additive rulebook. Functional Class: Antioxidant.,False,,OpenFoodFacts / GS1 Database,2026-08-07 02:46:51,True,foodfactsindia.online,True,PRIMARY_QUALIFYING,VERIFIED: GS1 India 890 Barcode
8901063363977,BRITANNIA Cake Gobbles Fruity Fun,Britannia,"Snacks, Sweet snacks, Biscuits and cakes, Cakes",CAT_15,Ponceau 4R (E124),Additive (INS/E-Code),['US'],Banned in US according to additive rulebook. Functional Class: Additive.,False,,OpenFoodFacts / GS1 Database,2026-08-07 02:46:51,True,foodfactsindia.online,True,PRIMARY_QUALIFYING,VERIFIED: GS1 India 890 Barcode
8901014004942,Cup Noodles Spiced Chicken,Nissin,"Plant-based foods and beverages, Plant-based foods, Dried products, Pastas, Dried products to be rehydrated, Noodles, Instant noodles",CAT_14,TBHQ (E319),Additive (INS/E-Code),['JP'],Banned in JP according to additive rulebook. Functional Class: Antioxidant.,False,,OpenFoodFacts / GS1 Database,2026-08-07 02:46:51,True,foodfactsindia.online,True,PRIMARY_QUALIFYING,VERIFIED: GS1 India 890 Barcode
8901063029262,Jim Jam 92g,Britannia,Biscuit (cookie) snack w chocolate filling,CAT_15,Carmoisine / Azorubine (E122),Additive (INS/E-Code),"['JP', 'US']","Banned in JP, US according to additive rulebook. Functional Class: Additive.",False,,OpenFoodFacts / GS1 Database,2026-08-07 02:46:51,True,foodfactsindia.online,True,PRIMARY_QUALIFYING,VERIFIED: GS1 India 890 Barcode
8906008811902,Pro Immunity Multi-source Edible Oil,Fortune,"Plant-based foods and beverages, Plant-based foods, Cereals and potatoes, Fats, Cereals and their products, Vegetable fats, Vegetable oils, Sunflower seeds and their products, Cereal oils, Sunflower oils, Rice bran oils",CAT_14,TBHQ (E319),Additive (INS/E-Code),['JP'],Banned in JP according to additive rulebook. Functional Class: Antioxidant.,False,,OpenFoodFacts / GS1 Database,2026-08-07 02:46:51,True,foodfactsindia.online,True,PRIMARY_QUALIFYING,VERIFIED: GS1 India 890 Barcode
8906029450081,Eggless Mayonnaise,Mrs. Food rite,"Condiments, Sauces, Mayonnaises",CAT_12,TBHQ (E319),Additive (INS/E-Code),['JP'],Banned in JP according to additive rulebook. Functional Class: Antioxidant.,False,,OpenFoodFacts / GS1 Database,2026-08-07 02:46:51,True,foodfactsindia.online,True,PRIMARY_QUALIFYING,VERIFIED: GS1 India 890 Barcode
8901063363960,Brittania Gobbles Chocolate Cake,Brittania,"Snacks, Desserts, Sweet snacks, Biscuits and cakes, Cakes, Chocolate soft cake",CAT_15,Carmoisine / Azorubine (E122),Additive (INS/E-Code),"['JP', 'US']","Banned in JP, US according to additive rulebook. Functional Class: Additive.",False,,OpenFoodFacts / GS1 Database,2026-08-07 02:46:51,True,foodfactsindia.online,True,PRIMARY_QUALIFYING,VERIFIED: GS1 India 890 Barcode
8901063029255,Jim Jam 57g,Britannia,Biscuits,CAT_07,Carmoisine / Azorubine (E122),Additive (INS/E-Code),"['JP', 'US']","Banned in JP, US according to additive rulebook. Functional Class: Additive.",False,,OpenFoodFacts / GS1 Database,2026-08-07 02:46:51,True,foodfactsindia.online,True,PRIMARY_QUALIFYING,VERIFIED: GS1 India 890 Barcode
8904083302100,Fruit Yogurt Blueberry,Milky Mist,"Dairies,Fermented foods,Fermented milk products,Desserts,Dairy desserts,Fermented dairy desserts,Fermented dairy desserts with fruits,Yogurts,Fruit yogurts",CAT_01,Carmoisine / Azorubine (E122),Additive (INS/E-Code),"['JP', 'US']","Banned in JP, US according to additive rulebook. Functional Class: Additive.",False,,OpenFoodFacts / GS1 Database,2026-08-07 02:46:51,True,foodfactsindia.online,True,PRIMARY_QUALIFYING,VERIFIED: GS1 India 890 Barcode
8901393019469,Happydent wave,Perfetti Van Melle,"Snacks, Sweet snacks, Confectioneries, Chewing gum, en:sugar-free-chewing-gum",CAT_15,Carmoisine / Azorubine (E122),Additive (INS/E-Code),"['JP', 'US']","Banned in JP, US according to additive rulebook. Functional Class: Additive.",False,,OpenFoodFacts / GS1 Database,2026-08-07 02:46:51,True,foodfactsindia.online,True,PRIMARY_QUALIFYING,VERIFIED: GS1 India 890 Barcode
8901088034593,SAFOLA ACTIVE - MULTI-SOURCE EDIBLE OIL,Saffola,"Plant-based foods and beverages,Plant-based foods,Legumes and their products,Cereals and potatoes,Fats,Cereals and their products,Vegetable fats,Vegetable oils,Cereal oils,Legume oils,Rice bran oils,Soybean oils",CAT_14,TBHQ (E319),Additive (INS/E-Code),['JP'],Banned in JP according to additive rulebook. Functional Class: Antioxidant.,False,,OpenFoodFacts / GS1 Database,2026-08-07 02:46:51,True,foodfactsindia.online,True,PRIMARY_QUALIFYING,VERIFIED: GS1 India 890 Barcode
8901088002530,Tasty+,Saffola,"Plant-based foods and beverages,Plant-based foods,Cereals and potatoes,Fats,Cereals and their products,Vegetable fats,Vegetable oils,Cereal oils,Refined cereal oils",CAT_14,TBHQ (E319),Additive (INS/E-Code),['JP'],Banned in JP according to additive rulebook. Functional Class: Antioxidant.,False,,OpenFoodFacts / GS1 Database,2026-08-07 02:46:51,True,foodfactsindia.online,True,PRIMARY_QUALIFYING,VERIFIED: GS1 India 890 Barcode
8904132912847,Masala noodles,Snactac,"Plant-based foods and beverages, Plant-based foods, Dried products, Pastas, Dried products to be rehydrated, Noodles, Instant noodles",CAT_14,TBHQ (E319),Additive (INS/E-Code),['JP'],Banned in JP according to additive rulebook. Functional Class: Antioxidant.,False,,OpenFoodFacts / GS1 Database,2026-08-07 02:46:51,True,foodfactsindia.online,True,PRIMARY_QUALIFYING,VERIFIED: GS1 India 890 Barcode
8901063363786,Gobbles Orange Bites cake,Britannia,"Snacks,Sweet snacks,Cakes",CAT_15,Carmoisine / Azorubine (E122),Additive (INS/E-Code),"['JP', 'US']","Banned in JP, US according to additive rulebook. Functional Class: Additive.",False,,OpenFoodFacts / GS1 Database,2026-08-07 02:46:51,True,foodfactsindia.online,True,PRIMARY_QUALIFYING,VERIFIED: GS1 India 890 Barcode
8901014004843,cup noodles veggi manchow,Nissin,"Spices,Noodles,Instant noodles",CAT_12,TBHQ (E319),Additive (INS/E-Code),['JP'],Banned in JP according to additive rulebook. Functional Class: Antioxidant.,False,,OpenFoodFacts / GS1 Database,2026-08-07 02:46:51,True,foodfactsindia.online,True,PRIMARY_QUALIFYING,VERIFIED: GS1 India 890 Barcode
8906010261078,Refined Sunflower Oil,Gold winner kaleesuwari,"Plant-based foods and beverages,Plant-based foods,Fats,Vegetable fats,Vegetable oils,Sunflower seeds and their products,Sunflower oils,Refined sunflower oils",CAT_14,TBHQ (E319),Additive (INS/E-Code),['JP'],Banned in JP according to additive rulebook. Functional Class: Antioxidant.,False,,OpenFoodFacts / GS1 Database,2026-08-07 02:46:51,True,foodfactsindia.online,True,PRIMARY_QUALIFYING,VERIFIED: GS1 India 890 Barcode
8908002396010,Refined Sunflower Oil,Mr. GOLD,,Unknown,TBHQ (E319),Additive (INS/E-Code),['JP'],Banned in JP according to additive rulebook. Functional Class: Antioxidant.,True, | Unknown FSSAI category,OpenFoodFacts / GS1 Database,2026-08-07 02:46:51,False,foodfactsindia.online,True,PRIMARY_QUALIFYING,VERIFIED: GS1 India 890 Barcode
8901030851070,Kissan Jam,Kissan,Jams,CAT_04,Carmoisine / Azorubine (E122),Additive (INS/E-Code),"['JP', 'US']","Banned in JP, US according to additive rulebook. Functional Class: Additive.",False,,OpenFoodFacts / GS1 Database,2026-08-07 02:46:51,True,foodfactsindia.online,True,PRIMARY_QUALIFYING,VERIFIED: GS1 India 890 Barcode
8901030922787,Mixed Fruit Jam,Kissan,"Plant-based foods and beverages, Plant-based foods, Breakfasts, Spreads, Plant-based spreads, Sweet spreads, Fruit and vegetable preserves, Jams, Mixed fruit jams",CAT_14,Carmoisine / Azorubine (E122),Additive (INS/E-Code),"['JP', 'US']","Banned in JP, US according to additive rulebook. Functional Class: Additive.",False,,OpenFoodFacts / GS1 Database,2026-08-07 02:46:51,True,foodfactsindia.online,True,PRIMARY_QUALIFYING,VERIFIED: GS1 India 890 Barcode
8906125980239,Butter Popcorn,4700BC,"Snacks, Popcorn",CAT_15,TBHQ (E319),Additive (INS/E-Code),['JP'],Banned in JP according to additive rulebook. Functional Class: Antioxidant.,False,,OpenFoodFacts / GS1 Database,2026-08-07 02:46:51,True,foodfactsindia.online,True,PRIMARY_QUALIFYING,VERIFIED: GS1 India 890 Barcode
8906004620751,Refined Ricebran Oil,Dhara Life,"Plant-based foods and beverages,Plant-based foods,Cereals and potatoes,Fats,Cereals and their products,Vegetable fats,Vegetable oils,Cereal oils,Rice bran oils",CAT_14,TBHQ (E319),Additive (INS/E-Code),['JP'],Banned in JP according to additive rulebook. Functional Class: Antioxidant.,False,,OpenFoodFacts / GS1 Database,2026-08-07 02:46:51,True,foodfactsindia.online,True,PRIMARY_QUALIFYING,VERIFIED: GS1 India 890 Barcode
8906021123266,Mixed Fruit Jam,Aachi,"Plant-based foods and beverages, Plant-based foods, Breakfasts, Spreads, Plant-based spreads, Sweet spreads, Fruit and vegetable preserves, Jams, Mixed fruit jams",CAT_14,Carmoisine / Azorubine (E122),Additive (INS/E-Code),"['JP', 'US']","Banned in JP, US according to additive rulebook. Functional Class: Additive.",False,,OpenFoodFacts / GS1 Database,2026-08-07 02:46:51,True,foodfactsindia.online,True,PRIMARY_QUALIFYING,VERIFIED: GS1 India 890 Barcode
8906069401746,Eggless Mayonnaise Chef's Special,Veeba Favourites,"Eggless Mayonnaise, en:mayonnaises",CAT_10,TBHQ (E319),Additive (INS/E-Code),['JP'],Banned in JP according to additive rulebook. Functional Class: Antioxidant.,False,,OpenFoodFacts / GS1 Database,2026-08-07 02:46:51,True,foodfactsindia.online,True,PRIMARY_QUALIFYING,VERIFIED: GS1 India 890 Barcode
8901063029286,Jimjam 460g,Britannia,"Snacks, Sweet snacks, Biscuits and cakes, Biscuits",CAT_15,Carmoisine / Azorubine (E122),Additive (INS/E-Code),"['JP', 'US']","Banned in JP, US according to additive rulebook. Functional Class: Additive.",False,,OpenFoodFacts / GS1 Database,2026-08-07 02:46:51,True,foodfactsindia.online,True,PRIMARY_QUALIFYING,VERIFIED: GS1 India 890 Barcode
8901512540409,chilli surprise,ACT II,"Snacks,Popcorn",CAT_15,TBHQ (E319),Additive (INS/E-Code),['JP'],Banned in JP according to additive rulebook. Functional Class: Antioxidant.,False,,OpenFoodFacts / GS1 Database,2026-08-07 02:46:51,True,foodfactsindia.online,True,PRIMARY_QUALIFYING,VERIFIED: GS1 India 890 Barcode
8901063029316,brittania Jimjam pops,Britannia,"Snacks, Sweet snacks, Biscuits and cakes, Biscuits",CAT_15,Carmoisine / Azorubine (E122),Additive (INS/E-Code),"['JP', 'US']","Banned in JP, US according to additive rulebook. Functional Class: Additive.",False,,OpenFoodFacts / GS1 Database,2026-08-07 02:46:51,True,foodfactsindia.online,True,PRIMARY_QUALIFYING,VERIFIED: GS1 India 890 Barcode
8901262176477,Mawa Malai Kulfi,Amul,"Desserts, Frozen foods, Frozen desserts, Ice creams and sorbets, Ice creams, Ice cream bars",CAT_03,Carmoisine / Azorubine (E122),Additive (INS/E-Code),"['JP', 'US']","Banned in JP, US according to additive rulebook. Functional Class: Additive.",False,,OpenFoodFacts / GS1 Database,2026-08-07 02:46:51,True,foodfactsindia.online,True,PRIMARY_QUALIFYING,VERIFIED: GS1 India 890 Barcode
8901014000166,Geki - Hot & Spicy,Nissin,"Plant-based foods and beverages, Plant-based foods, Dried products, Pastas, Dried products to be rehydrated, Noodles, Instant noodles, en:appetizers",CAT_14,TBHQ (E319),Additive (INS/E-Code),['JP'],Banned in JP according to additive rulebook. Functional Class: Antioxidant.,False,,OpenFoodFacts / GS1 Database,2026-08-07 02:46:51,True,foodfactsindia.online,True,PRIMARY_QUALIFYING,VERIFIED: GS1 India 890 Barcode
8901262178365,Black Currant Tri Cone,Amul,"Black currant ice cream cone, en:ice-creams",CAT_03,Carmoisine / Azorubine (E122),Additive (INS/E-Code),"['JP', 'US']","Banned in JP, US according to additive rulebook. Functional Class: Additive.",False,,OpenFoodFacts / GS1 Database,2026-08-07 02:46:51,True,foodfactsindia.online,True,PRIMARY_QUALIFYING,VERIFIED: GS1 India 890 Barcode
8906017862520,Burst,Bisk Farm,"Snacks,Sweet snacks,Biscuits and cakes,Biscuits,Wafers",CAT_15,TBHQ (E319),Additive (INS/E-Code),['JP'],Banned in JP according to additive rulebook. Functional Class: Antioxidant.,False,,OpenFoodFacts / GS1 Database,2026-08-07 02:46:51,True,foodfactsindia.online,True,PRIMARY_QUALIFYING,VERIFIED: GS1 India 890 Barcode
8906032018513,Doodh Biscuits,Patanjali,"Snacks,Sweet snacks,Biscuits and cakes,Biscuits",CAT_15,TBHQ (E319),Additive (INS/E-Code),['JP'],Banned in JP according to additive rulebook. Functional Class: Antioxidant.,False,,OpenFoodFacts / GS1 Database,2026-08-07 02:46:51,True,foodfactsindia.online,True,PRIMARY_QUALIFYING,VERIFIED: GS1 India 890 Barcode
8904089313964,Blockbuster Mango magic,Havmor,"Desserts, Frozen foods, Frozen desserts, Ice creams and sorbets",CAT_03,Ponceau 4R (E124),Additive (INS/E-Code),['US'],Banned in US according to additive rulebook. Functional Class: Additive.,False,,OpenFoodFacts / GS1 Database,2026-08-07 02:46:51,True,foodfactsindia.online,True,PRIMARY_QUALIFYING,VERIFIED: GS1 India 890 Barcode
8901063029309,Jimjam Pops,Britannia,"Snacks, Sweet snacks, Biscuits and cakes, Biscuits, Biscuits/Cookies (Shelf Stable), Cream biscuit",CAT_07,Carmoisine / Azorubine (E122),Additive (INS/E-Code),"['JP', 'US']","Banned in JP, US according to additive rulebook. Functional Class: Additive.",False,,OpenFoodFacts / GS1 Database,2026-08-07 02:46:51,True,foodfactsindia.online,True,PRIMARY_QUALIFYING,VERIFIED: GS1 India 890 Barcode
8901719128288,Parle,Parle,Snacks,CAT_15,TBHQ (E319),Additive (INS/E-Code),['JP'],Banned in JP according to additive rulebook. Functional Class: Antioxidant.,False,,OpenFoodFacts / GS1 Database,2026-08-07 02:46:51,True,foodfactsindia.online,True,PRIMARY_QUALIFYING,VERIFIED: GS1 India 890 Barcode
8906032019787,Marie biscut,Patanjali,"snacks, salty-snacks, sweet-snacks, appetizers, biscuits-and-cakes, biscuits, da:crackers, wheat-crackers",CAT_15,TBHQ (E319),Additive (INS/E-Code),['JP'],Banned in JP according to additive rulebook. Functional Class: Antioxidant.,False,,OpenFoodFacts / GS1 Database,2026-08-07 02:46:51,True,foodfactsindia.online,True,PRIMARY_QUALIFYING,VERIFIED: GS1 India 890 Barcode
8901689010019,MIXED FRUIT Jam,MALA'S,Food,CAT_04,Carmoisine / Azorubine (E122),Additive (INS/E-Code),"['JP', 'US']","Banned in JP, US according to additive rulebook. Functional Class: Additive.",False,,OpenFoodFacts / GS1 Database,2026-08-07 02:46:51,True,foodfactsindia.online,True,PRIMARY_QUALIFYING,VERIFIED: GS1 India 890 Barcode
8906007280280,Fortune Refined Sunflower Oil,Fortune,"Plant-based foods and beverages, Plant-based foods, Fats, Vegetable fats, Vegetable oils, Sunflower seeds and their products, Sunflower oils",CAT_14,TBHQ (E319),Additive (INS/E-Code),['JP'],Banned in JP according to additive rulebook. Functional Class: Antioxidant.,False,,OpenFoodFacts / GS1 Database,2026-08-07 02:46:51,True,foodfactsindia.online,True,PRIMARY_QUALIFYING,VERIFIED: GS1 India 890 Barcode
8901512910608,Milk Multigrain Popz,Sundrop,,CAT_02,TBHQ (E319),Additive (INS/E-Code),['JP'],Banned in JP according to additive rulebook. Functional Class: Antioxidant.,False,,OpenFoodFacts / GS1 Database,2026-08-07 02:46:51,True,foodfactsindia.online,True,PRIMARY_QUALIFYING,VERIFIED: GS1 India 890 Barcode
890600200494,Veg Mayonnaise,Dr.Oetker,"Condiments, Sauces, Dips, Mayonnaises",CAT_12,TBHQ (E319),Additive (INS/E-Code),['JP'],Banned in JP according to additive rulebook. Functional Class: Antioxidant.,False,,OpenFoodFacts / GS1 Database,2026-08-07 02:46:51,True,foodfactsindia.online,True,PRIMARY_QUALIFYING,VERIFIED: GS1 India 890 Barcode
890600200876,Veg Mayonnaise For Burger,Dr.Oetker,"Condiments, Sauces, Dips, Mayonnaises",CAT_12,TBHQ (E319),Additive (INS/E-Code),['JP'],Banned in JP according to additive rulebook. Functional Class: Antioxidant.,False,,OpenFoodFacts / GS1 Database,2026-08-07 02:46:51,True,foodfactsindia.online,True,PRIMARY_QUALIFYING,VERIFIED: GS1 India 890 Barcode
8906005610942,Fruit Cake,Winkies,"Snacks, Sweet snacks, Biscuits and cakes, Cakes, Fruit cakes",CAT_15,Ponceau 4R (E124),Additive (INS/E-Code),['US'],Banned in US according to additive rulebook. Functional Class: Additive.,False,,OpenFoodFacts / GS1 Database,2026-08-07 02:46:51,True,foodfactsindia.online,True,PRIMARY_QUALIFYING,VERIFIED: GS1 India 890 Barcode
8906005610942,Fruit Cake,Winkies,"Snacks, Sweet snacks, Biscuits and cakes, Cakes, Fruit cakes",CAT_15,Fast Green FCF (E143),Additive (INS/E-Code),"['EU', 'UK']","Banned in EU, UK according to additive rulebook. Functional Class: Additive.",False,,OpenFoodFacts / GS1 Database,2026-08-07 02:46:51,True,foodfactsindia.online,True,PRIMARY_QUALIFYING,VERIFIED: GS1 India 890 Barcode
8904132958181,Orange Flavoured,Campa,"Beverages, Carbonated drinks, Sweeteners, Sugars",CAT_14,Carmoisine / Azorubine (E122),Additive (INS/E-Code),"['JP', 'US']","Banned in JP, US according to additive rulebook. Functional Class: Additive.",False,,OpenFoodFacts / GS1 Database,2026-08-07 02:46:51,True,foodfactsindia.online,True,PRIMARY_QUALIFYING,VERIFIED: GS1 India 890 Barcode
8906080603921,Swing+ Mixed Fruit Medley,Paper Boat,"Plant-based foods and beverages, Beverages, Plant-based beverages, Fruit-based beverages, Juices and nectars, Fruit juices, Fruit juices from concentrate, Multifruit juices, Multifruit juices from concentrate",CAT_14,Ponceau 4R (E124),Additive (INS/E-Code),['US'],Banned in US according to additive rulebook. Functional Class: Additive.,False,,OpenFoodFacts / GS1 Database,2026-08-07 02:46:51,True,foodfactsindia.online,True,PRIMARY_QUALIFYING,VERIFIED: GS1 India 890 Barcode
8904132922198,Snactac mixed  frui jam,Reliance retail,"Plant-based foods and beverages, Plant-based foods, Breakfasts, Spreads, Plant-based spreads, Sweet spreads, Fruit and vegetable preserves, Jams, Berry jams, en:mixed-fruit-jams",CAT_14,Carmoisine / Azorubine (E122),Additive (INS/E-Code),"['JP', 'US']","Banned in JP, US according to additive rulebook. Functional Class: Additive.",False,,OpenFoodFacts / GS1 Database,2026-08-07 02:46:51,True,foodfactsindia.online,True,PRIMARY_QUALIFYING,VERIFIED: GS1 India 890 Barcode
8901063023453,Treat Croissant,Britannia,"Snacks, Sweet snacks, Sweet pastries and pies, Viennoiseries, Filled croissants, Croissant filled with cream",CAT_15,Titanium Dioxide (E171),Additive (INS/E-Code),['EU'],Banned in EU according to additive rulebook. Functional Class: Colorant.,False,,OpenFoodFacts / GS1 Database,2026-08-07 02:46:51,True,foodfactsindia.online,True,PRIMARY_QUALIFYING,VERIFIED: GS1 India 890 Barcode
8901014000449,Schezwan Spicy Chilli Sauce Flavour,"Top Ramen,Nissin","Plant-based foods and beverages, Plant-based foods, Dried products, Pastas, Dried products to be rehydrated, Noodles, Instant noodles",CAT_14,TBHQ (E319),Additive (INS/E-Code),['JP'],Banned in JP according to additive rulebook. Functional Class: Antioxidant.,False,,OpenFoodFacts / GS1 Database,2026-08-07 02:46:51,True,foodfactsindia.online,True,PRIMARY_QUALIFYING,VERIFIED: GS1 India 890 Barcode
8908014665258,French Yogurt Strawberry,Mamie Yova,"Dairies,Fermented foods,Fermented milk products,Desserts,Dairy desserts,Fermented dairy desserts,Fermented dairy desserts with fruits,Yogurts,Fruit yogurts",CAT_01,Ponceau 4R (E124),Additive (INS/E-Code),['US'],Banned in US according to additive rulebook. Functional Class: Additive.,False,,OpenFoodFacts / GS1 Database,2026-08-07 02:46:51,True,foodfactsindia.online,True,PRIMARY_QUALIFYING,VERIFIED: GS1 India 890 Barcode
8901725100131,B Natural Orange Juice 1ltr tpk,"B Natural,ITC","Plant-based foods and beverages, Beverages, Plant-based beverages, Fruit-based beverages, Juices and nectars, Fruit juices, Orange juices, Orange juices with pulp",CAT_14,Titanium Dioxide (E171),Additive (INS/E-Code),['EU'],Banned in EU according to additive rulebook. Functional Class: Colorant.,False,,OpenFoodFacts / GS1 Database,2026-08-07 02:46:51,True,foodfactsindia.online,True,PRIMARY_QUALIFYING,VERIFIED: GS1 India 890 Barcode
8901725105167,B Natural Guava juice,B Natural,,Unknown,Ponceau 4R (E124),Additive (INS/E-Code),['US'],Banned in US according to additive rulebook. Functional Class: Additive.,True, | Unknown FSSAI category,OpenFoodFacts / GS1 Database,2026-08-07 02:46:51,False,foodfactsindia.online,True,PRIMARY_QUALIFYING,VERIFIED: GS1 India 890 Barcode
8901248270847,Refined Soyabean Oil,Emami,"Aliments et boissons à base de végétaux,Aliments d'origine végétale,Légumineuses et dérivés,Matières grasses,Matières grasses végétales,Huiles,Huiles de légumineuses,Huile de soja",CAT_02,TBHQ (E319),Additive (INS/E-Code),['JP'],Banned in JP according to additive rulebook. Functional Class: Antioxidant.,False,,OpenFoodFacts / GS1 Database,2026-08-07 02:46:51,True,foodfactsindia.online,True,PRIMARY_QUALIFYING,VERIFIED: GS1 India 890 Barcode
8906097549588,Sapphire Poko Loko Lychee Flavoured Juice Drink,Poko Loko,,Unknown,Carmoisine / Azorubine (E122),Additive (INS/E-Code),"['JP', 'US']","Banned in JP, US according to additive rulebook. Functional Class: Additive.",True, | Unknown FSSAI category,OpenFoodFacts / GS1 Database,2026-08-07 02:46:51,False,foodfactsindia.online,True,PRIMARY_QUALIFYING,VERIFIED: GS1 India 890 Barcode
8901725000295,Sunfast glucose 1 kg,Sunfeast,"Snacks,Sweet snacks,Biscuits and cakes,Biscuits",CAT_15,Ponceau 4R (E124),Additive (INS/E-Code),['US'],Banned in US according to additive rulebook. Functional Class: Additive.,False,,OpenFoodFacts / GS1 Database,2026-08-07 02:46:51,True,foodfactsindia.online,True,PRIMARY_QUALIFYING,VERIFIED: GS1 India 890 Barcode
8906002000012,Funfoods Classic Egg Mayonnaise,Dr. Oetker,"Topping sauce for pizza,Toppings",CAT_12,TBHQ (E319),Additive (INS/E-Code),['JP'],Banned in JP according to additive rulebook. Functional Class: Antioxidant.,False,,OpenFoodFacts / GS1 Database,2026-08-07 02:46:51,True,foodfactsindia.online,True,PRIMARY_QUALIFYING,VERIFIED: GS1 India 890 Barcode
8904132948181,Campa Orange Flavour 500ml,Campa,"Beverages and beverages preparations,Beverages,Fruit-based beverages,Fruit juices,Orange juices,Orange juices without pulp,Soft-drink",CAT_14,Carmoisine / Azorubine (E122),Additive (INS/E-Code),"['JP', 'US']","Banned in JP, US according to additive rulebook. Functional Class: Additive.",False,,OpenFoodFacts / GS1 Database,2026-08-07 02:46:51,True,foodfactsindia.online,True,PRIMARY_QUALIFYING,VERIFIED: GS1 India 890 Barcode
8901071702201,HERSHEY'S EXOTIC DARK,Hershey's,"Snacks,Sweet snacks,Cocoa and its products,Chocolates,Filled chocolates",CAT_15,Carmoisine / Azorubine (E122),Additive (INS/E-Code),"['JP', 'US']","Banned in JP, US according to additive rulebook. Functional Class: Additive.",False,,OpenFoodFacts / GS1 Database,2026-08-07 02:46:51,True,foodfactsindia.online,True,PRIMARY_QUALIFYING,VERIFIED: GS1 India 890 Barcode
8901014011117,Top Ramen Atta Masala Noodles,"Nissin,Top Ramen","Plant-based foods and beverages,Plant-based foods,Dried products,Pastas,Dried products to be rehydrated,Noodles,Instant noodles",CAT_14,TBHQ (E319),Additive (INS/E-Code),['JP'],Banned in JP according to additive rulebook. Functional Class: Antioxidant.,False,,OpenFoodFacts / GS1 Database,2026-08-07 02:46:51,True,foodfactsindia.online,True,PRIMARY_QUALIFYING,VERIFIED: GS1 India 890 Barcode
8906032018810,Patanjali Doodh biscuits,Patanjali,"Snacks,Sweet snacks,Biscuits and cakes,Biscuits and crackers,Biscuits",CAT_15,TBHQ (E319),Additive (INS/E-Code),['JP'],Banned in JP according to additive rulebook. Functional Class: Antioxidant.,False,,OpenFoodFacts / GS1 Database,2026-08-07 02:46:51,True,foodfactsindia.online,True,PRIMARY_QUALIFYING,VERIFIED: GS1 India 890 Barcode
8906002006113,Veg Mayonnaise,Dr. Oetker,Egg-free mayonnaises,CAT_10,TBHQ (E319),Additive (INS/E-Code),['JP'],Banned in JP according to additive rulebook. Functional Class: Antioxidant.,False,,OpenFoodFacts / GS1 Database,2026-08-07 02:46:51,True,foodfactsindia.online,True,PRIMARY_QUALIFYING,VERIFIED: GS1 India 890 Barcode
8901262174404,Sundae Gudbud,Amul,"Desserts,Frozen foods,Frozen desserts,Ice creams and sorbets,Ice creams",CAT_03,Carmoisine / Azorubine (E122),Additive (INS/E-Code),"['JP', 'US']","Banned in JP, US according to additive rulebook. Functional Class: Additive.",False,,OpenFoodFacts / GS1 Database,2026-08-07 02:46:51,True,foodfactsindia.online,True,PRIMARY_QUALIFYING,VERIFIED: GS1 India 890 Barcode
8908005667049,Roasted Makhana,Mix Box Snacks,"Snacks,Roasted Fox nuts,Makhana",CAT_15,TBHQ (E319),Additive (INS/E-Code),['JP'],Banned in JP according to additive rulebook. Functional Class: Antioxidant.,False,,OpenFoodFacts / GS1 Database,2026-08-07 02:46:51,True,foodfactsindia.online,True,PRIMARY_QUALIFYING,VERIFIED: GS1 India 890 Barcode
8906069400060,Southwest Chipotle Dressing,Veeba,"Burger sauces,Dressings and Dips (Shelf Stable)",CAT_12,TBHQ (E319),Additive (INS/E-Code),['JP'],Banned in JP according to additive rulebook. Functional Class: Antioxidant.,False,,OpenFoodFacts / GS1 Database,2026-08-07 02:46:51,True,foodfactsindia.online,True,PRIMARY_QUALIFYING,VERIFIED: GS1 India 890 Barcode
8906002004461,Dr Oetker Funfoods Veg Mayonnaise,Dr Oetker Funfoods,Egg-free mayonnaises,CAT_10,TBHQ (E319),Additive (INS/E-Code),['JP'],Banned in JP according to additive rulebook. Functional Class: Antioxidant.,False,,OpenFoodFacts / GS1 Database,2026-08-07 02:46:51,True,foodfactsindia.online,True,PRIMARY_QUALIFYING,VERIFIED: GS1 India 890 Barcode
8906002521494,Jeera Krunch Biscuits,Raja,"Snacks,Sweet snacks,Biscuits and cakes,Biscuits",CAT_15,TBHQ (E319),Additive (INS/E-Code),['JP'],Banned in JP according to additive rulebook. Functional Class: Antioxidant.,False,,OpenFoodFacts / GS1 Database,2026-08-07 02:46:51,True,foodfactsindia.online,True,PRIMARY_QUALIFYING,VERIFIED: GS1 India 890 Barcode
8906005611147,winkies fruit cake,winkies,"Snacks,Sweet snacks,Biscuits and cakes,Cakes",CAT_15,Fast Green FCF (E143),Additive (INS/E-Code),"['EU', 'UK']","Banned in EU, UK according to additive rulebook. Functional Class: Additive.",False,,OpenFoodFacts / GS1 Database,2026-08-07 02:46:51,True,foodfactsindia.online,True,PRIMARY_QUALIFYING,VERIFIED: GS1 India 890 Barcode
8906005611147,winkies fruit cake,winkies,"Snacks,Sweet snacks,Biscuits and cakes,Cakes",CAT_15,Ponceau 4R (E124),Additive (INS/E-Code),['US'],Banned in US according to additive rulebook. Functional Class: Additive.,False,,OpenFoodFacts / GS1 Database,2026-08-07 02:46:51,True,foodfactsindia.online,True,PRIMARY_QUALIFYING,VERIFIED: GS1 India 890 Barcode
8901248270243,Emami Healthy & Tasty Rice Bran Oil,Emami,Cooking oil,CAT_02,TBHQ (E319),Additive (INS/E-Code),['JP'],Banned in JP according to additive rulebook. Functional Class: Antioxidant.,False,,OpenFoodFacts / GS1 Database,2026-08-07 02:46:51,True,foodfactsindia.online,True,PRIMARY_QUALIFYING,VERIFIED: GS1 India 890 Barcode
8901512917805,Act II Caramel Bliss,Act II,"Snacks,Snacks sucrés,Popcorn,Popcorn au caramel,en:Caramel-in-popcorn-snacks",CAT_15,TBHQ (E319),Additive (INS/E-Code),['JP'],Banned in JP according to additive rulebook. Functional Class: Antioxidant.,False,,OpenFoodFacts / GS1 Database,2026-08-07 02:46:51,True,foodfactsindia.online,True,PRIMARY_QUALIFYING,VERIFIED: GS1 India 890 Barcode
8906080604720,Basil Sabja Seeds Mixed Fruit,Paper Boat,Basil seeds drinks,CAT_14,Carmoisine / Azorubine (E122),Additive (INS/E-Code),"['JP', 'US']","Banned in JP, US according to additive rulebook. Functional Class: Additive.",False,,OpenFoodFacts / GS1 Database,2026-08-07 02:46:51,True,foodfactsindia.online,True,PRIMARY_QUALIFYING,VERIFIED: GS1 India 890 Barcode
8901719127144,poppins,Parle,"Snacks,Sweet snacks,Confectioneries,Candies,Hard candies",CAT_15,Carmoisine / Azorubine (E122),Additive (INS/E-Code),"['JP', 'US']","Banned in JP, US according to additive rulebook. Functional Class: Additive.",False,,OpenFoodFacts / GS1 Database,2026-08-07 02:46:51,True,foodfactsindia.online,True,PRIMARY_QUALIFYING,VERIFIED: GS1 India 890 Barcode
8901262153331,Amul Protein Blueberry Shake,Amul,"Beverages and beverages preparations,Beverages,Dairies,Fermented foods,Fermented milk products,Milks (liquid and powder),Dairy drinks,Fermented drinks,Milks,Fermented milk drinks,Lassi,Flavoured Lassi",CAT_14,Carmoisine / Azorubine (E122),Additive (INS/E-Code),"['JP', 'US']","Banned in JP, US according to additive rulebook. Functional Class: Additive.",False,,OpenFoodFacts / GS1 Database,2026-08-07 02:46:51,True,foodfactsindia.online,True,PRIMARY_QUALIFYING,VERIFIED: GS1 India 890 Barcode
8901262178440,Cookie Sub,Amul,Ice cream sandwiches,CAT_03,TBHQ (E319),Additive (INS/E-Code),['JP'],Banned in JP according to additive rulebook. Functional Class: Antioxidant.,False,,OpenFoodFacts / GS1 Database,2026-08-07 02:46:51,True,foodfactsindia.online,True,PRIMARY_QUALIFYING,VERIFIED: GS1 India 890 Barcode
8901709011552,Priya Refined Sunflower Oil,Priya,"Plant-based foods and beverages,Plant-based foods,Fats,Vegetable fats,Vegetable oils,Sunflower seeds and their products,Sunflower oils",CAT_14,TBHQ (E319),Additive (INS/E-Code),['JP'],Banned in JP according to additive rulebook. Functional Class: Antioxidant.,False,,OpenFoodFacts / GS1 Database,2026-08-07 02:46:51,True,foodfactsindia.online,True,PRIMARY_QUALIFYING,VERIFIED: GS1 India 890 Barcode
8902351333092,Sobisco Desire Chocolate Cake Filled with Chocolate Cream,Sobisco,cake,CAT_07,TBHQ (E319),Additive (INS/E-Code),['JP'],Banned in JP according to additive rulebook. Functional Class: Antioxidant.,False,,OpenFoodFacts / GS1 Database,2026-08-07 02:46:51,True,foodfactsindia.online,True,PRIMARY_QUALIFYING,VERIFIED: GS1 India 890 Barcode
8902351333146,Sobisco Desire Vanilla Cream,Sobisco,cake,CAT_07,TBHQ (E319),Additive (INS/E-Code),['JP'],Banned in JP according to additive rulebook. Functional Class: Antioxidant.,False,,OpenFoodFacts / GS1 Database,2026-08-07 02:46:51,True,foodfactsindia.online,True,PRIMARY_QUALIFYING,VERIFIED: GS1 India 890 Barcode
8902351000123,Sobisco Desire Strawberry Cream,Sobisco,cake,CAT_07,TBHQ (E319),Additive (INS/E-Code),['JP'],Banned in JP according to additive rulebook. Functional Class: Antioxidant.,False,,OpenFoodFacts / GS1 Database,2026-08-07 02:46:51,True,foodfactsindia.online,True,PRIMARY_QUALIFYING,VERIFIED: GS1 India 890 Barcode
8902351000123,Sobisco Desire Strawberry Cream,Sobisco,cake,CAT_07,Carmoisine / Azorubine (E122),Additive (INS/E-Code),"['JP', 'US']","Banned in JP, US according to additive rulebook. Functional Class: Additive.",False,,OpenFoodFacts / GS1 Database,2026-08-07 02:46:51,True,foodfactsindia.online,True,PRIMARY_QUALIFYING,VERIFIED: GS1 India 890 Barcode
8908013746033,Cravova,Cravova,"Beverages and beverages preparations,Plant-based foods and beverages,Beverages,Plant-based beverages,Carbonated drinks,Fruit-based beverages,Sodas,Fruit sodas,Non-alcoholic beverages",CAT_14,Ponceau 4R (E124),Additive (INS/E-Code),['US'],Banned in US according to additive rulebook. Functional Class: Additive.,False,,OpenFoodFacts / GS1 Database,2026-08-07 02:46:51,True,foodfactsindia.online,True,PRIMARY_QUALIFYING,VERIFIED: GS1 India 890 Barcode
8908000502147,Sunpure Physically Refined Sunflower Oil,Sunpure,Sunflower oils,CAT_02,TBHQ (E319),Additive (INS/E-Code),['JP'],Banned in JP according to additive rulebook. Functional Class: Antioxidant.,False,,OpenFoodFacts / GS1 Database,2026-08-07 02:46:51,True,foodfactsindia.online,True,PRIMARY_QUALIFYING,VERIFIED: GS1 India 890 Barcode
8904132953666,INDEPENDENCE REFINED SOYABEAN OIL 1L,Independence,"Cereal oils,Refined cereal oils,Vegetable oils",CAT_02,TBHQ (E319),Additive (INS/E-Code),['JP'],Banned in JP according to additive rulebook. Functional Class: Antioxidant.,False,,OpenFoodFacts / GS1 Database,2026-08-07 02:46:51,True,foodfactsindia.online,True,PRIMARY_QUALIFYING,VERIFIED: GS1 India 890 Barcode
8906010911065,Dairy Day Medium Fat Frozen Dessert,Dairy Day,Frozen desserts,Unknown,Carmoisine / Azorubine (E122),Additive (INS/E-Code),"['JP', 'US']","Banned in JP, US according to additive rulebook. Functional Class: Additive.",True, | Unknown FSSAI category,OpenFoodFacts / GS1 Database,2026-08-07 02:46:51,False,foodfactsindia.online,True,PRIMARY_QUALIFYING,VERIFIED: GS1 India 890 Barcode
8906002007332,Funfoods Veg Mayonnaise,Dr. Oetker,"Condiments,Sauces,Mayonnaises,Veg Mayonnaise",CAT_12,TBHQ (E319),Additive (INS/E-Code),['JP'],Banned in JP according to additive rulebook. Functional Class: Antioxidant.,False,,OpenFoodFacts / GS1 Database,2026-08-07 02:46:51,True,foodfactsindia.online,True,PRIMARY_QUALIFYING,VERIFIED: GS1 India 890 Barcode
8901512929303,Sour cream & cheese,Act 2,,CAT_15,TBHQ (E319),Additive (INS/E-Code),['JP'],Banned in JP according to additive rulebook. Functional Class: Antioxidant.,False,,OpenFoodFacts / GS1 Database,2026-08-07 02:46:51,True,foodfactsindia.online,True,PRIMARY_QUALIFYING,VERIFIED: GS1 India 890 Barcode
8906033421916,Rusk Elaichi,Kanha,,Unknown,TBHQ (E319),Additive (INS/E-Code),['JP'],Banned in JP according to additive rulebook. Functional Class: Antioxidant.,True, | Unknown FSSAI category,OpenFoodFacts / GS1 Database,2026-08-07 02:46:51,False,foodfactsindia.online,True,PRIMARY_QUALIFYING,VERIFIED: GS1 India 890 Barcode
8909081001123,Bounce Chocho,Sunfeast,"Snacks, Sweet snacks, Biscuits and cakes, Biscuits and crackers, Cocoa and its products, Confectioneries, Biscuits, Chocolate candies, Biscuit (cookie) snack w chocolate filling, en:chocolate-biscuits",CAT_15,Carmoisine / Azorubine (E122),Additive (INS/E-Code),"['JP', 'US']","Banned in JP, US according to additive rulebook. Functional Class: Additive.",False,,OpenFoodFacts / GS1 Database,2026-08-07 02:46:51,True,foodfactsindia.online,True,PRIMARY_QUALIFYING,VERIFIED: GS1 India 890 Barcode
8906066701030,Sharp Jalapeno and Cream Cheese,Kettle Studio,"Plant-based foods and beverages,Plant-based foods,Snacks,Cereals and potatoes,Salty snacks,Appetizers,Chips and fries,Crisps,Potato crisps,Kettle Cooked chips",CAT_15,TBHQ (E319),Additive (INS/E-Code),['JP'],Banned in JP according to additive rulebook. Functional Class: Antioxidant.,False,,OpenFoodFacts / GS1 Database,2026-08-07 02:46:51,True,foodfactsindia.online,True,PRIMARY_QUALIFYING,VERIFIED: GS1 India 890 Barcode
8906069401739,Chef’s Special Veg Mayonnaise Eggless,Veeba,Mayonnaises,Unknown,TBHQ (E319),Additive (INS/E-Code),['JP'],Banned in JP according to additive rulebook. Functional Class: Antioxidant.,True, | Unknown FSSAI category,OpenFoodFacts / GS1 Database,2026-08-07 02:46:51,False,foodfactsindia.online,True,PRIMARY_QUALIFYING,VERIFIED: GS1 India 890 Barcode
8906082570252,Cornitos Roasted Cashew,Cornitos,"Plant-based foods and beverages,Plant-based foods,Snacks,Salty snacks,Nuts and their products,Nuts,Salted nuts,Cashew nuts,Salted cashews",CAT_15,TBHQ (E319),Additive (INS/E-Code),['JP'],Banned in JP according to additive rulebook. Functional Class: Antioxidant.,False,,OpenFoodFacts / GS1 Database,2026-08-07 02:46:51,True,foodfactsindia.online,True,PRIMARY_QUALIFYING,VERIFIED: GS1 India 890 Barcode
8901058005028,Oats Noodles With Millet,Maggi,,CAT_06,TBHQ (E319),Additive (INS/E-Code),['JP'],Banned in JP according to additive rulebook. Functional Class: Antioxidant.,False,,OpenFoodFacts / GS1 Database,2026-08-07 02:46:51,True,foodfactsindia.online,True,PRIMARY_QUALIFYING,VERIFIED: GS1 India 890 Barcode
8904132975507,Campa Orange Flavour,Campa,"Beverages and beverages preparations, Beverages, Carbonated drinks, Carbonated fruit soft drink, Carbonated fruit soft drink with sugar, Cold dr, Cold drink, en:sodas",CAT_14,Carmoisine / Azorubine (E122),Additive (INS/E-Code),"['JP', 'US']","Banned in JP, US according to additive rulebook. Functional Class: Additive.",False,,OpenFoodFacts / GS1 Database,2026-08-07 02:46:51,True,foodfactsindia.online,True,PRIMARY_QUALIFYING,VERIFIED: GS1 India 890 Barcode
8906130900116,Strawberry Choco Pie,Orion,Snack cake,CAT_15,Carmoisine / Azorubine (E122),Additive (INS/E-Code),"['JP', 'US']","Banned in JP, US according to additive rulebook. Functional Class: Additive.",False,,OpenFoodFacts / GS1 Database,2026-08-07 02:46:51,True,foodfactsindia.online,True,PRIMARY_QUALIFYING,VERIFIED: GS1 India 890 Barcode
8906007284097,King's soyabean oil,"King's,adani wilmar",Soybean oils,CAT_02,TBHQ (E319),Additive (INS/E-Code),['JP'],Banned in JP according to additive rulebook. Functional Class: Antioxidant.,False,,OpenFoodFacts / GS1 Database,2026-08-07 02:46:51,True,foodfactsindia.online,True,PRIMARY_QUALIFYING,VERIFIED: GS1 India 890 Barcode
8901063365964,Britannia Chocolate Cake 100gm,Britannia,Cakes,CAT_07,Carmoisine / Azorubine (E122),Additive (INS/E-Code),"['JP', 'US']","Banned in JP, US according to additive rulebook. Functional Class: Additive.",False,,OpenFoodFacts / GS1 Database,2026-08-07 02:46:51,True,foodfactsindia.online,True,PRIMARY_QUALIFYING,VERIFIED: GS1 India 890 Barcode
8906010912833,choco Currant,Unbranded,ice cream,CAT_03,Carmoisine / Azorubine (E122),Additive (INS/E-Code),"['JP', 'US']","Banned in JP, US according to additive rulebook. Functional Class: Additive.",False,,OpenFoodFacts / GS1 Database,2026-08-07 02:46:51,True,foodfactsindia.online,True,PRIMARY_QUALIFYING,VERIFIED: GS1 India 890 Barcode
8906081122667,Cream And Onion Makhana,Happilo,Makhanas,Unknown,TBHQ (E319),Additive (INS/E-Code),['JP'],Banned in JP according to additive rulebook. Functional Class: Antioxidant.,True, | Unknown FSSAI category,OpenFoodFacts / GS1 Database,2026-08-07 02:46:51,False,foodfactsindia.online,True,PRIMARY_QUALIFYING,VERIFIED: GS1 India 890 Barcode
8901648005551,Maha Cola,Mother Dairy,Posicle,CAT_01,Carmoisine / Azorubine (E122),Additive (INS/E-Code),"['JP', 'US']","Banned in JP, US according to additive rulebook. Functional Class: Additive.",False,,OpenFoodFacts / GS1 Database,2026-08-07 02:46:51,True,foodfactsindia.online,True,PRIMARY_QUALIFYING,VERIFIED: GS1 India 890 Barcode
8904089322508,Jumbo Raspberry Dolly,Havmor,"Ice-c,Ice cream bars coated with fruit sorbet",CAT_03,Carmoisine / Azorubine (E122),Additive (INS/E-Code),"['JP', 'US']","Banned in JP, US according to additive rulebook. Functional Class: Additive.",False,,OpenFoodFacts / GS1 Database,2026-08-07 02:46:51,True,foodfactsindia.online,True,PRIMARY_QUALIFYING,VERIFIED: GS1 India 890 Barcode
8908000870178,Dry Fruit Samosa,Jaimin,,Unknown,TBHQ (E319),Additive (INS/E-Code),['JP'],Banned in JP according to additive rulebook. Functional Class: Antioxidant.,True, | Unknown FSSAI category,OpenFoodFacts / GS1 Database,2026-08-07 02:46:51,False,foodfactsindia.online,True,PRIMARY_QUALIFYING,VERIFIED: GS1 India 890 Barcode
8904132945760,Orange Flavoured (Carbonated Beverage),Campa,"Beverages and beverages preparations, Beverages, Carbonated drinks, Sodas, Carbonated fruit soft drink, Carbonated fruit soft drink with sugar, en:sweetened-beverages",CAT_14,Carmoisine / Azorubine (E122),Additive (INS/E-Code),"['JP', 'US']","Banned in JP, US according to additive rulebook. Functional Class: Additive.",False,,OpenFoodFacts / GS1 Database,2026-08-07 02:46:51,True,foodfactsindia.online,True,PRIMARY_QUALIFYING,VERIFIED: GS1 India 890 Barcode
8901709007753,Sun Lite Refined Sunflower Oil,Sunny,"Aliments et boissons à base de végétaux,Aliments d'origine végétale,Matières grasses,Matières grasses végétales,Huiles,Graines de tournesol et dérivés,Huiles de tournesol,en:Oil",CAT_02,TBHQ (E319),Additive (INS/E-Code),['JP'],Banned in JP according to additive rulebook. Functional Class: Antioxidant.,False,,OpenFoodFacts / GS1 Database,2026-08-07 02:46:51,True,foodfactsindia.online,True,PRIMARY_QUALIFYING,VERIFIED: GS1 India 890 Barcode
8903363001726,Refined Sunflower Oil,"Dmart,Swaad",sunflower oil,CAT_02,TBHQ (E319),Additive (INS/E-Code),['JP'],Banned in JP according to additive rulebook. Functional Class: Antioxidant.,False,,OpenFoodFacts / GS1 Database,2026-08-07 02:46:51,True,foodfactsindia.online,True,PRIMARY_QUALIFYING,VERIFIED: GS1 India 890 Barcode
8906022212037,Supreme Refined Oil,Supreme,Oils,Unknown,TBHQ (E319),Additive (INS/E-Code),['JP'],Banned in JP according to additive rulebook. Functional Class: Antioxidant.,True, | Unknown FSSAI category,OpenFoodFacts / GS1 Database,2026-08-07 02:46:51,False,foodfactsindia.online,True,PRIMARY_QUALIFYING,VERIFIED: GS1 India 890 Barcode
8908006936007,Sloopy Masala Noodles,Sloopy,Instant noodles,Unknown,TBHQ (E319),Additive (INS/E-Code),['JP'],Banned in JP according to additive rulebook. Functional Class: Antioxidant.,True, | Unknown FSSAI category,OpenFoodFacts / GS1 Database,2026-08-07 02:46:51,False,foodfactsindia.online,True,PRIMARY_QUALIFYING,VERIFIED: GS1 India 890 Barcode
8906003511821,Orange,Jalani,Juice,CAT_14,Titanium Dioxide (E171),Additive (INS/E-Code),['EU'],Banned in EU according to additive rulebook. Functional Class: Colorant.,False,,OpenFoodFacts / GS1 Database,2026-08-07 02:46:51,True,foodfactsindia.online,True,PRIMARY_QUALIFYING,VERIFIED: GS1 India 890 Barcode
8904296902968,Fabsta Muesli Fruit N' Nut,Fabsta,Mueslis,Unknown,Carmoisine / Azorubine (E122),Additive (INS/E-Code),"['JP', 'US']","Banned in JP, US according to additive rulebook. Functional Class: Additive.",True, | Unknown FSSAI category,OpenFoodFacts / GS1 Database,2026-08-07 02:46:51,False,foodfactsindia.online,True,PRIMARY_QUALIFYING,VERIFIED: GS1 India 890 Barcode
8904296902968,Fabsta Muesli Fruit N' Nut,Fabsta,Mueslis,Unknown,Ponceau 4R (E124),Additive (INS/E-Code),['US'],Banned in US according to additive rulebook. Functional Class: Additive.,True, | Unknown FSSAI category,OpenFoodFacts / GS1 Database,2026-08-07 02:46:51,False,foodfactsindia.online,True,PRIMARY_QUALIFYING,VERIFIED: GS1 India 890 Barcode
8901777979105,Vadilal Gourmet Ice cream,Vadilal,,CAT_01,Ponceau 4R (E124),Additive (INS/E-Code),['US'],Banned in US according to additive rulebook. Functional Class: Additive.,False,,OpenFoodFacts / GS1 Database,2026-08-07 02:46:51,True,foodfactsindia.online,True,PRIMARY_QUALIFYING,VERIFIED: GS1 India 890 Barcode
8901689100376,Mala's Mixberry Jam,Mala's,jams,CAT_04,Carmoisine / Azorubine (E122),Additive (INS/E-Code),"['JP', 'US']","Banned in JP, US according to additive rulebook. Functional Class: Additive.",False,,OpenFoodFacts / GS1 Database,2026-08-07 02:46:51,True,foodfactsindia.online,True,PRIMARY_QUALIFYING,VERIFIED: GS1 India 890 Barcode
8906006330269,Gemini,Cargill,,Unknown,TBHQ (E319),Additive (INS/E-Code),['JP'],Banned in JP according to additive rulebook. Functional Class: Antioxidant.,True, | Unknown FSSAI category,OpenFoodFacts / GS1 Database,2026-08-07 02:46:51,False,foodfactsindia.online,True,PRIMARY_QUALIFYING,VERIFIED: GS1 India 890 Barcode
8901014000470,Nissin,Nissin,,Unknown,TBHQ (E319),Additive (INS/E-Code),['JP'],Banned in JP according to additive rulebook. Functional Class: Antioxidant.,True, | Unknown FSSAI category,OpenFoodFacts / GS1 Database,2026-08-07 02:46:51,False,foodfactsindia.online,True,PRIMARY_QUALIFYING,VERIFIED: GS1 India 890 Barcode
8908007009083,Vitthal Refined Soyabean Oil,Vitthal,Oils,Unknown,TBHQ (E319),Additive (INS/E-Code),['JP'],Banned in JP according to additive rulebook. Functional Class: Antioxidant.,True, | Unknown FSSAI category,OpenFoodFacts / GS1 Database,2026-08-07 02:46:51,False,foodfactsindia.online,True,PRIMARY_QUALIFYING,VERIFIED: GS1 India 890 Barcode
8901393026405,chapai chips bubble gum,Perfetti Van Melle,,Unknown,Carmoisine / Azorubine (E122),Additive (INS/E-Code),"['JP', 'US']","Banned in JP, US according to additive rulebook. Functional Class: Additive.",True, | Unknown FSSAI category,OpenFoodFacts / GS1 Database,2026-08-07 02:46:51,False,foodfactsindia.online,True,PRIMARY_QUALIFYING,VERIFIED: GS1 India 890 Barcode
8904482000003,Hamdard Roohafza,Hamdard,Beverage preparations,CAT_14,Carmoisine / Azorubine (E122),Additive (INS/E-Code),"['JP', 'US']","Banned in JP, US according to additive rulebook. Functional Class: Additive.",False,,OpenFoodFacts / GS1 Database,2026-08-07 02:46:51,True,foodfactsindia.online,True,PRIMARY_QUALIFYING,VERIFIED: GS1 India 890 Barcode
8906026600465,Acai vibe,rio,"Beverages and beverages preparations,Beverages",CAT_14,Carmoisine / Azorubine (E122),Additive (INS/E-Code),"['JP', 'US']","Banned in JP, US according to additive rulebook. Functional Class: Additive.",False,,OpenFoodFacts / GS1 Database,2026-08-07 02:46:51,True,foodfactsindia.online,True,PRIMARY_QUALIFYING,VERIFIED: GS1 India 890 Barcode
8901262201896,Amul Stirred Fruit Yogurt Strawberry,Amul,Fruit yogurts with fruit chunks,CAT_01,Ponceau 4R (E124),Additive (INS/E-Code),['US'],Banned in US according to additive rulebook. Functional Class: Additive.,False,,OpenFoodFacts / GS1 Database,2026-08-07 02:46:51,True,foodfactsindia.online,True,PRIMARY_QUALIFYING,VERIFIED: GS1 India 890 Barcode
8904025401113,Mix Fruit Jam,Chitale,"Plant-based foods and beverages,Plant-based foods,Breakfasts,Spreads,Plant-based spreads,Sweet spreads,Fruit and vegetable preserves,Jams,Mixed fruit jams",CAT_14,Carmoisine / Azorubine (E122),Additive (INS/E-Code),"['JP', 'US']","Banned in JP, US according to additive rulebook. Functional Class: Additive.",False,,OpenFoodFacts / GS1 Database,2026-08-07 02:46:51,True,foodfactsindia.online,True,PRIMARY_QUALIFYING,VERIFIED: GS1 India 890 Barcode
8909081006715,Candyman fruitee fun,ITC Candyman,,Unknown,Carmoisine / Azorubine (E122),Additive (INS/E-Code),"['JP', 'US']","Banned in JP, US according to additive rulebook. Functional Class: Additive.",True, | Unknown FSSAI category,OpenFoodFacts / GS1 Database,2026-08-07 02:46:51,False,foodfactsindia.online,True,PRIMARY_QUALIFYING,VERIFIED: GS1 India 890 Barcode
8904089995351,Blueberry Yogurt,Heritage,,Unknown,Carmoisine / Azorubine (E122),Additive (INS/E-Code),"['JP', 'US']","Banned in JP, US according to additive rulebook. Functional Class: Additive.",True, | Unknown FSSAI category,OpenFoodFacts / GS1 Database,2026-08-07 02:46:51,False,foodfactsindia.online,True,PRIMARY_QUALIFYING,VERIFIED: GS1 India 890 Barcode
8901262301435,Berry Dazzle,Amul,Ice creams,CAT_03,Carmoisine / Azorubine (E122),Additive (INS/E-Code),"['JP', 'US']","Banned in JP, US according to additive rulebook. Functional Class: Additive.",False,,OpenFoodFacts / GS1 Database,2026-08-07 02:46:51,True,foodfactsindia.online,True,PRIMARY_QUALIFYING,VERIFIED: GS1 India 890 Barcode
8906064284818,GOODINI Celebration GIFT OF GOOD TASTE DALIOS PIST,Unbranded,,Unknown,TBHQ (E319),Additive (INS/E-Code),['JP'],Banned in JP according to additive rulebook. Functional Class: Antioxidant.,True, | Unknown FSSAI category,OpenFoodFacts / GS1 Database,2026-08-07 02:46:51,False,foodfactsindia.online,True,PRIMARY_QUALIFYING,VERIFIED: GS1 India 890 Barcode
8906006721708,Mixed Fruit Jam,Lion,"Plant-based foods and beverages,Plant-based foods,Breakfasts,Spreads,Plant-based spreads,Sweet spreads,Fruit and vegetable preserves,Jams,Mixed fruit jams",CAT_14,Carmoisine / Azorubine (E122),Additive (INS/E-Code),"['JP', 'US']","Banned in JP, US according to additive rulebook. Functional Class: Additive.",False,,OpenFoodFacts / GS1 Database,2026-08-07 02:46:51,True,foodfactsindia.online,True,PRIMARY_QUALIFYING,VERIFIED: GS1 India 890 Barcode
8906007280235,Fortune sun lite refined sunflower oil,Fortune,"Oil,Sunflower oils",CAT_02,TBHQ (E319),Additive (INS/E-Code),['JP'],Banned in JP according to additive rulebook. Functional Class: Antioxidant.,False,,OpenFoodFacts / GS1 Database,2026-08-07 02:46:51,True,foodfactsindia.online,True,PRIMARY_QUALIFYING,VERIFIED: GS1 India 890 Barcode
8901014000203,Cup Noodles CHILI CHILI CHILLI,Nissin,,CAT_06,TBHQ (E319),Additive (INS/E-Code),['JP'],Banned in JP according to additive rulebook. Functional Class: Antioxidant.,False,,OpenFoodFacts / GS1 Database,2026-08-07 02:46:51,True,foodfactsindia.online,True,PRIMARY_QUALIFYING,VERIFIED: GS1 India 890 Barcode
8901512557001,Nachos Cripsy & Crunchy,Act 2,Snacks,CAT_15,TBHQ (E319),Additive (INS/E-Code),['JP'],Banned in JP according to additive rulebook. Functional Class: Antioxidant.,False,,OpenFoodFacts / GS1 Database,2026-08-07 02:46:51,True,foodfactsindia.online,True,PRIMARY_QUALIFYING,VERIFIED: GS1 India 890 Barcode
8906065458218,Gone mad Gang of 5 Premium Badam Sticks,Gone mad,Confectioneries,Unknown,Ponceau 4R (E124),Additive (INS/E-Code),['US'],Banned in US according to additive rulebook. Functional Class: Additive.,True, | Unknown FSSAI category,OpenFoodFacts / GS1 Database,2026-08-07 02:46:51,False,foodfactsindia.online,True,PRIMARY_QUALIFYING,VERIFIED: GS1 India 890 Barcode
8901548310403,DoodhShakti,Nutralite,"Produits laitiers,Matières grasses,Produits à tartiner,Matières grasses à tartiner,Matières grasses animales,Produits laitiers à tartiner,Matière grasse laitière,Beurres",Unknown,TBHQ (E319),Additive (INS/E-Code),['JP'],Banned in JP according to additive rulebook. Functional Class: Antioxidant.,True, | Unknown FSSAI category,OpenFoodFacts / GS1 Database,2026-08-07 02:46:51,False,foodfactsindia.online,True,PRIMARY_QUALIFYING,VERIFIED: GS1 India 890 Barcode
8900017562619,Bun Maska,Jo Bakes,Bakery products,CAT_07,TBHQ (E319),Additive (INS/E-Code),['JP'],Banned in JP according to additive rulebook. Functional Class: Antioxidant.,False,,OpenFoodFacts / GS1 Database,2026-08-07 02:46:51,True,foodfactsindia.online,True,PRIMARY_QUALIFYING,VERIFIED: GS1 India 890 Barcode
8901648015413,Kulfi,Mother Dairy,"Desserts,Frozen foods,Frozen desserts,Ice creams and sorbets,Ice creams,Ice cream bars",CAT_03,Carmoisine / Azorubine (E122),Additive (INS/E-Code),"['JP', 'US']","Banned in JP, US according to additive rulebook. Functional Class: Additive.",False,,OpenFoodFacts / GS1 Database,2026-08-07 02:46:51,True,foodfactsindia.online,True,PRIMARY_QUALIFYING,VERIFIED: GS1 India 890 Barcode
8906159640482,Custard Powder (Vanilla),FIRA,"Dairies,Desserts,Dairy desserts,Custard puddings",CAT_01,Carmoisine / Azorubine (E122),Additive (INS/E-Code),"['JP', 'US']","Banned in JP, US according to additive rulebook. Functional Class: Additive.",False,,OpenFoodFacts / GS1 Database,2026-08-07 02:46:51,True,foodfactsindia.online,True,PRIMARY_QUALIFYING,VERIFIED: GS1 India 890 Barcode
8906005610386,winkies love bite choco heart cake filled with french vanilla cream,winkies,Cakes,CAT_07,TBHQ (E319),Additive (INS/E-Code),['JP'],Banned in JP according to additive rulebook. Functional Class: Antioxidant.,False,,OpenFoodFacts / GS1 Database,2026-08-07 02:46:51,True,foodfactsindia.online,True,PRIMARY_QUALIFYING,VERIFIED: GS1 India 890 Barcode
8906005610386,winkies love bite choco heart cake filled with french vanilla cream,winkies,Cakes,CAT_07,Titanium Dioxide (E171),Additive (INS/E-Code),['EU'],Banned in EU according to additive rulebook. Functional Class: Colorant.,False,,OpenFoodFacts / GS1 Database,2026-08-07 02:46:51,True,foodfactsindia.online,True,PRIMARY_QUALIFYING,VERIFIED: GS1 India 890 Barcode
8901063363526,Gobbles fruity fun cake,Britannia,"Snacks,Sweet snacks,Biscuits and cakes,Cakes",CAT_15,Ponceau 4R (E124),Additive (INS/E-Code),['US'],Banned in US according to additive rulebook. Functional Class: Additive.,False,,OpenFoodFacts / GS1 Database,2026-08-07 02:46:51,True,foodfactsindia.online,True,PRIMARY_QUALIFYING,VERIFIED: GS1 India 890 Barcode
8906012890047,CUSTARD POWDER,BAKERS,Baking,Unknown,Carmoisine / Azorubine (E122),Additive (INS/E-Code),"['JP', 'US']","Banned in JP, US according to additive rulebook. Functional Class: Additive.",True, | Unknown FSSAI category,OpenFoodFacts / GS1 Database,2026-08-07 02:46:51,False,foodfactsindia.online,True,PRIMARY_QUALIFYING,VERIFIED: GS1 India 890 Barcode
8906031490860,Mixed Furit Jam,Marks,jam,CAT_04,Carmoisine / Azorubine (E122),Additive (INS/E-Code),"['JP', 'US']","Banned in JP, US according to additive rulebook. Functional Class: Additive.",False,,OpenFoodFacts / GS1 Database,2026-08-07 02:46:51,True,foodfactsindia.online,True,PRIMARY_QUALIFYING,VERIFIED: GS1 India 890 Barcode
8901031013088,Donettes Powdered,Hostess,,Unknown,Titanium Dioxide (E171),Additive (INS/E-Code),['EU'],Banned in EU according to additive rulebook. Functional Class: Colorant.,True, | Unknown FSSAI category,OpenFoodFacts / GS1 Database,2026-08-07 02:46:51,False,foodfactsindia.online,True,PRIMARY_QUALIFYING,VERIFIED: GS1 India 890 Barcode
