barcode,product_name,brands,categories,fssai_category_code,banned_item,banned_item_type,banned_in_jurisdictions,violation_reason
5000159446488,M&M's Peanut,"M&M's, Mars, Mars Chocolat","Snacks, Snacks sucrés, Cacao et dérivés, Confiseries, Confiseries chocolatées, Bonbons de chocolat, Fruits à coques enrobés de chocolat, Cacahuètes au chocolat",CAT_15,Titanium Dioxide (E171),Additive (INS/E-Code),EU,Banned in EU according to additive rulebook. Functional Class: Colorant.
5000159476263,M &M'S 300 G ?,"M&M's, Mars","Snacks, Snacks sucrés, Cacao et dérivés, Confiseries, Confiseries chocolatées, Bonbons de chocolat, en:Chocolate covered nuts and fruits, Fruits à coques enrobés de chocolat, Cacahuètes au chocolat",CAT_15,Titanium Dioxide (E171),Additive (INS/E-Code),EU,Banned in EU according to additive rulebook. Functional Class: Colorant.
9300650450516,Oreos Chocolate,Oreo,"Snacks, Sweet snacks, Biscuits and cakes, Biscuits, Chocolate biscuits, en:chocolate-sandwich-cookies",CAT_15,TBHQ (Tertiary Butylhydroquinone) (E319),Additive (INS/E-Code),JP,Banned in JP according to additive rulebook. Functional Class: Antioxidant.
7802000020148,Doritos tamaño M Sabor Queso,Doritos,"Snacks, Botanas, Botanas saladas, Tortilla chips",CAT_15,TBHQ (Tertiary Butylhydroquinone) (E319),Additive (INS/E-Code),JP,Banned in JP according to additive rulebook. Functional Class: Antioxidant.
7501011167735,Nacho,"Doritos, Sabritas",,Unknown,Partially Hydrogenated Oil (PHO),Ingredient (Null INS),"US, CA",Banned in US (FDA 2018 GRAS revocation) and Canada due to industrial trans fats.
0028000081409,Milk chocolate,Nestlé,Snacks,CAT_15,TBHQ (Tertiary Butylhydroquinone) (E319),Additive (INS/E-Code),JP,Banned in JP according to additive rulebook. Functional Class: Antioxidant.
0040000488064,M & M Chocolate (180 G),Mars,"Snacks,Sweet snacks,Cocoa and its products,Confectioneries,Chocolate candies,Candies",CAT_15,Titanium Dioxide (E171),Additive (INS/E-Code),EU,Banned in EU according to additive rulebook. Functional Class: Colorant.
8901777960042,Vadilal bomber,Vadilal,,Unknown,Ponceau 4R (E124),Additive (INS/E-Code),US,Banned in US according to additive rulebook. Functional Class: Additive.
8901808000068,WeiKFiELD,Weikfield,"Dairies, Condiments, Sauces, Dessert sauces, Custards and pastry creams, Desse, en:dessert-mixes",CAT_01,Carmoisine (E122),Additive (INS/E-Code),"JP, US","Banned in JP, US according to additive rulebook. Functional Class: Additive."
9300650454040,Double Stuff Cadbury Crème Egg,Oreo,Biscuits,CAT_07,TBHQ (Tertiary Butylhydroquinone) (E319),Additive (INS/E-Code),JP,Banned in JP according to additive rulebook. Functional Class: Antioxidant.
8908014480080,Bovonto,Kali Mark,"Beverages and beverages preparations,Beverages,Carbonated drinks,Sodas",CAT_14,Carmoisine (E122),Additive (INS/E-Code),"JP, US","Banned in JP, US according to additive rulebook. Functional Class: Additive."
8908014480080,Bovonto,Kali Mark,"Beverages and beverages preparations,Beverages,Carbonated drinks,Sodas",CAT_14,Ponceau 4R (E124),Additive (INS/E-Code),US,Banned in US according to additive rulebook. Functional Class: Additive.
4009900523981,Extra,"Wrigley's Extra,Mars inc","Snacks,Sweet snacks,Confectioneries,Chewing gum",CAT_15,Titanium Dioxide (E171),Additive (INS/E-Code),EU,Banned in EU according to additive rulebook. Functional Class: Colorant.
8901826903105,Pio' -  Badam,Verka,"Beverages and beverages preparations,Beverages,Dairies,Dairy drinks,Milks,Flavoured milks",CAT_14,Erythrosine (E127),Additive (INS/E-Code),US,Banned in US according to additive rulebook. Functional Class: Additive.
8901826903105,Pio' -  Badam,Verka,"Beverages and beverages preparations,Beverages,Dairies,Dairy drinks,Milks,Flavoured milks",CAT_14,Carmoisine (E122),Additive (INS/E-Code),"JP, US","Banned in JP, US according to additive rulebook. Functional Class: Additive."
0021130266197,Blue Cheese Dressing & Dip,"Signature Kitchens,  Safeway  Inc.",undefined,Unknown,Partially Hydrogenated Oil (PHO),Ingredient (Null INS),"US, CA",Banned in US (FDA 2018 GRAS revocation) and Canada due to industrial trans fats.
0073402357003,Fine chocolate donuts,"Country Kitchen,  Lepage Bakeries  Inc.","Snacks, Sweet snacks, Biscuits and cakes, Cakes",CAT_15,Titanium Dioxide (E171),Additive (INS/E-Code),EU,Banned in EU according to additive rulebook. Functional Class: Colorant.
0073402357003,Fine chocolate donuts,"Country Kitchen,  Lepage Bakeries  Inc.","Snacks, Sweet snacks, Biscuits and cakes, Cakes",CAT_15,Partially Hydrogenated Oil (PHO),Ingredient (Null INS),"US, CA",Banned in US (FDA 2018 GRAS revocation) and Canada due to industrial trans fats.
8901063146938,Winkin' Cow Bourbon Shake,Britannia,milkshake,CAT_01,Carmoisine (E122),Additive (INS/E-Code),"JP, US","Banned in JP, US according to additive rulebook. Functional Class: Additive."
0021130477432,Whipped Dressing,Safeway Kitchens,undefined,Unknown,Titanium Dioxide (E171),Additive (INS/E-Code),EU,Banned in EU according to additive rulebook. Functional Class: Colorant.
8886467100031,Pringles Cheesy Cheese,"Pringles,พริงเกิลส์","Dairies, Fermented foods, Fermented milk products, Snacks, Cheeses, Salty snacks, Appetizers, Chips and fries, Crisps, Salty snacks made from potato, Crispy, Stacked extruded potato crisps",CAT_15,TBHQ (Tertiary Butylhydroquinone) (E319),Additive (INS/E-Code),JP,Banned in JP according to additive rulebook. Functional Class: Antioxidant.
5449000311856,Hawaï,"Coca-Cola, Coca-Cola Company","ar:HAWAI, en:fruit-sodas",CAT_14,Quinoline Yellow (E104),Additive (INS/E-Code),"JP, US","Banned in JP, US according to additive rulebook. Functional Class: Additive."
5449000311856,Hawaï,"Coca-Cola, Coca-Cola Company","ar:HAWAI, en:fruit-sodas",CAT_14,Ponceau 4R (E124),Additive (INS/E-Code),US,Banned in US according to additive rulebook. Functional Class: Additive.
9300650452558,Chocolate sandwich cookies with sweet vanilla flavoured creme,Oreo,,Unknown,TBHQ (Tertiary Butylhydroquinone) (E319),Additive (INS/E-Code),JP,Banned in JP according to additive rulebook. Functional Class: Antioxidant.
8901552032711,Soul Amritsari Kulcha,Soul,Frozen foods,Unknown,TBHQ (Tertiary Butylhydroquinone) (E319),Additive (INS/E-Code),JP,Banned in JP according to additive rulebook. Functional Class: Antioxidant.
8909081013737,Strawberry Smoothie,Sunfeast,"Beverages and beverages preparations,Beverages",CAT_14,Carmoisine (E122),Additive (INS/E-Code),"JP, US","Banned in JP, US according to additive rulebook. Functional Class: Additive."
8901030970238,Choco Brownie Fudge,Kwality Walls,"Desserts,Frozen foods,Frozen desserts,Ice creams and sorbets,Ice creams",CAT_03,Carmoisine (E122),Additive (INS/E-Code),"JP, US","Banned in JP, US according to additive rulebook. Functional Class: Additive."
7802000021626,Doritos tamaño XS Sabor Queso,Doritos,"Snacks, Botanas, Tortilla chips",CAT_15,TBHQ (Tertiary Butylhydroquinone) (E319),Additive (INS/E-Code),JP,Banned in JP according to additive rulebook. Functional Class: Antioxidant.
0028000500313,Beef flavor bouillon,Maggi,,Unknown,TBHQ (Tertiary Butylhydroquinone) (E319),Additive (INS/E-Code),JP,Banned in JP according to additive rulebook. Functional Class: Antioxidant.
0028000500313,Beef flavor bouillon,Maggi,,Unknown,Partially Hydrogenated Oil (PHO),Ingredient (Null INS),"US, CA",Banned in US (FDA 2018 GRAS revocation) and Canada due to industrial trans fats.
8904422710894,Refined Sunflower Oil,Sunrich,"Plant-based foods and beverages,Plant-based foods,Fats,Vegetable fats,Vegetable oils,Sunflower seeds and their products,Sunflower oils",CAT_14,TBHQ (Tertiary Butylhydroquinone) (E319),Additive (INS/E-Code),JP,Banned in JP according to additive rulebook. Functional Class: Antioxidant.
2220251241818,M&M's biscuit,"M&M's, M&M's Biscuit, Mars","Snacks, Snacks sucrés, Cacao et dérivés, Confiseries, Biscuits et gâteaux, Confiseries chocolatées, Biscuits, Bonbons de chocolat, Biscuits au chocolat",CAT_15,Titanium Dioxide (E171),Additive (INS/E-Code),EU,Banned in EU according to additive rulebook. Functional Class: Colorant.
9347043001498,Chocolate wafer cone,Oreo,,Unknown,TBHQ (Tertiary Butylhydroquinone) (E319),Additive (INS/E-Code),JP,Banned in JP according to additive rulebook. Functional Class: Antioxidant.
9300650452763,OREO CKIE CHOC 128GM,Oreo,en:filled-biscuits,CAT_07,TBHQ (Tertiary Butylhydroquinone) (E319),Additive (INS/E-Code),JP,Banned in JP according to additive rulebook. Functional Class: Antioxidant.
5000159484589,M&M's Chocolate,"M&M's, Mars","Imbiss, Süßer Snack, Kakao und Kakaoprodukte, Schokoladen, Milchschokoladen, Schokolinsen",CAT_15,Titanium Dioxide (E171),Additive (INS/E-Code),EU,Banned in EU according to additive rulebook. Functional Class: Colorant.
7802420009198,Corte Americano,Lays,"Snacks, Papas fritas",CAT_15,TBHQ (Tertiary Butylhydroquinone) (E319),Additive (INS/E-Code),JP,Banned in JP according to additive rulebook. Functional Class: Antioxidant.
9300650453685,Oreo double stuff inspired by pascall marshmallows,Oreo,Biscuits,CAT_07,TBHQ (Tertiary Butylhydroquinone) (E319),Additive (INS/E-Code),JP,Banned in JP according to additive rulebook. Functional Class: Antioxidant.
8901491002561,Dynamita,Doritos,,Unknown,Ponceau 4R (E124),Additive (INS/E-Code),US,Banned in US according to additive rulebook. Functional Class: Additive.
5000159518819,Glaces m&m's,"M&M's, Mars Chocolat France","Surgelés,Cônes et batonnets surgelés,Bâtonnets glacés",Unknown,Titanium Dioxide (E171),Additive (INS/E-Code),EU,Banned in EU according to additive rulebook. Functional Class: Colorant.
8906069612371,Jolliz Namkeen Cream Onion Chips,Anand,Namkeen,CAT_15,TBHQ (Tertiary Butylhydroquinone) (E319),Additive (INS/E-Code),JP,Banned in JP according to additive rulebook. Functional Class: Antioxidant.
8906154670156,Tomato Pickle,Kh Pickle,,Unknown,TBHQ (Tertiary Butylhydroquinone) (E319),Additive (INS/E-Code),JP,Banned in JP according to additive rulebook. Functional Class: Antioxidant.
5000159480178,M&M's Chocolate,"M&M's, Mars","Snacks,Sweet snacks,Cocoa and its products,Confectioneries,Chocolate candies,Bonbons",CAT_15,Titanium Dioxide (E171),Additive (INS/E-Code),EU,Banned in EU according to additive rulebook. Functional Class: Colorant.
5000159501903,M&M's,"Nestlé, Mars","Snacks, Snacks sucrés, Cacao et dérivés, Confiseries, Confiseries chocolatées, Bonbons de chocolat, Fruits à coques enrobés de chocolat, Cacahuètes au chocolat",CAT_15,Titanium Dioxide (E171),Additive (INS/E-Code),EU,Banned in EU according to additive rulebook. Functional Class: Colorant.
5000159505802,M et m’s,"Mars, Mars Chocolat","Imbiss, Süßer Snack, Kakao und Kakaoprodukte, Süßwaren, Schokoladenkonfekt, Pralinen, Mit Schokolade überzogene Nüsse, Erdnüsse mit Schokoladenüberzug",CAT_15,Titanium Dioxide (E171),Additive (INS/E-Code),EU,Banned in EU according to additive rulebook. Functional Class: Colorant.
6924743933460,Crispy Meat Flavoured Chips,Lays,Potato crisps,CAT_15,TBHQ (Tertiary Butylhydroquinone) (E319),Additive (INS/E-Code),JP,Banned in JP according to additive rulebook. Functional Class: Antioxidant.
8902082805004,Grape Squash,Grandma's,squash,CAT_14,Carmoisine (E122),Additive (INS/E-Code),"JP, US","Banned in JP, US according to additive rulebook. Functional Class: Additive."
8902082805004,Grape Squash,Grandma's,squash,CAT_14,Ponceau 4R (E124),Additive (INS/E-Code),US,Banned in US according to additive rulebook. Functional Class: Additive.
8906159751102,Nabati Pink Lava Cream Wafer Biscuits,Nabati,"Snacks, Sweet snacks, Biscuits and cakes, Biscuits and crackers, Biscuits, Wafers, en:stuffed-wafers",CAT_15,Erythrosine (E127),Additive (INS/E-Code),US,Banned in US according to additive rulebook. Functional Class: Additive.
0074714085523,Croutons,Mrs. Cubbison's Kitchen  Llc.,,Unknown,TBHQ (Tertiary Butylhydroquinone) (E319),Additive (INS/E-Code),JP,Banned in JP according to additive rulebook. Functional Class: Antioxidant.
8886467100369,Pringles Sour Cream And Onion,Pringles,"Snacks, Salty snacks, Appetizers, Chips and fries, Crisps, Salty snacks made from potato, Stacked extruded potato crisps",CAT_15,TBHQ (Tertiary Butylhydroquinone) (E319),Additive (INS/E-Code),JP,Banned in JP according to additive rulebook. Functional Class: Antioxidant.
5900951253041,M&m's Easter limited Edition Peanut,"M&M's, Mars","Snacks, Snacks sucrés, Cacao et dérivés, Confiseries, Confiseries chocolatées, Bonbons de chocolat, Fruits à coques enrobés de chocolat, Cacahuètes au chocolat",CAT_15,Titanium Dioxide (E171),Additive (INS/E-Code),EU,Banned in EU according to additive rulebook. Functional Class: Colorant.
5900951259692,m&m's Mix,"Mars,m&m's","Snacks,Sweet snacks,Cocoa and its products,Confectioneries,Chocolate candies,Bonbons",CAT_15,Titanium Dioxide (E171),Additive (INS/E-Code),EU,Banned in EU according to additive rulebook. Functional Class: Colorant.
0040000247234,"Snickers, minis, dark chocolate, peanuts, caramel, nougat",Snickers,"Snacks, Sweet snacks, Cocoa and its products, Confectioneries, Chocolate candies",CAT_15,Partially Hydrogenated Oil (PHO),Ingredient (Null INS),"US, CA",Banned in US (FDA 2018 GRAS revocation) and Canada due to industrial trans fats.
6009510802542,Doritos sweet chili pepper 45g,"Doritos, Simba","Snacks, Salty snacks, Appetizers, Chips and fries, Crisps, Corn chips",CAT_15,TBHQ (Tertiary Butylhydroquinone) (E319),Additive (INS/E-Code),JP,Banned in JP according to additive rulebook. Functional Class: Antioxidant.
6009510802542,Doritos sweet chili pepper 45g,"Doritos, Simba","Snacks, Salty snacks, Appetizers, Chips and fries, Crisps, Corn chips",CAT_15,Carmoisine (E122),Additive (INS/E-Code),"JP, US","Banned in JP, US according to additive rulebook. Functional Class: Additive."
9300650452404,Oreo Neapolitan double stuff,oreo,"Snacks,Sweet snacks,Biscuits and cakes,Biscuits,Filled biscuits,Biscuit cream",CAT_15,TBHQ (Tertiary Butylhydroquinone) (E319),Additive (INS/E-Code),JP,Banned in JP according to additive rulebook. Functional Class: Antioxidant.
7802000005541,Twistos,pepsico,en:crisps,CAT_15,TBHQ (Tertiary Butylhydroquinone) (E319),Additive (INS/E-Code),JP,Banned in JP according to additive rulebook. Functional Class: Antioxidant.
7771224008921,Bambino Pasas al Ron,"Delizia,Bambino","Postres, Congelados, Postres helados, Helados y sorbetes, Helado, Tarrinas y bloques de helado, Tarrinas y bloques de helado de ron con pasas",CAT_03,Carmoisine (E122),Additive (INS/E-Code),"JP, US","Banned in JP, US according to additive rulebook. Functional Class: Additive."
7501008082843,Barras de cereal Kellogg's Zucaritas,Kelloggs,"Alimentos y bebidas de origen vegetal, Alimentos de origen vegetal, Botanas, Desayunos, Cereales y patatas, Snacks dulces, Cereales y derivados, Barritas, Cereales para el desayuno, Barritas de cereales",CAT_15,Titanium Dioxide (E171),Additive (INS/E-Code),EU,Banned in EU according to additive rulebook. Functional Class: Colorant.
5449000060082,Twist Lemon,The Coca-Cola Company,"Aliments et boissons à base de végétaux, Boissons, Boissons à base de végétaux, Boissons gazeuses, Boissons aux fruits, Boissons édulcorées, Sodas, Sodas aux fruits, Sodas au citron, Boissons avec sucre ajouté",CAT_14,Quinoline Yellow (E104),Additive (INS/E-Code),"JP, US","Banned in JP, US according to additive rulebook. Functional Class: Additive."
7501008013007,Zucaritas Barra,Kelloggs,"Alimentos y bebidas de origen vegetal, Alimentos de origen vegetal, Botanas, Desayunos, Cereales y patatas, Snacks dulces, Cereales y derivados, Barritas, Cereales para el desayuno, Barritas de cereales",CAT_15,Titanium Dioxide (E171),Additive (INS/E-Code),EU,Banned in EU according to additive rulebook. Functional Class: Colorant.
8901662037828,CHICKEN BIRYANI MIX,Suhana,,Unknown,TBHQ (Tertiary Butylhydroquinone) (E319),Additive (INS/E-Code),JP,Banned in JP according to additive rulebook. Functional Class: Antioxidant.
8901393025002,mentos,,,Unknown,Erythrosine (E127),Additive (INS/E-Code),US,Banned in US according to additive rulebook. Functional Class: Additive.
6009710721490,Cheese supreme flavored corn chips,Doritos,"Snacks-and-chips,Corn chips",CAT_15,TBHQ (Tertiary Butylhydroquinone) (E319),Additive (INS/E-Code),JP,Banned in JP according to additive rulebook. Functional Class: Antioxidant.
8851959122174,Fanta Jordbær,Coca-Cola Company,"Beverages and beverages preparations,Plant-based foods and beverages,Beverages,Plant-based beverages,Carbonated drinks,Fruit-based beverages,Sodas,Fruit sodas,Sweetened beverages",CAT_14,Carmoisine (E122),Additive (INS/E-Code),"JP, US","Banned in JP, US according to additive rulebook. Functional Class: Additive."
7802000021084,Doritos tamaño XS Sabor Queso,Doritos,"Snacks, Botanas, Tortillas de maíz",CAT_15,TBHQ (Tertiary Butylhydroquinone) (E319),Additive (INS/E-Code),JP,Banned in JP according to additive rulebook. Functional Class: Antioxidant.
8886467100376,Cheesy cheese,Pringles,"Snacks, Salty snacks, Appetizers, Chips and fries, Crisps, Salty snacks made from potato, Stacked extruded potato crisps",CAT_15,TBHQ (Tertiary Butylhydroquinone) (E319),Additive (INS/E-Code),JP,Banned in JP according to additive rulebook. Functional Class: Antioxidant.
5449000229243,Next joy visnja,Coca-Cola,,Unknown,Brilliant Black BN (E151),Additive (INS/E-Code),"IN, JP, US","Banned in IN, JP, US according to additive rulebook. Functional Class: Additive."
9556001170842,FUSIAN Mi Goreng Hot & Spicy Mild,Maggi,,Unknown,TBHQ (Tertiary Butylhydroquinone) (E319),Additive (INS/E-Code),JP,Banned in JP according to additive rulebook. Functional Class: Antioxidant.
5000159317955,m's PEANUT,"Mars, m&m's","Snacks, Snacks sucrés, Cacao et dérivés, Confiseries, Confiseries chocolatées, Bonbons de chocolat, en:Chocolate covered nuts and fruits, Fruits à coques enrobés de chocolat, Cacahuètes au chocolat",CAT_15,Titanium Dioxide (E171),Additive (INS/E-Code),EU,Banned in EU according to additive rulebook. Functional Class: Colorant.
6001068660902,2 Minutes Noodles Durban Curry Flavour,"Maggi,Nestlé","Plant-based foods and beverages, Plant-based foods, Cereals and potatoes, Cereals and their products, Dried products, Pastas, Dried products to be rehydrated, Noodles, Instant noodles",CAT_14,TBHQ (Tertiary Butylhydroquinone) (E319),Additive (INS/E-Code),JP,Banned in JP according to additive rulebook. Functional Class: Antioxidant.
8906006721555,Mixed Fruit Jam,Lion,,Unknown,Carmoisine (E122),Additive (INS/E-Code),"JP, US","Banned in JP, US according to additive rulebook. Functional Class: Additive."
9300617292791,Humpty Dumpty,Cadbury,,Unknown,Titanium Dioxide (E171),Additive (INS/E-Code),EU,Banned in EU according to additive rulebook. Functional Class: Colorant.
5900951264672,Chocolate,"Mars Incorporated,m&m's","Snacks,Sweet snacks,Cocoa and its products,Confectioneries,Chocolate candies,Bonbons,Süßer-snack,Süßwaren",CAT_15,Titanium Dioxide (E171),Additive (INS/E-Code),EU,Banned in EU according to additive rulebook. Functional Class: Colorant.
7501008010105,Rice Krispies Treats Sabor Original,Kellogg's,"Alimentos y bebidas de origen vegetal, Alimentos de origen vegetal, Desayunos, Cereales y patatas, Cereales y derivados, Cereales para el desayuno, Cereales de chocolate",CAT_14,Titanium Dioxide (E171),Additive (INS/E-Code),EU,Banned in EU according to additive rulebook. Functional Class: Colorant.
6009510802559,CHEESE SUPREME FLAVOURED CORN CHIPS,Doritos,,Unknown,TBHQ (Tertiary Butylhydroquinone) (E319),Additive (INS/E-Code),JP,Banned in JP according to additive rulebook. Functional Class: Antioxidant.
4009900510813,Skittles,Mars,en:candies,Unknown,Titanium Dioxide (E171),Additive (INS/E-Code),EU,Banned in EU according to additive rulebook. Functional Class: Colorant.
9300650454248,Oreo Grab And Go 236g,Oreo,,Unknown,TBHQ (Tertiary Butylhydroquinone) (E319),Additive (INS/E-Code),JP,Banned in JP according to additive rulebook. Functional Class: Antioxidant.
0760263000642,"Bear creek country kitchens, soup mix, hot & sour",Bear Creek Country Kitchens,"Meals, Soups",CAT_12,Partially Hydrogenated Oil (PHO),Ingredient (Null INS),"US, CA",Banned in US (FDA 2018 GRAS revocation) and Canada due to industrial trans fats.
0760263911108,Alfredo Pasta Mix,Bear Creek Country Kitchens,"Meals, Pasta dishes",CAT_06,Partially Hydrogenated Oil (PHO),Ingredient (Null INS),"US, CA",Banned in US (FDA 2018 GRAS revocation) and Canada due to industrial trans fats.
8906021921497,Mixed Fruit Jam,Apis,en:fruit-jam,CAT_04,Carmoisine (E122),Additive (INS/E-Code),"JP, US","Banned in JP, US according to additive rulebook. Functional Class: Additive."
0028000867379,"Crispety, crunchety, peanut-buttery! bar",Nestlé,"Snacks, Sweet snacks, Confectioneries",CAT_15,TBHQ (Tertiary Butylhydroquinone) (E319),Additive (INS/E-Code),JP,Banned in JP according to additive rulebook. Functional Class: Antioxidant.
0088009150452,Fanta orange,"Brasserie de tahiti,coca-cola compagny","Aliments et boissons à base de végétaux, Boissons, Boissons à base de végétaux, Boissons gazeuses, Boissons aux fruits, Sodas, Sodas aux fruits, Sodas à l'orange, Boissons avec sucre ajouté",CAT_14,Carmoisine (E122),Additive (INS/E-Code),"JP, US","Banned in JP, US according to additive rulebook. Functional Class: Additive."
0040000473480,"Snickers, milk chocolate hearts, creamy caramel and peanuts",Snickers,"Snacks, Sweet snacks, Cocoa and its products, Confectioneries, Chocolate candies",CAT_15,Partially Hydrogenated Oil (PHO),Ingredient (Null INS),"US, CA",Banned in US (FDA 2018 GRAS revocation) and Canada due to industrial trans fats.
8908019726442,Choco Pockets,Nova Nova,snacks,CAT_15,TBHQ (Tertiary Butylhydroquinone) (E319),Additive (INS/E-Code),JP,Banned in JP according to additive rulebook. Functional Class: Antioxidant.
6009710723586,GRILLED BARBEQUE FLAVOURED CORN CHIPS,Doritos,,Unknown,Quinoline Yellow (E104),Additive (INS/E-Code),"JP, US","Banned in JP, US according to additive rulebook. Functional Class: Additive."
6009710723586,GRILLED BARBEQUE FLAVOURED CORN CHIPS,Doritos,,Unknown,TBHQ (Tertiary Butylhydroquinone) (E319),Additive (INS/E-Code),JP,Banned in JP according to additive rulebook. Functional Class: Antioxidant.
6009710723586,GRILLED BARBEQUE FLAVOURED CORN CHIPS,Doritos,,Unknown,Carmoisine (E122),Additive (INS/E-Code),"JP, US","Banned in JP, US according to additive rulebook. Functional Class: Additive."
6009710723586,GRILLED BARBEQUE FLAVOURED CORN CHIPS,Doritos,,Unknown,Ponceau 4R (E124),Additive (INS/E-Code),US,Banned in US according to additive rulebook. Functional Class: Additive.
8904146307851,Muesli,Spar,,Unknown,Carmoisine (E122),Additive (INS/E-Code),"JP, US","Banned in JP, US according to additive rulebook. Functional Class: Additive."
8904146307851,Muesli,Spar,,Unknown,Erythrosine (E127),Additive (INS/E-Code),US,Banned in US according to additive rulebook. Functional Class: Additive.
8904146307851,Muesli,Spar,,Unknown,Ponceau 4R (E124),Additive (INS/E-Code),US,Banned in US according to additive rulebook. Functional Class: Additive.
5000159476782,M &M'S Peanuts Boule De Noël 45G,Mars,"Snacks, Snacks sucrés, Cacao et dérivés, Confiseries, Confiseries chocolatées, Bonbons de chocolat",CAT_15,Titanium Dioxide (E171),Additive (INS/E-Code),EU,Banned in EU according to additive rulebook. Functional Class: Colorant.
5000159481540,M&M's Peanut,"M&M's, Mars","Snacks, Snacks sucrés, Cacao et dérivés, Confiseries, Aliments festifs, Confiseries chocolatées, Bonbons de chocolat, Fruits à coques enrobés de chocolat, Aliments de Pâques, Cacahuètes au chocolat",CAT_15,Titanium Dioxide (E171),Additive (INS/E-Code),EU,Banned in EU according to additive rulebook. Functional Class: Colorant.
5000159493833,M&M's peanut,Mars,"Snacks, Sweet snacks, Cocoa and its products, Confectioneries, Chocolate candies, Bonbons, Chocolate covered nuts, Chocolate-covered-peanuts, en:chocolate-coated-peanuts",CAT_15,Titanium Dioxide (E171),Additive (INS/E-Code),EU,Banned in EU according to additive rulebook. Functional Class: Colorant.
8710398170156,Doritos Cool American,Doritos,"Snacks, Snacks salés, Amuse-gueules, Chips et frites, Chips, Chips de maïs",CAT_15,Partially Hydrogenated Oil (PHO),Ingredient (Null INS),"US, CA",Banned in US (FDA 2018 GRAS revocation) and Canada due to industrial trans fats.
7622210551290,Chocolate Sandwich Cookies with Vanilla Flavored Cream,OREO,en:biscuits,CAT_07,TBHQ (Tertiary Butylhydroquinone) (E319),Additive (INS/E-Code),JP,Banned in JP according to additive rulebook. Functional Class: Antioxidant.
9300617408390,Humpty Dumpty,Cadbury,"Snacks, Sweet snacks, Cocoa and its products, Confectioneries, Chocolate candies, Bonbons",CAT_15,Titanium Dioxide (E171),Additive (INS/E-Code),EU,Banned in EU according to additive rulebook. Functional Class: Colorant.
7501059233584,Svelty Figura 0% sabor a moras silvestres,Nestle,"Beverages, Dairies, Fermented foods, Fermented milk products, Desserts, Dairy desserts, Dairy drinks, Fermented dairy desserts, Artificially sweetened beverages, Fermented dairy desserts with fruits, Fermented drinks, Yogurts, Fermented milk drinks, Fruit yogurts, Drinkable-yogurts, en:yogurt-drinks",CAT_14,Carmoisine (E122),Additive (INS/E-Code),"JP, US","Banned in JP, US according to additive rulebook. Functional Class: Additive."
5000159441896,M &M'S 1KG Choco Maitosuklaata Rapealla Sokerikuorella,"M&M'S,Mars inc","Snacks,Sweet snacks,Cocoa and its products,Confectioneries,Chocolate candies,Bonbons",CAT_15,Titanium Dioxide (E171),Additive (INS/E-Code),EU,Banned in EU according to additive rulebook. Functional Class: Colorant.
5000159500371,Chocolate M & M's Ice Cream,Mars,"Desserts, Surgelés, Desserts glacés, Glaces et sorbets, Glaces, Bâtonnets glacés",CAT_03,Titanium Dioxide (E171),Additive (INS/E-Code),EU,Banned in EU according to additive rulebook. Functional Class: Colorant.
5000159500654,Glaces Peanut M&M's,"M&M's, Mars, Mars Chocolat","Snacks, Desserts, Snacks sucrés, Confiseries, Surgelés, Desserts glacés, Glaces et sorbets, Glaces, Bâtonnets glacés, Bâtonnets glacés au chocolat",CAT_03,Titanium Dioxide (E171),Additive (INS/E-Code),EU,Banned in EU according to additive rulebook. Functional Class: Colorant.
8908022793011,Rose Syrup,Janatha,Rose syrup,CAT_14,Carmoisine (E122),Additive (INS/E-Code),"JP, US","Banned in JP, US according to additive rulebook. Functional Class: Additive."
9300682050685,M&M’s Minis,"M&Ms, Mars",,Unknown,Titanium Dioxide (E171),Additive (INS/E-Code),EU,Banned in EU according to additive rulebook. Functional Class: Colorant.
7613287067449,Stir-fry noodles sweet chili,Maggi,,Unknown,TBHQ (Tertiary Butylhydroquinone) (E319),Additive (INS/E-Code),JP,Banned in JP according to additive rulebook. Functional Class: Antioxidant.
8906026504985,Cream Roll,Nafees,,Unknown,Ponceau 4R (E124),Additive (INS/E-Code),US,Banned in US according to additive rulebook. Functional Class: Additive.
9556001137678,Oriental Maggi Orientation Noodles,Maggi,"Plant-based foods and beverages, Plant-based foods, Dried products, Pastas, Dried products to be rehydrated, Noodles, Instant noodles",CAT_14,TBHQ (Tertiary Butylhydroquinone) (E319),Additive (INS/E-Code),JP,Banned in JP according to additive rulebook. Functional Class: Antioxidant.
8906008819502,Refined Soyabean Oil,Fortune,,Unknown,TBHQ (Tertiary Butylhydroquinone) (E319),Additive (INS/E-Code),JP,Banned in JP according to additive rulebook. Functional Class: Antioxidant.
0747804019059,Ham & Cheese Sandwich,Kitchen Fresh Foods,"Sandwiches, Sandwiches filled with cold cuts, Cheese sandwiches, Ham sandwiches, Ham and cheese sandwiches",CAT_01,Azodicarbonamide (ADA) (E927A),Additive (INS/E-Code),"EU, UK","Banned in EU, UK according to additive rulebook. Functional Class: FLOUR_TREATMENT_AGENT."
0747804019059,Ham & Cheese Sandwich,Kitchen Fresh Foods,"Sandwiches, Sandwiches filled with cold cuts, Cheese sandwiches, Ham sandwiches, Ham and cheese sandwiches",CAT_01,Azodicarbonamide (ADA),Ingredient (Flour Treatment),"EU, UK, IN","Banned in EU, UK, and India due to occupational asthma and carcinogenicity concerns."
0040000502418,"Snickers, candy bars",Snickers,"Snacks, Sweet snacks, Cocoa and its products, Confectioneries, Chocolate candies",CAT_15,Partially Hydrogenated Oil (PHO),Ingredient (Null INS),"US, CA",Banned in US (FDA 2018 GRAS revocation) and Canada due to industrial trans fats.
9300675041140,Mother Energy,"Mother,Coca-Cola Amatil","Beverages, Energy drinks, Unsweetened beverages",CAT_14,Quinoline Yellow (E104),Additive (INS/E-Code),"JP, US","Banned in JP, US according to additive rulebook. Functional Class: Additive."
0040000494072,"Snickers, snickers",Snickers,"Snacks, Sweet snacks, Confectioneries",CAT_15,Partially Hydrogenated Oil (PHO),Ingredient (Null INS),"US, CA",Banned in US (FDA 2018 GRAS revocation) and Canada due to industrial trans fats.
5000159388658,m&m's biscuit,"Mars, m&m's","Snacks, Snacks sucrés, Cacao et dérivés, Confiseries, Barres, Confiseries chocolatées, Barres chocolatées",CAT_15,Titanium Dioxide (E171),Additive (INS/E-Code),EU,Banned in EU according to additive rulebook. Functional Class: Colorant.
5000159492706,M&m's peanut,"Mars, m&m's","Aliments et boissons à base de végétaux, Aliments d'origine végétale, Snacks, Snacks sucrés, Cacao et dérivés, Confiseries, Fruits à coques et dérivés, Confiseries chocolatées, Bonbons de chocolat, Fruits à coques enrobés de chocolat, Confiseries de fruits à coques, Cacahuètes au chocolat",CAT_15,Titanium Dioxide (E171),Additive (INS/E-Code),EU,Banned in EU according to additive rulebook. Functional Class: Colorant.
8906023797014,Sunflower Oil,Gold Drop,Sunflower Oil,CAT_02,TBHQ (Tertiary Butylhydroquinone) (E319),Additive (INS/E-Code),JP,Banned in JP according to additive rulebook. Functional Class: Antioxidant.
3033210006965,Glace smarties,Nestlé,"Snacks, Snacks sucrés, Confiseries",CAT_15,Titanium Dioxide (E171),Additive (INS/E-Code),EU,Banned in EU according to additive rulebook. Functional Class: Colorant.
8906124670872,Geks Era Black Currant Pulp & Juice,Geks Era,Juice,CAT_14,Erythrosine (E127),Additive (INS/E-Code),US,Banned in US according to additive rulebook. Functional Class: Additive.
6924743927162,Roasted fish flavor,Lays,,Unknown,TBHQ (Tertiary Butylhydroquinone) (E319),Additive (INS/E-Code),JP,Banned in JP according to additive rulebook. Functional Class: Antioxidant.
0000042070436,Extra White Fruit 14g,MARS NORGE AS,"en:Snacks, en:Sweet snacks, en:Confectioneries, en:Chewing gum",CAT_15,Titanium Dioxide (E171),Additive (INS/E-Code),EU,Banned in EU according to additive rulebook. Functional Class: Colorant.
8901689010125,Mala's straberry jam,,Jam,CAT_04,Carmoisine (E122),Additive (INS/E-Code),"JP, US","Banned in JP, US according to additive rulebook. Functional Class: Additive."
9310055537279,Fruit Loops,Kellogg's,"Plant-based foods and beverages, Plant-based foods, Breakfasts, Cereals and potatoes, Cereals and their products, Breakfast cereals",CAT_14,Partially Hydrogenated Oil (PHO),Ingredient (Null INS),"US, CA",Banned in US (FDA 2018 GRAS revocation) and Canada due to industrial trans fats.
0000000121340,Diet Mountain Dew,Pepsi,"Beverages, Carbonated drinks, Sodas",CAT_14,Brominated Vegetable Oil (BVO),Ingredient (Null INS),"US, IN, EU, JP","Banned in US (FDA 2024 revocation), EU, Japan, and India as a food additive."
8001389702341,Jambo Mixed Fruit Jam,Jambo,jam,CAT_04,Carmoisine (E122),Additive (INS/E-Code),"JP, US","Banned in JP, US according to additive rulebook. Functional Class: Additive."
7500478010691,Tostitos Salsa Verde,Pepsico,Botana de Maiz Nixtamalizado,Unknown,TBHQ (Tertiary Butylhydroquinone) (E319),Additive (INS/E-Code),JP,Banned in JP according to additive rulebook. Functional Class: Antioxidant.
0066721030207,Brown Sugar Bubble Tea OREO,"Oreo, Christie",,Unknown,TBHQ (Tertiary Butylhydroquinone) (E319),Additive (INS/E-Code),JP,Banned in JP according to additive rulebook. Functional Class: Antioxidant.
8710398162014,Sour cream,Doritos,"Snacks,Salty snacks,Appetizers,Chips and fries,Crisps",CAT_15,Partially Hydrogenated Oil (PHO),Ingredient (Null INS),"US, CA",Banned in US (FDA 2018 GRAS revocation) and Canada due to industrial trans fats.
0000001223305,MTN Dew,Pepsico,,Unknown,Brominated Vegetable Oil (BVO),Ingredient (Null INS),"US, IN, EU, JP","Banned in US (FDA 2024 revocation), EU, Japan, and India as a food additive."
0000001229707,mountain dew,pepsi,,Unknown,Brominated Vegetable Oil (BVO),Ingredient (Null INS),"US, IN, EU, JP","Banned in US (FDA 2024 revocation), EU, Japan, and India as a food additive."
9300650454323,Mini Chocolate Oreos,Oreo,,Unknown,TBHQ (Tertiary Butylhydroquinone) (E319),Additive (INS/E-Code),JP,Banned in JP according to additive rulebook. Functional Class: Antioxidant.
6001306002440,Instant Noodles,Kellogg's,"Plant-based foods and beverages, Plant-based foods, Dried products, Pastas, Dried products to be rehydrated, Noodles, Instant noodles",CAT_14,TBHQ (Tertiary Butylhydroquinone) (E319),Additive (INS/E-Code),JP,Banned in JP according to additive rulebook. Functional Class: Antioxidant.
0058496457532,Milk Chocolate M&M's,Mars,"Snacks, Sweet snacks, Cocoa and its products, Confectioneries, Chocolate candies, Bonbons",CAT_15,Titanium Dioxide (E171),Additive (INS/E-Code),EU,Banned in EU according to additive rulebook. Functional Class: Colorant.
7501011130975,Cheetos torciditos,Pepsico,"Snacks, Salty snacks, es:Botanas saladas, es:Papitas",CAT_15,Partially Hydrogenated Oil (PHO),Ingredient (Null INS),"US, CA",Banned in US (FDA 2018 GRAS revocation) and Canada due to industrial trans fats.
7622201747107,White Fudge,Oreo,,Unknown,Titanium Dioxide (E171),Additive (INS/E-Code),EU,Banned in EU according to additive rulebook. Functional Class: Colorant.
0028000115678,"Maggi, bouillon, chicken",Maggi,,Unknown,TBHQ (Tertiary Butylhydroquinone) (E319),Additive (INS/E-Code),JP,Banned in JP according to additive rulebook. Functional Class: Antioxidant.
0028000115678,"Maggi, bouillon, chicken",Maggi,,Unknown,Partially Hydrogenated Oil (PHO),Ingredient (Null INS),"US, CA",Banned in US (FDA 2018 GRAS revocation) and Canada due to industrial trans fats.
0000002867633,refined soya bean oil,fortune,"Plant-based foods and beverages, Plant-based foods, Legumes and their products, Fats, Vegetable fats, Vegetable oils, Legume oils, Soybean oils",CAT_14,TBHQ (Tertiary Butylhydroquinone) (E319),Additive (INS/E-Code),JP,Banned in JP according to additive rulebook. Functional Class: Antioxidant.
8410494300777,Bitter Kas,"Kas,PepsiCo","Bebidas y preparaciones de bebidas,Bebidas,Bebidas carbonatadas,Bebidas endulzadas artificialmente,Sodas",CAT_14,Carmoisine (E122),Additive (INS/E-Code),"JP, US","Banned in JP, US according to additive rulebook. Functional Class: Additive."
8410494300777,Bitter Kas,"Kas,PepsiCo","Bebidas y preparaciones de bebidas,Bebidas,Bebidas carbonatadas,Bebidas endulzadas artificialmente,Sodas",CAT_14,Ponceau 4R (E124),Additive (INS/E-Code),US,Banned in US according to additive rulebook. Functional Class: Additive.
5000112659948,Hawaii Tropical,Coca-Cola Company,,Unknown,Quinoline Yellow (E104),Additive (INS/E-Code),"JP, US","Banned in JP, US according to additive rulebook. Functional Class: Additive."
5000112659948,Hawaii Tropical,Coca-Cola Company,,Unknown,Ponceau 4R (E124),Additive (INS/E-Code),US,Banned in US according to additive rulebook. Functional Class: Additive.
7802000020124,Doritos,Doritos,,Unknown,TBHQ (Tertiary Butylhydroquinone) (E319),Additive (INS/E-Code),JP,Banned in JP according to additive rulebook. Functional Class: Antioxidant.
9300650454224,Chocolate Choc Cookie Sandwich with Chocolate Flavoured Creme,OREO,,Unknown,TBHQ (Tertiary Butylhydroquinone) (E319),Additive (INS/E-Code),JP,Banned in JP according to additive rulebook. Functional Class: Antioxidant.
3040400220193,Donut,"CSM France, Mondelez, Mondelez International, Oreo","Snacks, Snacks sucrés, en:Specific products, Biscuits et gâteaux, Gâteaux, Donuts, Produits sous license",CAT_15,Titanium Dioxide (E171),Additive (INS/E-Code),EU,Banned in EU according to additive rulebook. Functional Class: Colorant.
5060896625348,Енергийна напитка,"Monster, Monster Monarch",,Unknown,Carmoisine (E122),Additive (INS/E-Code),"JP, US","Banned in JP, US according to additive rulebook. Functional Class: Additive."
0038000768620,"Rice cereal, chocolatey, sweetened",Kellogg's,"Plant-based foods and beverages, Plant-based foods, Breakfasts, Cereals and potatoes, Cereals and their products, Breakfast cereals, Chocolate cereals",CAT_14,Partially Hydrogenated Oil (PHO),Ingredient (Null INS),"US, CA",Banned in US (FDA 2018 GRAS revocation) and Canada due to industrial trans fats.
6001306002457,INSTANT NOODLES BEEF,Kellogg's,"Plant-based foods and beverages, Plant-based foods, Cereals and potatoes, Cereals and their products, Dried products, Pastas, Dried products to be rehydrated, Noodles, Instant noodles",CAT_14,TBHQ (Tertiary Butylhydroquinone) (E319),Additive (INS/E-Code),JP,Banned in JP according to additive rulebook. Functional Class: Antioxidant.
8901512562807,Butter flavour popcorn,ACT 2,Popcorn,CAT_15,TBHQ (Tertiary Butylhydroquinone) (E319),Additive (INS/E-Code),JP,Banned in JP according to additive rulebook. Functional Class: Antioxidant.
8901044570554,Orange Squash,Mapro,beverage preparations,CAT_14,Carmoisine (E122),Additive (INS/E-Code),"JP, US","Banned in JP, US according to additive rulebook. Functional Class: Additive."
0028000703196,Caldo Sabor A Pollo,Maggi,,Unknown,Partially Hydrogenated Oil (PHO),Ingredient (Null INS),"US, CA",Banned in US (FDA 2018 GRAS revocation) and Canada due to industrial trans fats.
0038000207716,"Caticorn berry purrr-fection with glittery sparkles cereal, caticorn berry purrr-fection with glittery sparkles",Kellogg's,"Plant-based foods and beverages, Plant-based foods, Cereals and potatoes, Cereals and their products",CAT_14,Erythrosine (E127),Additive (INS/E-Code),US,Banned in US according to additive rulebook. Functional Class: Additive.
5449000265395,Sparletta Sparberry,Coca-Cola,"Beverages, Sweetened beverages",CAT_14,Carmoisine (E122),Additive (INS/E-Code),"JP, US","Banned in JP, US according to additive rulebook. Functional Class: Additive."
6223006710184,Instant noodles,Kellogg's,"Plant-based foods and beverages,Plant-based foods,Dried products,Pastas,Dried products to be rehydrated,Noodles,Instant noodles",CAT_14,TBHQ (Tertiary Butylhydroquinone) (E319),Additive (INS/E-Code),JP,Banned in JP according to additive rulebook. Functional Class: Antioxidant.
7802000020162,Doritos Sabor Queso,Doritos,,Unknown,TBHQ (Tertiary Butylhydroquinone) (E319),Additive (INS/E-Code),JP,Banned in JP according to additive rulebook. Functional Class: Antioxidant.
8906020960053,Refined Oil,Vimal,,Unknown,TBHQ (Tertiary Butylhydroquinone) (E319),Additive (INS/E-Code),JP,Banned in JP according to additive rulebook. Functional Class: Antioxidant.
7613287066954,Maggi Stir Fry Noodles Curry,Maggi,,Unknown,TBHQ (Tertiary Butylhydroquinone) (E319),Additive (INS/E-Code),JP,Banned in JP according to additive rulebook. Functional Class: Antioxidant.
7622010000790,Cadbury Hot Chocolate,Cadbury,"Beverages and beverages preparations,Beverages,Snacks,Sweet snacks,Cocoa and its products,Confectioneries,Cocoa and chocolate powders",CAT_15,Titanium Dioxide (E171),Additive (INS/E-Code),EU,Banned in EU according to additive rulebook. Functional Class: Colorant.
5449000060600,Shweppes Ananas,"Coca-Cola, Schweppes","Boissons,Boissons gazeuses,Boissons édulcorées,Boisson gazeuse",Unknown,Quinoline Yellow (E104),Additive (INS/E-Code),"JP, US","Banned in JP, US according to additive rulebook. Functional Class: Additive."
8901207096402,Indian Kachchi Ghani Mustard Oil,Dabur,Mustard Oil,CAT_02,TBHQ (Tertiary Butylhydroquinone) (E319),Additive (INS/E-Code),JP,Banned in JP according to additive rulebook. Functional Class: Antioxidant.
8600101639301,Štapići,"Pardon, Marbo, Pepsico","snacks, salty-snacks, appetizers, da:crackers",CAT_15,Partially Hydrogenated Oil (PHO),Ingredient (Null INS),"US, CA",Banned in US (FDA 2018 GRAS revocation) and Canada due to industrial trans fats.
5010238013715,Creme egg,Cadbury,,Unknown,Titanium Dioxide (E171),Additive (INS/E-Code),EU,Banned in EU according to additive rulebook. Functional Class: Colorant.
5000159477536,M &M'S Kersteditie Pinda,Mars,,Unknown,Titanium Dioxide (E171),Additive (INS/E-Code),EU,Banned in EU according to additive rulebook. Functional Class: Colorant.
5000159507509,M&M’s,Mars,"Snacks, Sweet snacks, Cocoa and its products, Confectioneries, Chocolate candies, Bonbons, Chocolate covered nuts, Chocolate-covered-peanuts, en:chocolate-coated-peanuts",CAT_15,Titanium Dioxide (E171),Additive (INS/E-Code),EU,Banned in EU according to additive rulebook. Functional Class: Colorant.
7802000017094,Doritos Sabor Queso,Doritos,,Unknown,TBHQ (Tertiary Butylhydroquinone) (E319),Additive (INS/E-Code),JP,Banned in JP according to additive rulebook. Functional Class: Antioxidant.
4009900483742,Extra Eucalyptus Bottle,MARS NORGE AS,"Snacks,Sweet snacks,Confectioneries,Chewing gum",CAT_15,Titanium Dioxide (E171),Additive (INS/E-Code),EU,Banned in EU according to additive rulebook. Functional Class: Colorant.
7622210543486,Golden Oren vanilla sandwich cookies with vanilla flavored cream,Oreo,"Snacks, Sweet snacks, Biscuits and cakes, Biscuits, Filled biscuits, Chocolate sandwich cookies",CAT_15,TBHQ (Tertiary Butylhydroquinone) (E319),Additive (INS/E-Code),JP,Banned in JP according to additive rulebook. Functional Class: Antioxidant.
9300650450271,Oreo strawberry,Oreo,,Unknown,TBHQ (Tertiary Butylhydroquinone) (E319),Additive (INS/E-Code),JP,Banned in JP according to additive rulebook. Functional Class: Antioxidant.
7790895648670,Fanta Uva,"Fanta,Coca-Cola","Beverages and beverages preparations, Beverages, Carbonated drinks, Carbonated fruit soft drink, en:sweetened-beverages",CAT_14,Carmoisine (E122),Additive (INS/E-Code),"JP, US","Banned in JP, US according to additive rulebook. Functional Class: Additive."
5449000033413,HAWAI,"Coca-Cola Company, Cocacola",,Unknown,Quinoline Yellow (E104),Additive (INS/E-Code),"JP, US","Banned in JP, US according to additive rulebook. Functional Class: Additive."
5711243112744,Sweetkitchen Pastafarve mørkeblå,Sweetkitchen,Dagligvarer,Unknown,Carmoisine (E122),Additive (INS/E-Code),"JP, US","Banned in JP, US according to additive rulebook. Functional Class: Additive."
6221012787015,Noodles beef flavor,Kellogg’s,"Plant-based foods and beverages, Plant-based foods, Cereals and potatoes, Cereals and their products, Meals, Pastas, Noodles, Soups",CAT_14,TBHQ (Tertiary Butylhydroquinone) (E319),Additive (INS/E-Code),JP,Banned in JP according to additive rulebook. Functional Class: Antioxidant.
9310055493964,LMCs,Kellogg's,"Snacks, Sweet snacks, Bars",CAT_15,Titanium Dioxide (E171),Additive (INS/E-Code),EU,Banned in EU according to additive rulebook. Functional Class: Colorant.
8906080603433,Sparkling Cranberry Lime Carbonated Water,Paper Boat,"Beverages and beverages preparations,Beverages,Beverages with cranberry",CAT_14,Carmoisine (E122),Additive (INS/E-Code),"JP, US","Banned in JP, US according to additive rulebook. Functional Class: Additive."
8886467100352,Pringles original,Pringles original,"Snacks, Salty snacks, Appetizers, Chips and fries, Crisps, Salty snacks made from potato, Stacked extruded potato crisps",CAT_15,TBHQ (Tertiary Butylhydroquinone) (E319),Additive (INS/E-Code),JP,Banned in JP according to additive rulebook. Functional Class: Antioxidant.
7802000015168,De Todito Sabor Queso,"Lays, Doritos, Cheez",Snacks,CAT_15,TBHQ (Tertiary Butylhydroquinone) (E319),Additive (INS/E-Code),JP,Banned in JP according to additive rulebook. Functional Class: Antioxidant.
7802000015168,De Todito Sabor Queso,"Lays, Doritos, Cheez",Snacks,CAT_15,Titanium Dioxide (E171),Additive (INS/E-Code),EU,Banned in EU according to additive rulebook. Functional Class: Colorant.
5900951272967,M&M's Crunchy Caramel,Mars,,Unknown,Titanium Dioxide (E171),Additive (INS/E-Code),EU,Banned in EU according to additive rulebook. Functional Class: Colorant.
6009510802580,Doritos cheese suprême,Doritos,,Unknown,TBHQ (Tertiary Butylhydroquinone) (E319),Additive (INS/E-Code),JP,Banned in JP according to additive rulebook. Functional Class: Antioxidant.
6009710721520,Sweet Chilli Pepper Flavoured Corn Chips,Doritos,"Snacks, Salty snacks, Appetizers, Chips and fries, Crisps, Corn chips",CAT_15,TBHQ (Tertiary Butylhydroquinone) (E319),Additive (INS/E-Code),JP,Banned in JP according to additive rulebook. Functional Class: Antioxidant.
6009710721520,Sweet Chilli Pepper Flavoured Corn Chips,Doritos,"Snacks, Salty snacks, Appetizers, Chips and fries, Crisps, Corn chips",CAT_15,Carmoisine (E122),Additive (INS/E-Code),"JP, US","Banned in JP, US according to additive rulebook. Functional Class: Additive."
6009710721537,CHEESE SUPREME FLAVOURED CORN CHIPS,Doritos,en:crisps,CAT_15,TBHQ (Tertiary Butylhydroquinone) (E319),Additive (INS/E-Code),JP,Banned in JP according to additive rulebook. Functional Class: Antioxidant.
9300650452824,OREO Double Stuf Choc Cookie Sandwich,OREO,en:biscuits,CAT_07,TBHQ (Tertiary Butylhydroquinone) (E319),Additive (INS/E-Code),JP,Banned in JP according to additive rulebook. Functional Class: Antioxidant.
8901512540201,ACT TT GOlDEN SIZZLE,ACT II,Popcorn,CAT_15,TBHQ (Tertiary Butylhydroquinone) (E319),Additive (INS/E-Code),JP,Banned in JP according to additive rulebook. Functional Class: Antioxidant.
9300650452725,Oreo Double Stuff Cinnamon Bun,Oreo,,Unknown,TBHQ (Tertiary Butylhydroquinone) (E319),Additive (INS/E-Code),JP,Banned in JP according to additive rulebook. Functional Class: Antioxidant.
0819893024273,Monster mix gummy candy,"Monster,  Maud Borup","Snacks, Sweet snacks, Confectioneries",CAT_15,Titanium Dioxide (E171),Additive (INS/E-Code),EU,Banned in EU according to additive rulebook. Functional Class: Colorant.
8852756328738,LCM's kaleidos,Kellogg's,,Unknown,Titanium Dioxide (E171),Additive (INS/E-Code),EU,Banned in EU according to additive rulebook. Functional Class: Colorant.
5000159415774,M&M's chocolate,"M&M's,Mars,Mars Chocolat","Snacks,Sweet snacks,Cocoa and its products,Confectioneries,Chocolate candies,Bonbons",CAT_15,Titanium Dioxide (E171),Additive (INS/E-Code),EU,Banned in EU according to additive rulebook. Functional Class: Colorant.
7702189056313,Chokis,"Chokis,Pepsico,Gamesa","Botanas, Snacks dulces, Galletas y pasteles, Galletas, Galletas secas",CAT_15,TBHQ (Tertiary Butylhydroquinone) (E319),Additive (INS/E-Code),JP,Banned in JP according to additive rulebook. Functional Class: Antioxidant.
0000010217627,Décros sucrés,Kitchen Academy,,Unknown,Titanium Dioxide (E171),Additive (INS/E-Code),EU,Banned in EU according to additive rulebook. Functional Class: Colorant.
0000010408780,starburst jelly beans,Mars,,Unknown,Titanium Dioxide (E171),Additive (INS/E-Code),EU,Banned in EU according to additive rulebook. Functional Class: Colorant.
4009900489119,White Bubblemint Chewing Gum Sugar Free Bottle Pieces,"Mars, Wrigley’s",,Unknown,Titanium Dioxide (E171),Additive (INS/E-Code),EU,Banned in EU according to additive rulebook. Functional Class: Colorant.
5000159501460,m,Mars,,Unknown,Titanium Dioxide (E171),Additive (INS/E-Code),EU,Banned in EU according to additive rulebook. Functional Class: Colorant.
7501008010242,Rice Krispies Treats Chocolate,Kellogg's,"Botanas, Snacks dulces, Barritas, Barra",CAT_15,Titanium Dioxide (E171),Additive (INS/E-Code),EU,Banned in EU according to additive rulebook. Functional Class: Colorant.
7802000010880,Corte Americano,"Lay's,Pepsico","Alimentos y bebidas de origen vegetal, Alimentos de origen vegetal, Botanas, Cereales y patatas, Snacks salados, Aperitivos, en:Chips and fries, Chips fritos, Chips de patatas fritas, Chips de patatas fritas en aceite de girasol",CAT_15,TBHQ (Tertiary Butylhydroquinone) (E319),Additive (INS/E-Code),JP,Banned in JP according to additive rulebook. Functional Class: Antioxidant.
8901248270212,Emami Healthy & Tasty Refined Sunflower Oil,Emami,"Plant-based foods and beverages,Plant-based foods,Fats,Vegetable fats,Vegetable oils,Sunflower seeds and their products,Sunflower oils",CAT_14,TBHQ (Tertiary Butylhydroquinone) (E319),Additive (INS/E-Code),JP,Banned in JP according to additive rulebook. Functional Class: Antioxidant.
7613287067463,Stir fry noodles,Maggi,,Unknown,TBHQ (Tertiary Butylhydroquinone) (E319),Additive (INS/E-Code),JP,Banned in JP according to additive rulebook. Functional Class: Antioxidant.
7622202820946,Tang Instant Drink Mix,Tang,beverage preparations,CAT_14,Titanium Dioxide (E171),Additive (INS/E-Code),EU,Banned in EU according to additive rulebook. Functional Class: Colorant.
9300657154851,CHICKEN SENS OF CHICKEN BREAST lite mayo,HEINZ,Canned chickens,CAT_08,Titanium Dioxide (E171),Additive (INS/E-Code),EU,Banned in EU according to additive rulebook. Functional Class: Colorant.
9310015241956,Doritos Cool Ranch flavoured corn chips,Doritos,"Snacks, Salty snacks, Appetizers, Chips and fries, Crisps, Corn chips",CAT_15,Titanium Dioxide (E171),Additive (INS/E-Code),EU,Banned in EU according to additive rulebook. Functional Class: Colorant.
3023290798454,La Laitière secret de mousse saveur Rocher coco,"Nestlé, La Laitière, Secret de Mousse","Produits laitiers, Desserts, Desserts lactés, Frais, Mousses sucrées, Mousses lactées",Unknown,Titanium Dioxide (E171),Additive (INS/E-Code),EU,Banned in EU according to additive rulebook. Functional Class: Colorant.
9300682051385,TWIX,TWIX,,Unknown,Patent Blue V (E131),Additive (INS/E-Code),"IN, JP, US","Banned in IN, JP, US according to additive rulebook. Functional Class: Additive."
8904422712119,Groundnut Oil,Patanjali,Oils,Unknown,TBHQ (Tertiary Butylhydroquinone) (E319),Additive (INS/E-Code),JP,Banned in JP according to additive rulebook. Functional Class: Antioxidant.
9300650453982,Oreo Double Stuff Christmas,Oreo,,Unknown,TBHQ (Tertiary Butylhydroquinone) (E319),Additive (INS/E-Code),JP,Banned in JP according to additive rulebook. Functional Class: Antioxidant.
5060337509831,Monster Hydro Manic Melon,Monster,"Boissons, Boissons édulcorées",Unknown,Carmoisine (E122),Additive (INS/E-Code),"JP, US","Banned in JP, US according to additive rulebook. Functional Class: Additive."
9400547003037,fruit salad,Heinz,,Unknown,Erythrosine (E127),Additive (INS/E-Code),US,Banned in US according to additive rulebook. Functional Class: Additive.
9300650453487,mini OREO Caramilk Flavoured Cookie Sandwich with Caramel Flavoured Creme,OREO,,Unknown,TBHQ (Tertiary Butylhydroquinone) (E319),Additive (INS/E-Code),JP,Banned in JP according to additive rulebook. Functional Class: Antioxidant.
9300650454187,Chocolate Flavoured Sandwich with Vanilla Flavoured Creme,OREO,,Unknown,TBHQ (Tertiary Butylhydroquinone) (E319),Additive (INS/E-Code),JP,Banned in JP according to additive rulebook. Functional Class: Antioxidant.
7802000011900,Cheetos,Pepsico,,Unknown,TBHQ (Tertiary Butylhydroquinone) (E319),Additive (INS/E-Code),JP,Banned in JP according to additive rulebook. Functional Class: Antioxidant.
7802000011900,Cheetos,Pepsico,,Unknown,Titanium Dioxide (E171),Additive (INS/E-Code),EU,Banned in EU according to additive rulebook. Functional Class: Colorant.
9300650452381,Double Stuff Mint,Oreo,,Unknown,TBHQ (Tertiary Butylhydroquinone) (E319),Additive (INS/E-Code),JP,Banned in JP according to additive rulebook. Functional Class: Antioxidant.
0000040099873,Extra Salty Licorice 14g,MARS NORGE AS,,Unknown,Titanium Dioxide (E171),Additive (INS/E-Code),EU,Banned in EU according to additive rulebook. Functional Class: Colorant.
5000159479080,M&M Peanut,"Mars, Mars Chocolat","Snacks, Snacks sucrés, Cacao et dérivés, Confiseries, Confiseries chocolatées, Bonbons de chocolat, Fruits à coques enrobés de chocolat, Cacahuètes au chocolat",CAT_15,Titanium Dioxide (E171),Additive (INS/E-Code),EU,Banned in EU according to additive rulebook. Functional Class: Colorant.
7790310984468,Mini Tostadistas Sabor Jamón Ibérico,"PepsiCo,Twistos","Snacks,Salty snacks,Appetizers",CAT_15,Ponceau 4R (E124),Additive (INS/E-Code),US,Banned in US according to additive rulebook. Functional Class: Additive.
8886467117930,Pringles smokey bbq 100g,Pringles,"Plant-based foods and beverages, Plant-based foods, Snacks, Cereals and potatoes, Salty snacks, Appetizers, Chips and fries, Crisps, Salty snacks made from potato, Stacked extruded potato crisps",CAT_15,TBHQ (Tertiary Butylhydroquinone) (E319),Additive (INS/E-Code),JP,Banned in JP according to additive rulebook. Functional Class: Antioxidant.
8852756401738,LCMs kaleiods,Kellogg's,"Snacks, Sweet snacks, Bars",CAT_15,Titanium Dioxide (E171),Additive (INS/E-Code),EU,Banned in EU according to additive rulebook. Functional Class: Colorant.
8906077361292,Pizza khakhra,Jaimin,"snacks, salty-snacks, appetizers, da:crackers, plain-salty-snacks",CAT_15,TBHQ (Tertiary Butylhydroquinone) (E319),Additive (INS/E-Code),JP,Banned in JP according to additive rulebook. Functional Class: Antioxidant.
7501059287228,Coffee mate caramelo,Nestlé,"Alimentos y bebidas de origen vegetal, Bebidas, Alimentos de origen vegetal, Cafés, Bebidas azucaradas, CREMAS, SUSTITUTO DE CREMA",Unknown,Titanium Dioxide (E171),Additive (INS/E-Code),EU,Banned in EU according to additive rulebook. Functional Class: Colorant.
0044000063757,Trolls Oreo,Oreo,,Unknown,Erythrosine (E127),Additive (INS/E-Code),US,Banned in US according to additive rulebook. Functional Class: Additive.
0072554001529,Frozen Dairy Dessert Cones,Nestle,"Desserts, Frozen foods, Frozen desserts",Unknown,Partially Hydrogenated Oil (PHO),Ingredient (Null INS),"US, CA",Banned in US (FDA 2018 GRAS revocation) and Canada due to industrial trans fats.
0000030087163,Chewing Gum parfum Cerise sans sucres Hollywood,"Cadbury, Hollywood","Snacks, Snacks sucrés, Confiseries, Chewing-gum, Chewing-gum sans sucres, Parfum cerise",CAT_15,Titanium Dioxide (E171),Additive (INS/E-Code),EU,Banned in EU according to additive rulebook. Functional Class: Colorant.
0000034260777,choc whizz,Heinz,,Unknown,TBHQ (Tertiary Butylhydroquinone) (E319),Additive (INS/E-Code),JP,Banned in JP according to additive rulebook. Functional Class: Antioxidant.
0000040099361,Extra Sugarfree Peppermint 14g,"Mars inc, Wrigley's Extra",,Unknown,Titanium Dioxide (E171),Additive (INS/E-Code),EU,Banned in EU according to additive rulebook. Functional Class: Colorant.
0000040822747,Schweppes,Coca-Cola,"Boissons et préparations de boissons,Boissons,Boissons gazeuses,Sodas,Boissons avec sucre ajouté,Boissons light,Boissons gazeuses sans jus de fruit à teneur réduite en sucres",CAT_14,Quinoline Yellow (E104),Additive (INS/E-Code),"JP, US","Banned in JP, US according to additive rulebook. Functional Class: Additive."
8901262140065,Lite Bread Spread,Amul,"Plant-based foods and beverages, Plant-based foods, Fats, Spreads, Plant-based spreads, Salted spreads, Spreadable fats, Vegetable fats, Margarines",CAT_14,TBHQ (Tertiary Butylhydroquinone) (E319),Additive (INS/E-Code),JP,Banned in JP according to additive rulebook. Functional Class: Antioxidant.
0000042069775,Extra Sweetmint 14g,Mars norge,"Snacks, Sweet snacks, Confectioneries, Chewing gum, en:sugar-free-chewing-gum",CAT_15,Titanium Dioxide (E171),Additive (INS/E-Code),EU,Banned in EU according to additive rulebook. Functional Class: Colorant.
0000042211464,Ice Peppermint Chewing Gum Sugar Free Pieces,"Extra, Cadbury",,Unknown,Titanium Dioxide (E171),Additive (INS/E-Code),EU,Banned in EU according to additive rulebook. Functional Class: Colorant.
8906002000494,Dr Oetker Funfoods Veg Mayonnaise,"Funfoods,Dr Oetker",Mayonnaises,Unknown,TBHQ (Tertiary Butylhydroquinone) (E319),Additive (INS/E-Code),JP,Banned in JP according to additive rulebook. Functional Class: Antioxidant.
8901972062947,Creme 4 Fun,Dukes,"463.2, en:biscuits",CAT_07,Erythrosine (E127),Additive (INS/E-Code),US,Banned in US according to additive rulebook. Functional Class: Additive.
6271001736302,Hummus chips - Bliss,Kitco,en:appetizers,Unknown,TBHQ (Tertiary Butylhydroquinone) (E319),Additive (INS/E-Code),JP,Banned in JP according to additive rulebook. Functional Class: Antioxidant.
0000075019426,M & M´s Minis,MARS,"Botanas, Snacks dulces, Cacao y sus productos, Chocolates",CAT_15,Titanium Dioxide (E171),Additive (INS/E-Code),EU,Banned in EU according to additive rulebook. Functional Class: Colorant.
8904288626070,Mixed fruit Jam,Tops,,Unknown,Carmoisine (E122),Additive (INS/E-Code),"JP, US","Banned in JP, US according to additive rulebook. Functional Class: Additive."
8906035030222,Freedom Refined Sunflower Oil,Freedom,Sunflower oils,CAT_02,TBHQ (Tertiary Butylhydroquinone) (E319),Additive (INS/E-Code),JP,Banned in JP according to additive rulebook. Functional Class: Antioxidant.
0745367361820,"Target, bloody bones decorating candies","Target,  Brand's Country Kitchen Supplies  Inc.","Snacks, Sweet snacks, Confectioneries",CAT_15,Titanium Dioxide (E171),Additive (INS/E-Code),EU,Banned in EU according to additive rulebook. Functional Class: Colorant.
0745367367266,Holiday Decorating Candies,"Target Corporation,  Brand's Country Kitchen Supplies  Inc.",,Unknown,Partially Hydrogenated Oil (PHO),Ingredient (Null INS),"US, CA",Banned in US (FDA 2018 GRAS revocation) and Canada due to industrial trans fats.
8901595963355,chings noodles,Ching's,,Unknown,TBHQ (Tertiary Butylhydroquinone) (E319),Additive (INS/E-Code),JP,Banned in JP according to additive rulebook. Functional Class: Antioxidant.
8901063139336,Britannia bourbon 100g,Britannia,"Snacks, en:biscuits",CAT_15,Carmoisine (E122),Additive (INS/E-Code),"JP, US","Banned in JP, US according to additive rulebook. Functional Class: Additive."
0000093557153,"Lemon, line & bitter",Coca-Cola,,Unknown,Carmoisine (E122),Additive (INS/E-Code),"JP, US","Banned in JP, US according to additive rulebook. Functional Class: Additive."
0000093657778,Salad cream,Heinz,,Unknown,TBHQ (Tertiary Butylhydroquinone) (E319),Additive (INS/E-Code),JP,Banned in JP according to additive rulebook. Functional Class: Antioxidant.
0000093657778,Salad cream,Heinz,,Unknown,Titanium Dioxide (E171),Additive (INS/E-Code),EU,Banned in EU according to additive rulebook. Functional Class: Colorant.
0000093698450,Tic Tac Fruit Adventure,Ferrero,"Snacks, Sweet snacks, Confectioneries, en:candies",CAT_15,Carmoisine (E122),Additive (INS/E-Code),"JP, US","Banned in JP, US according to additive rulebook. Functional Class: Additive."
8994963003272,Instant Noodles Special Chicken Flavour,,,Unknown,TBHQ (Tertiary Butylhydroquinone) (E319),Additive (INS/E-Code),JP,Banned in JP according to additive rulebook. Functional Class: Antioxidant.
8901512939005,Snack Nacho Chips,Sundrop,Snacks,CAT_15,TBHQ (Tertiary Butylhydroquinone) (E319),Additive (INS/E-Code),JP,Banned in JP according to additive rulebook. Functional Class: Antioxidant.
8901014000401,Geki hot and spicy,nissin,,Unknown,TBHQ (Tertiary Butylhydroquinone) (E319),Additive (INS/E-Code),JP,Banned in JP according to additive rulebook. Functional Class: Antioxidant.
8901030735349,Fruit & Nut,Kwality wall's,en:ice-creams-and-sorbets,CAT_03,Carmoisine (E122),Additive (INS/E-Code),"JP, US","Banned in JP, US according to additive rulebook. Functional Class: Additive."
8901030735349,Fruit & Nut,Kwality wall's,en:ice-creams-and-sorbets,CAT_03,Fast Green FCF (E143),Additive (INS/E-Code),"EU, UK","Banned in EU, UK according to additive rulebook. Functional Class: Additive."
8901063155459,Tiger Krunch ChocoChips,Britannia,"Snacks,Sweet snacks,Biscuits and cakes,Biscuits and crackers,Biscuits,Chocolate biscuits",CAT_15,Ponceau 4R (E124),Additive (INS/E-Code),US,Banned in US according to additive rulebook. Functional Class: Additive.
8901262178259,Ice Cream Sandwich Vanilla,Amul,"Desserts,Frozen foods,Frozen desserts,Ice creams and sorbets,Ice creams,Ice cream sandwiches",CAT_03,TBHQ (Tertiary Butylhydroquinone) (E319),Additive (INS/E-Code),JP,Banned in JP according to additive rulebook. Functional Class: Antioxidant.
8906006850828,BaskinRobbins Cotton Candy Ice Cream,"BR,BaskinRobbins","Desserts,Frozen foods,Frozen desserts,Ice creams and sorbets,Ice creams",CAT_03,Carmoisine (E122),Additive (INS/E-Code),"JP, US","Banned in JP, US according to additive rulebook. Functional Class: Additive."
8906000921555,Daadi's Peri Peri Khakhra,Daadi's,,Unknown,TBHQ (Tertiary Butylhydroquinone) (E319),Additive (INS/E-Code),JP,Banned in JP according to additive rulebook. Functional Class: Antioxidant.
0711381319321,Chocolate Beach Stones,Stonewall Kitchen,,Unknown,Titanium Dioxide (E171),Additive (INS/E-Code),EU,Banned in EU according to additive rulebook. Functional Class: Colorant.
8906069400527,Veeba sandwich spread,VEEBA,,Unknown,TBHQ (Tertiary Butylhydroquinone) (E319),Additive (INS/E-Code),JP,Banned in JP according to additive rulebook. Functional Class: Antioxidant.
8901512825605,Snacko Cheese & Herbs Flavour Bakes Twisties,Snacko,snacks,CAT_15,TBHQ (Tertiary Butylhydroquinone) (E319),Additive (INS/E-Code),JP,Banned in JP according to additive rulebook. Functional Class: Antioxidant.
8906007280259,Fortune Physically Refined Rice Bran Oil,Fortune,"Oils,Rice bran oils",CAT_02,TBHQ (Tertiary Butylhydroquinone) (E319),Additive (INS/E-Code),JP,Banned in JP according to additive rulebook. Functional Class: Antioxidant.
8906026504961,Cream Roll,Nafees,,Unknown,Green S (E142),Additive (INS/E-Code),"IN, JP, US","Banned in IN, JP, US according to additive rulebook. Functional Class: Additive."
8901648000860,Chocolate Flavoured Milk,Mother Dairy,"Beverages and beverages preparations,Beverages,Dairies,Milks (liquid and powder),Dairy drinks,Milks,Flavoured milks",CAT_14,Carmoisine (E122),Additive (INS/E-Code),"JP, US","Banned in JP, US according to additive rulebook. Functional Class: Additive."
8901648000860,Chocolate Flavoured Milk,Mother Dairy,"Beverages and beverages preparations,Beverages,Dairies,Milks (liquid and powder),Dairy drinks,Milks,Flavoured milks",CAT_14,Erythrosine (E127),Additive (INS/E-Code),US,Banned in US according to additive rulebook. Functional Class: Additive.
8906002004379,Dr. Oetker Funfoods Veg Mayonnaise,Dr. Oetker,Mayonnaises,Unknown,TBHQ (Tertiary Butylhydroquinone) (E319),Additive (INS/E-Code),JP,Banned in JP according to additive rulebook. Functional Class: Antioxidant.
8906018990840,Yum,Amulya,Strawberry flavoured Creme Wafers,Unknown,TBHQ (Tertiary Butylhydroquinone) (E319),Additive (INS/E-Code),JP,Banned in JP according to additive rulebook. Functional Class: Antioxidant.
8904052503804,Dinshaw's Butterscotch,Dinshaw's,Ice creams,CAT_03,Carmoisine (E122),Additive (INS/E-Code),"JP, US","Banned in JP, US according to additive rulebook. Functional Class: Additive."
8901044600930,Rose Sharbat,Mapro,,Unknown,Carmoisine (E122),Additive (INS/E-Code),"JP, US","Banned in JP, US according to additive rulebook. Functional Class: Additive."
8901709008828,Priya Vanaspati,Priya,"Vanaspati oil,Oils",CAT_02,TBHQ (Tertiary Butylhydroquinone) (E319),Additive (INS/E-Code),JP,Banned in JP according to additive rulebook. Functional Class: Antioxidant.
8901393019490,Chupa Chups Tubes Mini,Chupa Chups,Good,Unknown,Carmoisine (E122),Additive (INS/E-Code),"JP, US","Banned in JP, US according to additive rulebook. Functional Class: Additive."
8901044210856,mapro jam,Mapro,en:mixed-fruit-jams,CAT_04,Carmoisine (E122),Additive (INS/E-Code),"JP, US","Banned in JP, US according to additive rulebook. Functional Class: Additive."
8901512102904,Sundrop Superlite Advanced Refined Sunflower Oil,Sundrop,Refined deodorized sunflower oils,CAT_02,TBHQ (Tertiary Butylhydroquinone) (E319),Additive (INS/E-Code),JP,Banned in JP according to additive rulebook. Functional Class: Antioxidant.
8901014000609,Pokeman Ramen Fun Masala,Nissin,"Plant-based foods and beverages,Plant-based foods,Dried products,Pastas,Dried products to be rehydrated,Noodles,Instant noodles",CAT_14,TBHQ (Tertiary Butylhydroquinone) (E319),Additive (INS/E-Code),JP,Banned in JP according to additive rulebook. Functional Class: Antioxidant.
8904238400187,Chicken 65 Masala,Tasty,Chicken tikka masala,CAT_08,Carmoisine (E122),Additive (INS/E-Code),"JP, US","Banned in JP, US according to additive rulebook. Functional Class: Additive."
8901777950173,Ice Cream Belgian Chocolate,Vadilal,"Desserts,Frozen foods,Frozen desserts,Ice creams and sorbets,Ice creams,Ice cream in a box",CAT_03,Ponceau 4R (E124),Additive (INS/E-Code),US,Banned in US according to additive rulebook. Functional Class: Additive.
8901063146952,Winkin Cow Strawberry,Winkin Cow,,Unknown,Erythrosine (E127),Additive (INS/E-Code),US,Banned in US according to additive rulebook. Functional Class: Additive.
8904089325943,Zulubar dark crunch,Havmor ice cream,"Desserts,Ice creams and sorbets,Ice creams,Frozen desserts",CAT_03,Carmoisine (E122),Additive (INS/E-Code),"JP, US","Banned in JP, US according to additive rulebook. Functional Class: Additive."
8902268014688,anmol swiss roll,,,Unknown,Carmoisine (E122),Additive (INS/E-Code),"JP, US","Banned in JP, US according to additive rulebook. Functional Class: Additive."
8904288626322,Strawberry Jam,Tops,Jam,CAT_04,Carmoisine (E122),Additive (INS/E-Code),"JP, US","Banned in JP, US according to additive rulebook. Functional Class: Additive."
8901689031007,Butterscotch Crush,Mala's,"Beverages and beverages preparations,Beverages,Flavoured Drinks",CAT_14,Carmoisine (E122),Additive (INS/E-Code),"JP, US","Banned in JP, US according to additive rulebook. Functional Class: Additive."
8901689031007,Butterscotch Crush,Mala's,"Beverages and beverages preparations,Beverages,Flavoured Drinks",CAT_14,Titanium Dioxide (E171),Additive (INS/E-Code),EU,Banned in EU according to additive rulebook. Functional Class: Colorant.
8909106048928,Chocolate Ice Cream,Kwality Walls,Ice cream in a box,CAT_03,Carmoisine (E122),Additive (INS/E-Code),"JP, US","Banned in JP, US according to additive rulebook. Functional Class: Additive."
8901393019377,Chula Chups,"Chupa Chups, Perfetti",,Unknown,Carmoisine (E122),Additive (INS/E-Code),"JP, US","Banned in JP, US according to additive rulebook. Functional Class: Additive."
8908010271194,Osmania biscuit,Cafe niloufer,,Unknown,Partially Hydrogenated Oil (PHO),Ingredient (Null INS),"US, CA",Banned in US (FDA 2018 GRAS revocation) and Canada due to industrial trans fats.
8909081013720,Berry Smoothie,Sunfeast,,Unknown,Carmoisine (E122),Additive (INS/E-Code),"JP, US","Banned in JP, US according to additive rulebook. Functional Class: Additive."
8888307120063,Red Bull Plus,Red Bull,"Beverages, Energy drinks, Energy drink without sugar and with artificial sweeteners",CAT_14,Ponceau 4R (E124),Additive (INS/E-Code),US,Banned in US according to additive rulebook. Functional Class: Additive.
9300650454149,Oreo Double Stuffed Sour Patch Kids Cookies 136g,Oreo,,Unknown,TBHQ (Tertiary Butylhydroquinone) (E319),Additive (INS/E-Code),JP,Banned in JP according to additive rulebook. Functional Class: Antioxidant.
7622300761349,Oreo Mini Stuffed With Vanilla Cream Cookies Imp,Oreo,,Unknown,TBHQ (Tertiary Butylhydroquinone) (E319),Additive (INS/E-Code),JP,Banned in JP according to additive rulebook. Functional Class: Antioxidant.
7622201718350,OREO COBERTURA SABOR A CHOCOLATE BLANCO,OREO,,Unknown,Titanium Dioxide (E171),Additive (INS/E-Code),EU,Banned in EU according to additive rulebook. Functional Class: Colorant.
9300650451506,Oreo Double Stuffed Cinnamon Bun,Oreo,,Unknown,TBHQ (Tertiary Butylhydroquinone) (E319),Additive (INS/E-Code),JP,Banned in JP according to additive rulebook. Functional Class: Antioxidant.
7622300484071,Oreo Golden Roll,Oreo,,Unknown,TBHQ (Tertiary Butylhydroquinone) (E319),Additive (INS/E-Code),JP,Banned in JP according to additive rulebook. Functional Class: Antioxidant.
9300650454101,Double Stuff Oreo Pascall Marshmallows,Oreo,,Unknown,TBHQ (Tertiary Butylhydroquinone) (E319),Additive (INS/E-Code),JP,Banned in JP according to additive rulebook. Functional Class: Antioxidant.
7622210708434,Oreo Dark and White Chocolate Flavoured Cream Sandwich Cookies,"Oreo, Mondelez International","Desserts, en:filled-biscuits",CAT_07,TBHQ (Tertiary Butylhydroquinone) (E319),Additive (INS/E-Code),JP,Banned in JP according to additive rulebook. Functional Class: Antioxidant.
9300650450615,Oreo Double stuff,Oreo,,Unknown,TBHQ (Tertiary Butylhydroquinone) (E319),Additive (INS/E-Code),JP,Banned in JP according to additive rulebook. Functional Class: Antioxidant.
9310034002392,Mini Oreo,Oreo,,Unknown,TBHQ (Tertiary Butylhydroquinone) (E319),Additive (INS/E-Code),JP,Banned in JP according to additive rulebook. Functional Class: Antioxidant.
9300650451728,Oreo,Oreo,"Snacks, Sweet snacks, Biscuits and cakes, Biscuits, Filled biscuits, Chocolate sandwich cookies",CAT_15,TBHQ (Tertiary Butylhydroquinone) (E319),Additive (INS/E-Code),JP,Banned in JP according to additive rulebook. Functional Class: Antioxidant.
9300650025479,"choc Oreos 
oreo choc split",Oreo,"Snacks, Sweet snacks, Biscuits and cakes, Biscuits",CAT_15,TBHQ (Tertiary Butylhydroquinone) (E319),Additive (INS/E-Code),JP,Banned in JP according to additive rulebook. Functional Class: Antioxidant.
9300650452701,OREO Original Choc Cookie Sandwich with Sweet Vanilla Creme,Oreo,,Unknown,TBHQ (Tertiary Butylhydroquinone) (E319),Additive (INS/E-Code),JP,Banned in JP according to additive rulebook. Functional Class: Antioxidant.
8992760223022,oreo (bwn) chocolate 27.6g,Oreo,,Unknown,TBHQ (Tertiary Butylhydroquinone) (E319),Additive (INS/E-Code),JP,Banned in JP according to additive rulebook. Functional Class: Antioxidant.
9300650022539,Oreo,oreo,"Snacks, Sweet snacks, Biscuits and cakes, Biscuits, Filled biscuits, Chocolate sandwich cookies, Sandwich biscuits",CAT_15,TBHQ (Tertiary Butylhydroquinone) (E319),Additive (INS/E-Code),JP,Banned in JP according to additive rulebook. Functional Class: Antioxidant.
4892642101926,Oreo Chocolate Creme Cookies,Oreo,en:chocolate-sandwich-cookies,CAT_14,TBHQ (Tertiary Butylhydroquinone) (E319),Additive (INS/E-Code),JP,Banned in JP according to additive rulebook. Functional Class: Antioxidant.
8992760121014,oreo (w) vanilla 27.6g,OREO,,Unknown,TBHQ (Tertiary Butylhydroquinone) (E319),Additive (INS/E-Code),JP,Banned in JP according to additive rulebook. Functional Class: Antioxidant.
7622210515278,mini oreo,"Oreo, โอรีโอ",,Unknown,TBHQ (Tertiary Butylhydroquinone) (E319),Additive (INS/E-Code),JP,Banned in JP according to additive rulebook. Functional Class: Antioxidant.
7622201430122,Oreo goût ice cream,Oreo,,Unknown,TBHQ (Tertiary Butylhydroquinone) (E319),Additive (INS/E-Code),JP,Banned in JP according to additive rulebook. Functional Class: Antioxidant.
7622300878962,Oreo Less Sugar Vanilla Cream Chocolate Sandwich Cookies,Oreo,"Snacks, Sweet snacks, Biscuits and cakes, Biscuits, Chocolate biscuits",CAT_15,TBHQ (Tertiary Butylhydroquinone) (E319),Additive (INS/E-Code),JP,Banned in JP according to additive rulebook. Functional Class: Antioxidant.
7622202234903,Oreo coca cola,Oreo,,Unknown,TBHQ (Tertiary Butylhydroquinone) (E319),Additive (INS/E-Code),JP,Banned in JP according to additive rulebook. Functional Class: Antioxidant.
7790310982433,Lays jamón serrano,"Lay's,Pepsico","Alimentos y bebidas de origen vegetal, Alimentos de origen vegetal, Botanas, Cereales y patatas, Snacks salados, Aperitivos, en:Chips and fries, Chips fritos, Chips de patatas fritas, Chips de patatas fritas con sabores",CAT_15,Ponceau 4R (E124),Additive (INS/E-Code),US,Banned in US according to additive rulebook. Functional Class: Additive.
8002270033902,Sanbitter,"Nestlé,San Pellegrino","Boissons et préparations de boissons,Boissons,Boissons gazeuses,Sodas",CAT_14,Carmoisine (E122),Additive (INS/E-Code),"JP, US","Banned in JP, US according to additive rulebook. Functional Class: Additive."
0058496456610,Miniar,Mars,"Snacks, Sweet snacks, Cocoa and its products, Confectioneries, Chocolate candies, Bonbons, Candies",CAT_15,Titanium Dioxide (E171),Additive (INS/E-Code),EU,Banned in EU according to additive rulebook. Functional Class: Colorant.
0786832820435,Asiago Dinner Rolls,Royal Kitchens  Inc.,"Plant-based foods and beverages, Plant-based foods, Cereals and potatoes, Breads",CAT_14,Potassium Bromate (E924A),Additive (INS/E-Code),"EU, IN","Banned in EU, IN according to additive rulebook. Functional Class: FLOUR_TREATMENT_AGENT."
0786832820435,Asiago Dinner Rolls,Royal Kitchens  Inc.,"Plant-based foods and beverages, Plant-based foods, Cereals and potatoes, Breads",CAT_14,Potassium Bromate,Ingredient (Flour Treatment),"IN, EU, UK, JP","Banned in India (FSSAI 2016), EU, UK, and Japan due to genotoxic carcinogenicity."
0071214054226,Lemon Creme Cake,Old Home Kitchens,,Unknown,Partially Hydrogenated Oil (PHO),Ingredient (Null INS),"US, CA",Banned in US (FDA 2018 GRAS revocation) and Canada due to industrial trans fats.
0038000121593,"Cereal bars, blueberry",Kellogg's,Snacks,CAT_15,Partially Hydrogenated Oil (PHO),Ingredient (Null INS),"US, CA",Banned in US (FDA 2018 GRAS revocation) and Canada due to industrial trans fats.
0021130501755,"Signature kitchens, curious george, flavored snacks, assorted fruit","Signature Kitchens,  Safeway  Inc.","Snacks, Sweet snacks, Confectioneries",CAT_15,Partially Hydrogenated Oil (PHO),Ingredient (Null INS),"US, CA",Banned in US (FDA 2018 GRAS revocation) and Canada due to industrial trans fats.
0745367366559,Day Of The Dead Sprinkles Decorating Candies,Brand's Country Kitchen Supplies  Inc.,Baking decorations,Unknown,Erythrosine (E127),Additive (INS/E-Code),US,Banned in US according to additive rulebook. Functional Class: Additive.
0745367366559,Day Of The Dead Sprinkles Decorating Candies,Brand's Country Kitchen Supplies  Inc.,Baking decorations,Unknown,Partially Hydrogenated Oil (PHO),Ingredient (Null INS),"US, CA",Banned in US (FDA 2018 GRAS revocation) and Canada due to industrial trans fats.
0745367367235,"Target corporation, holly & berries decorating candies","Target Corporation,  Brand's Country Kitchen Supplies  Inc.",Baking decorations,Unknown,Partially Hydrogenated Oil (PHO),Ingredient (Null INS),"US, CA",Banned in US (FDA 2018 GRAS revocation) and Canada due to industrial trans fats.
0745367368010,"C.K. Products, Llc, Nonpareils Decorating Candies",Brand's Country Kitchen Supplies  Inc.,"Snacks, Sweet snacks, Confectioneries",CAT_15,Erythrosine (E127),Additive (INS/E-Code),US,Banned in US according to additive rulebook. Functional Class: Additive.
0064100148833,Double Toasted Cheez-it,Kellogg's,,Unknown,TBHQ (Tertiary Butylhydroquinone) (E319),Additive (INS/E-Code),JP,Banned in JP according to additive rulebook. Functional Class: Antioxidant.
0023933665191,Banana Foster Pie,Dierbergs Kitchen,undefined,Unknown,Partially Hydrogenated Oil (PHO),Ingredient (Null INS),"US, CA",Banned in US (FDA 2018 GRAS revocation) and Canada due to industrial trans fats.
9300605106598,Noodles,Maggi,"Aliments et boissons à base de végétaux, Aliments d'origine végétale, Céréales et pommes de terre, Céréales et dérivés, Produits déshydratés, Pâtes alimentaires, Produits lyophilisés à reconstituer, Nouilles, Nouilles instantanées, Nouilles chinoises",Unknown,TBHQ (Tertiary Butylhydroquinone) (E319),Additive (INS/E-Code),JP,Banned in JP according to additive rulebook. Functional Class: Antioxidant.
0002544317101,POP TARTS FROSTED STRAWBERRY,KELLOGG´S,"Snacks, Sweet snacks, Biscuits and cakes, Biscuits, Toaster pastries, es:Tarta de trigo, en:pies",CAT_15,Titanium Dioxide (E171),Additive (INS/E-Code),EU,Banned in EU according to additive rulebook. Functional Class: Colorant.
0041548662947,Ice Cream,Nestlé,"Desserts, Frozen foods, Frozen desserts",Unknown,TBHQ (Tertiary Butylhydroquinone) (E319),Additive (INS/E-Code),JP,Banned in JP according to additive rulebook. Functional Class: Antioxidant.
0855883003088,Pumpkin Pie,Home Chef Kitchen  Inc.,"Snacks, Sweet snacks, Biscuits and cakes, Cakes, Sweet pies, Pies, Pumpkin pies",CAT_15,Partially Hydrogenated Oil (PHO),Ingredient (Null INS),"US, CA",Banned in US (FDA 2018 GRAS revocation) and Canada due to industrial trans fats.
7622210106988,DAIRY MILK MARVELLOUS CREATIONS JELLY POPPING CANDY,Cadbury,,Unknown,Titanium Dioxide (E171),Additive (INS/E-Code),EU,Banned in EU according to additive rulebook. Functional Class: Colorant.
9556001171337,CHICKEN NOODLES,Maggi,"Plant-based foods and beverages,Plant-based foods,Meals,Dried products,Pastas,Dried products to be rehydrated,Noodles,Soups,Dried meals,Instant noodles,Dehydrated soups",CAT_14,TBHQ (Tertiary Butylhydroquinone) (E319),Additive (INS/E-Code),JP,Banned in JP according to additive rulebook. Functional Class: Antioxidant.
0040000499268,"Snickers, peanut butter eggs",Snickers,"Snacks, Sweet snacks, Confectioneries",CAT_15,Partially Hydrogenated Oil (PHO),Ingredient (Null INS),"US, CA",Banned in US (FDA 2018 GRAS revocation) and Canada due to industrial trans fats.
7501059285200,COFFEE MATE VAINILLA,NESTLE,"Alimentos y bebidas de origen vegetal, Bebidas, Alimentos de origen vegetal, Cafés, Bebidas azucaradas, CREMAS, SUSTITUTO DE CREMA",Unknown,Titanium Dioxide (E171),Additive (INS/E-Code),EU,Banned in EU according to additive rulebook. Functional Class: Colorant.
5425032430703,Fruit lollipops,Sweet switch,,Unknown,Titanium Dioxide (E171),Additive (INS/E-Code),EU,Banned in EU according to additive rulebook. Functional Class: Colorant.
0028000736095,Home style vegetable pasta & chicken flavor soup mix,Maggi,"Meals, Soups",CAT_12,TBHQ (Tertiary Butylhydroquinone) (E319),Additive (INS/E-Code),JP,Banned in JP according to additive rulebook. Functional Class: Antioxidant.
0028000736095,Home style vegetable pasta & chicken flavor soup mix,Maggi,"Meals, Soups",CAT_12,Partially Hydrogenated Oil (PHO),Ingredient (Null INS),"US, CA",Banned in US (FDA 2018 GRAS revocation) and Canada due to industrial trans fats.
9556001137722,2 Minute Noodles Chicken Flavour,Maggi,"Plant-based foods and beverages,Plant-based foods,Cereals and potatoes,Cereals and their products,Dried products,Pastas,Dried products to be rehydrated,Noodles,Instant noodles",CAT_14,TBHQ (Tertiary Butylhydroquinone) (E319),Additive (INS/E-Code),JP,Banned in JP according to additive rulebook. Functional Class: Antioxidant.
0037600247917,Birthday Cake,Kid's Kitchen,undefined,Unknown,Erythrosine (E127),Additive (INS/E-Code),US,Banned in US according to additive rulebook. Functional Class: Additive.
0760263000659,Mix soup crmy wldrice,Bear Creek Country Kitchens,"Meals, Soups",CAT_12,Titanium Dioxide (E171),Additive (INS/E-Code),EU,Banned in EU according to additive rulebook. Functional Class: Colorant.
0760263811309,"Family style macaroni & cheese dinner, family style",Bear Creek Country Kitchens,"Meals, Pasta dishes",CAT_06,Partially Hydrogenated Oil (PHO),Ingredient (Null INS),"US, CA",Banned in US (FDA 2018 GRAS revocation) and Canada due to industrial trans fats.
0760263911405,Creamy cheddar pasta mix,Bear Creek Country Kitchens,"Meals, Pasta dishes",CAT_06,Partially Hydrogenated Oil (PHO),Ingredient (Null INS),"US, CA",Banned in US (FDA 2018 GRAS revocation) and Canada due to industrial trans fats.
8019447219090,Decorgel,"Maggi, Modecor",Decorazioni alimentari,Unknown,Titanium Dioxide (E171),Additive (INS/E-Code),EU,Banned in EU according to additive rulebook. Functional Class: Colorant.
0028000822057,Bars,Nestlé,"Snacks, Sweet snacks, Cocoa and its products, Confectioneries, Chocolate candies",CAT_15,TBHQ (Tertiary Butylhydroquinone) (E319),Additive (INS/E-Code),JP,Banned in JP according to additive rulebook. Functional Class: Antioxidant.
0690166227276,Trail Mix,Nature's Kitchen,Snacks,CAT_15,Titanium Dioxide (E171),Additive (INS/E-Code),EU,Banned in EU according to additive rulebook. Functional Class: Colorant.
0690166227276,Trail Mix,Nature's Kitchen,Snacks,CAT_15,Partially Hydrogenated Oil (PHO),Ingredient (Null INS),"US, CA",Banned in US (FDA 2018 GRAS revocation) and Canada due to industrial trans fats.
0064100126121,Crackers - Town House Original,Kellogg's,"snacks, salty-snacks, appetizers, da:crackers",CAT_15,TBHQ (Tertiary Butylhydroquinone) (E319),Additive (INS/E-Code),JP,Banned in JP according to additive rulebook. Functional Class: Antioxidant.
5998710960729,Nesquik 200-Nestle,Nestlé,"Beverages, Cocoa and its products, Cocoa and chocolate powders, Instant beverages, Chocolate-powders, en:instant-chocolate-powders",CAT_14,Carmoisine (E122),Additive (INS/E-Code),"JP, US","Banned in JP, US according to additive rulebook. Functional Class: Additive."
5998710960729,Nesquik 200-Nestle,Nestlé,"Beverages, Cocoa and its products, Cocoa and chocolate powders, Instant beverages, Chocolate-powders, en:instant-chocolate-powders",CAT_14,Patent Blue V (E131),Additive (INS/E-Code),"IN, JP, US","Banned in IN, JP, US according to additive rulebook. Functional Class: Additive."
0038000391255,"Froot loops, sweetened multi-grain cereal",Kellogg's,"Plant-based foods and beverages, Plant-based foods, Cereals and potatoes, Cereals and their products",CAT_14,Partially Hydrogenated Oil (PHO),Ingredient (Null INS),"US, CA",Banned in US (FDA 2018 GRAS revocation) and Canada due to industrial trans fats.
0021130185788,Flaky Gem Rolls,Signature Kitchens,undefined,Unknown,Partially Hydrogenated Oil (PHO),Ingredient (Null INS),"US, CA",Banned in US (FDA 2018 GRAS revocation) and Canada due to industrial trans fats.
0034695122617,Rotisserie Chicken,Soules Kitchen,Meals,Unknown,Partially Hydrogenated Oil (PHO),Ingredient (Null INS),"US, CA",Banned in US (FDA 2018 GRAS revocation) and Canada due to industrial trans fats.
0073402345109,Powdered Donuts,"Country Kitchen,  Lepage Bakeries  Inc.","Snacks, Sweet snacks, Biscuits and cakes, Cakes",CAT_15,Titanium Dioxide (E171),Additive (INS/E-Code),EU,Banned in EU according to additive rulebook. Functional Class: Colorant.
0073402345109,Powdered Donuts,"Country Kitchen,  Lepage Bakeries  Inc.","Snacks, Sweet snacks, Biscuits and cakes, Cakes",CAT_15,Partially Hydrogenated Oil (PHO),Ingredient (Null INS),"US, CA",Banned in US (FDA 2018 GRAS revocation) and Canada due to industrial trans fats.
0028000881054,"Maggi, bouillon cubes, vegetable",Nestlé,,Unknown,TBHQ (Tertiary Butylhydroquinone) (E319),Additive (INS/E-Code),JP,Banned in JP according to additive rulebook. Functional Class: Antioxidant.
0028000881054,"Maggi, bouillon cubes, vegetable",Nestlé,,Unknown,Partially Hydrogenated Oil (PHO),Ingredient (Null INS),"US, CA",Banned in US (FDA 2018 GRAS revocation) and Canada due to industrial trans fats.
0050000990467,French Vanilla,Nestle Coffee Mate,"Plant-based foods and beverages, Dairy substitutes, Milk substitutes, Creamer",CAT_14,Partially Hydrogenated Oil (PHO),Ingredient (Null INS),"US, CA",Banned in US (FDA 2018 GRAS revocation) and Canada due to industrial trans fats.
0021130495511,Chicken Gravy,Safeway Kitchens,undefined,Unknown,Partially Hydrogenated Oil (PHO),Ingredient (Null INS),"US, CA",Banned in US (FDA 2018 GRAS revocation) and Canada due to industrial trans fats.
0021130495597,Homestyle Gravy Savory Beef,Signature Kitchens,undefined,Unknown,Partially Hydrogenated Oil (PHO),Ingredient (Null INS),"US, CA",Banned in US (FDA 2018 GRAS revocation) and Canada due to industrial trans fats.
0040000492290,"Snickers, bar, milk chocolate, peanuts, caramel & nougat",Snickers,"Snacks, Sweet snacks, Confectioneries",CAT_15,Partially Hydrogenated Oil (PHO),Ingredient (Null INS),"US, CA",Banned in US (FDA 2018 GRAS revocation) and Canada due to industrial trans fats.
0044000068158,Oreo Strawberry Frosted Donut,Oreo,,Unknown,Erythrosine (E127),Additive (INS/E-Code),US,Banned in US according to additive rulebook. Functional Class: Additive.
0745367368232,Easter Sprinkles,Brand's Country Kitchen Supplies  Inc.,Baking decorations,Unknown,Erythrosine (E127),Additive (INS/E-Code),US,Banned in US according to additive rulebook. Functional Class: Additive.
0037600248068,"Kid's kitchen, instant pudding, chocolate peanut butter",Kid's Kitchen,Desserts,Unknown,Titanium Dioxide (E171),Additive (INS/E-Code),EU,Banned in EU according to additive rulebook. Functional Class: Colorant.
0037600248068,"Kid's kitchen, instant pudding, chocolate peanut butter",Kid's Kitchen,Desserts,Unknown,Partially Hydrogenated Oil (PHO),Ingredient (Null INS),"US, CA",Banned in US (FDA 2018 GRAS revocation) and Canada due to industrial trans fats.
0028000130008,Candy,Nestle,"Snacks, Sweet snacks, Confectioneries, Candies",CAT_15,TBHQ (Tertiary Butylhydroquinone) (E319),Additive (INS/E-Code),JP,Banned in JP according to additive rulebook. Functional Class: Antioxidant.
0040000503170,"Snickers, fun size crisper",Snickers,"Snacks, Sweet snacks, Cocoa and its products, Confectioneries, Chocolate candies",CAT_15,Partially Hydrogenated Oil (PHO),Ingredient (Null INS),"US, CA",Banned in US (FDA 2018 GRAS revocation) and Canada due to industrial trans fats.
0066721009401,White Fudge Covered Oreos,"Oreo,",,Unknown,Titanium Dioxide (E171),Additive (INS/E-Code),EU,Banned in EU according to additive rulebook. Functional Class: Colorant.
0690166227313,Fruit & Nut Yogurt Mix,Nature's Kitchen,Snacks,CAT_15,Titanium Dioxide (E171),Additive (INS/E-Code),EU,Banned in EU according to additive rulebook. Functional Class: Colorant.
0690166227313,Fruit & Nut Yogurt Mix,Nature's Kitchen,Snacks,CAT_15,Partially Hydrogenated Oil (PHO),Ingredient (Null INS),"US, CA",Banned in US (FDA 2018 GRAS revocation) and Canada due to industrial trans fats.
0028000517311,"Maggi, creamy seafood soup mix",maggi,"Meals, Soups",CAT_12,TBHQ (Tertiary Butylhydroquinone) (E319),Additive (INS/E-Code),JP,Banned in JP according to additive rulebook. Functional Class: Antioxidant.
0028000517311,"Maggi, creamy seafood soup mix",maggi,"Meals, Soups",CAT_12,Partially Hydrogenated Oil (PHO),Ingredient (Null INS),"US, CA",Banned in US (FDA 2018 GRAS revocation) and Canada due to industrial trans fats.
0028000800093,Liquid coffee creamer,Nestlé,"Plant-based foods and beverages, Dairy substitutes, Milk substitutes, Creamer",CAT_14,Partially Hydrogenated Oil (PHO),Ingredient (Null INS),"US, CA",Banned in US (FDA 2018 GRAS revocation) and Canada due to industrial trans fats.
0021130110025,Cornbread Stuffing Mix,"Safeway Kitchens,  Safeway  Inc.",undefined,Unknown,Partially Hydrogenated Oil (PHO),Ingredient (Null INS),"US, CA",Banned in US (FDA 2018 GRAS revocation) and Canada due to industrial trans fats.
0073402352008,Plain Powdered Fine Donuts,"Country Kitchen,  Lepage Bakeries  Inc.","Snacks, Sweet snacks, Biscuits and cakes, Cakes",CAT_15,Titanium Dioxide (E171),Additive (INS/E-Code),EU,Banned in EU according to additive rulebook. Functional Class: Colorant.
0073402352008,Plain Powdered Fine Donuts,"Country Kitchen,  Lepage Bakeries  Inc.","Snacks, Sweet snacks, Biscuits and cakes, Cakes",CAT_15,Partially Hydrogenated Oil (PHO),Ingredient (Null INS),"US, CA",Banned in US (FDA 2018 GRAS revocation) and Canada due to industrial trans fats.
0722652690025,"Steak, Egg & Muenster Cheese On Everything Bagel",Buddy's Kitchen  Inc.,Sandwiches,Unknown,TBHQ (Tertiary Butylhydroquinone) (E319),Additive (INS/E-Code),JP,Banned in JP according to additive rulebook. Functional Class: Antioxidant.
0722652690025,"Steak, Egg & Muenster Cheese On Everything Bagel",Buddy's Kitchen  Inc.,Sandwiches,Unknown,Partially Hydrogenated Oil (PHO),Ingredient (Null INS),"US, CA",Banned in US (FDA 2018 GRAS revocation) and Canada due to industrial trans fats.
0021130495535,Turkey Gravy,Signature Kitchens,undefined,Unknown,Partially Hydrogenated Oil (PHO),Ingredient (Null INS),"US, CA",Banned in US (FDA 2018 GRAS revocation) and Canada due to industrial trans fats.
0021130479436,Ranch Dressing & Dip,"Safeway Kitchens,  Safeway  Inc.",undefined,Unknown,Titanium Dioxide (E171),Additive (INS/E-Code),EU,Banned in EU according to additive rulebook. Functional Class: Colorant.
0061200018585,Mini Eggs,Cadbury,"Cocoa and its products, Chocolate eggs, en:confectioneries",CAT_14,Titanium Dioxide (E171),Additive (INS/E-Code),EU,Banned in EU according to additive rulebook. Functional Class: Colorant.
0072554001543,Drumstick vanilla ice cream cone,Nestlé,"Desserts, Frozen foods, Frozen desserts",Unknown,Partially Hydrogenated Oil (PHO),Ingredient (Null INS),"US, CA",Banned in US (FDA 2018 GRAS revocation) and Canada due to industrial trans fats.
6001065034249,snacker,Cadbury,,Unknown,Quinoline Yellow (E104),Additive (INS/E-Code),"JP, US","Banned in JP, US according to additive rulebook. Functional Class: Additive."
0061200016741,Mini Eggs,Cadbury,,Unknown,Titanium Dioxide (E171),Additive (INS/E-Code),EU,Banned in EU according to additive rulebook. Functional Class: Colorant.
9300605106604,Maggi curry noodles,Maggi,Instant noodle soups,CAT_12,TBHQ (Tertiary Butylhydroquinone) (E319),Additive (INS/E-Code),JP,Banned in JP according to additive rulebook. Functional Class: Antioxidant.
0745367363336,Decorating Candies,Brand's Country Kitchen Supplies  Inc.,Baking decorations,Unknown,Erythrosine (E127),Additive (INS/E-Code),US,Banned in US according to additive rulebook. Functional Class: Additive.
0023933681092,"Dierbergs kitchen, brownies, iced pecans","Dierbergs Kitchen,  Dierberg's Markets  Inc.","Snacks, Sweet snacks, Biscuits and cakes, Cakes",CAT_15,Partially Hydrogenated Oil (PHO),Ingredient (Null INS),"US, CA",Banned in US (FDA 2018 GRAS revocation) and Canada due to industrial trans fats.
0044000058029,White Fudge Covered Oreo Bite,Oreo,"Snacks, Sweet snacks, Biscuits and cakes, Biscuits",CAT_15,Titanium Dioxide (E171),Additive (INS/E-Code),EU,Banned in EU according to additive rulebook. Functional Class: Colorant.
0028000010775,Bars,Nestlé,"Snacks, Sweet snacks, Cocoa and its products, Confectioneries, Chocolate candies",CAT_15,TBHQ (Tertiary Butylhydroquinone) (E319),Additive (INS/E-Code),JP,Banned in JP according to additive rulebook. Functional Class: Antioxidant.
0609099771503,Caramel Creams,Kitchen Fresh,"Snacks, Sweet snacks, Confectioneries",CAT_15,Partially Hydrogenated Oil (PHO),Ingredient (Null INS),"US, CA",Banned in US (FDA 2018 GRAS revocation) and Canada due to industrial trans fats.
9300605012578,Kool mints,"Nestlé, Allens",,Unknown,Titanium Dioxide (E171),Additive (INS/E-Code),EU,Banned in EU according to additive rulebook. Functional Class: Colorant.
0028000881016,"Bouillon Cubes, Beef",Maggi,"Condiments, Groceries",CAT_12,TBHQ (Tertiary Butylhydroquinone) (E319),Additive (INS/E-Code),JP,Banned in JP according to additive rulebook. Functional Class: Antioxidant.
0028000881016,"Bouillon Cubes, Beef",Maggi,"Condiments, Groceries",CAT_12,Partially Hydrogenated Oil (PHO),Ingredient (Null INS),"US, CA",Banned in US (FDA 2018 GRAS revocation) and Canada due to industrial trans fats.
0050000904976,"Coffee creamer, snicker doodle",Snickers,"Plant-based foods and beverages, Dairy substitutes, Milk substitutes, Creamer",CAT_14,Partially Hydrogenated Oil (PHO),Ingredient (Null INS),"US, CA",Banned in US (FDA 2018 GRAS revocation) and Canada due to industrial trans fats.
0071800818058,Unsalted Margarine,Saffola,"Plant-based foods and beverages, Plant-based foods, Fats, Spreads, Plant-based spreads, Salted spreads, Spreadable fats, Vegetable fats, Margarines, Unsalted margarines",CAT_14,Partially Hydrogenated Oil (PHO),Ingredient (Null INS),"US, CA",Banned in US (FDA 2018 GRAS revocation) and Canada due to industrial trans fats.
6001068587001,2.Minute Noodles,Maggi,"Plant-based foods and beverages, Plant-based foods, Cereals and potatoes, Cereals and their products, Dried products, Pastas, Dried products to be rehydrated, Noodles, Instant noodles",CAT_14,TBHQ (Tertiary Butylhydroquinone) (E319),Additive (INS/E-Code),JP,Banned in JP according to additive rulebook. Functional Class: Antioxidant.
0028000247959,Chicken flavor bouillon tablets,Maggi,"Condiments, Groceries",CAT_12,TBHQ (Tertiary Butylhydroquinone) (E319),Additive (INS/E-Code),JP,Banned in JP according to additive rulebook. Functional Class: Antioxidant.
0028000247959,Chicken flavor bouillon tablets,Maggi,"Condiments, Groceries",CAT_12,Partially Hydrogenated Oil (PHO),Ingredient (Null INS),"US, CA",Banned in US (FDA 2018 GRAS revocation) and Canada due to industrial trans fats.
0050000114757,Nestle coffeemate coffee creamer sweetened original,Nestlé,,Unknown,Partially Hydrogenated Oil (PHO),Ingredient (Null INS),"US, CA",Banned in US (FDA 2018 GRAS revocation) and Canada due to industrial trans fats.
0038000391187,Froot loops sweetened multi grain cereal,Kellogg's,"Plant-based foods and beverages, Plant-based foods, Breakfasts, Cereals and potatoes, Cereals and their products, Breakfast cereals, extruded cereals",CAT_15,Partially Hydrogenated Oil (PHO),Ingredient (Null INS),"US, CA",Banned in US (FDA 2018 GRAS revocation) and Canada due to industrial trans fats.
0038000924408,"Kellogg's, pop-tarts, frosted toaster pastries, chocolate peanut butter, frosted chocolate peanut butter",Kellogg's,"Snacks, Breakfasts, Sweet snacks, Biscuits and cakes, Sweet pies, Pastries, Pies",CAT_15,TBHQ (Tertiary Butylhydroquinone) (E319),Additive (INS/E-Code),JP,Banned in JP according to additive rulebook. Functional Class: Antioxidant.
0050000397600,"Mini marshmallows hot cocoa mix, rich milk chocolate",Nestlé,"Boissons et préparations de boissons, Boissons, Produits déshydratés, Produits lyophilisés à reconstituer, Boissons lyophilisées",Unknown,Partially Hydrogenated Oil (PHO),Ingredient (Null INS),"US, CA",Banned in US (FDA 2018 GRAS revocation) and Canada due to industrial trans fats.
0738464961697,"Heritage Candy Company, Cranberry & Fruit Blend",Heritage Candy Company  Inc.,,Unknown,Titanium Dioxide (E171),Additive (INS/E-Code),EU,Banned in EU according to additive rulebook. Functional Class: Colorant.
0738464961697,"Heritage Candy Company, Cranberry & Fruit Blend",Heritage Candy Company  Inc.,,Unknown,Partially Hydrogenated Oil (PHO),Ingredient (Null INS),"US, CA",Banned in US (FDA 2018 GRAS revocation) and Canada due to industrial trans fats.
0050000388257,French Vanilla Coffee Mate Zero Sugar,Nestlé Coffee mate,"Plant-based foods and beverages, Dairy substitutes, Milk substitutes, Creamer",CAT_14,Partially Hydrogenated Oil (PHO),Ingredient (Null INS),"US, CA",Banned in US (FDA 2018 GRAS revocation) and Canada due to industrial trans fats.
0040000459194,"Snickers, bar, pumpkin",Snickers,"Snacks, Sweet snacks, Cocoa and its products, Confectioneries, Chocolate candies",CAT_15,Partially Hydrogenated Oil (PHO),Ingredient (Null INS),"US, CA",Banned in US (FDA 2018 GRAS revocation) and Canada due to industrial trans fats.
0085239807699,"Monster trail mix with nuts, candy & raisins","Monster,  Target Stores",Snacks,CAT_15,Partially Hydrogenated Oil (PHO),Ingredient (Null INS),"US, CA",Banned in US (FDA 2018 GRAS revocation) and Canada due to industrial trans fats.
0028000740108,Candy bars,Nestle,"Snacks, Sweet snacks, Confectioneries",CAT_15,TBHQ (Tertiary Butylhydroquinone) (E319),Additive (INS/E-Code),JP,Banned in JP according to additive rulebook. Functional Class: Antioxidant.
0021130336975,Au Gratin Potatoes,Signature Kitchens,undefined,Unknown,Partially Hydrogenated Oil (PHO),Ingredient (Null INS),"US, CA",Banned in US (FDA 2018 GRAS revocation) and Canada due to industrial trans fats.
0028000516017,Chicken flavored rice soup mix,Maggi,"Meals, Soups",CAT_12,Partially Hydrogenated Oil (PHO),Ingredient (Null INS),"US, CA",Banned in US (FDA 2018 GRAS revocation) and Canada due to industrial trans fats.
0040000493198,"Snickers, milk chocolate, peanut, caramel, nougat",Snickers,"Snacks, Sweet snacks, Cocoa and its products, Confectioneries, Chocolate candies",CAT_15,Partially Hydrogenated Oil (PHO),Ingredient (Null INS),"US, CA",Banned in US (FDA 2018 GRAS revocation) and Canada due to industrial trans fats.
7501059285118,COFFEE MATE AVELLANA,NESTLE,"Plant-based foods and beverages, Beverages, Plant-based foods, Coffees, Sweetened beverages, es:CREMAS, es:SUSTITUTO DE CREMA, en:instant-beverages",CAT_14,Titanium Dioxide (E171),Additive (INS/E-Code),EU,Banned in EU according to additive rulebook. Functional Class: Colorant.
6001065034027,Laduma Lunch Bar Camury,"Cadbury,Mondelez","Snacks, Snacks sucrés, Cacao et dérivés, Confiseries, Barres, Confiseries chocolatées, Barres chocolatées",CAT_15,Quinoline Yellow (E104),Additive (INS/E-Code),"JP, US","Banned in JP, US according to additive rulebook. Functional Class: Additive."
6001065034027,Laduma Lunch Bar Camury,"Cadbury,Mondelez","Snacks, Snacks sucrés, Cacao et dérivés, Confiseries, Barres, Confiseries chocolatées, Barres chocolatées",CAT_15,Carmoisine (E122),Additive (INS/E-Code),"JP, US","Banned in JP, US according to additive rulebook. Functional Class: Additive."
6001065034027,Laduma Lunch Bar Camury,"Cadbury,Mondelez","Snacks, Snacks sucrés, Cacao et dérivés, Confiseries, Barres, Confiseries chocolatées, Barres chocolatées",CAT_15,Green S (E142),Additive (INS/E-Code),"IN, JP, US","Banned in IN, JP, US according to additive rulebook. Functional Class: Additive."
0072554218606,drumstick,Nestlé,,Unknown,Partially Hydrogenated Oil (PHO),Ingredient (Null INS),"US, CA",Banned in US (FDA 2018 GRAS revocation) and Canada due to industrial trans fats.
0028000084004,Milk chocolate with peanuts & raisins,Nestlé,"Snacks, Sweet snacks, Cocoa and its products, Confectioneries, Chocolate candies",CAT_15,TBHQ (Tertiary Butylhydroquinone) (E319),Additive (INS/E-Code),JP,Banned in JP according to additive rulebook. Functional Class: Antioxidant.
9556001170774,Mi Goreng Soy and Mild Spice,Maggi,,Unknown,TBHQ (Tertiary Butylhydroquinone) (E319),Additive (INS/E-Code),JP,Banned in JP according to additive rulebook. Functional Class: Antioxidant.
0760263000031,Creamy Potato Soup Bowl,Bear Creek Country Kitchens,"Meals, Soups",CAT_12,Titanium Dioxide (E171),Additive (INS/E-Code),EU,Banned in EU according to additive rulebook. Functional Class: Colorant.
0760263000031,Creamy Potato Soup Bowl,Bear Creek Country Kitchens,"Meals, Soups",CAT_12,Partially Hydrogenated Oil (PHO),Ingredient (Null INS),"US, CA",Banned in US (FDA 2018 GRAS revocation) and Canada due to industrial trans fats.
0043456076908,Bouillon tblt chckn,Maggi,"Condiments, Groceries",CAT_12,TBHQ (Tertiary Butylhydroquinone) (E319),Additive (INS/E-Code),JP,Banned in JP according to additive rulebook. Functional Class: Antioxidant.
0043456076908,Bouillon tblt chckn,Maggi,"Condiments, Groceries",CAT_12,Partially Hydrogenated Oil (PHO),Ingredient (Null INS),"US, CA",Banned in US (FDA 2018 GRAS revocation) and Canada due to industrial trans fats.
0760263000161,"Creamy potato slow-cooked homestyle flavor crafted with delicate herbs and savory spices soup mix, creamy potato",Bear Creek Country Kitchens,"Meals, Soups",CAT_12,Titanium Dioxide (E171),Additive (INS/E-Code),EU,Banned in EU according to additive rulebook. Functional Class: Colorant.
0040000487746,"Snickers, nut crackers milk chocolate, caramel and peanuts",Snickers,"Snacks, Sweet snacks, Cocoa and its products, Confectioneries, Chocolate candies",CAT_15,Partially Hydrogenated Oil (PHO),Ingredient (Null INS),"US, CA",Banned in US (FDA 2018 GRAS revocation) and Canada due to industrial trans fats.
0817719022007,Fit crunch mint chocolate chip,Fitcrunch,,Unknown,Titanium Dioxide (E171),Additive (INS/E-Code),EU,Banned in EU according to additive rulebook. Functional Class: Colorant.
0040000424314,Snickers,Snickers,,Unknown,Partially Hydrogenated Oil (PHO),Ingredient (Null INS),"US, CA",Banned in US (FDA 2018 GRAS revocation) and Canada due to industrial trans fats.
0050000368150,Coffee mate Zero Sugar Pumpkin Spice,Nestlé,,Unknown,Partially Hydrogenated Oil (PHO),Ingredient (Null INS),"US, CA",Banned in US (FDA 2018 GRAS revocation) and Canada due to industrial trans fats.
0066721026385,Mini Eggs cookies,Chips Ahoy! Cadbury,Biscuits pépites de chocolat,CAT_14,Titanium Dioxide (E171),Additive (INS/E-Code),EU,Banned in EU according to additive rulebook. Functional Class: Colorant.
7622201440794,Marvellous creations easter egg,Cadbury,,Unknown,Titanium Dioxide (E171),Additive (INS/E-Code),EU,Banned in EU according to additive rulebook. Functional Class: Colorant.
0044000071868,Chocolage confetti cake,Oreo,,Unknown,Erythrosine (E127),Additive (INS/E-Code),US,Banned in US according to additive rulebook. Functional Class: Additive.
0738464962250,"Heritage Candy Company, Yogurt Pretzels",Heritage Candy Company  Inc.,Snacks,CAT_15,Titanium Dioxide (E171),Additive (INS/E-Code),EU,Banned in EU according to additive rulebook. Functional Class: Colorant.
0738464962335,"Heritage Candy Company, Candy, French Burnt Peanuts",Heritage Candy Company  Inc.,"Snacks, Sweet snacks, Confectioneries",CAT_15,Erythrosine (E127),Additive (INS/E-Code),US,Banned in US according to additive rulebook. Functional Class: Additive.
0061200018479,DAIRY MILK Mini Eggs,Cadbury,,Unknown,Titanium Dioxide (E171),Additive (INS/E-Code),EU,Banned in EU according to additive rulebook. Functional Class: Colorant.
0021130558018,Sour Gummi Worms Candy,"Signature Kitchens,  Safeway  Inc.","Snacks, Sweet snacks, Confectioneries",CAT_15,Titanium Dioxide (E171),Additive (INS/E-Code),EU,Banned in EU according to additive rulebook. Functional Class: Colorant.
0040000503781,"Snickers, snickers minis",Snickers,"Snacks, Sweet snacks, Confectioneries",CAT_15,Partially Hydrogenated Oil (PHO),Ingredient (Null INS),"US, CA",Banned in US (FDA 2018 GRAS revocation) and Canada due to industrial trans fats.
7682210847878,P.S. Caramilk,Cadbury,"Snacks, Snacks sucrés, Cacao et dérivés, Confiseries, Barres, Confiseries chocolatées, Barres chocolatées, Barres chocolatées biscuitées",CAT_15,Quinoline Yellow (E104),Additive (INS/E-Code),"JP, US","Banned in JP, US according to additive rulebook. Functional Class: Additive."
7682210847878,P.S. Caramilk,Cadbury,"Snacks, Snacks sucrés, Cacao et dérivés, Confiseries, Barres, Confiseries chocolatées, Barres chocolatées, Barres chocolatées biscuitées",CAT_15,TBHQ (Tertiary Butylhydroquinone) (E319),Additive (INS/E-Code),JP,Banned in JP according to additive rulebook. Functional Class: Antioxidant.
7682210847878,P.S. Caramilk,Cadbury,"Snacks, Snacks sucrés, Cacao et dérivés, Confiseries, Barres, Confiseries chocolatées, Barres chocolatées, Barres chocolatées biscuitées",CAT_15,Ponceau 4R (E124),Additive (INS/E-Code),US,Banned in US according to additive rulebook. Functional Class: Additive.
7501059285217,COFFEE MATE ORIGINAL,NESTLE,"Alimentos y bebidas de origen vegetal, Bebidas, Alimentos de origen vegetal, Cafés, Bebidas azucaradas, CREMAS, SUSTITUTO DE CREMA",Unknown,Titanium Dioxide (E171),Additive (INS/E-Code),EU,Banned in EU according to additive rulebook. Functional Class: Colorant.
0745367361806,"Target corporation, cryptic chocolatey candies","Target Corporation,  Brand's Country Kitchen Supplies  Inc.","Snacks, Sweet snacks, Cocoa and its products, Confectioneries, Chocolate candies",CAT_15,Titanium Dioxide (E171),Additive (INS/E-Code),EU,Banned in EU according to additive rulebook. Functional Class: Colorant.
0745367361806,"Target corporation, cryptic chocolatey candies","Target Corporation,  Brand's Country Kitchen Supplies  Inc.","Snacks, Sweet snacks, Cocoa and its products, Confectioneries, Chocolate candies",CAT_15,Partially Hydrogenated Oil (PHO),Ingredient (Null INS),"US, CA",Banned in US (FDA 2018 GRAS revocation) and Canada due to industrial trans fats.
0745367363374,Valentine's Day Decorating Candies,"Target Corporation,  Brand's Country Kitchen Supplies  Inc.",,Unknown,Erythrosine (E127),Additive (INS/E-Code),US,Banned in US according to additive rulebook. Functional Class: Additive.
0745367363374,Valentine's Day Decorating Candies,"Target Corporation,  Brand's Country Kitchen Supplies  Inc.",,Unknown,Titanium Dioxide (E171),Additive (INS/E-Code),EU,Banned in EU according to additive rulebook. Functional Class: Colorant.
0745367363374,Valentine's Day Decorating Candies,"Target Corporation,  Brand's Country Kitchen Supplies  Inc.",,Unknown,Partially Hydrogenated Oil (PHO),Ingredient (Null INS),"US, CA",Banned in US (FDA 2018 GRAS revocation) and Canada due to industrial trans fats.
0745367363527,"Target corporation, easter sprinkles","Target Corporation,  Brand's Country Kitchen Supplies  Inc.",Baking decorations,Unknown,Erythrosine (E127),Additive (INS/E-Code),US,Banned in US according to additive rulebook. Functional Class: Additive.
0745367368188,Easer Decors Kit,Brand's Country Kitchen Supplies  Inc.,,Unknown,Erythrosine (E127),Additive (INS/E-Code),US,Banned in US according to additive rulebook. Functional Class: Additive.
0745367368188,Easer Decors Kit,Brand's Country Kitchen Supplies  Inc.,,Unknown,Partially Hydrogenated Oil (PHO),Ingredient (Null INS),"US, CA",Banned in US (FDA 2018 GRAS revocation) and Canada due to industrial trans fats.
7622210464507,Dairy Milk Marvellous Smashables Jelly Popping Candy,Cadbury,"Imbiss,Süßer Snack,Kakao und Kakaoprodukte,Süßwaren,Riegel,Schokoladenkonfekt,Schokoriegel",CAT_15,Titanium Dioxide (E171),Additive (INS/E-Code),EU,Banned in EU according to additive rulebook. Functional Class: Colorant.
0040000499039,"Snickers, candy bar",Snickers,"Snacks, Sweet snacks, Cocoa and its products, Confectioneries, Chocolate candies",CAT_15,Partially Hydrogenated Oil (PHO),Ingredient (Null INS),"US, CA",Banned in US (FDA 2018 GRAS revocation) and Canada due to industrial trans fats.
0817719022304,High Protein Baked Bar,FitCrunch,"Snacks, Sweet snacks, Bars",CAT_15,Titanium Dioxide (E171),Additive (INS/E-Code),EU,Banned in EU according to additive rulebook. Functional Class: Colorant.
7501059282629,Coffee Mate Lite,Nestle,Sustituto de crema en polvo,Unknown,Titanium Dioxide (E171),Additive (INS/E-Code),EU,Banned in EU according to additive rulebook. Functional Class: Colorant.
0050000800049,Hazelnut Artificial Flavor,Nestlé Coffee mate,"Plant-based foods and beverages, Dairy substitutes, Milk substitutes, Creamer",CAT_14,Partially Hydrogenated Oil (PHO),Ingredient (Null INS),"US, CA",Banned in US (FDA 2018 GRAS revocation) and Canada due to industrial trans fats.
0061200016420,Mini Eggs,Cadbury,"Snacks, Snacks sucrés, Cacao et dérivés, Confiseries, Aliments festifs, Aliments de Pâques, Oeufs en chocolat, Œufs de Pâques",CAT_15,Titanium Dioxide (E171),Additive (INS/E-Code),EU,Banned in EU according to additive rulebook. Functional Class: Colorant.
0786832820442,Sourdough Sauerkraut Rye Dinner Rolls,Royal Kitchens Inc.,"Plant-based foods and beverages, Plant-based foods, Cereals and potatoes, Breads",CAT_14,Potassium Bromate (E924A),Additive (INS/E-Code),"EU, IN","Banned in EU, IN according to additive rulebook. Functional Class: FLOUR_TREATMENT_AGENT."
0786832820442,Sourdough Sauerkraut Rye Dinner Rolls,Royal Kitchens Inc.,"Plant-based foods and beverages, Plant-based foods, Cereals and potatoes, Breads",CAT_14,Potassium Bromate,Ingredient (Flour Treatment),"IN, EU, UK, JP","Banned in India (FSSAI 2016), EU, UK, and Japan due to genotoxic carcinogenicity."
6001068586806,Chicken flavoured noodle soup,Maggi,"Plant-based foods and beverages, Plant-based foods, Dried products, Pastas, Dried products to be rehydrated, Noodles, Instant noodles, en:soups",CAT_14,TBHQ (Tertiary Butylhydroquinone) (E319),Additive (INS/E-Code),JP,Banned in JP according to additive rulebook. Functional Class: Antioxidant.
0050428517680,Monster decorating kit,"Monster,  Cvs Pharmacy  Inc.",Baking decorations,Unknown,Erythrosine (E127),Additive (INS/E-Code),US,Banned in US according to additive rulebook. Functional Class: Additive.
0050428517680,Monster decorating kit,"Monster,  Cvs Pharmacy  Inc.",Baking decorations,Unknown,Titanium Dioxide (E171),Additive (INS/E-Code),EU,Banned in EU according to additive rulebook. Functional Class: Colorant.
0050428517680,Monster decorating kit,"Monster,  Cvs Pharmacy  Inc.",Baking decorations,Unknown,Partially Hydrogenated Oil (PHO),Ingredient (Null INS),"US, CA",Banned in US (FDA 2018 GRAS revocation) and Canada due to industrial trans fats.
7622210241672,Cadbury dairy milk marvellous creations chocolate tablet jelly popping candy shells,Cadbury,"Snacks, Sweet snacks, Confectioneries",CAT_15,Titanium Dioxide (E171),Additive (INS/E-Code),EU,Banned in EU according to additive rulebook. Functional Class: Colorant.
0021130404186,Pudding Snack,Safeway Kitchens,undefined,Unknown,Partially Hydrogenated Oil (PHO),Ingredient (Null INS),"US, CA",Banned in US (FDA 2018 GRAS revocation) and Canada due to industrial trans fats.
0061200015089,Mini Eggs,Cadbury Dairy Milk,"Snacks, Sweet snacks, Cocoa and its products, Confectioneries, Chocolates, Milk chocolates",CAT_15,Titanium Dioxide (E171),Additive (INS/E-Code),EU,Banned in EU according to additive rulebook. Functional Class: Colorant.
7501059299382,COFFEE MATE CREMA IRLANDESA,NESTLE,"Alimentos y bebidas de origen vegetal, Bebidas, Alimentos de origen vegetal, Cafés, Bebidas azucaradas, CREMAS, SUSTITUTO DE CREMA",Unknown,Titanium Dioxide (E171),Additive (INS/E-Code),EU,Banned in EU according to additive rulebook. Functional Class: Colorant.
0745367363381,Spring Sugars,Brand's Country Kitchen Supplies  Inc.,Baking decorations,Unknown,Erythrosine (E127),Additive (INS/E-Code),US,Banned in US according to additive rulebook. Functional Class: Additive.
0745367363466,Easter Decors,Brand's Country Kitchen Supplies  Inc.,,Unknown,Erythrosine (E127),Additive (INS/E-Code),US,Banned in US according to additive rulebook. Functional Class: Additive.
0745367363466,Easter Decors,Brand's Country Kitchen Supplies  Inc.,,Unknown,Partially Hydrogenated Oil (PHO),Ingredient (Null INS),"US, CA",Banned in US (FDA 2018 GRAS revocation) and Canada due to industrial trans fats.
0745367367228,Noel Blend Decorating Candies,Brand's Country Kitchen Supplies  Inc.,Baking decorations,Unknown,Titanium Dioxide (E171),Additive (INS/E-Code),EU,Banned in EU according to additive rulebook. Functional Class: Colorant.
0745367367228,Noel Blend Decorating Candies,Brand's Country Kitchen Supplies  Inc.,Baking decorations,Unknown,Partially Hydrogenated Oil (PHO),Ingredient (Null INS),"US, CA",Banned in US (FDA 2018 GRAS revocation) and Canada due to industrial trans fats.
5000221605218,Cadbury Creme Egg Cupcakes 2 Pack,Cadbury,,Unknown,Titanium Dioxide (E171),Additive (INS/E-Code),EU,Banned in EU according to additive rulebook. Functional Class: Colorant.
0023933672472,"Dierbergs kitchen, white/white iced cupcake cake",Dierbergs Kitchen,"Snacks, Sweet snacks, Biscuits and cakes, Cakes",CAT_15,Erythrosine (E127),Additive (INS/E-Code),US,Banned in US according to additive rulebook. Functional Class: Additive.
0028000803193,Bouillon,Maggi,,Unknown,Partially Hydrogenated Oil (PHO),Ingredient (Null INS),"US, CA",Banned in US (FDA 2018 GRAS revocation) and Canada due to industrial trans fats.
0023933301938,"Grilled Southwest Chick'N Veggie Burger, Grilled Southwest Chick'N",Dierbergs kitchen,Meals,Unknown,TBHQ (Tertiary Butylhydroquinone) (E319),Additive (INS/E-Code),JP,Banned in JP according to additive rulebook. Functional Class: Antioxidant.
9556001170750,Maggi Fusian Instant Noodles Hot & Spicy Flavour Cup 65g,Maggi,,Unknown,TBHQ (Tertiary Butylhydroquinone) (E319),Additive (INS/E-Code),JP,Banned in JP according to additive rulebook. Functional Class: Antioxidant.
0064100144835,Cheez It Snap’d,Kellogg,"Croustilles,collation",Unknown,TBHQ (Tertiary Butylhydroquinone) (E319),Additive (INS/E-Code),JP,Banned in JP according to additive rulebook. Functional Class: Antioxidant.
8585002481184,Любима супа - супа топчета,Maggi,,Unknown,Partially Hydrogenated Oil (PHO),Ingredient (Null INS),"US, CA",Banned in US (FDA 2018 GRAS revocation) and Canada due to industrial trans fats.
0090272016502,"Monster mercantile, mad scientist mix candy","Monster,  Fenton Enterprises  Inc.","Snacks, Sweet snacks, Confectioneries",CAT_15,Erythrosine (E127),Additive (INS/E-Code),US,Banned in US according to additive rulebook. Functional Class: Additive.
0090272016502,"Monster mercantile, mad scientist mix candy","Monster,  Fenton Enterprises  Inc.","Snacks, Sweet snacks, Confectioneries",CAT_15,Titanium Dioxide (E171),Additive (INS/E-Code),EU,Banned in EU according to additive rulebook. Functional Class: Colorant.
0044000083847,Reeses,Oreo,,Unknown,TBHQ (Tertiary Butylhydroquinone) (E319),Additive (INS/E-Code),JP,Banned in JP according to additive rulebook. Functional Class: Antioxidant.
0050000368907,"Coffee creamer, hazelnut",Nestlé,"Plant-based foods and beverages, Dairy substitutes, Milk substitutes, Creamer",CAT_14,Partially Hydrogenated Oil (PHO),Ingredient (Null INS),"US, CA",Banned in US (FDA 2018 GRAS revocation) and Canada due to industrial trans fats.
3538280842081,60 minutes de fraîcheur parfum menthe forte,"Cadbury, Hollywood","Snacks, Snacks sucrés, Confiseries, Chewing-gum",CAT_15,Titanium Dioxide (E171),Additive (INS/E-Code),EU,Banned in EU according to additive rulebook. Functional Class: Colorant.
0758890335701,White Salted Caramel Hot Chocolate Bomb,Cass' Kitchen,"Snacks, Sweet snacks, Cocoa and its products, Confectioneries, Cocoa and chocolate powders, Cocoa powders, Cocoa powder for beverages with sugar",CAT_15,Titanium Dioxide (E171),Additive (INS/E-Code),EU,Banned in EU according to additive rulebook. Functional Class: Colorant.
9556001171290,BEEF FLAVOUR NOODLES,Maggi,"Plant-based foods and beverages, Plant-based foods, Dried products, Pastas, Dried products to be rehydrated, Noodles, Instant noodles, en:instant-noodle-soups",CAT_14,TBHQ (Tertiary Butylhydroquinone) (E319),Additive (INS/E-Code),JP,Banned in JP according to additive rulebook. Functional Class: Antioxidant.
0785018139125,Refined Sunflower Oil,Priya,"Plant-based foods and beverages,Plant-based foods,Fats,Vegetable fats,Vegetable oils,Sunflower seeds and their products,Sunflower oils",CAT_14,TBHQ (Tertiary Butylhydroquinone) (E319),Additive (INS/E-Code),JP,Banned in JP according to additive rulebook. Functional Class: Antioxidant.
0032000397187,Froot Loops,Kellogg's,"Plant-based foods and beverages, Plant-based foods, Breakfasts, Cereals and potatoes, Cereals and their products, Breakfast cereals, extruded cereals",CAT_15,Partially Hydrogenated Oil (PHO),Ingredient (Null INS),"US, CA",Banned in US (FDA 2018 GRAS revocation) and Canada due to industrial trans fats.
0073402353005,Fine cinnamon donuts,"Country Kitchen,  Lepage Bakeries  Inc.","Snacks, Sweet snacks, Biscuits and cakes, Cakes",CAT_15,Partially Hydrogenated Oil (PHO),Ingredient (Null INS),"US, CA",Banned in US (FDA 2018 GRAS revocation) and Canada due to industrial trans fats.
0050000692255,Coffeemate liquid french vanilla,Nestlé,,Unknown,TBHQ (Tertiary Butylhydroquinone) (E319),Additive (INS/E-Code),JP,Banned in JP according to additive rulebook. Functional Class: Antioxidant.
0038000225871,Baby shark berry fin tastic with marshmallows flavored cereal,Kellogg's,"Plant-based foods and beverages, Plant-based foods, Cereals and potatoes, Cereals and their products",CAT_14,Erythrosine (E127),Additive (INS/E-Code),US,Banned in US according to additive rulebook. Functional Class: Additive.
0021130308866,Salted Caramel Fudge,"Safeway Kitchens,  Safeway  Inc.",undefined,Unknown,Partially Hydrogenated Oil (PHO),Ingredient (Null INS),"US, CA",Banned in US (FDA 2018 GRAS revocation) and Canada due to industrial trans fats.
0021130382149,"Signature kitchens, hot cocoa mix, rich chocolate",Signature Kitchens,"Beverages, Dried products, Dried products to be rehydrated, Dehydrated beverages",CAT_14,Partially Hydrogenated Oil (PHO),Ingredient (Null INS),"US, CA",Banned in US (FDA 2018 GRAS revocation) and Canada due to industrial trans fats.
0021130495528,Beef Gravy,Signature Kitchens,undefined,Unknown,Partially Hydrogenated Oil (PHO),Ingredient (Null INS),"US, CA",Banned in US (FDA 2018 GRAS revocation) and Canada due to industrial trans fats.
0849896044053,Portabello Mushroom,Gourmet Kitchens,,Unknown,Partially Hydrogenated Oil (PHO),Ingredient (Null INS),"US, CA",Banned in US (FDA 2018 GRAS revocation) and Canada due to industrial trans fats.
9300617065722,MARVELLOUS CREATIONS JELLY POPPING CANDY BEANIES IN DAIRY MILK MILK CHOCOLATE,Cadbury,,Unknown,Titanium Dioxide (E171),Additive (INS/E-Code),EU,Banned in EU according to additive rulebook. Functional Class: Colorant.
0050000800032,Coffee mate French Vanilla,Nestle,"Plant-based foods and beverages, Dairy substitutes, Milk substitutes, Creamer",CAT_14,Partially Hydrogenated Oil (PHO),Ingredient (Null INS),"US, CA",Banned in US (FDA 2018 GRAS revocation) and Canada due to industrial trans fats.
9556001171375,Chicken noodles,Maggi,,Unknown,TBHQ (Tertiary Butylhydroquinone) (E319),Additive (INS/E-Code),JP,Banned in JP according to additive rulebook. Functional Class: Antioxidant.
0044000072155,Oreo sinkerdoodle,Oreo,,Unknown,Titanium Dioxide (E171),Additive (INS/E-Code),EU,Banned in EU according to additive rulebook. Functional Class: Colorant.
7622202284489,Dairy Milk Whispers Milk Chocolate With Malted Honeycomb Centre,Cadbury,,Unknown,TBHQ (Tertiary Butylhydroquinone) (E319),Additive (INS/E-Code),JP,Banned in JP according to additive rulebook. Functional Class: Antioxidant.
0760263711203,"Rice Mix, Cheddar, Broccoli",Bear Creek Country Kitchens,,Unknown,Partially Hydrogenated Oil (PHO),Ingredient (Null INS),"US, CA",Banned in US (FDA 2018 GRAS revocation) and Canada due to industrial trans fats.
0022000117427,"Original bite size candies, original","Mars,Skittles","Snacks, Sweet snacks, Confectioneries, en:candies",CAT_15,Titanium Dioxide (E171),Additive (INS/E-Code),EU,Banned in EU according to additive rulebook. Functional Class: Colorant.
0022000012562,"Skittles, bite size candies","Mars Wrigley Confectionery, Skittles","Snacks, Sweet snacks, Confectioneries, Candies, Gummi candies",CAT_15,Titanium Dioxide (E171),Additive (INS/E-Code),EU,Banned in EU according to additive rulebook. Functional Class: Colorant.
0047677371156,Ice Cream Cones,Snickers,"Desserts, Frozen foods, Frozen desserts",Unknown,Partially Hydrogenated Oil (PHO),Ingredient (Null INS),"US, CA",Banned in US (FDA 2018 GRAS revocation) and Canada due to industrial trans fats.
0034271900202,Chocolate nut pie,"Kern's,  Kern's Kitchen","Snacks, Sweet snacks, Biscuits and cakes, Cakes",CAT_15,Partially Hydrogenated Oil (PHO),Ingredient (Null INS),"US, CA",Banned in US (FDA 2018 GRAS revocation) and Canada due to industrial trans fats.
5010238016457,Marvellous Ice Creams: Jelly Popping Candy,Cadbury,"Desserts, Frozen foods, Frozen desserts, Ice creams and sorbets, Ice creams, Ice cream bars",CAT_03,Titanium Dioxide (E171),Additive (INS/E-Code),EU,Banned in EU according to additive rulebook. Functional Class: Colorant.
0781718143516,Dry lemon (switch),Switch,en:artificially-sweetened-beverages,CAT_14,Quinoline Yellow (E104),Additive (INS/E-Code),"JP, US","Banned in JP, US according to additive rulebook. Functional Class: Additive."
9300617313656,Layered Fingers,Cadbury,,Unknown,TBHQ (Tertiary Butylhydroquinone) (E319),Additive (INS/E-Code),JP,Banned in JP according to additive rulebook. Functional Class: Antioxidant.
0940042488551,Doublemint,WRIGLEYS,,Unknown,Titanium Dioxide (E171),Additive (INS/E-Code),EU,Banned in EU according to additive rulebook. Functional Class: Colorant.
7891000304839,NESFIT banana,NESTLE,Biscoito,Unknown,TBHQ (Tertiary Butylhydroquinone) (E319),Additive (INS/E-Code),JP,Banned in JP according to additive rulebook. Functional Class: Antioxidant.
0810172559301,Xl Bourbon Meatballs,Clean Eatz Kitchen,,Unknown,Titanium Dioxide (E171),Additive (INS/E-Code),EU,Banned in EU according to additive rulebook. Functional Class: Colorant.
0050000246649,Nestle coffee mate powdered coffee creamer french vanilla,Nestlé,"Plant-based foods and beverages, Dairy substitutes, Milk substitutes, Creamer",CAT_14,Partially Hydrogenated Oil (PHO),Ingredient (Null INS),"US, CA",Banned in US (FDA 2018 GRAS revocation) and Canada due to industrial trans fats.
0021130405053,Instant Bouillon,Signature Kitchens,undefined,Unknown,Partially Hydrogenated Oil (PHO),Ingredient (Null INS),"US, CA",Banned in US (FDA 2018 GRAS revocation) and Canada due to industrial trans fats.
5449000106292,Sparletta Sparletta Sparberry 330ML 330 ML,Sparletta,"Boissons, Boissons avec sucre ajouté",Unknown,Quinoline Yellow (E104),Additive (INS/E-Code),"JP, US","Banned in JP, US according to additive rulebook. Functional Class: Additive."
0071214054288,Apple Cake,Old Home Kitchens,"Snacks, Sweet snacks, Biscuits and cakes, Cakes",CAT_15,Partially Hydrogenated Oil (PHO),Ingredient (Null INS),"US, CA",Banned in US (FDA 2018 GRAS revocation) and Canada due to industrial trans fats.
0073402350004,Fine classic plain donuts,"Country Kitchen,  Lepage Bakeries  Inc.","Snacks, Sweet snacks, Biscuits and cakes, Cakes",CAT_15,Partially Hydrogenated Oil (PHO),Ingredient (Null INS),"US, CA",Banned in US (FDA 2018 GRAS revocation) and Canada due to industrial trans fats.
0073402358000,Fine chocolate powdered donuts,"Country Kitchen,  Lepage Bakeries  Inc.","Snacks, Sweet snacks, Biscuits and cakes, Cakes",CAT_15,Titanium Dioxide (E171),Additive (INS/E-Code),EU,Banned in EU according to additive rulebook. Functional Class: Colorant.
0073402358000,Fine chocolate powdered donuts,"Country Kitchen,  Lepage Bakeries  Inc.","Snacks, Sweet snacks, Biscuits and cakes, Cakes",CAT_15,Partially Hydrogenated Oil (PHO),Ingredient (Null INS),"US, CA",Banned in US (FDA 2018 GRAS revocation) and Canada due to industrial trans fats.
0050000560240,"Hazelnut coffee creamer, hazelnut",Nestlé,,Unknown,TBHQ (Tertiary Butylhydroquinone) (E319),Additive (INS/E-Code),JP,Banned in JP according to additive rulebook. Functional Class: Antioxidant.
0041548510972,Butterfnger light ice cream,Nestlé,"Desserts, Frozen foods, Frozen desserts",Unknown,TBHQ (Tertiary Butylhydroquinone) (E319),Additive (INS/E-Code),JP,Banned in JP according to additive rulebook. Functional Class: Antioxidant.
0021130557950,Peppermint Starlights Candy,"Signature Kitchens,Safeway  Inc.","Snacks, Sweet snacks, Confectioneries",CAT_15,Titanium Dioxide (E171),Additive (INS/E-Code),EU,Banned in EU according to additive rulebook. Functional Class: Colorant.
0844527029133,Cupcake Kit,Monsters University,"Snacks, Sweet snacks, Biscuits and cakes, Cakes, Cooking helpers, Pastry helpers, Baking Mixes, Dessert mixes, Cake mixes",CAT_15,Partially Hydrogenated Oil (PHO),Ingredient (Null INS),"US, CA",Banned in US (FDA 2018 GRAS revocation) and Canada due to industrial trans fats.
0893447001385,Teriyaki Chicken,Hart Asian Kitchen,Frozen foods,Unknown,Partially Hydrogenated Oil (PHO),Ingredient (Null INS),"US, CA",Banned in US (FDA 2018 GRAS revocation) and Canada due to industrial trans fats.
5000221508724,Sticky puds,Cadbury,,Unknown,Titanium Dioxide (E171),Additive (INS/E-Code),EU,Banned in EU according to additive rulebook. Functional Class: Colorant.
0010055106510,Pop-tarts Frosted S'mores Chocolate And Marshmallow Flavour,Kellogg's,,Unknown,TBHQ (Tertiary Butylhydroquinone) (E319),Additive (INS/E-Code),JP,Banned in JP according to additive rulebook. Functional Class: Antioxidant.
0010055106510,Pop-tarts Frosted S'mores Chocolate And Marshmallow Flavour,Kellogg's,,Unknown,Titanium Dioxide (E171),Additive (INS/E-Code),EU,Banned in EU according to additive rulebook. Functional Class: Colorant.
9300617301448,BOOST,Cadbury,,Unknown,TBHQ (Tertiary Butylhydroquinone) (E319),Additive (INS/E-Code),JP,Banned in JP according to additive rulebook. Functional Class: Antioxidant.
0038000318276,Cereal chocolatey delight,Kellogg's,"Plant-based foods and beverages, Plant-based foods, Cereals and potatoes, Cereals and their products",CAT_14,Partially Hydrogenated Oil (PHO),Ingredient (Null INS),"US, CA",Banned in US (FDA 2018 GRAS revocation) and Canada due to industrial trans fats.
0817719021000,Robervine's FitCrunch,FitCrunch,,Unknown,Titanium Dioxide (E171),Additive (INS/E-Code),EU,Banned in EU according to additive rulebook. Functional Class: Colorant.
0028000560683,Peanut butter cups skull,Nestlé,"Snacks, Sweet snacks, Confectioneries",CAT_15,TBHQ (Tertiary Butylhydroquinone) (E319),Additive (INS/E-Code),JP,Banned in JP according to additive rulebook. Functional Class: Antioxidant.
0050000610402,Coffee mate,Nestle,"Plant-based foods and beverages, Dairy substitutes, Milk substitutes, Creamer",CAT_14,Partially Hydrogenated Oil (PHO),Ingredient (Null INS),"US, CA",Banned in US (FDA 2018 GRAS revocation) and Canada due to industrial trans fats.
0028000109059,Chicken bouillon,Maggi,"Condiments, Groceries",CAT_12,Partially Hydrogenated Oil (PHO),Ingredient (Null INS),"US, CA",Banned in US (FDA 2018 GRAS revocation) and Canada due to industrial trans fats.
9300605229006,Gobstopper,Nestlé,,Unknown,Titanium Dioxide (E171),Additive (INS/E-Code),EU,Banned in EU according to additive rulebook. Functional Class: Colorant.
0040000490418,"Snickers, unwrapped bites",Snickers,"Snacks, Sweet snacks, Confectioneries",CAT_15,Partially Hydrogenated Oil (PHO),Ingredient (Null INS),"US, CA",Banned in US (FDA 2018 GRAS revocation) and Canada due to industrial trans fats.
0044000032715,Nabisco oreo cookies birthday cake 1x15.25 oz,Oreo,"Snacks, Sweet snacks, Biscuits and cakes, Biscuits",CAT_15,Erythrosine (E127),Additive (INS/E-Code),US,Banned in US according to additive rulebook. Functional Class: Additive.
0050000630745,coffeemate original lite powdered creamer,Nestlé,"Plant-based foods and beverages, Dairy substitutes, Milk substitutes, Creamer",CAT_14,Partially Hydrogenated Oil (PHO),Ingredient (Null INS),"US, CA",Banned in US (FDA 2018 GRAS revocation) and Canada due to industrial trans fats.
7613032984441,Bûche glacée 3 Chocolats,"Nestlé, Lanvin","Desserts, Aliments festifs, Surgelés, Aliments et boissons de Noël, Desserts glacés, Bûches de Noël, Bûches glacées",Unknown,Titanium Dioxide (E171),Additive (INS/E-Code),EU,Banned in EU according to additive rulebook. Functional Class: Colorant.
7501059289147,COFFEE MATE CHAI LATTE,NESTLE,"Alimentos y bebidas de origen vegetal, Bebidas, Alimentos de origen vegetal, Cafés, Bebidas azucaradas, CREMAS, SUSTITUTO DE CREMA",Unknown,Titanium Dioxide (E171),Additive (INS/E-Code),EU,Banned in EU according to additive rulebook. Functional Class: Colorant.
0044000077334,Space Dunk,Oreo,"Snacks, Sweet snacks, Biscuits and cakes, Biscuits, en:confectioneries",CAT_15,Erythrosine (E127),Additive (INS/E-Code),US,Banned in US according to additive rulebook. Functional Class: Additive.
9300617311546,Boost Peanuts Chocolate Bar,Cadbury,,Unknown,TBHQ (Tertiary Butylhydroquinone) (E319),Additive (INS/E-Code),JP,Banned in JP according to additive rulebook. Functional Class: Antioxidant.
0028000469689,Bite-sized candy,Nestlé,"Snacks, Sweet snacks, Confectioneries",CAT_15,TBHQ (Tertiary Butylhydroquinone) (E319),Additive (INS/E-Code),JP,Banned in JP according to additive rulebook. Functional Class: Antioxidant.
7891000304754,Biscoito Integral Nesfit Laranja e Cenoura,Nestle,"Biscoito, en:biscuits",CAT_07,TBHQ (Tertiary Butylhydroquinone) (E319),Additive (INS/E-Code),JP,Banned in JP according to additive rulebook. Functional Class: Antioxidant.
0038000149856,"Pringles, loaded baked potato crisps",Pringles,Snacks,CAT_15,Partially Hydrogenated Oil (PHO),Ingredient (Null INS),"US, CA",Banned in US (FDA 2018 GRAS revocation) and Canada due to industrial trans fats.
0044000077228,Oreo Space Dunk,Oreo,,Unknown,Erythrosine (E127),Additive (INS/E-Code),US,Banned in US according to additive rulebook. Functional Class: Additive.
0034695124048,ROTISSERIE CHICKEN,SOULES KITCHEN,undefined,Unknown,Partially Hydrogenated Oil (PHO),Ingredient (Null INS),"US, CA",Banned in US (FDA 2018 GRAS revocation) and Canada due to industrial trans fats.
6001224307535,Creamy Honey & mustard slad dressing,The kitchen,"Condiments, Sauces, Salad dressings",CAT_12,TBHQ (Tertiary Butylhydroquinone) (E319),Additive (INS/E-Code),JP,Banned in JP according to additive rulebook. Functional Class: Antioxidant.
0794712831693,Banana chips,Beyond snack,crisps,CAT_15,TBHQ (Tertiary Butylhydroquinone) (E319),Additive (INS/E-Code),JP,Banned in JP according to additive rulebook. Functional Class: Antioxidant.
0050000032631,Rich Chocolate Flavor Hot Cocoa Mix,Nestlé,"Beverages, Hot cocoa mix, en:dehydrated-beverages",CAT_14,Partially Hydrogenated Oil (PHO),Ingredient (Null INS),"US, CA",Banned in US (FDA 2018 GRAS revocation) and Canada due to industrial trans fats.
0058496464783,M&m’s,Mars Canada,,Unknown,Titanium Dioxide (E171),Additive (INS/E-Code),EU,Banned in EU according to additive rulebook. Functional Class: Colorant.
0786832900236,Focaccia,Royal Kitchens  Inc,"Plant-based foods and beverages, Plant-based foods, Cereals and potatoes, Breads",CAT_14,Potassium Bromate (E924A),Additive (INS/E-Code),"EU, IN","Banned in EU, IN according to additive rulebook. Functional Class: FLOUR_TREATMENT_AGENT."
0786832900236,Focaccia,Royal Kitchens  Inc,"Plant-based foods and beverages, Plant-based foods, Cereals and potatoes, Breads",CAT_14,Potassium Bromate,Ingredient (Flour Treatment),"IN, EU, UK, JP","Banned in India (FSSAI 2016), EU, UK, and Japan due to genotoxic carcinogenicity."
0040000151463,"Snickers, chocolate bar",Snickers,"Snacks, Sweet snacks, Cocoa and its products, Confectioneries, Chocolate candies",CAT_15,Partially Hydrogenated Oil (PHO),Ingredient (Null INS),"US, CA",Banned in US (FDA 2018 GRAS revocation) and Canada due to industrial trans fats.
0021130266326,Chocolate Candy Coating,"Signature Kitchens,  Safeway  Inc.",undefined,Unknown,Partially Hydrogenated Oil (PHO),Ingredient (Null INS),"US, CA",Banned in US (FDA 2018 GRAS revocation) and Canada due to industrial trans fats.
0021130501731,"Signature kitchens, sharks snacks, assorted fruit","Signature Kitchens,  Safeway  Inc.","Snacks, Sweet snacks, Confectioneries",CAT_15,Partially Hydrogenated Oil (PHO),Ingredient (Null INS),"US, CA",Banned in US (FDA 2018 GRAS revocation) and Canada due to industrial trans fats.
0040000393146,"Snickers, candy bar",Snickers,"Snacks, Sweet snacks, Confectioneries",CAT_15,Partially Hydrogenated Oil (PHO),Ingredient (Null INS),"US, CA",Banned in US (FDA 2018 GRAS revocation) and Canada due to industrial trans fats.
0072554218903,Nestle drumstick triple chocolate king size sundae cone 7.5 oz,Nestlé,,Unknown,Partially Hydrogenated Oil (PHO),Ingredient (Null INS),"US, CA",Banned in US (FDA 2018 GRAS revocation) and Canada due to industrial trans fats.
0044000060411,Birthday Cake Flavor Creme Oreo Chocolate Sandwich Cookies,Oreo,,Unknown,Erythrosine (E127),Additive (INS/E-Code),US,Banned in US according to additive rulebook. Functional Class: Additive.
6009188007492,Maggi: 2 Minutes Noodles,Nestle,"Dried products,Pastas,Dried products to be rehydrated,Noodles,Instant noodles",CAT_06,TBHQ (Tertiary Butylhydroquinone) (E319),Additive (INS/E-Code),JP,Banned in JP according to additive rulebook. Functional Class: Antioxidant.
0745367363480,"Target corporation, marbled egg shaped confetti","Target Corporation,  Brand's Country Kitchen Supplies  Inc.",Baking decorations,Unknown,Erythrosine (E127),Additive (INS/E-Code),US,Banned in US according to additive rulebook. Functional Class: Additive.
0745367363480,"Target corporation, marbled egg shaped confetti","Target Corporation,  Brand's Country Kitchen Supplies  Inc.",Baking decorations,Unknown,Partially Hydrogenated Oil (PHO),Ingredient (Null INS),"US, CA",Banned in US (FDA 2018 GRAS revocation) and Canada due to industrial trans fats.
0745367368027,Sprinkles Decorating Candies,Brand's Country Kitchen Supplies  Inc.,Baking decorations,Unknown,Erythrosine (E127),Additive (INS/E-Code),US,Banned in US according to additive rulebook. Functional Class: Additive.
0040000449287,"Snickers, peanut butter egg",Snickers,"Snacks, Sweet snacks, Confectioneries",CAT_15,Partially Hydrogenated Oil (PHO),Ingredient (Null INS),"US, CA",Banned in US (FDA 2018 GRAS revocation) and Canada due to industrial trans fats.
0040000492474,"Snickers, mixed nuts candy bar",Snickers,"Snacks, Sweet snacks, Confectioneries",CAT_15,Partially Hydrogenated Oil (PHO),Ingredient (Null INS),"US, CA",Banned in US (FDA 2018 GRAS revocation) and Canada due to industrial trans fats.
0072417159688,"Cadbury, cookies",Cadbury,"Snacks, Sweet snacks, Biscuits and cakes, Biscuits",CAT_15,Titanium Dioxide (E171),Additive (INS/E-Code),EU,Banned in EU according to additive rulebook. Functional Class: Colorant.
0066721026637,Birthday Cake Flavour OREO Chocolate Sandwich Cookies,Oreo,,Unknown,Erythrosine (E127),Additive (INS/E-Code),US,Banned in US according to additive rulebook. Functional Class: Additive.
9556001267948,Jap ter noodles,Nestle,"Plant-based foods and beverages, Plant-based foods, Dried products, Pastas, Dried products to be rehydrated, Noodles, Instant noodles",CAT_14,TBHQ (Tertiary Butylhydroquinone) (E319),Additive (INS/E-Code),JP,Banned in JP according to additive rulebook. Functional Class: Antioxidant.
3509140020314,Malabar,Cadbury,"Snacks, Snacks sucrés, Confiseries, Chewing-gum",CAT_15,Titanium Dioxide (E171),Additive (INS/E-Code),EU,Banned in EU according to additive rulebook. Functional Class: Colorant.
0028000525538,Mexican style instant hot chocolate mix,nestle abuelita,,Unknown,Partially Hydrogenated Oil (PHO),Ingredient (Null INS),"US, CA",Banned in US (FDA 2018 GRAS revocation) and Canada due to industrial trans fats.
0038000391200,Sweetened multi-grain cereal,Kellogg's,"Plant-based foods and beverages, Plant-based foods, Breakfasts, Cereals and potatoes, Cereals and their products, Breakfast cereals, Extruded cereals",CAT_15,Partially Hydrogenated Oil (PHO),Ingredient (Null INS),"US, CA",Banned in US (FDA 2018 GRAS revocation) and Canada due to industrial trans fats.
0061200019636,Dairy Milk Mini Bars,Cadbury,,Unknown,Titanium Dioxide (E171),Additive (INS/E-Code),EU,Banned in EU according to additive rulebook. Functional Class: Colorant.
0050000334803,Vanilla Caramel Zero Sugar Coffee Mate,Nestlé,"Beverages and beverages preparations, Plant-based foods and beverages, Beverages, Dairy substitutes, Hot beverages, Milk substitutes, Beverage preparations, Instant beverages, Unsweetened beverages, Creamer",CAT_14,Partially Hydrogenated Oil (PHO),Ingredient (Null INS),"US, CA",Banned in US (FDA 2018 GRAS revocation) and Canada due to industrial trans fats.
0071214040694,"Old home kitchens, angel foods cake",Old Home Kitchens,"Snacks, Sweet snacks, Biscuits and cakes, Cakes",CAT_15,Partially Hydrogenated Oil (PHO),Ingredient (Null INS),"US, CA",Banned in US (FDA 2018 GRAS revocation) and Canada due to industrial trans fats.
0028000511159,Beef Flavor Bouillon,Maggi,,Unknown,TBHQ (Tertiary Butylhydroquinone) (E319),Additive (INS/E-Code),JP,Banned in JP according to additive rulebook. Functional Class: Antioxidant.
0028000511159,Beef Flavor Bouillon,Maggi,,Unknown,Partially Hydrogenated Oil (PHO),Ingredient (Null INS),"US, CA",Banned in US (FDA 2018 GRAS revocation) and Canada due to industrial trans fats.
0073402356006,Seasonal fine donuts,"Country Kitchen,  Lepage Bakeries  Inc.","Snacks, Sweet snacks, Biscuits and cakes, Cakes",CAT_15,Partially Hydrogenated Oil (PHO),Ingredient (Null INS),"US, CA",Banned in US (FDA 2018 GRAS revocation) and Canada due to industrial trans fats.
0021130558117,Candy,"Signature Kitchens,  Safeway  Inc.","Snacks, Sweet snacks, Confectioneries",CAT_15,Titanium Dioxide (E171),Additive (INS/E-Code),EU,Banned in EU according to additive rulebook. Functional Class: Colorant.
0028000213190,"Granulated Bouillon, Chicken",Maggi,"Condiments, Groceries",CAT_12,Partially Hydrogenated Oil (PHO),Ingredient (Null INS),"US, CA",Banned in US (FDA 2018 GRAS revocation) and Canada due to industrial trans fats.
0050000127665,Fat free french vanilla coffee creamer,Nestlé,"Plant-based foods and beverages, Dairy substitutes, Milk substitutes, Creamer",CAT_14,Partially Hydrogenated Oil (PHO),Ingredient (Null INS),"US, CA",Banned in US (FDA 2018 GRAS revocation) and Canada due to industrial trans fats.
0727436598283,Jelly Beans,Kelly's candy kitchen,"Snacks, Sweet snacks, Confectioneries",CAT_15,Erythrosine (E127),Additive (INS/E-Code),US,Banned in US according to additive rulebook. Functional Class: Additive.
0745367367273,"Target corporation, holiday crystal sugars","Target Corporation,  Brand's Country Kitchen Supplies  Inc.","Sweeteners, Sugars",CAT_11,Erythrosine (E127),Additive (INS/E-Code),US,Banned in US according to additive rulebook. Functional Class: Additive.
0852216003722,Fried Fresh In Store Tortilla Chips,Cosentino's Kitchens,en:corn-chips,CAT_15,Erythrosine (E127),Additive (INS/E-Code),US,Banned in US according to additive rulebook. Functional Class: Additive.
0760263000949,"A warming homestyle soup with chunks of potatoes, onions, carrots and herbs soup mix, chunky potato","Bear Creek Country Kitchens,  B&G Foods North America  Inc.","Meals, Soups",CAT_12,Titanium Dioxide (E171),Additive (INS/E-Code),EU,Banned in EU according to additive rulebook. Functional Class: Colorant.
0760263911207,Cheddar broccoli pasta mix,Bear Creek Country Kitchens,"Meals, Pasta dishes",CAT_06,Partially Hydrogenated Oil (PHO),Ingredient (Null INS),"US, CA",Banned in US (FDA 2018 GRAS revocation) and Canada due to industrial trans fats.
0028000202033,"Nestle, butterfinger",Nestlé,"Snacks, Sweet snacks, Cocoa and its products, Confectioneries, Bars, Chocolate candies, Candies, Bars covered with chocolate",CAT_15,TBHQ (Tertiary Butylhydroquinone) (E319),Additive (INS/E-Code),JP,Banned in JP according to additive rulebook. Functional Class: Antioxidant.
0050000143740,Hot cocoa mix,Nestle,"Beverages, Dried products, Dried products to be rehydrated, Dehydrated beverages",CAT_14,Partially Hydrogenated Oil (PHO),Ingredient (Null INS),"US, CA",Banned in US (FDA 2018 GRAS revocation) and Canada due to industrial trans fats.
0858883001177,Chicken Eggrolls,Spring Kitchen,Frozen foods,Unknown,Potassium Bromate (E924A),Additive (INS/E-Code),"EU, IN","Banned in EU, IN according to additive rulebook. Functional Class: FLOUR_TREATMENT_AGENT."
0858883001177,Chicken Eggrolls,Spring Kitchen,Frozen foods,Unknown,Potassium Bromate,Ingredient (Flour Treatment),"IN, EU, UK, JP","Banned in India (FSSAI 2016), EU, UK, and Japan due to genotoxic carcinogenicity."
0038000863509,Apple Jacks,Kellogg's,,Unknown,Partially Hydrogenated Oil (PHO),Ingredient (Null INS),"US, CA",Banned in US (FDA 2018 GRAS revocation) and Canada due to industrial trans fats.
0786832614218,Fresh Spinach & Feta Cheese Focaccia Bread,Royal Kitchens  Inc,"Plant-based foods and beverages, Plant-based foods, Cereals and potatoes, Breads",CAT_14,Potassium Bromate (E924A),Additive (INS/E-Code),"EU, IN","Banned in EU, IN according to additive rulebook. Functional Class: FLOUR_TREATMENT_AGENT."
0786832614218,Fresh Spinach & Feta Cheese Focaccia Bread,Royal Kitchens  Inc,"Plant-based foods and beverages, Plant-based foods, Cereals and potatoes, Breads",CAT_14,Potassium Bromate,Ingredient (Flour Treatment),"IN, EU, UK, JP","Banned in India (FSSAI 2016), EU, UK, and Japan due to genotoxic carcinogenicity."
0021130116935,"Signature kitchens, halloween cookies, chocolate chip","Signature Kitchens,  Safeway  Inc.","Plant-based foods and beverages, Plant-based foods, Cereals and potatoes, Cereals and their products, Pie dough",CAT_14,Titanium Dioxide (E171),Additive (INS/E-Code),EU,Banned in EU according to additive rulebook. Functional Class: Colorant.
0021130116935,"Signature kitchens, halloween cookies, chocolate chip","Signature Kitchens,  Safeway  Inc.","Plant-based foods and beverages, Plant-based foods, Cereals and potatoes, Cereals and their products, Pie dough",CAT_14,Partially Hydrogenated Oil (PHO),Ingredient (Null INS),"US, CA",Banned in US (FDA 2018 GRAS revocation) and Canada due to industrial trans fats.
0021130116997,"Signature kitchens, break & bake easter cookie dough, chocolate chip","Signature Kitchens,  Safeway  Inc.","Plant-based foods and beverages, Plant-based foods, Cereals and potatoes, Cereals and their products, Pie dough",CAT_14,Erythrosine (E127),Additive (INS/E-Code),US,Banned in US according to additive rulebook. Functional Class: Additive.
0021130116997,"Signature kitchens, break & bake easter cookie dough, chocolate chip","Signature Kitchens,  Safeway  Inc.","Plant-based foods and beverages, Plant-based foods, Cereals and potatoes, Cereals and their products, Pie dough",CAT_14,Titanium Dioxide (E171),Additive (INS/E-Code),EU,Banned in EU according to additive rulebook. Functional Class: Colorant.
0021130116997,"Signature kitchens, break & bake easter cookie dough, chocolate chip","Signature Kitchens,  Safeway  Inc.","Plant-based foods and beverages, Plant-based foods, Cereals and potatoes, Cereals and their products, Pie dough",CAT_14,Partially Hydrogenated Oil (PHO),Ingredient (Null INS),"US, CA",Banned in US (FDA 2018 GRAS revocation) and Canada due to industrial trans fats.
3538280842647,"Malabar Tutti Frutti 200x, 1 Boîte",Cadbury,en:chewing-gum,Unknown,Titanium Dioxide (E171),Additive (INS/E-Code),EU,Banned in EU according to additive rulebook. Functional Class: Colorant.
0013000888332,Heinz tomato spaghetti sauce,Heinz,,Unknown,Partially Hydrogenated Oil (PHO),Ingredient (Null INS),"US, CA",Banned in US (FDA 2018 GRAS revocation) and Canada due to industrial trans fats.
0073402345000,Plain donuts,"Country Kitchen,  Lepage Bakeries  Inc.","Snacks, Sweet snacks, Biscuits and cakes, Cakes",CAT_15,Partially Hydrogenated Oil (PHO),Ingredient (Null INS),"US, CA",Banned in US (FDA 2018 GRAS revocation) and Canada due to industrial trans fats.
0722652690049,Sausage Egg & Cheese On Biscuit,Buddy's Kitchen  Inc.,,Unknown,Partially Hydrogenated Oil (PHO),Ingredient (Null INS),"US, CA",Banned in US (FDA 2018 GRAS revocation) and Canada due to industrial trans fats.
0021130502554,Loaded mashed potatoes,Signature Kitchens,Meals,Unknown,Erythrosine (E127),Additive (INS/E-Code),US,Banned in US according to additive rulebook. Functional Class: Additive.
0021130557981,Jelly Bean Candy,"Signature Kitchens,  Safeway  Inc.",undefined,Unknown,Erythrosine (E127),Additive (INS/E-Code),US,Banned in US according to additive rulebook. Functional Class: Additive.
0028000515911,"Pollo soup mix, creamy chicken",maggi,"Meals, Soups",CAT_12,TBHQ (Tertiary Butylhydroquinone) (E319),Additive (INS/E-Code),JP,Banned in JP according to additive rulebook. Functional Class: Antioxidant.
0028000515911,"Pollo soup mix, creamy chicken",maggi,"Meals, Soups",CAT_12,Partially Hydrogenated Oil (PHO),Ingredient (Null INS),"US, CA",Banned in US (FDA 2018 GRAS revocation) and Canada due to industrial trans fats.
0028000089009,Fudge bar in milk chocolate,Nestlé,"Snacks, Sweet snacks, Cocoa and its products, Confectioneries, Chocolate candies",CAT_15,TBHQ (Tertiary Butylhydroquinone) (E319),Additive (INS/E-Code),JP,Banned in JP according to additive rulebook. Functional Class: Antioxidant.
0745367363497,Easter Decor Mix,Brand's Country Kitchen Supplies  Inc.,Baking decorations,Unknown,Erythrosine (E127),Additive (INS/E-Code),US,Banned in US according to additive rulebook. Functional Class: Additive.
0745367363497,Easter Decor Mix,Brand's Country Kitchen Supplies  Inc.,Baking decorations,Unknown,Partially Hydrogenated Oil (PHO),Ingredient (Null INS),"US, CA",Banned in US (FDA 2018 GRAS revocation) and Canada due to industrial trans fats.
0745367366511,Halloween Decorating Candies,"Target Corporation,  Brand's Country Kitchen Supplies  Inc.","Festive foods, Halloween foods and drinks",CAT_14,Titanium Dioxide (E171),Additive (INS/E-Code),EU,Banned in EU according to additive rulebook. Functional Class: Colorant.
0745367366511,Halloween Decorating Candies,"Target Corporation,  Brand's Country Kitchen Supplies  Inc.","Festive foods, Halloween foods and drinks",CAT_14,Partially Hydrogenated Oil (PHO),Ingredient (Null INS),"US, CA",Banned in US (FDA 2018 GRAS revocation) and Canada due to industrial trans fats.
0745367366542,Eerie Bats & Bones Decorating Candies,"Target Corporation,  Brand's Country Kitchen Supplies  Inc.",,Unknown,Titanium Dioxide (E171),Additive (INS/E-Code),EU,Banned in EU according to additive rulebook. Functional Class: Colorant.
0028000515751,Strawberry Lowfat Milk,"Nesquik,Nestlé","Bebidas y preparaciones de bebidas,Bebidas,Lácteos,Bebida lácteas,Leches aromatizadas,Bebidas no alcohólicas,en:Strawberry milks,Bebidas azucaradas",CAT_01,Erythrosine (E127),Additive (INS/E-Code),US,Banned in US according to additive rulebook. Functional Class: Additive.
0609099781021,Candies,Kitchen Fresh Candies,"Snacks, Sweet snacks, Cocoa and its products, Confectioneries, Chocolate candies",CAT_15,Partially Hydrogenated Oil (PHO),Ingredient (Null INS),"US, CA",Banned in US (FDA 2018 GRAS revocation) and Canada due to industrial trans fats.
0042272008148,Vegetable Lasagna With Daiya Cheeze,"Amy's,  Amy's Kitchen Inc.",undefined,Unknown,Titanium Dioxide (E171),Additive (INS/E-Code),EU,Banned in EU according to additive rulebook. Functional Class: Colorant.
0044000085063,Reese's Peanut Buttery Creme with Oreo Cookie Crumbs Chocolate Sandwich Cookies,Oreo,,Unknown,TBHQ (Tertiary Butylhydroquinone) (E319),Additive (INS/E-Code),JP,Banned in JP according to additive rulebook. Functional Class: Antioxidant.
0786832820428,"Wild Rice, Onion & Dill Dinner Rolls",Royal Kitchens,"Plant-based foods and beverages, Plant-based foods, Cereals and potatoes, Breads",CAT_14,Potassium Bromate (E924A),Additive (INS/E-Code),"EU, IN","Banned in EU, IN according to additive rulebook. Functional Class: FLOUR_TREATMENT_AGENT."
0786832820428,"Wild Rice, Onion & Dill Dinner Rolls",Royal Kitchens,"Plant-based foods and beverages, Plant-based foods, Cereals and potatoes, Breads",CAT_14,Potassium Bromate,Ingredient (Flour Treatment),"IN, EU, UK, JP","Banned in India (FSSAI 2016), EU, UK, and Japan due to genotoxic carcinogenicity."
0884912273116,Oreo O's Cereal,"Oreo, Post","Plant-based foods and beverages, Plant-based foods, Breakfasts, Cereals and potatoes, Cereals and their products, Breakfast cereals, Extruded cereals",CAT_15,Titanium Dioxide (E171),Additive (INS/E-Code),EU,Banned in EU according to additive rulebook. Functional Class: Colorant.
0021130118755,Frosted Donut Holes,"Safeway Kitchens,  Safeway  Inc.",undefined,Unknown,Partially Hydrogenated Oil (PHO),Ingredient (Null INS),"US, CA",Banned in US (FDA 2018 GRAS revocation) and Canada due to industrial trans fats.
5010238014729,Creme Egg Ice Cream,Cadbury,"Desserts, Frozen foods, Frozen desserts, Ice creams and sorbets, Ice creams",CAT_03,Titanium Dioxide (E171),Additive (INS/E-Code),EU,Banned in EU according to additive rulebook. Functional Class: Colorant.
0637913877889,Snickers Crunchy Peanut Butter,Snickers,"Snacks, Snacks sucrés, Cacao et dérivés, Confiseries, Barres, Confiseries chocolatées, Barres chocolatées, Barres chocolatées aux fruits oléagineux",CAT_15,TBHQ (Tertiary Butylhydroquinone) (E319),Additive (INS/E-Code),JP,Banned in JP according to additive rulebook. Functional Class: Antioxidant.
0050000652860,Italian Sweet Creme Creamer,Nestlé,,Unknown,TBHQ (Tertiary Butylhydroquinone) (E319),Additive (INS/E-Code),JP,Banned in JP according to additive rulebook. Functional Class: Antioxidant.
0021130479450,Thousand Island Dressing & Spread,"Safe way kitchens, Safeway  Inc.","Condiments, Sauces, Salad dressings, Thousand island dressing, Groceries",CAT_12,Titanium Dioxide (E171),Additive (INS/E-Code),EU,Banned in EU according to additive rulebook. Functional Class: Colorant.
0021130501748,Fruit Flavored Snacks,"Signature Kitchens,  Safeway  Inc.",undefined,Unknown,Partially Hydrogenated Oil (PHO),Ingredient (Null INS),"US, CA",Banned in US (FDA 2018 GRAS revocation) and Canada due to industrial trans fats.
0893447001415,Barbeque Flavored Chicken,Hart Asian Kitchen,"Meats and their products, Frozen foods, Meats, Chicken and its products, Poultries, Chickens",CAT_08,Partially Hydrogenated Oil (PHO),Ingredient (Null INS),"US, CA",Banned in US (FDA 2018 GRAS revocation) and Canada due to industrial trans fats.
0038000391033,Honey Smacks,Kellogg's,"Plant-based foods and beverages, Plant-based foods, Breakfasts, Cereals and potatoes, Cereals and their products, Breakfast cereals",CAT_14,Partially Hydrogenated Oil (PHO),Ingredient (Null INS),"US, CA",Banned in US (FDA 2018 GRAS revocation) and Canada due to industrial trans fats.
0745367367242,Decorating Candies,Brand's Country Kitchen Supplies  Inc.,Baking decorations,Unknown,Titanium Dioxide (E171),Additive (INS/E-Code),EU,Banned in EU according to additive rulebook. Functional Class: Colorant.
0745367368195,Easter Decors Mix,Brand's Country Kitchen Supplies  Inc.,Baking decorations,Unknown,Erythrosine (E127),Additive (INS/E-Code),US,Banned in US according to additive rulebook. Functional Class: Additive.
0745367368195,Easter Decors Mix,Brand's Country Kitchen Supplies  Inc.,Baking decorations,Unknown,Partially Hydrogenated Oil (PHO),Ingredient (Null INS),"US, CA",Banned in US (FDA 2018 GRAS revocation) and Canada due to industrial trans fats.
9300650454088,Oreo Caramilk Double Stuff,Cadbury,,Unknown,TBHQ (Tertiary Butylhydroquinone) (E319),Additive (INS/E-Code),JP,Banned in JP according to additive rulebook. Functional Class: Antioxidant.
0822486174194,Tapioca Pudding,Katys Kitchen,Desserts,Unknown,Partially Hydrogenated Oil (PHO),Ingredient (Null INS),"US, CA",Banned in US (FDA 2018 GRAS revocation) and Canada due to industrial trans fats.
0028000510411,Soup mix chkn ndle,Maggi,"Meals, Soups",CAT_12,TBHQ (Tertiary Butylhydroquinone) (E319),Additive (INS/E-Code),JP,Banned in JP according to additive rulebook. Functional Class: Antioxidant.
0028000510411,Soup mix chkn ndle,Maggi,"Meals, Soups",CAT_12,Partially Hydrogenated Oil (PHO),Ingredient (Null INS),"US, CA",Banned in US (FDA 2018 GRAS revocation) and Canada due to industrial trans fats.
0071214054301,Cake,Old Home Kitchens,"Snacks, Sweet snacks, Biscuits and cakes, Cakes",CAT_15,Partially Hydrogenated Oil (PHO),Ingredient (Null INS),"US, CA",Banned in US (FDA 2018 GRAS revocation) and Canada due to industrial trans fats.
0055000196659,Brown gravy mix,Nestlé Professional,,Unknown,Titanium Dioxide (E171),Additive (INS/E-Code),EU,Banned in EU according to additive rulebook. Functional Class: Colorant.
0044000061074,Chocolate marshmallow family size,Oreo,,Unknown,Titanium Dioxide (E171),Additive (INS/E-Code),EU,Banned in EU according to additive rulebook. Functional Class: Colorant.
7891000289747,Biscoito Nesfit Maçã e Canela,Nestle,"Lanches comida, Lanches doces, Biscoitos e Bolos, Biscoitos, en:Biscoito",Unknown,TBHQ (Tertiary Butylhydroquinone) (E319),Additive (INS/E-Code),JP,Banned in JP according to additive rulebook. Functional Class: Antioxidant.
8901001555815,Mida´s Tandoori Curry Paste,Mida's,"Condiments, Sauces, Pâtes de curry, Sauces indiennes, Sauces tandoori, en:Groceries",CAT_12,Ponceau 4R (E124),Additive (INS/E-Code),US,Banned in US according to additive rulebook. Functional Class: Additive.
8901030421501,Cassatta,Kwality Wall's,"Desserts, Frozen foods, Frozen desserts, Ice creams and sorbets, Ice creams",CAT_03,Carmoisine (E122),Additive (INS/E-Code),"JP, US","Banned in JP, US according to additive rulebook. Functional Class: Additive."
8901030421501,Cassatta,Kwality Wall's,"Desserts, Frozen foods, Frozen desserts, Ice creams and sorbets, Ice creams",CAT_03,Ponceau 4R (E124),Additive (INS/E-Code),US,Banned in US according to additive rulebook. Functional Class: Additive.
8901030535048,Kissan Mix Fruit Jam,Kisaan,"Plant-based foods and beverages, Plant-based foods, Breakfasts, Fruits and vegetables based foods, Spreads, Fruits based foods, Plant-based spreads, Sweet spreads, Fruit and vegetable preserves, Jams, Tropical fruit jams",CAT_14,Carmoisine (E122),Additive (INS/E-Code),"JP, US","Banned in JP, US according to additive rulebook. Functional Class: Additive."
8901595963461,Manchow Instant Noodles,Capital Foods,"Plant-based foods and beverages, Plant-based foods, Cereals and potatoes, Cereals and their products, Dried products, Pastas, Dried products to be rehydrated, Noodles, Instant noodles",CAT_14,TBHQ (Tertiary Butylhydroquinone) (E319),Additive (INS/E-Code),JP,Banned in JP according to additive rulebook. Functional Class: Antioxidant.
8901652140583,Puff choco vanilla flavoured sandwich biscuits,Priyagold,biscuits,CAT_07,Ponceau 4R (E124),Additive (INS/E-Code),US,Banned in US according to additive rulebook. Functional Class: Additive.
8901725134723,Bounce Choco Twist,Sunfeast,"Snacks, Sweet snacks, Biscuits and cakes, Biscuits, Chocolate biscuits",CAT_15,Carmoisine (E122),Additive (INS/E-Code),"JP, US","Banned in JP, US according to additive rulebook. Functional Class: Additive."
8902268002326,Dream LITE,Anmol,Buscuit,Unknown,Ponceau 4R (E124),Additive (INS/E-Code),US,Banned in US according to additive rulebook. Functional Class: Additive.
8906001386032,Sandwich cookies,Twinnies,,Unknown,TBHQ (Tertiary Butylhydroquinone) (E319),Additive (INS/E-Code),JP,Banned in JP according to additive rulebook. Functional Class: Antioxidant.
8906002005284,Pizza topping sauce,Dr. Oetker,Spreads,Unknown,TBHQ (Tertiary Butylhydroquinone) (E319),Additive (INS/E-Code),JP,Banned in JP according to additive rulebook. Functional Class: Antioxidant.
8906023413501,Fantasia Ice Cream Sandwich,Cream Bell,"Desserts, Frozen foods, Frozen desserts, Ice creams and sorbets, Ice creams, Ice cream sandwiches",CAT_03,TBHQ (Tertiary Butylhydroquinone) (E319),Additive (INS/E-Code),JP,Banned in JP according to additive rulebook. Functional Class: Antioxidant.
6009510804782,Potato Chips Salted,Lay's,"Aliments et boissons à base de végétaux, Aliments d'origine végétale, Snacks, Céréales et pommes de terre, Snacks salés, Amuse-gueules, Chips et frites, Chips, Chips de pommes de terre, Chips de pommes de terre à l'huile de tournesol",CAT_15,TBHQ (Tertiary Butylhydroquinone) (E319),Additive (INS/E-Code),JP,Banned in JP according to additive rulebook. Functional Class: Antioxidant.
8901262173438,Frozen Yoghurt - Strawberry flavour,Amul,,Unknown,Erythrosine (E127),Additive (INS/E-Code),US,Banned in US according to additive rulebook. Functional Class: Additive.
8901262173438,Frozen Yoghurt - Strawberry flavour,Amul,,Unknown,Ponceau 4R (E124),Additive (INS/E-Code),US,Banned in US according to additive rulebook. Functional Class: Additive.
8901777759127,Vadilal Gourmet Nutty Belgian Dark chocolate Super Premium Ice Cream,Vadilal,"Desserts, Frozen foods, Frozen desserts, Ice creams and sorbets, Ice creams",CAT_03,Ponceau 4R (E124),Additive (INS/E-Code),US,Banned in US according to additive rulebook. Functional Class: Additive.
8901014004836,cup noodles,Nissin,,Unknown,TBHQ (Tertiary Butylhydroquinone) (E319),Additive (INS/E-Code),JP,Banned in JP according to additive rulebook. Functional Class: Antioxidant.
8908006135516,Moraz Strawberry Crush,Moraz,beverages,CAT_14,Carmoisine (E122),Additive (INS/E-Code),"JP, US","Banned in JP, US according to additive rulebook. Functional Class: Additive."
8908006135516,Moraz Strawberry Crush,Moraz,beverages,CAT_14,Erythrosine (E127),Additive (INS/E-Code),US,Banned in US according to additive rulebook. Functional Class: Additive.
8901512144805,Peanut butter,Sundrop,"Aliments et boissons à base de végétaux, Aliments d'origine végétale, Légumineuses et dérivés, Produits à tartiner, Fruits à coques et dérivés, Pâtes à tartiner végétales, Purées d'oléagineux, Beurres de légumineuses, Beurres de fruits à coques, Beurres de cacahuètes",CAT_04,TBHQ (Tertiary Butylhydroquinone) (E319),Additive (INS/E-Code),JP,Banned in JP according to additive rulebook. Functional Class: Antioxidant.
8906021924344,Fruitilicious Fruit Blast Mixed Fruit Jam,Apis,"Plant-based foods and beverages, Plant-based foods, Breakfasts, Spreads, Plant-based spreads, Sweet spreads, Fruit and vegetable preserves, Jams",CAT_14,Carmoisine (E122),Additive (INS/E-Code),"JP, US","Banned in JP, US according to additive rulebook. Functional Class: Additive."
8906002000074,Dr. Oetket,Dr. Oetker,,Unknown,TBHQ (Tertiary Butylhydroquinone) (E319),Additive (INS/E-Code),JP,Banned in JP according to additive rulebook. Functional Class: Antioxidant.
8901044624912,mapro butterscotch syrup,Unknown Brand,,Unknown,Carmoisine (E122),Additive (INS/E-Code),"JP, US","Banned in JP, US according to additive rulebook. Functional Class: Additive."
8901972058643,Wafers,,"Snacks, Sweet snacks, Biscuits and cakes, Biscuits",CAT_15,Erythrosine (E127),Additive (INS/E-Code),US,Banned in US according to additive rulebook. Functional Class: Additive.
8901207006883,Sesame oil,,"Plant-based foods and beverages, Plant-based foods, Fats, Vegetable fats, Vegetable oils",CAT_14,TBHQ (Tertiary Butylhydroquinone) (E319),Additive (INS/E-Code),JP,Banned in JP according to additive rulebook. Functional Class: Antioxidant.
8901725100025,B Natural Mixed fruit 1ltr tpk,ITC Limied,Fruit juices,CAT_14,Titanium Dioxide (E171),Additive (INS/E-Code),EU,Banned in EU according to additive rulebook. Functional Class: Colorant.
8901044200284,mapro mixed fruit jam,mapro,"Plant-based foods and beverages, Plant-based foods, Breakfasts, Spreads, Plant-based spreads, Sweet spreads, Fruit and vegetable preserves, Jams, Mixed fruit jams",CAT_14,Carmoisine (E122),Additive (INS/E-Code),"JP, US","Banned in JP, US according to additive rulebook. Functional Class: Additive."
8901063139213,Brit bourbon 150g (sys),Britannia,"Snacks, Sweet snacks, Biscuits and cakes, Biscuits and crackers, Biscuits, en:chocolate-biscuits",CAT_15,Carmoisine (E122),Additive (INS/E-Code),"JP, US","Banned in JP, US according to additive rulebook. Functional Class: Additive."
8906002004331,Funfoods Pasta and Pizza Sauce,Dr. oetker,"Condiments, Sauces, Pasta sauces, Pizza sauces, Groceries",CAT_06,TBHQ (Tertiary Butylhydroquinone) (E319),Additive (INS/E-Code),JP,Banned in JP according to additive rulebook. Functional Class: Antioxidant.
8901063362871,cake nut & raisin,britannia,"Snacks,Sweet snacks,Biscuits and cakes,Cakes,Soft cake with nuts",CAT_15,Carmoisine (E122),Additive (INS/E-Code),"JP, US","Banned in JP, US according to additive rulebook. Functional Class: Additive."
8906005618726,Pineapple Cake,winkles,"Snacks, Desserts, Sweet snacks, Biscuits and cakes, Cakes",CAT_15,Fast Green FCF (E143),Additive (INS/E-Code),"EU, UK","Banned in EU, UK according to additive rulebook. Functional Class: Additive."
8906005618726,Pineapple Cake,winkles,"Snacks, Desserts, Sweet snacks, Biscuits and cakes, Cakes",CAT_15,Ponceau 4R (E124),Additive (INS/E-Code),US,Banned in US according to additive rulebook. Functional Class: Additive.
8901063155282,Tiger Krunch Chocochips,Britannia,"Snacks, Sweet snacks, Biscuits and cakes, Biscuits, Chocolate biscuits",CAT_15,Ponceau 4R (E124),Additive (INS/E-Code),US,Banned in US according to additive rulebook. Functional Class: Additive.
8901014002054,Top Ramen Masala Noodles,Nissin,"Plant-based foods and beverages, Plant-based foods, Pastas, Noodles, en:instant-noodles",CAT_14,TBHQ (Tertiary Butylhydroquinone) (E319),Additive (INS/E-Code),JP,Banned in JP according to additive rulebook. Functional Class: Antioxidant.
7622201798260,Cadbury gems,Cadbury,"Snacks,Sweet snacks,Cocoa and its products,Confectioneries,Chocolate candies,Sugar coated chocolate confectioneries",CAT_15,Carmoisine (E122),Additive (INS/E-Code),"JP, US","Banned in JP, US according to additive rulebook. Functional Class: Additive."
7622201798260,Cadbury gems,Cadbury,"Snacks,Sweet snacks,Cocoa and its products,Confectioneries,Chocolate candies,Sugar coated chocolate confectioneries",CAT_15,Erythrosine (E127),Additive (INS/E-Code),US,Banned in US according to additive rulebook. Functional Class: Additive.
7622201798260,Cadbury gems,Cadbury,"Snacks,Sweet snacks,Cocoa and its products,Confectioneries,Chocolate candies,Sugar coated chocolate confectioneries",CAT_15,Ponceau 4R (E124),Additive (INS/E-Code),US,Banned in US according to additive rulebook. Functional Class: Additive.
7622201798260,Cadbury gems,Cadbury,"Snacks,Sweet snacks,Cocoa and its products,Confectioneries,Chocolate candies,Sugar coated chocolate confectioneries",CAT_15,Titanium Dioxide (E171),Additive (INS/E-Code),EU,Banned in EU according to additive rulebook. Functional Class: Colorant.
8901014002566,Top Ramen,Nissin,"Plant-based foods and beverages,Plant-based foods,Meats and their products,Meats,Chicken and its products,Dried products,Poultries,Dried products to be rehydrated,Noodles,Chickens,Instant noodles",CAT_14,TBHQ (Tertiary Butylhydroquinone) (E319),Additive (INS/E-Code),JP,Banned in JP according to additive rulebook. Functional Class: Antioxidant.
8901725100117,B Natural Guava Juice 1ltr,,,Unknown,Ponceau 4R (E124),Additive (INS/E-Code),US,Banned in US according to additive rulebook. Functional Class: Additive.
4796001651513,Happydent white,Happydent,"Snacks, Sweet snacks, Confectioneries, Chewing gum",CAT_15,Carmoisine (E122),Additive (INS/E-Code),"JP, US","Banned in JP, US according to additive rulebook. Functional Class: Additive."
8901030831706,Mixed Fruit Jam,"Hindustan Unilever Limited, Kissan",,Unknown,Carmoisine (E122),Additive (INS/E-Code),"JP, US","Banned in JP, US according to additive rulebook. Functional Class: Additive."
8906002004430,Veg mayonnaise,Dr. Oetker,"Condiments, Sauces, Vegetarian sauces, Mayonnaises, Vegan sauces, Egg-free mayonnaises",CAT_10,TBHQ (Tertiary Butylhydroquinone) (E319),Additive (INS/E-Code),JP,Banned in JP according to additive rulebook. Functional Class: Antioxidant.
8906077360400,Bombay Puri,Jaimin,"Snacks, Puri",CAT_15,TBHQ (Tertiary Butylhydroquinone) (E319),Additive (INS/E-Code),JP,Banned in JP according to additive rulebook. Functional Class: Antioxidant.
8901014003181,top ramn,"Nissin,Top Ramen","Plant-based foods and beverages, Plant-based foods, Dried products, Pastas, Dried products to be rehydrated, Noodles, Instant noodles",CAT_14,TBHQ (Tertiary Butylhydroquinone) (E319),Additive (INS/E-Code),JP,Banned in JP according to additive rulebook. Functional Class: Antioxidant.
8908009419774,Savoriz,Bauli,"Plant-based foods and beverages, Snacks, Sweet snacks, Viennoiseries, Filled croissants, Puff roll",CAT_15,Partially Hydrogenated Oil (PHO),Ingredient (Null INS),"US, CA",Banned in US (FDA 2018 GRAS revocation) and Canada due to industrial trans fats.
8901595863044,Schezwan Chutney,Ching's Secret,Sauce,CAT_12,TBHQ (Tertiary Butylhydroquinone) (E319),Additive (INS/E-Code),JP,Banned in JP according to additive rulebook. Functional Class: Antioxidant.
8901030831690,kissan mixed fruit jam,kissan,"Plant-based foods and beverages,Plant-based foods,Breakfasts,Spreads,Plant-based spreads,Sweet spreads,Fruit and vegetable preserves,Jams,Tropical fruit jams",CAT_14,Carmoisine (E122),Additive (INS/E-Code),"JP, US","Banned in JP, US according to additive rulebook. Functional Class: Additive."
8901512144706,Peanut Butter Regular Creamy,Sundrop,"Plant-based foods and beverages,Plant-based foods,Legumes and their products,Spreads,Nuts and their products,Plant-based spreads,Oilseed purees,Legume butters,Nut butters,Peanut butters",CAT_14,TBHQ (Tertiary Butylhydroquinone) (E319),Additive (INS/E-Code),JP,Banned in JP according to additive rulebook. Functional Class: Antioxidant.
8908005144168,Protien bar,Yoga bar,Protein Energy Bars,Unknown,TBHQ (Tertiary Butylhydroquinone) (E319),Additive (INS/E-Code),JP,Banned in JP according to additive rulebook. Functional Class: Antioxidant.
8901014004744,Cup Noodles Mazedaar Masala,Nissin,"Noodles,Instant noodles",Unknown,TBHQ (Tertiary Butylhydroquinone) (E319),Additive (INS/E-Code),JP,Banned in JP according to additive rulebook. Functional Class: Antioxidant.
8901030846304,Cadbury Crackle,Hindustan Unilever limited,"Desserts, Frozen foods, Frozen desserts, Ice creams and sorbets, Ice creams, Ice cream tubs, Chocolate ice cream tubs",CAT_03,Carmoisine (E122),Additive (INS/E-Code),"JP, US","Banned in JP, US according to additive rulebook. Functional Class: Additive."
8906080602689,Paper boat mixed fruit medley 750ml pet,,,Unknown,Ponceau 4R (E124),Additive (INS/E-Code),US,Banned in US according to additive rulebook. Functional Class: Additive.
8904004410617,Orange Burfee,Haldiram's,Sweets desserts,Unknown,Carmoisine (E122),Additive (INS/E-Code),"JP, US","Banned in JP, US according to additive rulebook. Functional Class: Additive."
8901030834820,Kwality x Wall's Desi Twist Creamy Kulfi,Kwality x Wall's,"Desserts, Frozen foods, Frozen desserts, Ice creams and sorbets, Ice creams, en:ice-cream-tubs",CAT_03,Carmoisine (E122),Additive (INS/E-Code),"JP, US","Banned in JP, US according to additive rulebook. Functional Class: Additive."
8901063363748,CAKE 100% VEG Gobbles fruity fun,Britannia,"Snacks, Sweet snacks, Biscuits and cakes, Cakes, Soft fruit cakes",CAT_15,Ponceau 4R (E124),Additive (INS/E-Code),US,Banned in US according to additive rulebook. Functional Class: Additive.
8906069400619,veeba white pasta dressing,Veeba,"Pasta dressing, Sause",CAT_06,TBHQ (Tertiary Butylhydroquinone) (E319),Additive (INS/E-Code),JP,Banned in JP according to additive rulebook. Functional Class: Antioxidant.
8901652140620,Puff,PRIYAGOLD,"Beverages, Snacks, Sweet snacks, Biscuits and cakes, Biscuits, Shortbread cookies, Sweetened beverages",CAT_15,Carmoisine (E122),Additive (INS/E-Code),"JP, US","Banned in JP, US according to additive rulebook. Functional Class: Additive."
8901652140620,Puff,PRIYAGOLD,"Beverages, Snacks, Sweet snacks, Biscuits and cakes, Biscuits, Shortbread cookies, Sweetened beverages",CAT_15,Erythrosine (E127),Additive (INS/E-Code),US,Banned in US according to additive rulebook. Functional Class: Additive.
8901652140620,Puff,PRIYAGOLD,"Beverages, Snacks, Sweet snacks, Biscuits and cakes, Biscuits, Shortbread cookies, Sweetened beverages",CAT_15,Ponceau 4R (E124),Additive (INS/E-Code),US,Banned in US according to additive rulebook. Functional Class: Additive.
8906007280242,refined sunflower oil,fortune,"Plant-based foods and beverages,Plant-based foods,Fats,Vegetable fats,Vegetable oils,Sunflower seeds and their products,Sunflower oils",CAT_14,TBHQ (Tertiary Butylhydroquinone) (E319),Additive (INS/E-Code),JP,Banned in JP according to additive rulebook. Functional Class: Antioxidant.
8901207046599,Mustard oil,Dabur,,Unknown,TBHQ (Tertiary Butylhydroquinone) (E319),Additive (INS/E-Code),JP,Banned in JP according to additive rulebook. Functional Class: Antioxidant.
8901063365087,Brit 100% veg cake,Britannia,"Snacks, Sweet snacks, Biscuits and cakes, Bars, Cakes, en:confectioneries",CAT_15,Ponceau 4R (E124),Additive (INS/E-Code),US,Banned in US according to additive rulebook. Functional Class: Additive.
8908014480073,Bovonto,NL KALIS SPARKLING WATER,Carbonated drinks,CAT_14,Carmoisine (E122),Additive (INS/E-Code),"JP, US","Banned in JP, US according to additive rulebook. Functional Class: Additive."
8908014480073,Bovonto,NL KALIS SPARKLING WATER,Carbonated drinks,CAT_14,Ponceau 4R (E124),Additive (INS/E-Code),US,Banned in US according to additive rulebook. Functional Class: Additive.
8901014004935,spiced chunky chicken,cup noodles,"Plant-based foods and beverages, Plant-based foods, Meats and their products, Meals, Meats, Dried products, Pastas, Dried products to be rehydrated, Meals with meat, Noodles, Poultries, Instant noodles, Poultry meals, Instant noodle soups, Meals with chicken",CAT_14,TBHQ (Tertiary Butylhydroquinone) (E319),Additive (INS/E-Code),JP,Banned in JP according to additive rulebook. Functional Class: Antioxidant.
8901491001021,Classic Salted,Lay's,"Plant-based foods and beverages, Plant-based foods, Snacks, Cereals and potatoes, Salty snacks, Appetizers, Chips and fries, Crisps, Potato crisps",CAT_15,TBHQ (Tertiary Butylhydroquinone) (E319),Additive (INS/E-Code),JP,Banned in JP according to additive rulebook. Functional Class: Antioxidant.
8901037255024,Girnar,Girnar,Tea chai,Unknown,Titanium Dioxide (E171),Additive (INS/E-Code),EU,Banned in EU according to additive rulebook. Functional Class: Colorant.
8906032018506,Doodh Biscuits,Patanjali,"Snacks,Sweet snacks,Biscuits and cakes,Biscuits",CAT_15,TBHQ (Tertiary Butylhydroquinone) (E319),Additive (INS/E-Code),JP,Banned in JP according to additive rulebook. Functional Class: Antioxidant.
8901063363977,BRITANNIA Cake Gobbles Fruity Fun,Britannia,"Snacks, Sweet snacks, Biscuits and cakes, Cakes",CAT_15,Ponceau 4R (E124),Additive (INS/E-Code),US,Banned in US according to additive rulebook. Functional Class: Additive.
8901262071086,Dark Passion Coated Wafer Layers,Amul,,Unknown,Partially Hydrogenated Oil (PHO),Ingredient (Null INS),"US, CA",Banned in US (FDA 2018 GRAS revocation) and Canada due to industrial trans fats.
8901014004942,Cup Noodles Spiced Chicken,Nissin,"Plant-based foods and beverages, Plant-based foods, Dried products, Pastas, Dried products to be rehydrated, Noodles, Instant noodles",CAT_14,TBHQ (Tertiary Butylhydroquinone) (E319),Additive (INS/E-Code),JP,Banned in JP according to additive rulebook. Functional Class: Antioxidant.
8901063029262,Jim jam92 g,Britannia,Biscuit (cookie) snack w chocolate filling,CAT_15,Carmoisine (E122),Additive (INS/E-Code),"JP, US","Banned in JP, US according to additive rulebook. Functional Class: Additive."
8906008811902,Pro Immunity Multi-source Edible Oil,Fortune,"Plant-based foods and beverages, Plant-based foods, Cereals and potatoes, Fats, Cereals and their products, Vegetable fats, Vegetable oils, Sunflower seeds and their products, Cereal oils, Sunflower oils, Rice bran oils",CAT_14,TBHQ (Tertiary Butylhydroquinone) (E319),Additive (INS/E-Code),JP,Banned in JP according to additive rulebook. Functional Class: Antioxidant.
8906029450081,Eggless Mayonnaise,Mrs. Food rite,"Condiments, Sauces, Mayonnaises",CAT_12,TBHQ (Tertiary Butylhydroquinone) (E319),Additive (INS/E-Code),JP,Banned in JP according to additive rulebook. Functional Class: Antioxidant.
8901063363960,Brittania Gobbles Chocolate Cake,Brittania,"Snacks, Desserts, Sweet snacks, Biscuits and cakes, Cakes, Chocolate soft cake",CAT_15,Carmoisine (E122),Additive (INS/E-Code),"JP, US","Banned in JP, US according to additive rulebook. Functional Class: Additive."
8901063029255,Jimjam 57g (57),Britannia,Biscuits,CAT_07,Carmoisine (E122),Additive (INS/E-Code),"JP, US","Banned in JP, US according to additive rulebook. Functional Class: Additive."
8904083302100,Fruit Yogurt Blueberry,Milky Mist,"Dairies,Fermented foods,Fermented milk products,Desserts,Dairy desserts,Fermented dairy desserts,Fermented dairy desserts with fruits,Yogurts,Fruit yogurts",CAT_01,Carmoisine (E122),Additive (INS/E-Code),"JP, US","Banned in JP, US according to additive rulebook. Functional Class: Additive."
8901393019469,Happydent wave,Unknown Brand,"Snacks, Sweet snacks, Confectioneries, Chewing gum, en:sugar-free-chewing-gum",CAT_15,Carmoisine (E122),Additive (INS/E-Code),"JP, US","Banned in JP, US according to additive rulebook. Functional Class: Additive."
8901088034593,SAFOLA ACTIVE - MULTI-SOURCE EDIBLE OIL,Saffola,"Plant-based foods and beverages,Plant-based foods,Legumes and their products,Cereals and potatoes,Fats,Cereals and their products,Vegetable fats,Vegetable oils,Cereal oils,Legume oils,Rice bran oils,Soybean oils",CAT_14,TBHQ (Tertiary Butylhydroquinone) (E319),Additive (INS/E-Code),JP,Banned in JP according to additive rulebook. Functional Class: Antioxidant.
8901088002530,Tasty+,Saffola,"Plant-based foods and beverages,Plant-based foods,Cereals and potatoes,Fats,Cereals and their products,Vegetable fats,Vegetable oils,Cereal oils,Refined cereal oils",CAT_14,TBHQ (Tertiary Butylhydroquinone) (E319),Additive (INS/E-Code),JP,Banned in JP according to additive rulebook. Functional Class: Antioxidant.
8904132912847,Masala noodles,Snactac,"Plant-based foods and beverages, Plant-based foods, Dried products, Pastas, Dried products to be rehydrated, Noodles, Instant noodles",CAT_14,TBHQ (Tertiary Butylhydroquinone) (E319),Additive (INS/E-Code),JP,Banned in JP according to additive rulebook. Functional Class: Antioxidant.
8901063363786,Gobbles Orange Bites cake,Britannia,"Snacks,Sweet snacks,Cakes",CAT_15,Carmoisine (E122),Additive (INS/E-Code),"JP, US","Banned in JP, US according to additive rulebook. Functional Class: Additive."
8901014004843,cup noodles veggi manchow,Nissin,"Spices,Noodles,Instant noodles",CAT_12,TBHQ (Tertiary Butylhydroquinone) (E319),Additive (INS/E-Code),JP,Banned in JP according to additive rulebook. Functional Class: Antioxidant.
8906010261078,Refined Sunflower Oil,Gold winner kaleesuwari,"Plant-based foods and beverages,Plant-based foods,Fats,Vegetable fats,Vegetable oils,Sunflower seeds and their products,Sunflower oils,Refined sunflower oils",CAT_14,TBHQ (Tertiary Butylhydroquinone) (E319),Additive (INS/E-Code),JP,Banned in JP according to additive rulebook. Functional Class: Antioxidant.
8908002396010,Refined Sunflower Oil,Mr. GOLD,,Unknown,TBHQ (Tertiary Butylhydroquinone) (E319),Additive (INS/E-Code),JP,Banned in JP according to additive rulebook. Functional Class: Antioxidant.
8901030851070,Kissan Jam,Kissan,Jams,CAT_04,Carmoisine (E122),Additive (INS/E-Code),"JP, US","Banned in JP, US according to additive rulebook. Functional Class: Additive."
8901030922787,Mixed Fruit Jam,Kissan,"Plant-based foods and beverages, Plant-based foods, Breakfasts, Spreads, Plant-based spreads, Sweet spreads, Fruit and vegetable preserves, Jams, Mixed fruit jams",CAT_14,Carmoisine (E122),Additive (INS/E-Code),"JP, US","Banned in JP, US according to additive rulebook. Functional Class: Additive."
8906125980239,Butter Popcorn,4700BC,"Snacks, Popcorn",CAT_15,TBHQ (Tertiary Butylhydroquinone) (E319),Additive (INS/E-Code),JP,Banned in JP according to additive rulebook. Functional Class: Antioxidant.
8906004620751,Refined Ricebran Oil,Dhara Life,"Plant-based foods and beverages,Plant-based foods,Cereals and potatoes,Fats,Cereals and their products,Vegetable fats,Vegetable oils,Cereal oils,Rice bran oils",CAT_14,TBHQ (Tertiary Butylhydroquinone) (E319),Additive (INS/E-Code),JP,Banned in JP according to additive rulebook. Functional Class: Antioxidant.
8906021123266,Mixed Fruit Jam,Aachi,"Plant-based foods and beverages, Plant-based foods, Breakfasts, Spreads, Plant-based spreads, Sweet spreads, Fruit and vegetable preserves, Jams, Mixed fruit jams",CAT_14,Carmoisine (E122),Additive (INS/E-Code),"JP, US","Banned in JP, US according to additive rulebook. Functional Class: Additive."
8906069401746,Eggless Mayonnaise Chef's Special,Veeba Favourites,"Eggless Mayonnaise, en:mayonnaises",CAT_10,TBHQ (Tertiary Butylhydroquinone) (E319),Additive (INS/E-Code),JP,Banned in JP according to additive rulebook. Functional Class: Antioxidant.
8901063029286,Jimjam 460g,Britannia,"Snacks, Sweet snacks, Biscuits and cakes, Biscuits",CAT_15,Carmoisine (E122),Additive (INS/E-Code),"JP, US","Banned in JP, US according to additive rulebook. Functional Class: Additive."
0041102177191,Cassatta,Amul,"Desserts, Frozen foods, Frozen desserts, Ice creams and sorbets, Ice creams",CAT_03,Erythrosine (E127),Additive (INS/E-Code),US,Banned in US according to additive rulebook. Functional Class: Additive.
0041102177191,Cassatta,Amul,"Desserts, Frozen foods, Frozen desserts, Ice creams and sorbets, Ice creams",CAT_03,Ponceau 4R (E124),Additive (INS/E-Code),US,Banned in US according to additive rulebook. Functional Class: Additive.
8901512540409,chilli surprise,ACT II,"Snacks,Popcorn",CAT_15,TBHQ (Tertiary Butylhydroquinone) (E319),Additive (INS/E-Code),JP,Banned in JP according to additive rulebook. Functional Class: Antioxidant.
8901063029316,brittania Jimjam pops,Britannia,"Snacks, Sweet snacks, Biscuits and cakes, Biscuits",CAT_15,Carmoisine (E122),Additive (INS/E-Code),"JP, US","Banned in JP, US according to additive rulebook. Functional Class: Additive."
8901262176477,Mawa Malai Kulfi,Amul,"Desserts, Frozen foods, Frozen desserts, Ice creams and sorbets, Ice creams, Ice cream bars",CAT_03,Carmoisine (E122),Additive (INS/E-Code),"JP, US","Banned in JP, US according to additive rulebook. Functional Class: Additive."
8901014000166,Geki - Hot & Spicy,Nissin,"Plant-based foods and beverages, Plant-based foods, Dried products, Pastas, Dried products to be rehydrated, Noodles, Instant noodles, en:appetizers",CAT_14,TBHQ (Tertiary Butylhydroquinone) (E319),Additive (INS/E-Code),JP,Banned in JP according to additive rulebook. Functional Class: Antioxidant.
4906426980222,instant popcorn,4700BC,"Snacks, Popcorn, Instant popcorn",CAT_15,TBHQ (Tertiary Butylhydroquinone) (E319),Additive (INS/E-Code),JP,Banned in JP according to additive rulebook. Functional Class: Antioxidant.
8901262178365,Black Currant Tri Cone,Amul,"Black currant ice cream cone, en:ice-creams",CAT_03,Carmoisine (E122),Additive (INS/E-Code),"JP, US","Banned in JP, US according to additive rulebook. Functional Class: Additive."
8906017862520,Burst,Bisk Farm,"Snacks,Sweet snacks,Biscuits and cakes,Biscuits,Wafers",CAT_15,TBHQ (Tertiary Butylhydroquinone) (E319),Additive (INS/E-Code),JP,Banned in JP according to additive rulebook. Functional Class: Antioxidant.
8906032018513,Doodh Biscuits,Patanjali,"Snacks,Sweet snacks,Biscuits and cakes,Biscuits",CAT_15,TBHQ (Tertiary Butylhydroquinone) (E319),Additive (INS/E-Code),JP,Banned in JP according to additive rulebook. Functional Class: Antioxidant.
8904089313964,Blockbuster Mango magic,Havmor,"Desserts, Frozen foods, Frozen desserts, Ice creams and sorbets",CAT_03,Ponceau 4R (E124),Additive (INS/E-Code),US,Banned in US according to additive rulebook. Functional Class: Additive.
8901063029309,Jimjam Pops,Britannia,"Snacks, Sweet snacks, Biscuits and cakes, Biscuits, Biscuits/Cookies (Shelf Stable), Cream biscuit",CAT_15,Carmoisine (E122),Additive (INS/E-Code),"JP, US","Banned in JP, US according to additive rulebook. Functional Class: Additive."
8901719128288,Parle,Parle,Snacks,CAT_15,TBHQ (Tertiary Butylhydroquinone) (E319),Additive (INS/E-Code),JP,Banned in JP according to additive rulebook. Functional Class: Antioxidant.
8906032019787,Marie biscut,Patanjali,"snacks, salty-snacks, sweet-snacks, appetizers, biscuits-and-cakes, biscuits, da:crackers, wheat-crackers",CAT_15,TBHQ (Tertiary Butylhydroquinone) (E319),Additive (INS/E-Code),JP,Banned in JP according to additive rulebook. Functional Class: Antioxidant.
8901689010019,MIXED FRUIT Jam,MALA'S,Food,Unknown,Carmoisine (E122),Additive (INS/E-Code),"JP, US","Banned in JP, US according to additive rulebook. Functional Class: Additive."
8906007280280,Fortune Refined Sunflower Oil,Fortune,"Plant-based foods and beverages, Plant-based foods, Fats, Vegetable fats, Vegetable oils, Sunflower seeds and their products, Sunflower oils",CAT_14,TBHQ (Tertiary Butylhydroquinone) (E319),Additive (INS/E-Code),JP,Banned in JP according to additive rulebook. Functional Class: Antioxidant.
8901512910608,Milk Multigrain Popz,Sundrop,,Unknown,TBHQ (Tertiary Butylhydroquinone) (E319),Additive (INS/E-Code),JP,Banned in JP according to additive rulebook. Functional Class: Antioxidant.
0890600200494,Veg Mayonnaise,Dr.Oetker,"Condiments, Sauces, Dips, Mayonnaises",CAT_12,TBHQ (Tertiary Butylhydroquinone) (E319),Additive (INS/E-Code),JP,Banned in JP according to additive rulebook. Functional Class: Antioxidant.
0890600200876,Veg Mayonnaise For Burger,Dr.Oetker,"Condiments, Sauces, Dips, Mayonnaises",CAT_12,TBHQ (Tertiary Butylhydroquinone) (E319),Additive (INS/E-Code),JP,Banned in JP according to additive rulebook. Functional Class: Antioxidant.
8906005610942,Fruit Cake,Winkies,"Snacks, Sweet snacks, Biscuits and cakes, Cakes, Fruit cakes",CAT_15,Ponceau 4R (E124),Additive (INS/E-Code),US,Banned in US according to additive rulebook. Functional Class: Additive.
8906005610942,Fruit Cake,Winkies,"Snacks, Sweet snacks, Biscuits and cakes, Cakes, Fruit cakes",CAT_15,Fast Green FCF (E143),Additive (INS/E-Code),"EU, UK","Banned in EU, UK according to additive rulebook. Functional Class: Additive."
8904132958181,Orange Flavoured,Campa,"Beverages, Carbonated drinks, Sweeteners, Sugars",CAT_14,Carmoisine (E122),Additive (INS/E-Code),"JP, US","Banned in JP, US according to additive rulebook. Functional Class: Additive."
8906080603921,Swing+ Mixed Fruit Medley,Paper Boat,"Plant-based foods and beverages, Beverages, Plant-based beverages, Fruit-based beverages, Juices and nectars, Fruit juices, Fruit juices from concentrate, Multifruit juices, Multifruit juices from concentrate",CAT_14,Ponceau 4R (E124),Additive (INS/E-Code),US,Banned in US according to additive rulebook. Functional Class: Additive.
8904132922198,Snactac mixed  frui jam,Reliance retail,"Plant-based foods and beverages, Plant-based foods, Breakfasts, Spreads, Plant-based spreads, Sweet spreads, Fruit and vegetable preserves, Jams, Berry jams, en:mixed-fruit-jams",CAT_14,Carmoisine (E122),Additive (INS/E-Code),"JP, US","Banned in JP, US according to additive rulebook. Functional Class: Additive."
8901063023453,Treat Croissant,Britannia,"Snacks, Sweet snacks, Sweet pastries and pies, Viennoiseries, Filled croissants, Croissant filled with cream",CAT_15,Titanium Dioxide (E171),Additive (INS/E-Code),EU,Banned in EU according to additive rulebook. Functional Class: Colorant.
0793591862460,Kerala Banana Chips,Beyond Snacks,nl:banana-chips,CAT_15,TBHQ (Tertiary Butylhydroquinone) (E319),Additive (INS/E-Code),JP,Banned in JP according to additive rulebook. Functional Class: Antioxidant.
8901014000449,Schezwan Spicy Chilli Sauce Flavour,"Top Ramen,Nissin","Plant-based foods and beverages, Plant-based foods, Dried products, Pastas, Dried products to be rehydrated, Noodles, Instant noodles",CAT_14,TBHQ (Tertiary Butylhydroquinone) (E319),Additive (INS/E-Code),JP,Banned in JP according to additive rulebook. Functional Class: Antioxidant.
8908014665258,French Yogurt Strawberry,Mamie Yova,"Dairies,Fermented foods,Fermented milk products,Desserts,Dairy desserts,Fermented dairy desserts,Fermented dairy desserts with fruits,Yogurts,Fruit yogurts",CAT_01,Ponceau 4R (E124),Additive (INS/E-Code),US,Banned in US according to additive rulebook. Functional Class: Additive.
8901725100131,B Natural Orange Juice 1ltr tpk,"B Natural,ITC","Plant-based foods and beverages, Beverages, Plant-based beverages, Fruit-based beverages, Juices and nectars, Fruit juices, Orange juices, Orange juices with pulp",CAT_14,Titanium Dioxide (E171),Additive (INS/E-Code),EU,Banned in EU according to additive rulebook. Functional Class: Colorant.
8901725105167,B Natural Guava juice,b natural,,Unknown,Ponceau 4R (E124),Additive (INS/E-Code),US,Banned in US according to additive rulebook. Functional Class: Additive.
8901248270847,Refined Soyabean Oil,Emami,"Aliments et boissons à base de végétaux,Aliments d'origine végétale,Légumineuses et dérivés,Matières grasses,Matières grasses végétales,Huiles,Huiles de légumineuses,Huile de soja",Unknown,TBHQ (Tertiary Butylhydroquinone) (E319),Additive (INS/E-Code),JP,Banned in JP according to additive rulebook. Functional Class: Antioxidant.
8901689031014,Guava Crush,Mala's,"Beverages, Sweetened beverages",CAT_14,Erythrosine (E127),Additive (INS/E-Code),US,Banned in US according to additive rulebook. Functional Class: Additive.
8906097549588,Sapphire Poko Loko Lychee Flavoured Juice Drink,Poko Loko,,Unknown,Carmoisine (E122),Additive (INS/E-Code),"JP, US","Banned in JP, US according to additive rulebook. Functional Class: Additive."
8901725000295,Sunfast glucose 1 kg,Sunfeast,"Snacks,Sweet snacks,Biscuits and cakes,Biscuits",CAT_15,Ponceau 4R (E124),Additive (INS/E-Code),US,Banned in US according to additive rulebook. Functional Class: Additive.
8906002000012,Funfoods Classic Egg Mayonnaise,Dr. Oetker,"Topping sauce for pizza,Toppings",CAT_12,TBHQ (Tertiary Butylhydroquinone) (E319),Additive (INS/E-Code),JP,Banned in JP according to additive rulebook. Functional Class: Antioxidant.
8904132948181,Campa Orange Flavour 500ml,,"Beverages and beverages preparations,Beverages,Fruit-based beverages,Fruit juices,Orange juices,Orange juices without pulp,Soft-drink",CAT_14,Carmoisine (E122),Additive (INS/E-Code),"JP, US","Banned in JP, US according to additive rulebook. Functional Class: Additive."
8901071702201,HERSHEY'S EXOTIC DARK,Hershey's,"Snacks,Sweet snacks,Cocoa and its products,Chocolates,Filled chocolates",CAT_15,Carmoisine (E122),Additive (INS/E-Code),"JP, US","Banned in JP, US according to additive rulebook. Functional Class: Additive."
8901014011117,Top Ramen Atta Masala Noodles,"Nissin,Top Ramen","Plant-based foods and beverages,Plant-based foods,Dried products,Pastas,Dried products to be rehydrated,Noodles,Instant noodles",CAT_14,TBHQ (Tertiary Butylhydroquinone) (E319),Additive (INS/E-Code),JP,Banned in JP according to additive rulebook. Functional Class: Antioxidant.
8906032018810,Patanjali Doodh biscuits,Patanjali,"Snacks,Sweet snacks,Biscuits and cakes,Biscuits and crackers,Biscuits",CAT_15,TBHQ (Tertiary Butylhydroquinone) (E319),Additive (INS/E-Code),JP,Banned in JP according to additive rulebook. Functional Class: Antioxidant.
8906002006113,Veg Mayonnaise,Dr. Oetker,Egg-free mayonnaises,CAT_10,TBHQ (Tertiary Butylhydroquinone) (E319),Additive (INS/E-Code),JP,Banned in JP according to additive rulebook. Functional Class: Antioxidant.
4906440992867,Alo Frut Guava,Alo Frut,Beverages,CAT_14,Carmoisine (E122),Additive (INS/E-Code),"JP, US","Banned in JP, US according to additive rulebook. Functional Class: Additive."
8901262174404,Sundae Gudbud,Amul,"Desserts,Frozen foods,Frozen desserts,Ice creams and sorbets,Ice creams",CAT_03,Carmoisine (E122),Additive (INS/E-Code),"JP, US","Banned in JP, US according to additive rulebook. Functional Class: Additive."
8901262174404,Sundae Gudbud,Amul,"Desserts,Frozen foods,Frozen desserts,Ice creams and sorbets,Ice creams",CAT_03,Erythrosine (E127),Additive (INS/E-Code),US,Banned in US according to additive rulebook. Functional Class: Additive.
7622201150303,Shots,Cadbury,"Chocolate balls, en:chocolate-candies",CAT_14,Carmoisine (E122),Additive (INS/E-Code),"JP, US","Banned in JP, US according to additive rulebook. Functional Class: Additive."
8908005667049,Roasted Makhana,Mix Box Snacks,"Snacks,Roasted Fox nuts,Makhana",CAT_15,TBHQ (Tertiary Butylhydroquinone) (E319),Additive (INS/E-Code),JP,Banned in JP according to additive rulebook. Functional Class: Antioxidant.
8906069400060,Southwest Chipotle Dressing,Veeba,"Burger sauces,Dressings and Dips (Shelf Stable)",CAT_12,TBHQ (Tertiary Butylhydroquinone) (E319),Additive (INS/E-Code),JP,Banned in JP according to additive rulebook. Functional Class: Antioxidant.
8906002004461,Dr Oetker Funfoods Veg Mayonnaise,Dr Oetker Funfoods,Egg-free mayonnaises,CAT_10,TBHQ (Tertiary Butylhydroquinone) (E319),Additive (INS/E-Code),JP,Banned in JP according to additive rulebook. Functional Class: Antioxidant.
8906002521494,Jeera Krunch Biscuits,Raja,"Snacks,Sweet snacks,Biscuits and cakes,Biscuits",CAT_15,TBHQ (Tertiary Butylhydroquinone) (E319),Additive (INS/E-Code),JP,Banned in JP according to additive rulebook. Functional Class: Antioxidant.
8906005611147,winkies fruit cake,winkies,"Snacks,Sweet snacks,Biscuits and cakes,Cakes",CAT_15,Fast Green FCF (E143),Additive (INS/E-Code),"EU, UK","Banned in EU, UK according to additive rulebook. Functional Class: Additive."
8906005611147,winkies fruit cake,winkies,"Snacks,Sweet snacks,Biscuits and cakes,Cakes",CAT_15,Ponceau 4R (E124),Additive (INS/E-Code),US,Banned in US according to additive rulebook. Functional Class: Additive.
8991102771238,Tango brownies crispy,Tango,,Unknown,TBHQ (Tertiary Butylhydroquinone) (E319),Additive (INS/E-Code),JP,Banned in JP according to additive rulebook. Functional Class: Antioxidant.
8901248270243,Emami Healthy & Tasty Rice Bran Oil,Emami,Cooking oil,CAT_02,TBHQ (Tertiary Butylhydroquinone) (E319),Additive (INS/E-Code),JP,Banned in JP according to additive rulebook. Functional Class: Antioxidant.
8901512917805,Act II Caramel Bliss,Act II,"Snacks,Snacks sucrés,Popcorn,Popcorn au caramel,en:Caramel-in-popcorn-snacks",CAT_15,TBHQ (Tertiary Butylhydroquinone) (E319),Additive (INS/E-Code),JP,Banned in JP according to additive rulebook. Functional Class: Antioxidant.
8906080604720,Basil Sabja Seeds Mixed Fruit,Paper Boat,Basil seeds drinks,CAT_14,Carmoisine (E122),Additive (INS/E-Code),"JP, US","Banned in JP, US according to additive rulebook. Functional Class: Additive."
8901719127144,poppins,Parle,"Snacks,Sweet snacks,Confectioneries,Candies,Hard candies",CAT_15,Carmoisine (E122),Additive (INS/E-Code),"JP, US","Banned in JP, US according to additive rulebook. Functional Class: Additive."
8901262153331,Amul Protein Blueberry Shake,Amul,"Beverages and beverages preparations,Beverages,Dairies,Fermented foods,Fermented milk products,Milks (liquid and powder),Dairy drinks,Fermented drinks,Milks,Fermented milk drinks,Lassi,Flavoured Lassi",CAT_14,Carmoisine (E122),Additive (INS/E-Code),"JP, US","Banned in JP, US according to additive rulebook. Functional Class: Additive."
8901262178440,Cookie Sub,Amul,Ice cream sandwiches,CAT_03,TBHQ (Tertiary Butylhydroquinone) (E319),Additive (INS/E-Code),JP,Banned in JP according to additive rulebook. Functional Class: Antioxidant.
8901709011552,Priya Refined Sunflower Oil,Priya,"Plant-based foods and beverages,Plant-based foods,Fats,Vegetable fats,Vegetable oils,Sunflower seeds and their products,Sunflower oils",CAT_14,TBHQ (Tertiary Butylhydroquinone) (E319),Additive (INS/E-Code),JP,Banned in JP according to additive rulebook. Functional Class: Antioxidant.
8901725015435,Sunfeast Marie Light Vita Orange,"Sunfeast, ITC","Snacks, Sweet snacks, Biscuits and cakes, en:biscuits",CAT_15,Erythrosine (E127),Additive (INS/E-Code),US,Banned in US according to additive rulebook. Functional Class: Additive.
8902351333092,Sobisco Desire Chocolate Cake Filled with Chocolate Cream,Sobisco,cake,CAT_07,TBHQ (Tertiary Butylhydroquinone) (E319),Additive (INS/E-Code),JP,Banned in JP according to additive rulebook. Functional Class: Antioxidant.
8902351333146,Sobisco Desire Vanilla Cream,Sobisco,cake,CAT_07,TBHQ (Tertiary Butylhydroquinone) (E319),Additive (INS/E-Code),JP,Banned in JP according to additive rulebook. Functional Class: Antioxidant.
8902351000123,Sobisco Desire Strawberry Cream,Sobisco,cake,CAT_07,TBHQ (Tertiary Butylhydroquinone) (E319),Additive (INS/E-Code),JP,Banned in JP according to additive rulebook. Functional Class: Antioxidant.
8902351000123,Sobisco Desire Strawberry Cream,Sobisco,cake,CAT_07,Carmoisine (E122),Additive (INS/E-Code),"JP, US","Banned in JP, US according to additive rulebook. Functional Class: Additive."
8908013746033,Cravova,Cravova,"Beverages and beverages preparations,Plant-based foods and beverages,Beverages,Plant-based beverages,Carbonated drinks,Fruit-based beverages,Sodas,Fruit sodas,Non-alcoholic beverages",CAT_14,Ponceau 4R (E124),Additive (INS/E-Code),US,Banned in US according to additive rulebook. Functional Class: Additive.
8904083300953,MilkyMist Strawberry Milk Shake,Milky Mist,"Beverages and beverages preparations,Beverages,Dairies,Dairy drinks,Flavoured milks",CAT_14,Erythrosine (E127),Additive (INS/E-Code),US,Banned in US according to additive rulebook. Functional Class: Additive.
8908000502147,Sunpure Physically Refined Sunflower Oil,Sunpure,Sunflower oils,CAT_02,TBHQ (Tertiary Butylhydroquinone) (E319),Additive (INS/E-Code),JP,Banned in JP according to additive rulebook. Functional Class: Antioxidant.
8904132953666,INDEPENDENCE REFINED SOYABEAN OIL 1L,,"Cereal oils,Refined cereal oils,Vegetable oils",CAT_02,TBHQ (Tertiary Butylhydroquinone) (E319),Additive (INS/E-Code),JP,Banned in JP according to additive rulebook. Functional Class: Antioxidant.
0793591862453,Kerala Banana Chips,Byond Snack,"Snacks,Salty snacks,Appetizers,Chips and fries,Crisps,Banana crisps",CAT_15,TBHQ (Tertiary Butylhydroquinone) (E319),Additive (INS/E-Code),JP,Banned in JP according to additive rulebook. Functional Class: Antioxidant.
8906010911065,Dairy Day Medium Fat Frozen Dessert,Dairy Day,Frozen desserts,Unknown,Carmoisine (E122),Additive (INS/E-Code),"JP, US","Banned in JP, US according to additive rulebook. Functional Class: Additive."
8906002007332,Funfoods Veg Mayonnaise,Dr. Oetker,"Condiments,Sauces,Mayonnaises,Veg Mayonnaise",CAT_12,TBHQ (Tertiary Butylhydroquinone) (E319),Additive (INS/E-Code),JP,Banned in JP according to additive rulebook. Functional Class: Antioxidant.
8901512929303,Sour cream & cheese,Act 2,,Unknown,TBHQ (Tertiary Butylhydroquinone) (E319),Additive (INS/E-Code),JP,Banned in JP according to additive rulebook. Functional Class: Antioxidant.
8664522556555,Himzberg Kiwi,Himzberg,beverages,CAT_14,Green S (E142),Additive (INS/E-Code),"IN, JP, US","Banned in IN, JP, US according to additive rulebook. Functional Class: Additive."
8906033421916,Rusk Elaichi,Kanha,,Unknown,TBHQ (Tertiary Butylhydroquinone) (E319),Additive (INS/E-Code),JP,Banned in JP according to additive rulebook. Functional Class: Antioxidant.
8909081001123,Bounce Chocho,Sunfest,"Snacks, Sweet snacks, Biscuits and cakes, Biscuits and crackers, Cocoa and its products, Confectioneries, Biscuits, Chocolate candies, Biscuit (cookie) snack w chocolate filling, en:chocolate-biscuits",CAT_15,Carmoisine (E122),Additive (INS/E-Code),"JP, US","Banned in JP, US according to additive rulebook. Functional Class: Additive."
8906066701030,Sharp Jalapeno and Cream Cheese,Kettle Studio,"Plant-based foods and beverages,Plant-based foods,Snacks,Cereals and potatoes,Salty snacks,Appetizers,Chips and fries,Crisps,Potato crisps,Kettle Cooked chips",CAT_15,TBHQ (Tertiary Butylhydroquinone) (E319),Additive (INS/E-Code),JP,Banned in JP according to additive rulebook. Functional Class: Antioxidant.
8906069401739,Chef’s Special Veg Mayonnaise Eggless,Veeba,Mayonnaises,Unknown,TBHQ (Tertiary Butylhydroquinone) (E319),Additive (INS/E-Code),JP,Banned in JP according to additive rulebook. Functional Class: Antioxidant.
8906082570252,Cornitos Roasted Cashew,Cornitos,"Plant-based foods and beverages,Plant-based foods,Snacks,Salty snacks,Nuts and their products,Nuts,Salted nuts,Cashew nuts,Salted cashews",CAT_15,TBHQ (Tertiary Butylhydroquinone) (E319),Additive (INS/E-Code),JP,Banned in JP according to additive rulebook. Functional Class: Antioxidant.
8906140881405,Dryfruit Kachori,Radhe Prem ni Mithaas,Ready-to-eat Savouries,Unknown,Partially Hydrogenated Oil (PHO),Ingredient (Null INS),"US, CA",Banned in US (FDA 2018 GRAS revocation) and Canada due to industrial trans fats.
8901058005028,Oats Noodles With Millet,Maggi,,Unknown,TBHQ (Tertiary Butylhydroquinone) (E319),Additive (INS/E-Code),JP,Banned in JP according to additive rulebook. Functional Class: Antioxidant.
8904132975507,Campa Orange Flavour,Campa,"Beverages and beverages preparations, Beverages, Carbonated drinks, Carbonated fruit soft drink, Carbonated fruit soft drink with sugar, Cold dr, Cold drink, en:sodas",CAT_14,Carmoisine (E122),Additive (INS/E-Code),"JP, US","Banned in JP, US according to additive rulebook. Functional Class: Additive."
8906130900116,Strawberry Choco Pie,Orion,Snack cake,CAT_15,Carmoisine (E122),Additive (INS/E-Code),"JP, US","Banned in JP, US according to additive rulebook. Functional Class: Additive."
8906007284097,King's soyabean oil,"King's,adani wilmar",Soybean oils,CAT_02,TBHQ (Tertiary Butylhydroquinone) (E319),Additive (INS/E-Code),JP,Banned in JP according to additive rulebook. Functional Class: Antioxidant.
8901063365964,Britannia Chocolate Cake 100gm,Britannia,Cakes,CAT_07,Carmoisine (E122),Additive (INS/E-Code),"JP, US","Banned in JP, US according to additive rulebook. Functional Class: Additive."
8906010912833,choco Currant,,ice cream,CAT_03,Carmoisine (E122),Additive (INS/E-Code),"JP, US","Banned in JP, US according to additive rulebook. Functional Class: Additive."
0754590964760,Kerela Banana Chips (Desi Masala),Beyond Snack,Banana Chips,CAT_15,TBHQ (Tertiary Butylhydroquinone) (E319),Additive (INS/E-Code),JP,Banned in JP according to additive rulebook. Functional Class: Antioxidant.
8906081122667,Cream And Onion Makhana,Happilo,Makhanas,Unknown,TBHQ (Tertiary Butylhydroquinone) (E319),Additive (INS/E-Code),JP,Banned in JP according to additive rulebook. Functional Class: Antioxidant.
8901648005551,Maha Cola,Mother Dairy,Posicle,Unknown,Carmoisine (E122),Additive (INS/E-Code),"JP, US","Banned in JP, US according to additive rulebook. Functional Class: Additive."
8904089322508,Jumbo Raspberry Dolly,Havmor,"Ice-c,Ice cream bars coated with fruit sorbet",CAT_03,Carmoisine (E122),Additive (INS/E-Code),"JP, US","Banned in JP, US according to additive rulebook. Functional Class: Additive."
8908000870178,Dry Fruit Samosa,Jaimin,,Unknown,TBHQ (Tertiary Butylhydroquinone) (E319),Additive (INS/E-Code),JP,Banned in JP according to additive rulebook. Functional Class: Antioxidant.
8904132945760,Orange Flavoured (Carbonated Beverage),Campa,"Beverages and beverages preparations, Beverages, Carbonated drinks, Sodas, Carbonated fruit soft drink, Carbonated fruit soft drink with sugar, en:sweetened-beverages",CAT_14,Carmoisine (E122),Additive (INS/E-Code),"JP, US","Banned in JP, US according to additive rulebook. Functional Class: Additive."
8000500410974,Tic tac strawberry,Tic Tac,"Fo, en:candies",Unknown,Carmoisine (E122),Additive (INS/E-Code),"JP, US","Banned in JP, US according to additive rulebook. Functional Class: Additive."
0690225309110,India Gate Uplife Gut Pro,India Gate,Oils,Unknown,TBHQ (Tertiary Butylhydroquinone) (E319),Additive (INS/E-Code),JP,Banned in JP according to additive rulebook. Functional Class: Antioxidant.
8901709007753,Sun Lite Refined Sunflower Oil,Sunny,"Aliments et boissons à base de végétaux,Aliments d'origine végétale,Matières grasses,Matières grasses végétales,Huiles,Graines de tournesol et dérivés,Huiles de tournesol,en:Oil",CAT_06,TBHQ (Tertiary Butylhydroquinone) (E319),Additive (INS/E-Code),JP,Banned in JP according to additive rulebook. Functional Class: Antioxidant.
8903363001726,Refined Sunflower Oil,"Dmart,Swaad",sunflower oil,CAT_02,TBHQ (Tertiary Butylhydroquinone) (E319),Additive (INS/E-Code),JP,Banned in JP according to additive rulebook. Functional Class: Antioxidant.
8906022212037,Supreme Refined Oil,Supreme,Oils,Unknown,TBHQ (Tertiary Butylhydroquinone) (E319),Additive (INS/E-Code),JP,Banned in JP according to additive rulebook. Functional Class: Antioxidant.
8908006936007,Sloopy Masala Noodles,Sloopy,Instant noodles,Unknown,TBHQ (Tertiary Butylhydroquinone) (E319),Additive (INS/E-Code),JP,Banned in JP according to additive rulebook. Functional Class: Antioxidant.
8906003511821,Orange,Jalani,Juice,CAT_14,Titanium Dioxide (E171),Additive (INS/E-Code),EU,Banned in EU according to additive rulebook. Functional Class: Colorant.
8947014692154,Wow! Thupka Chicken,Wow!,"Plant-based foods and beverages,Plant-based foods,Dried products,Pastas,Dried products to be rehydrated,Noodles,Instant noodles",CAT_14,TBHQ (Tertiary Butylhydroquinone) (E319),Additive (INS/E-Code),JP,Banned in JP according to additive rulebook. Functional Class: Antioxidant.
8904296902968,Fabsta Muesli Fruit N' Nut,Fabsta,Mueslis,Unknown,Carmoisine (E122),Additive (INS/E-Code),"JP, US","Banned in JP, US according to additive rulebook. Functional Class: Additive."
8904296902968,Fabsta Muesli Fruit N' Nut,Fabsta,Mueslis,Unknown,Erythrosine (E127),Additive (INS/E-Code),US,Banned in US according to additive rulebook. Functional Class: Additive.
8904296902968,Fabsta Muesli Fruit N' Nut,Fabsta,Mueslis,Unknown,Ponceau 4R (E124),Additive (INS/E-Code),US,Banned in US according to additive rulebook. Functional Class: Additive.
7622201448837,Shots,Cadbury,"Snacks,Sweet snacks,Confectioneries,Chocolate-ball-with-hard-chocolate-coating,Panned confectionery",CAT_15,Carmoisine (E122),Additive (INS/E-Code),"JP, US","Banned in JP, US according to additive rulebook. Functional Class: Additive."
8901777979105,Vadilal Gourmet Ice cream,Vadilal,,Unknown,Ponceau 4R (E124),Additive (INS/E-Code),US,Banned in US according to additive rulebook. Functional Class: Additive.
8901689100376,Mala's Mixberry Jam,Mala's,jams,CAT_04,Carmoisine (E122),Additive (INS/E-Code),"JP, US","Banned in JP, US according to additive rulebook. Functional Class: Additive."
8906006330269,Gemini,Cargill,,Unknown,TBHQ (Tertiary Butylhydroquinone) (E319),Additive (INS/E-Code),JP,Banned in JP according to additive rulebook. Functional Class: Antioxidant.
8901014000470,niisin,Unknown Brand,,Unknown,TBHQ (Tertiary Butylhydroquinone) (E319),Additive (INS/E-Code),JP,Banned in JP according to additive rulebook. Functional Class: Antioxidant.
8908007009083,Vitthal Refined Soyabean Oil,Vitthal,Oils,Unknown,TBHQ (Tertiary Butylhydroquinone) (E319),Additive (INS/E-Code),JP,Banned in JP according to additive rulebook. Functional Class: Antioxidant.
8901393026405,chapai chips bubble gum,,,Unknown,Carmoisine (E122),Additive (INS/E-Code),"JP, US","Banned in JP, US according to additive rulebook. Functional Class: Additive."
8904482000003,Hamdard Roohafza,Hamdard,Beverage preparations,CAT_14,Carmoisine (E122),Additive (INS/E-Code),"JP, US","Banned in JP, US according to additive rulebook. Functional Class: Additive."
8906026600465,Acai vibe,rio,"Beverages and beverages preparations,Beverages",CAT_14,Carmoisine (E122),Additive (INS/E-Code),"JP, US","Banned in JP, US according to additive rulebook. Functional Class: Additive."
8901262201896,Amul Stirred Fruit Yogurt Strawberry,Amul,Fruit yogurts with fruit chunks,CAT_01,Ponceau 4R (E124),Additive (INS/E-Code),US,Banned in US according to additive rulebook. Functional Class: Additive.
8904025401113,Mix Fruit Jam,Chitale,"Plant-based foods and beverages,Plant-based foods,Breakfasts,Spreads,Plant-based spreads,Sweet spreads,Fruit and vegetable preserves,Jams,Mixed fruit jams",CAT_14,Carmoisine (E122),Additive (INS/E-Code),"JP, US","Banned in JP, US according to additive rulebook. Functional Class: Additive."
8904025401113,Mix Fruit Jam,Chitale,"Plant-based foods and beverages,Plant-based foods,Breakfasts,Spreads,Plant-based spreads,Sweet spreads,Fruit and vegetable preserves,Jams,Mixed fruit jams",CAT_14,Erythrosine (E127),Additive (INS/E-Code),US,Banned in US according to additive rulebook. Functional Class: Additive.
9900272541793,bix cake sandwich,,,Unknown,Brown HT (E155),Additive (INS/E-Code),"IN, JP, US","Banned in IN, JP, US according to additive rulebook. Functional Class: Additive."
8909081006715,Candyman fruitee fun,,,Unknown,Carmoisine (E122),Additive (INS/E-Code),"JP, US","Banned in JP, US according to additive rulebook. Functional Class: Additive."
8904089995351,Blueberry Yogurt,Heritage,,Unknown,Carmoisine (E122),Additive (INS/E-Code),"JP, US","Banned in JP, US according to additive rulebook. Functional Class: Additive."
8901262301435,Berry Dazzle,Amul,Ice creams,CAT_03,Carmoisine (E122),Additive (INS/E-Code),"JP, US","Banned in JP, US according to additive rulebook. Functional Class: Additive."
8901262301435,Berry Dazzle,Amul,Ice creams,CAT_03,Erythrosine (E127),Additive (INS/E-Code),US,Banned in US according to additive rulebook. Functional Class: Additive.
8906064284818,GOODINI Celebration GIFT OF GOOD TASTE DALIOS PIST,,,Unknown,TBHQ (Tertiary Butylhydroquinone) (E319),Additive (INS/E-Code),JP,Banned in JP according to additive rulebook. Functional Class: Antioxidant.
8906006721708,Mixed Fruit Jam,Lion,"Plant-based foods and beverages,Plant-based foods,Breakfasts,Spreads,Plant-based spreads,Sweet spreads,Fruit and vegetable preserves,Jams,Mixed fruit jams",CAT_14,Carmoisine (E122),Additive (INS/E-Code),"JP, US","Banned in JP, US according to additive rulebook. Functional Class: Additive."
8906007280235,Fortune sun lite refined sunflower oil,Fortune,"Oil,Sunflower oils",CAT_02,TBHQ (Tertiary Butylhydroquinone) (E319),Additive (INS/E-Code),JP,Banned in JP according to additive rulebook. Functional Class: Antioxidant.
8901014000203,Cup Noodles CHILI CHILI CHILLI,"Cup noodles, Nissin",,Unknown,TBHQ (Tertiary Butylhydroquinone) (E319),Additive (INS/E-Code),JP,Banned in JP according to additive rulebook. Functional Class: Antioxidant.
8901512557001,Nachos Cripsy & Crunchy,Act 2,Snacks,CAT_15,TBHQ (Tertiary Butylhydroquinone) (E319),Additive (INS/E-Code),JP,Banned in JP according to additive rulebook. Functional Class: Antioxidant.
8906065458218,Gone mad Gang of 5 Premium Badam Sticks,Gone mad,Confectioneries,Unknown,Ponceau 4R (E124),Additive (INS/E-Code),US,Banned in US according to additive rulebook. Functional Class: Additive.
8901548310403,DoodhShakti,Nutralite,"Produits laitiers,Matières grasses,Produits à tartiner,Matières grasses à tartiner,Matières grasses animales,Produits laitiers à tartiner,Matière grasse laitière,Beurres",Unknown,TBHQ (Tertiary Butylhydroquinone) (E319),Additive (INS/E-Code),JP,Banned in JP according to additive rulebook. Functional Class: Antioxidant.
8900017562619,Bun Maska,Jo Bakes,Bakery products,CAT_07,TBHQ (Tertiary Butylhydroquinone) (E319),Additive (INS/E-Code),JP,Banned in JP according to additive rulebook. Functional Class: Antioxidant.
8901648015413,Kulfi,Mother Dairy,"Desserts,Frozen foods,Frozen desserts,Ice creams and sorbets,Ice creams,Ice cream bars",CAT_03,Carmoisine (E122),Additive (INS/E-Code),"JP, US","Banned in JP, US according to additive rulebook. Functional Class: Additive."
8906159640482,Custard Powder (Vanilla),FIRA,"Dairies,Desserts,Dairy desserts,Custard puddings",CAT_01,Carmoisine (E122),Additive (INS/E-Code),"JP, US","Banned in JP, US according to additive rulebook. Functional Class: Additive."
8906005610386,winkies love bite choco heart cake filled with french vanilla cream,winkies,Cakes,CAT_07,TBHQ (Tertiary Butylhydroquinone) (E319),Additive (INS/E-Code),JP,Banned in JP according to additive rulebook. Functional Class: Antioxidant.
8906005610386,winkies love bite choco heart cake filled with french vanilla cream,winkies,Cakes,CAT_07,Titanium Dioxide (E171),Additive (INS/E-Code),EU,Banned in EU according to additive rulebook. Functional Class: Colorant.
8901063363526,Gobbles fruity fun cake,Britannia,"Snacks,Sweet snacks,Biscuits and cakes,Cakes",CAT_15,Ponceau 4R (E124),Additive (INS/E-Code),US,Banned in US according to additive rulebook. Functional Class: Additive.
8906012890047,CUSTARD POWDER,BAKERS,Baking,Unknown,Carmoisine (E122),Additive (INS/E-Code),"JP, US","Banned in JP, US according to additive rulebook. Functional Class: Additive."
8906031490860,Mixed Furit Jam,Marks,jam,CAT_04,Carmoisine (E122),Additive (INS/E-Code),"JP, US","Banned in JP, US according to additive rulebook. Functional Class: Additive."
8901031013088,Donettes Powdered,Hostess,,Unknown,Titanium Dioxide (E171),Additive (INS/E-Code),EU,Banned in EU according to additive rulebook. Functional Class: Colorant.
3948063032453,Treat Croissant Vanilla,Britannia,"Biscuits and cakes,Snacks,Snacks variety packs,Cakes",CAT_15,Titanium Dioxide (E171),Additive (INS/E-Code),EU,Banned in EU according to additive rulebook. Functional Class: Colorant.
