barcode,product_name,brands,ingredients_text
8901242107408,Bambino Roasted Vermicelli,Bambino,"Rice / wheat semolina (roasted), salt"
8908016501493,Peri Peri Momos,Hello Tempayy,
8906010360405,Ghee,Local/Regional Dairy,
8904001800282,Sesame Oil,Idayam,
8901779902569,Saras Sunflower Oil,Saras,
8906151236607,Millet Fingers Chatpata Masala,Snackible,
8906035140204,Bengali Mixture,Chipo,
8904109621116,Malabar Paratha,Nik's Cuisine,
8908003249032,Organic Cow Milk,Akshayakalpa Organic,cow milk
8908013479108,Coconut Cocoa Bar,The Whole Truth,
8906165781568,Biozorb Iso Zero Low Carb,Muscleblaze,
8906188960049,Pistachio Almond Cookies,Unibis,
8904406288050,PACKA,,
8908010946429,Sella Indian 1121 Basmati Rice,Alishaan,
8901161124463,Basmati Rice,Qilla Premium,
8906153742656,Zahidi Dates,TMI COLMAN,dates
8904970597004,Potato Fresh New Crop,Unknown Brand,potato
8908012987895,ProBlend Whey Protein,Trunativ,
8906001210245,100% Natural Coconut Oil,,coconut oil
8901058017403,Kitkat raspberry chocolate,,
8904232702348,The,,
8901552034043,Garlic Naan,Ashoka,
8901190107024,Organic peanut butter,,
8901063370166,Good Day,Britannia,
8908009059598,RuskPops (Cinnamon Rush),The Heath Factory,
8901777620977,Classic Aloo Mutter Jumbo Puff,Vadilal,
8906125301478,Choco Blast Gold,Pure Temptation,
8906020493544,Lal kaju katli,,
8906041811884,Choco Tron,,
8906104383242,Whey Protein,Xlr8,
8901709017707,Beef Mince,Allano,
8908026096040,Bold Brown Bread,5 Minutes,
8901047064012,Pure Ghee,Kohinoor,milk fat.
8908025188173,Hot Chocolate Fudge,Get-A-Way,
8905694505768,ALPHONSO MANGO,Faranak,
8906144490665,Cold Coffee Caramel Latte,Sleepy Owl,
8908012692546,Daily Fiber,Wellbeing Nutrition,
8901063369030,Cheeze Dipped Crunchy Layered Sandwich,Britannia,
8906132870004,Keemaya Dates,Sahara Dates,
8906081920072,"Biotin 10,000 Mcg Tablets Usp",Carbamide Forte,
8906097330254,Organic Rice Poha,Parliament,
8908001105989,Garam masala,only,
8904132969780,Daily Rice,Good Life,rice
8901414057494,Crunchy Munchy Sweet Chilli,Bikano,
8901537004788,Heritage Basmati Rice Premium,Heritage,
8906021121170,Aachi garam masala,Aachi,
8901042954820,Mtr turmeric powder,MTR,
8906090831444,White channa (chick peas),Grace,
8906131684817,Millet pancake mix,Slurrp Farm,
8906081380623,Palli karam podi,Swetha Telugu,
8906066200601,Keya Oregano Seasoning,Keya,
8906077361919,Roasted Curry Masala Chana,Jaimin,
8906101703678,Amoxicilina polvo suspensión oral,,
8901207002724,Trifla Churn,Dabur,
8901262130363,Amul Pro Plus,Amul,expire date
8902901223804,Sago,Good life,sago
8906078263861,Coconut Cookies,Cremica Mrs Bectors,
8906151142786,Triple Calcium,Tata 1mg,
8908014672003,Cremberie Natural Yoghurt plain,,
8908013172887,Protein Milkshake,Phab,
8908012975748,Popat jhal mixture 1kg,Unknown Brand,
8906131681236,Blueberry Millet Pancake Mix,Mille,
8901207013973,Dabur Ratnaprash,Dabur,
8906166360229,Un-junked Dates,Open Secret,dates
8909081011214,Mom's Magic Ghee Roasted Cashew Cookies,"Mom's Magic,Sunfeast",
8906036303004,Rajgira Peanut Chikki,Unknown Brand,
8901393025705,Sour Tubes,Chupa Chupa,
8901719129605,Chill Chatpata,Full Toss Baked,
8904083323174,Skyr Blueberry,Milky Mist,
8901063166899,Brita.toastea wheat rusk PO 2s,,
8901207018268,Meswak,Dabur,
8901063166882,Brita. Wheat rusk 3x305g,,
8901047816116,Methi Aloo,,
8904192222788,Chocolate,"Thoughtful,Hazel Twirl",
8904089915144,Toned Milk,Heritage,
8906118416844,PLUM,,
8901063165885,Brita.milkibikis smiley kreemz 12x44g,,
8906108190167,Chunky Continental Chicken Spread,Licious,
8901047816192,Bombay potatoes,,
8906001380566,Galleta Trio 4 Chocolate,,
8906069407151,Wok Tok Korean Noodles,Wok Tok,
8901719210228,rol cola,,
8906002662050,Coconut Sugar,KLF,
8901414042162,Aloo Paratha,Eat Easy,
8903363010278,Thatta Paiyru / Chowli Red,DMart,
8904084905010,蟹かま,Gadré,
8906003210649,"Vin rouge indien &quot;Shiraz&quot; (13,5% d'alcool)",,
8901725001162,sunfeast moms magic Butter,,
8904104002576,black,,
8904124116161,Dahi,ANANDA,
8906141100260,Gud Bites Jaggery Cubes,Gudworld,
8906069410991,Dried Fruits & Berries,Jewel Farmer,
8906181810303,Metabolic Lean,Good Bug,
8908026538144,B-Complex,Wellbeing Nutrition,
8906068760639,Peanut Butter,CLASSIC GARDEN,
8906143620544,Jeera Khakra,prolicious,
8901233024257,Dairy Milk Oreo,Cadbury,
8901725114916,Marie light,Sunfeast,sun feast
8906014642064,Oil,,gl
8901088897631,Saffola muesli,Saffola,
8902901225174,Good life urad dal,Good life,urad dal
8909106038783,Cornetto mini butterscotch,KwalityWalls,
8906047700427,Organic Brown Sugar (Desi Khand),,
8906130630228,Arrabbiata,Casa,
8908007029135,Burger Buns,English Oven,
8904293704381,Ginger,Unknown Brand,ginger
8906065160883,ITC Large Prawns,ITc,
8906151143073,1mg Ultra Clean Whey Protein- Hazelnut Chocolate,"Tata,1mg",
8906080603075,Paperboat Smoked Almonds,Paperboat,
8906117360315,Low Fat Cow Milk,Country Delight,
8904256718240,chip,,
8904422700901,daliya,Patanjali,broken wheat
8901689010477,Mixed Fruit Jam,Mala's,
8908009961372,Eclairs,,
8901262200646,Probiotic Buttermilk,Amul,
8906094750291,Curd,Muralya,
8908009961341,Eclairs,,
8903081456785,Strawberry Cheesecake Protein Bar,Chase Protein,
8904335605546,High Protein Oats Korean Fire,Yoga Bar,
8902102128113,UJALA,,
8906109490198,Vindaloo Curry Paste,Ferns,
8901052010127,Awadhi Style Shahi Paneer Mix,Tata Sampann,
8904304501008,Mangopüree,Swad,
8906027035112,Kolhapuri Anda Rassa Masala,Savai,
8906070218364,Pure Honey,Beehive,
8904300200486,Mario,,
8901595864355,Chilli Oil,Ching,
8906159980007,Humpy Farms A2 Milk,Humpy Farms,cow milk
8903023012017,Vedaka Extra Strong Tea,Vedaka,black tea
8904258703251,Raw sugar cane,,
8906068761858,Peanut butter,,
8904004411003,Rusky,Haldiram's,
8904063230010,Haldiram Bhujia400g,"Haldiram, Haldiram's",
8902901223040,Good  life jeera powder,good life,
8904051327111,Sesame sweet ball,,
8902089020059,TilSona Gold,TilSona,
8904258703237,Raw guav chilli,,
8901491100267,Potato Chips,Lay's,
8908024126039,Pizza Pasta,Repeat Gud,
8908015692413,Peri Peri Momos,WOW! Momo,
8902167001352,Masala,,
8906143892217,Whole Truth Food Apple Beetroot Carrot Vegan Protein Powder,Whole Truth Foods,
8901743060226,rice powder,melam,raw rice
8901052005987,TATA TEA PREMIUM,,
8901246006622,Delmonte tometo ketchup800 g,,
8901777575147,Rajwadi Basundi,Vadilal,
8901648092513,Kesar Elaichi Flavored Milk,Mother Dairy,
8908020463541,Crax Fruits combo pack,,
8906003511524,Nimbu Pani,Jalani,
8901972061056,Dukes Utsav Danish Butter Cookies,Dukes,
8902901222777,Good Life Jeera,Good Life,jeera
8906049970026,Sudha Pasteurised Double Toned Milk,Sudha,
8908024109049,Crinkle Cut French Fries,Pepizo,
8906000211007,Oven cake mix,,
8901725135133,Pasta Treat,Sunfeast,
8904221694241,Soy Protein Isolate,AS-IT-IS ONE,
8901058869446,Sunrise,,sunrise
8901725116743,B natural  cranberry,,juce
8901088897648,Saffola musli  berry crunch,Saffola,
8906170521586,Pea Protein Vanilla,Nutrabay,
8904004411416,Uuhj,,
8906080603747,Classic salted cashews,Paperboat,
8904063210623,Methi Paratha,Haldiram's,
8906049069881,Golden mixture,,
8901719210129,popping,,
8906108192390,Loaded Chicken Momos,Licious,
8901777379769,Mixed Veg Sandwich,Vadilal,
8908004646571,Swirlicious Creme Strawberry Wafer Rolls,Maddox,
8906015500400,Sweet corn,Keventer,
8906000612842,Mc Cain Aalo tikki,,
8901052010172,Punjabi Style Matar Paneer Mix,Tata Sampann,
8901052010141,Amritsari Style Panner Tikka Mix,Tata Sampann,
8904063222862,Pudina Paratha,Haldiram's Minute Khana,
8906013645042,Plain khakra,Jagdish,
8908001169066,Grapes Mix,,
8906036849359,roasted channa,spicelands,
8906036846730,puffed rice,spicelands,
8904064618572,toor dal,transfood,
8901058028959,Milkybar,Nestle,
8909106069053,Imli Chutney,Kissan,
8906021122245,Aachi Mixed Veg.pickle,Aachi,
8908004802755,Basmati Rice,Amritsar Land,basmati rice
8901030667190,lifboy soz bachowk,,
8904132930308,Healthy Life Chocostars,Unknown Brand,
8901066036465,TOASTEA,,
8901045420100,FRYING MIX 500G OT 20,,
8906041814892,Party Stick Fresa,oslon,
8906041814908,Party Stick Chocolate,,
8901777594100,Kesar Gujiya,Vadilal,
8906010503949,Chataka Pataka,Balaji Wafers,
8908013080182,Organic coconut milk,Coco Mama,
8901262223850,Amul Roti,Amul,
8903059591739,jowar flour,more,
8904970588504,Onion,Unknown Brand,onion
8906117361008,Country Delight Cow Milk,Country Delight,cow milk
8906069406130,Instant Noodles Manchurian,WokTok,
8908012987741,Whey Coffee Mocha,Trunativ,
8908006628216,Quattro Formaggi,Nutoras,
8901499012012,Kellogg’s Oats,Kellogg’s India,
8904043501000,Multigrain Bread,Baker Loaf,
8906151230391,Quinoa Puffs - Dahi Papdi Chaat,Snackible,
8904150503850,pancake,,
8901548310199,Nutrition drink powder 400gm,complain,
8906165786105,Biozorb Performance Whey,MuscleBlaze,
8906059639784,50g Paneer,Epigamia Turbo,
8904063210913,Haldirams Homestyle Paratha,Haldiram's,
8908020463527,Punjabi Tadka,Crax,
8906065169510,Lebanese Falafel Kebab,ITC,
8906030061559,Sliced green olives,,
8906019562077,Moong Dal,Real Bites,
8901138713904,Foot scrum smoothing.150ml.himalaya,,
8907316014788,Ginger & Garlic Paste,Mother's Recipe,
8906021920445,apis mango jam,,
8901764692017,Carbonate Water,Sprite,
8906033261062,Thé vert au gingembre,,
8901777459553,Veg Spring Roll,Vadilal,
8906141311260,Honey,Dollar General,
8906064285341,Tender Coconut Water with Pulp,Unknown Brand,
8908000589292,Fizz Jeera Masala,Bindu,jeera
8901393024500,Alpenliebe Gold Candy,Unknown,unknown
8908013252145,Granola choco almond &cookies 275gm Fit& Flex,,
8908013252053,Granola happy berries 275gm Fit & Flex,,
8901491100250,Lays,,
8908027668031,Pina Colada,Dead Honest,
8906107172461,Hot Wings,Meatigo,
8906005914545,Aakash Bhel,,
8906005450890,Bikaji Bhel,,
8908021821128,freshko,Unknown Brand,
8901440011101,Chicken Masala Spice Mix,Eastern,
8909081010552,Swiss Roll,Dark Fantasy,
8904043926582,Masoor Dal,Tata Sampann,masoor dal
8901689030642,Black Currant Crush,Mala's,
8901086260918,Herbal Cough Remedy,Zecuf,
8906140204006,Nature's kima Dates 500gm,,
8909081003134,Sun feast cakes sliced,,
8906020495913,Lal dharwad peda,,
8906009534251,Peanut Butter with Dark Chocolate,,
8908013252190,Muesli Fruity Crunch,Fit & Flex,
8906088662364,Postpil,,
8904093828430,Ok 72,,
8904093825699,Pronta,,
8906140203870,Sultan Dates,Nature's Choice,wet dates
8908003032849,Garlic pickle,,
8904293704091,Capsicum Green,Unknown Brand,capsicum green
8906005501585,Mastkin,,
8904304511281,Herbal,,
8902268015852,Top ROYALE Butter & CHEESE,Anmol,
8906142560391,Organic chickpea puffs-NYC Pizza,Popeas,
8906142560407,Organic Chickpea Puffs - Tangy Taco,Popeas,
8906161220306,Oppa Rice Hakka Noodles,Vatsa's,"rice, water"
8901491103329,Kurkure NAUGHTY TOMATO,Kurkure,
8904258701318,Grapefruit Juice,Raw,
8906016420257,Roasted Peanuts plain,,
8906107171013,Desi Chicken Burger Patty,Meatigo,
8906165788741,Whey Max Rich Chocolate,Fuel One,
8906011771842,cow milk,Mahanand,cow milk
8904004420203,Special Malai Peda,Haldiram's,
8906184753232,Bro oreo,,
8904104705033,Jk poppy seed,Jk,poppy seed
8904234407418,Incesnse,Satya,
8906063890614,Traditional Pork Kransky Sausages,La Carne Cuts,
8906137370622,Wild Origins Honey,Last Forest,
8902167001093,MDH Karahi Chicken,,
8906170521883,Hydrolyzed Pea Protein,Nutrabay,
8901552001939,مخلل قطعات المانجو في الزيت,جمل,
8901548310427,D'lite  yummy berry,,
8906179681809,Delight Mango juice 600 ml,,
8906179681663,Delight Mango juice 250 ml,,
8904132917279,Snac tac all in one,Snac tac,
8906101940059,nikhar mhendi,,
8908002584165,Tea,Lasa Lamsa,tea
8901725014759,Whole Mustard,Aashirvaad,whole mustard
8908021087005,Trauben,,
8906054689128,Tapioca chips,,
8908014421519,Millet,The Millet Company,
8901548312483,Sugar free D'lite Assorted Cookies,D'lite,
8901777077665,Amla Slices,Vadilal,
8908000275249,Pineapple Drops,Viswas,
8906078264738,Cremica Classic Bourbon,Cremica,
8906131685029,Slurrp farm,,
8908014602109,Ice Pops (Lemon Flavour),SKIPPI,
8901063093690,Britannia Good Day Casio cookie,,
8902080100491,Sting energy,PepsiCo Inc.,
8901063162976,Doodh Marie Gold,Britannia,
8908020220496,L❤️U,,
8906090578530,Too Yumm! Potato Chips,,
8909106029002,Pukka Ashwagandha & Tulsi,Pukka,
8901747001539,Wagh Bakri premium leaf tea,Wagh Bakri,tea
8909106041783,Brooke bond taaza,Brooke Bond,
8901440011439,Chicken Fry Masala,Eastern,
8901063019249,Little Hearts,Britannia,
8906010369224,Namkeens,,
8908019673135,BAKERS VINEGAR 500 ML,,
8906004654534,Jaggery Powder,Pavizham,
8901777665107,Kaju Katli Mix,Vadilal,
8906016611150,Zecal-Gold,Indochem,
8908009059413,Zero Maida Sourdough Rye Bread,The Health Factory,
8904089992602,Cheese Slices (Processed Cheese),Heritage,
8905950003694,khatta meetha,Bikaji,
8905950003519,All in one Kuch Kuch,Bikaji,
8905950003779,bikaji moong dal,,
8908001105583,Rajwadi mixture,only,
8905950003434,bikaji bikaneri bhujia 400g,Bikaji,
8904258703985,Jal Jeera,Raw,
8906085460444,Rice Papadi Green Chilly,Yash Papad,
8906020250185,Gingelly oil,Pooja,
8904124115287,Dahi,Ananda,
8903023185254,cinnamon,more choice,
8906030521770,Karak Tea Instant Promix,Neel Cafe,
8906019630059,Noodles,,
8904064617285,chilli powder,,
8904064616363,Fenchel Samen,,
8901063410015,The Laughing Cow Cheese Cubes,Britannia,
8904004410181,Mini Kaju Katli,Haldiram's,
8901262153294,Apple,"Amul, tru",
8908020463664,Choco Rings,Crax,
8906030460161,Brown Bread,Moreish,
8904064664234,CASTOR OIL,,
8904083301219,Milkymist gulab jamun,,
8901047619243,Chili Paneer Cooking Sauce,Kohinoor,
8904018305848,Medimix Ayurvedic,,
8901738707921,Coconut Flakes,Havana,
8901884401988,Carrot Chilli Pickle,Rishta,
8906186473343,Spaghetti,Pasta Zing,
8904208600043,Paneer Tikka Masala Mix,Rasoi magic,
8908013252725,Muesli 0% Added Sugar,Fit&Flex,
8906018553137,Frozen Sweet Corn,Pagro,
8906010360122,Ghee,GRB,
8906106710299,tab.nacplus,,ygffy
8904013420072,Goodrick khass,,
8901595873241,Schezwan stir fry sauce,,
8908014841119,Mozzarella Di Bufala,The Spotted Cow Fromagerie,
8904293728608,Flipkart Grocery Corn Flour,Flipkart Grocery,corn flour
8906021128377,Aachi kashmiri chilli powder,Aachi,red chilli
8906033746026,Digestive Minis,McVities,
8906067024381,MuscleBlaze Fish Oil 1000mg,MuscleBlaze,
8903023264935,Roasted Bengal gram,More choice,
8901747000631,Tea levaves,Wagh bakri,
8906090831604,Grace urad dal,Grace,urad dal
8906126393755,ZAHIDI DATES,Khari Foods,dates
8908022639562,GLF PEANUT BUTTER 340GM,,
8908024057289,Millet Bhel Bombay Bhelpuri,Eat Better Co,
8906071430475,Basmati GOLD Rice 02 (Raw),India's Jaisal,
8904071701779,Masala Butter Chakli,Unknown Brand,
8908005758723,cardamom chai,,
8904970588391,Grapes Sonaka Seedless,Unknown Brand,grapes
8906034975463,Parboiled Basmati Rice,Evarat,
8901491100106,Rolled Oats (Natural Wholegrain),Quaker,rolled oats
8904063229861,Street Style Momos,Haldiram’s,
8901595971190,Chings pad thai noodles,,
8908011819005,Malabari Special Biryani Rice,Malabari,rice
8906109930007,Rock salk,Tasav,
8908018651677,Protein Puff Tomato,Troovy,
8907316005311,Mother recipe Red chilli garlic chutney 200 g,,
8901058012637,Maggi imli sauce pichkoo 75 g,,
8908023263100,Creatine Monohydrate,Fast&UP,
8908013252213,muesli nuts 450g,,
8906010368555,Masala Peanuts,Town Bus,
8906069408141,Strawberry And Watermelon 0 Sugar,Zyro,
8906078150178,STAR FRIES Crispy/,,
8906078150246,STAR RIES,,
8908017962163,wicked gud,,
8906078269863,mrs bector merry Christmas,,
8901719136870,parle hide&seek,,
8909081007460,sunfest magic,,
8901063142879,brittania nutri choice seeds,,
8904083300809,Cow Ghee,Milky Mist,milk fat
8906021120678,Aachi,Unknown Brand,ex
8906008350500,Oats,Manna,oats
8906059160110,Regency Apricots Dried,Regency,dried apricots
8901440217909,Crushed chilli,,
8901207034459,Anmol Gold,Dabur,coconut oil
8906002080014,Turmeric Powder,Sakthi,turmeric
8904043551845,Pineapple Sweet Fill,Modern,
8901721023540,Crazy Stickk,Prabhuji,
8902188720089,Khatta mitha mix,,
8906018140320,Original Tortilla Wraps,Switz,
8906041817572,Chicloso Menta,,
8906115881188,Galleta Choco Luv,,
8906115882093,Galleta Rocco Chocolate,,
8906115882079,Galleta Rocco Fresa,,
8906115882086,Galleta Rocco Vainilla,,
8904137495093,Atta cookies,,
8908000117303,Parivaar Premium Lokwan Wheat 30 Kg,Unknown Brand,
8908000117327,Masti Sihori Wheat 30 Kg Bag,Dharmesh,
8909081011436,Aashirwad Shudh Chakki Atta 10 kg Bag,,
8909081011429,Aashirwad Shudh Chakki Atta 5 Kg Bag,,
8906055440223,Organic Tattva Whole Wheat Flour 5 Kg Bag,,
8904132942363,Good Life Sharbati Wheat,,
8901063142893,Nutri choice orange 67g,,
8906169550511,Cornichons recette rustique,,
89005552,3 Cheese Alpine-Style Shredded Cheese Blend,Roth,
8904132912830,Aloo Bhujia,Snac tac,
8908026791501,Potato Chips,Troovy,
8906151142687,Triple Strength Omega 3,TATA 1mg,
8906084522181,High Protein Paneer (50g),Desi Farms,
8904051325063,Malabar Porotta,Vembanadu,
8908001576307,Badam patisa,,
8908026778021,Mattanchere Spice Plum Cake,Pandhal,
8906199680905,Whey Protein Isolate (Unflavoured),The Func Lab,
8908009082299,panipuri,,
8908020616152,ynot jujube,Unknown Brand,
8906006752689,Malto Vitaa Chocolate Satisfaction,Milkose,
8901148258600,Atex,,
8904043501031,Whole Wheat Bread,Bakers Loaf,
8901777349083,Tamarind Rice,Vadilal,
8908012126829,Prunes,Bazana,prunes
8908022361302,Cold Pressed White Sesame Oil,Kachi Ghaani,
8906066200090,Paneer Chilli Masala,Keya,
8901888005717,Lemoneez,Dabur,
8904132913288,sun crush,,
8901063142862,Nutri Choice Biscuits,Britannia,
8906038740821,קחי תירס מתוקים מבושלים,לירון,
8908009059710,Zero Maida Atta Bread,The Health Factory,
8901499011367,Chocos variety pack 7 packs,Kellogg's,
8906004564741,Chips Piri Piri Flavour,Yellow Diamond,
8902080100415,Adrenaline Rush Ultimate Performance Energy Drink,Pepsico,
8903363004383,Kulith,Unknown Brand,horsegram
8904132934627,Get real pears,,
8906087771814,Mamaearth onion conditioner,,
8906046144437,Bay Leaf Whole Organic Spices,,bay leaf whole
8908000117310,Masti Lokwan Wheat 30 Kg,,
8908000117297,Parivaar Premium Sihori Wheat 30 kg,Parivaar,
8908000117150,Masti Lokwan Wheat 10 Kg,,
8901552025027,Madaras,,
8901595852338,Green chilli sauce,,
8906038500074,Wheat flour,,wheat
8904051326565,Keralla Mixture,,
8904374500420,Premium Malai kulfi,,
8904062524417,plain bhunia,Haldiram's,
8907970002169,Gemini Refined Sunflower Oil 800 gm pouch,,
8906002342563,Rajdhani Maida,Unknown Brand,500gm
8906097400032,Turmeric Powder,Zoff,turmeric
8906191580111,Sunny Sun Lite Oil 4.30 Kg,Sunny,
8902901028331,Good Life Refined Sunflower Oil 4.55 Kg,Good Life,
8904422706361,Patanjali Kachi Ghani Mustard Oil 2 Ltr,Patanjali,
8904043906935,Tata Simply Cold Press Sesame Oil 1 Ltr,"TATA,Simply Better",
8906102380038,Water,,
8901030877193,Red label tea,Unknown Brand,chai tea
8904045056058,Amla juice,,
8906078261980,Golden Bytes,Cremica,
8908009082718,panipuri,,
8901063142718,Oats & Millets Orange Flavour Cookies,Britannia Nutrichoice,
8906027712440,Skimmed Milk Powder,Govind,
8908020238057,Paneer,Vijaya,
8908017366275,Hot & Spicy Nuggets,Shaka Harry Plant Based,
8908017366268,Classic Crunchy Nuggets,Shaka Harry Plant Based,
8906063892304,Chicken Chorizo Sausages,Meat the World,
8906041272753,Zenlee plus,,
8906172721434,Cheese balls,,
8908017415140,Peanut butter crunchy,,
8909106084704,Horlicks Protein,Horlicks,
8902080003068,Slice,"Slice,Coca-cola",
8905110007104,vivel glycerin,Unknown Brand,
8906010090319,Chilli Cheese Slice,D’lecta,
8908014080204,Aloo Papad,Renusa,
8904132917064,Aarambh Danedar Assam Tea,Aarambh,tea
8906135092021,apis ROYAL ZAHIDI 500g,apis,dates
8904063211125,Aloo Tikki,Haldirams,
8906163834235,Makka Shaka Imli,Farmley,
8906108306162,Medjoul Dates,Popular,dates
8906035140075,Chipo white mix,,
8906141311277,Honey By Clover Valley,Clover Valley,
8906035140181,Chipo snow flakes mix,,
8906070492009,Ojin ring ring,,
8904063233172,Takatak,Haldiram,
8906090578172,Party Harder,Too Yum,
8902433030055,SNICKERS STRAWBERRY FLAVOR,SNICKERS,
8906083023313,Mindful essentials Chia Seeds,eatanytime,
8901393027761,Play Tennis,Chupa Chups,
8906081380159,lime pickle with garlic,"Swetha, Telugu Foods",
8901719136863,Hide & Seek Choco Rolls,Parle,
8906143041769,Whole Wheat Penne Rigate,Yu Pasta,
8906091931266,Shappad Diabeto Rice Kodo Millet,Unknown Brand,
8904256724494,Whole Wheat Bread,Tasties,
8906045140881,Whey Protein Isolate,Nutrabay,
8901393020373,Happydent White,Perfiti van melle India pvt. ltd,
8906094750338,Bottle Milk,Muralya,
8906009537306,Gochujang,Max Protein,
8901790716169,Diclorojo,,
8908000870536,Chana Dal,Jaimin,
8901790720685,Amoxcicilina,,
8901262220347,Butter Cookies,Amul,
8906186474937,Fully Cooked Spaghetti,Pasta Zing,
8906173934444,Hash Brown,Pommetos,
8908018275026,Crushed Peanut Chikki,Nutsy,
8908000682788,Jeera Masala Soda,"English, Kaycee",
8906174450653,Kashmiri Kahwa,,
8906191631356,Blueberry Cheesecake Protein Bar,Phab,
8903081300651,Dessert Protein Powder,Chase,
8901207023644,Dabar Red Gel 300g buy2,,
8906188960155,Unibic,Unibic,
8904132973305,Independence bu,,
8908013903672,Spring Roll,Yummfeast,
8906134790133,Honey Jam Mixed Berry,Eatopia,
8906033950676,Nalla karam Powder,G. Pulla Reddy,
8901262203562,Borlotti Indiani,Harman,
8904089309868,Choco Block,Havmor,
8906005672780,Haldi Chana,Charliee,
8906056830115,Crave Gulab Jamun,,
8906056835004,Crave Besan Laddu,,
8906005910103,Aakash Ratlami Sev,Aakash,
8906005910042,Aakash 350g,,
8901548431573,Dark Chocolate,D'lite,
8901499025951,Millet Muesli,Kellogg's,
8906159751584,Wafers,Nabati,
8901777674147,Rajbhog Kulfi,,
8906081920768,Vitamin D3 Tablets,Carbamide Forte,
8906044920477,Double Beans White,Hallmark,beans
8908020170012,Siddipet Poultry Eggs,Siddipet Poultry,eggs
8903363014351,DMart Healthy Choice Chia Seeds,DMart,chia seeds
8908000339767,Karak tea premix,,
8904063219817,Haldiram's Minute Khana Dal Palak Kebab,,
8904040303133,Kodi Vepudu Masala,Annapoorna,
8908012945833,Plant Protein Sachet,Pink Harvest Farms,
8902901011388,makhana,Good Life,phool makhana
8901483912991,Sweet Relish,Tiffy,
8906092353845,Shadani Aam Papad,Shadani,
8901786670307,Tasteeto Chilli Flakes,Everest,crushed chilli
8901595851225,EGG HAKKA NOODLES,Ching's SECRET,
8908002026993,Atta Patti,,
8904055906114,Krispy Fried Chicken,Meatzza Snackers,
8904063281555,Dal Makhani,Haldiram's,
8903023267424,Tili White,More,till (sesame)
8908005072690,Chia Seeds,Delight nuts,raw chia seeds
8901246007377,Spirali,Del Monte,
8904209303790,aachi mango thokku pickle,Aachi,
8906071450961,Pasta Sauce,,
8904064616240,Sesamöl,annam,
8904083519140,Organic Whole Wheat Flour,24 Mantra Organic,
8904180000572,Karela Pickle,Vik’s,
8901262174619,American Nuts,Amul,
8906073000003,Cloche de pâques,Pasticceria del castello,
8906014011020,Khatta Meetha Chana Papad,420 Papad,
8906014011426,200g,,
8906014011228,200😛g,,
8906014011044,400g,,
8906141910258,Black Rice,Dawat,
8908002506044,Emperor dates,Emperor,dates
8901233020273,Cadbury 5 star,Cadbury,park carbides
8902579004279,Smoodh Kesar Badam,Parlé Agro,
8906041814106,Crazy cups,,
8906091300154,100% Banana Smoothie Whey Protein,Nutrabox,
8906000934579,Zimt Stangen,,
8908000715004,raisins,,
8904063259332,Aloo Kulcha,,
8906095128297,Indian kishmish,Unknown Brand,
8908027388038,High Protein Roti,MillD,
8908015078026,Abhi Eggs,Abhi Eggs,eggs
8904083300434,Milma paneer,,
8906165788376,MuscleBlaze Biozyme Iso-Zero Low Carb Swiss Chocolate Hazelnut Flavour,MuscleBlaze,
8906021922814,APIs Himalaya honey,,honey
8901548310113,D lite vanila,,
8901548310069,D lite cricpy,,
8904209300119,Veg Biryani,Aachi,
8906151142717,Magnesium Glycinate,Tata 1mg,
8906095290277,Kayi Kodubale,Adukale Sankethi,
8908015676093,Golden sweet potato peri peri,TBH,
8903363006103,Black Pepper (Pepper Corn),DMart Premia,black pepper
8908002783353,Granny's Tamarind,Granny's,tamarind
8904293739956,Whole Wheat Bread,Delish,
8909081011177,Low Calorie Cranberry Juice,B Natural,
8901748000043,RUCHI Turmeric Powder,Ruchi,
8906009536590,Blueberry blast,Ritebite,
8906010501242,wheelos masala flavour,BALAJI WAFERS,
8906010505219,Tomato Twist,,
8906020582019,Protein Rich Paratha,ID,
8906144490467,French Vanilla Arabica Coffee,Sleepy Owl,
8904491700093,Millet Cookies (Chocolate),Tummy Friendly,
8904083533856,Organic Chekodi,24 Mantra Organic,
8904274100140,Boondi,Charbhuja namkeen,
8906001385752,Cremica,,
8906129282742,LOW FAT PANEER,FRU BON,milk solids
8908015361005,Mustard Oil,Unknown Brand,mustard oil
8901548310106,D lite vanilq,,
8901552023610,Mini tandoori paneer samosa,Ashoka,
8901030795909,Boost,,calcium
8908016538185,POP,Archi,
8906098670083,INDIAN MASALA -POPCORN-,Ultra pop,
8906174460225,GHEESE GARIC FLAVOURED POPCORN,Ultra pop,
8901117289239,Cofsils Cough Drops,Cofsils,
8901888006004,REAL BURRST POMEGRANATE,real,
8901888006011,REAL BURRST MIXED FRUIT,real,
8906163832415,Farmley Omani Dates Fard,Farmley,dates
8906012231918,Corn Flour,Vijay Gold,corn flour
8906032152545,Sleepy Tea,Luxmi Estates,
8901542001666,Glucon - D,Zydus,
8906157630171,Jaggery,Sunpure,
8901648921424,Live Lite Low Fat Milk,Mother Dairy,
8906019779505,Australian Almond Kernels,Nutraj,almond kernels
8901448904054,ويفى بريك,,
8906021927062,apis deseeded dates,apis,deseeded dates
8903023007709,Chironji,More,
8901725003838,Mom Magic,Sunfest,
8908022604133,Berry basil kombucha,Hrx,
8901725016272,Dark Fantasy Bourbon,Sunfest,
8906033743803,Mcvities Bourboan,Mcvities,
8904132976436,Rasklk,,
8901440218494,ايستي قوه شاي اسود,,
8901393019506,Gummy Tubes,Chupa Chups,
8901777486085,Schezwan Fried Rice,Vadilal,
8906199680257,Whey Protein Isolate (Chocolate),The Func Lab,
8906016350011,Samrat MP Chakki Atta 10 Kg,,
8901207027536,Pomegranate Fruit Juice Nectar,,
8901088203630,parachut,Unknown Brand,
8906131681557,Oats jumbo rolled,Slurrp farm,
8904440924068,بهارت دجاج مقلي,,
8901440221715,بهارت مشكل,,
8901004401102,بهارت بريالي,,
8901440209768,مسحوق الفلفل الاسود,,
8906168740630,Amla Juice,Baidyanath,
8901052008889,Green tea Beauty care,,
8906182620406,Rice Paper,Master Chow,
8902710500509,Baggry’s No Added Sugar muesli,Baggrys,
8904155712837,Boroflex,Zuventus,
8902901027839,Desi kitchen Kodo millet,Desi Kitchen,kodo millet
8901786122004,Kitchen King Masala,Everest,
8906011701214,Baking powder,Frolic,
8901786030163,Pani Puri Masala,Everest,
8906066206184,Pizza Oregano,Keya,
8901786080120,Sambar Masala,Everest,
8908004271575,Kala masala,Nasale,
8904124801180,Jhanjhanit Thecha,Raj,
8904327600818,Peanut Butter,My Fitness,
8908002937237,Heem Rock Salt,Heem,pink salt
8903023289983,More Choice Kasoori Methi,"More,Choice",kasoori methi
8904055907371,Marinated Boneless Chiken Tandoori Tikka,Meatzzaa,
8906000612590,Air Fryer French Fries,McCain,
8906078181455,dnv masturd kasundi,,
8908024977655,Creatine Monohydrate,Superyou Pro,
8902901222678,Good life Fennel Big,Good life,
8906115425610,Crunchy Coin Nippattu,WellBe,
8904132965683,Chana dal,Simply Smart,chana dal
8904132933019,Unpolished Urad gota white,Good Life,urad bean
8906080232756,PURE GHEE KHAKHRA,Nasto,
8904355407762,Arabian Dates,Apollo Life,
8906210070111,Nutritional Information,,
8901552005067,Pav Bhaji,,
8904083512059,Brown sonamosari rice,,
8904004407617,Taka-tak,Haldiram's,
8901764042904,Thumsup,Coca-Cola,
8901037255031,Cardamom Chai Instant Tea Premix,Girnar,
8909106040977,Bru Cold Coffee Classic,Bru,
8904084900398,Fish Fingers,Tilapia,
8906074081131,Vathakuzhambu,Aswins Sweets & Snacks,
8906074082923,Pirandai Thokku,Aswins Sweets & Snacks,
8901063370135,Britannia Good Day butter,,
8901063029439,Jim jam family pack,,
8901063093720,Good Day Cashew Cookies,Britannia,
8908005469544,Honey Ginger Tube,Honey Twigs,
8906095125548,Wonderland Mamra Badam 5A 500gm,,
8901063142886,Nutri choie oats and milk,,
8901063369061,50-50 caramel Dipped,Britannia,
8900063369064,50-50 cheeze Dipped,,
8901063018389,Time pass classic sslted,,
8901063033955,Treat orange creme,,
8901063160460,Pure magic rs 40,,
8901063368552,Marble cake choco vanila rs 30,,
8908020463749,Potato Chips,Crax Zero,
8901393027099,Chupachups sour belt cola,,
8901764092107,Maaza 1.5L,,
8901719127595,Coconut crunchy cookie  400gm rs 55,,
8901719139147,20-20 Butter cookis 150gm rs 30,,
8901719133756,Hide & Seek 75gm,Parle,
8901719136665,Parle-G Jam-In,Parle,
8906091682793,Coffee Fine Milk Chocolate,Paul And Mike,
8901748003372,RUCHI Anashfool gota,Ruchi,
8906194230471,sesame oil,,
8906194230891,soya chunks,,
8906199680554,Chocolate Protein Powder,The Func Lab,
8901748003327,Ruchi Dalchinigota,Ruchi,
8906009520087,Light coconut milk,,
8906620440351,Atkins,,
8908005543459,Veg Omega,Nutricharge,
8904067704944,Kaju Badam Lachha,Jabsons,
8904422700284,Patanjali Alovera juice 1L,,
8904064627192,Sel gemme,,
8906030680132,Guru ji mixture,,
8906029780218,milma ghee,milma,milk fat
8901748003389,RUCHI ELAICHI,Ruchi,
8904063203342,Ratlami mixture,Haldiram's,
8901192210036,Catch Big Cardamom Whole,,cardamom
8901721000329,Khasta crispy masti,,
8903023004449,Fennel (Saunf) Lucknow,"More,More Choice",fennel seeds
8906002081615,Biriyani Masala,Sakthi,
8903023272275,More Choice Barley,More Choice,barley
8906000610169,Fries,,
8901552011587,Kashmiri Dum Aloo,Ashoka,
8906116953822,Multivitamins,"TRUEBASICS,HEALTHKART",
8906067029898,Omega 3 Fish Oil,"HEALTHKART,TRUEBASICS",
8908020463244,crax crunchy pipes,,
8908013326440,Black Salted Almonds,TopNut,
8906167860056,Janatha peda,,
8903174000277,Trauben Mix,Edeka,
8906112662155,Nuts & Berries Muesli,True Elements,
8904043907659,TATA,,
8904092499419,Multigrain Bread,Kabhi B,
8904258703831,Refreshers Cranberry,Raw Pressery,
8906029141347,Rose Sarbath,Mambalam Iyers,
8906029141330,Nannari Sarbath,Mambalam Iyers,
8901748000166,Ruchi Coriander,Ruchi,
8906075002234,Green Masala (Khari Surti Pastry Puff),,
8909081001550,Sunfeast Farmlite Digestive High Fibre,ITC,
8904011301595,Green Magic Standardised Milk,Aavin,
8908008828287,granulated sugar,SNJ,sugar
8902756301795,Yummiez Green Peas,Godrej,
8906065166052,Frozen Sweet Corn,"Farmland, ITC",
8904150206720,Prunes Dried & Pitted,Nutty Gritties,
8906070001133,Gravitaos Mysore pak 100gm,,
8909081008184,Sunfeast mom's magic 544gm,,
8901722060100,FORZEN GREEN PEAS,Safal,green peas
8906019772728,Nutraj California Walnut Inshell 1kg,Nutraj,walnut inshell
8909081013539,Mom's magic Rs 10,,
8901248428439,smart&handsome,,
8906037152373,Krishna Thyro Balance Juice,Krishnas Herbal & Ayurveda,
8906016350141,Samrat MP Chakki Atta 5 KG,Samrat,whole wheat
8901399603006,chandrika gel bar shoap,,
8901058016178,Reach tomato ketchup,,
8902433040207,Boomer Bubble Gum,Wrigley's,
8903553821370,Green chilli sauce,,
8909106030169,Rosted garlic,,
8904288909203,Gg rajma beanse 500g,,thjj
8906084691399,Dhoda,,
8901030926518,Kisan sweet and spicy,,
8908003634012,Ganda phenyl,,
8909316000778,Pink Salt Makhana,Yumigoes,
8906069026826,Veeba mayonnaise,,
8902901011517,Tamarind,Unknown Brand,tamarind
8906069402392,Veeba caramel,,
8904206004034,Organic Alma Powder,Avila,
8906069407779,Veeba sandeich spread,,
8906069403504,Wok tok Schezwan,,
8906033530038,Snapin mixed herbs,,
8906172784064,Berried in bliss overnight oats,True elements,
8904083323181,Blueberry Skyr,Milky mist,
8909106033023,Brook Bond Taj Mahal,,
8901052005208,Tata Tea premium Desh Ki Chai,,
8901747002406,Near by expiry,,
8901095000017,Society tea,Society,tea
8901058016789,Nescafe classic,Nescafe,
8901030962233,Lipton green tea clear and light,Lipton,
8906019080052,Chicken 65 Seasoning,Ustad Banne Nawab’s,
8901786280254,Kasuri methi,Everest,
8901595972258,Ching's Secret Hakka Noodles Chowmein Masala,,
8901662036722,Kasoori methi,Suhana,
8906021924436,Royal Zahidi Premium Dates,Apis,dates
8901786581009,Kanda lasun masala,Everest,
8906164157951,Pavbhaji masala,Suruchi,
8906164157821,Paneer masala,Suruchi,
8901052034260,Agni strong Dust Tea,Tata Tea,
8909106043671,Taj Mahal,"Taj Mahal,Brooke Bond",tea
8901030882562,Red Label Natural care,Brooke Bond,
8901662017516,Kasoori methi,,
8901030823886,Brooke Bond taaza masala Chaska Elaichi,Brooke Bond,
8904041502740,Kachchi Dabeli masala,,
8901052034369,Tata Agni 250 GM,,
8908013153053,Mahavir khajur,Mahavir,dates
8904067709192,Till laddu,,
8901725107741,Moms Magic,Sunfeast,
8901662024590,Kashmiri dam aalu mix,,
8906077361957,Phool Makhana (Popped Lotus Seeds),Jaimin,
8901207025389,Honey,Dabur,
8906134671562,ajmi vinegar,ajmi,
8901248303613,navratilova goldoil,,
8901248303101,Navaratna extra cool,,
8901248303651,Navratna zaith zaitoon cool oil300ml,,
8901747006459,Mili elaichiti Tea,"Wagh Bakri,Mili",
8901747005124,elaichi chai,Navchetan,
8901095001168,Society masala flavour tea,Society,
8901052006359,Green tea,Tetley,green tea
8909106045439,Bru Instant coffee,Bru,
8909106001688,Lipton green tea Raspberry mint,Lipton,
8901058900361,Munch Nuts,Nestlé,
8906010505325,Ratlami sev,,
8901120143221,Sugar free natura,Sugar Free,
8906010360085,Ghee,GRB,milk fat
8901052087792,Tetley green tea,Tetley,
8906005622266,pepper powder,mayil,
8901037234234,Girnar chai masala,Girnar,
8901747000518,Wagh Bakri navchetan strong leaf tea,Wagh Bakri,tea
8901052030361,Tata Tea premium Desh Ki Chai,Tata Tea,
8908013809097,lamp oil,pooja gold,
8904093609084,mustard oil,tony delight,
8908015165023,Bocconcini,Cremetalia,
8904083305057,Probiotic Curd,Milky Mist,
8907316012067,Butter Chicken Cooking Sauce,Mother’s Recipe,
8906164161477,Chupeta Messi,,
8906164163068,Paleta Chile,,
8908014903954,Sorpresa DinoGummy,,
8906164162337,Paleta Lápiz,,
8906164164591,Chupeta Soccer Pito,,
8906164162962,Chupeta Dientes,,
8906164164720,Chupeta Pistolita,,
8906039322118,Choco Kulfi,,
8906091680508,Butter chicken gravy mix,,
8906184752556,BonTon,,
8906121070590,Caramelo Nira,,
8906121070255,Caramelo Nira,,
8906121070743,Caramelo Nira,,
8901725112202,Fantastik Chico Bar XL,Candyman,
8902901127119,Good Life Lobia White 500g,Good Life,lobia white
8909340000362,no-nonsense plant protein,COSMIX,
8906006170308,Manchurian Puffs,O'yes,
8908019040203,Clear Whey Protein,Protyze,
8906017815038,DESI GHEE,MADHUSUDAN,milk fat
8906049973140,Salil Sudha,Comfed,
8906192033173,Aparshree Sweet Jelly Hearts Candy,Aparshree,
8906066200069,Veg Manchurian masala,Keya,
8901030916182,Taaza,Brooke Bond,
8901058013016,Nescafe sunrise,Nescafe,
8901037255116,Girnar 3 in 1 instant coffee premix,Girnar,
8903553645617,Rambandhu mix Achar,,
8908012207078,Kedkar mix lonche,,
8901722001219,Safal lime pickle,Safal,
8906033590155,Mango pickle Suruchi,,
8908012207108,Kelkar lime pickle,,
8906010368722,Townbus masala peanut,Unknown Brand,
8901302100608,Hipril A,,
8906173701442,clear protein,bigmuscles,
8901111008058,Dospin A 75,,
8901111050705,Clotrap 75,,
8901440201229,Berry hills,,good
8903664007625,air karpure,,
8906001051411,Mother lame Chilli pickle,,
8901262070843,Tropical Orange,Amul,
8906054210438,Methi bhakhri,Shantag,
8906001051121,Gujarati Choondo pickle,,
8904041500920,Mirchi lonche,K-Pra Foods,
8906027036034,Sawai Singhdana chutney,Unknown Brand,
8906027036041,Sawai lahsun chutney,Unknown Brand,
8904043908014,Arabian Dates,Tata Sampann,dates
8906112996090,Protein Soya sticks,Protein Chef,
8901552012560,Mango Pickle Hot,Ashoka,
8906117403333,Hazelnut Spread,Butternut Co,
89080504,Caramel Latte,Nescafe,
8906045141482,Pure Soy Protein Isolate,Nutrabay,
8906089490560,Raj Farali Tikha Chevda,,
8908017808102,"Sel, noir",,
8901177800238,ring guard,,
8904135688879,Ashwagandha Tablet,Baidyanath,
8906082370104,NIC Tender Coconut,NIC,
8906120016520,Water,1947,
8908010196008,Gangotri khakhra masala,,
8904256714174,Organic Kashmir Honey,bigbasket,organic honey
8901357000755,Hi-Tea,Hi-Tea,black tea
8904132965621,Simply Smart moong dal dhuli,Simply Smart,moong dal
8904018300164,medmix,,
8906095640003,Mango Fruit Pulp,Murohi,
8904018301680,medmix,,
8906044996045,Aio guava.,,
8906044996052,Aio litchi,,
8907892000755,Kab jackpot Chicken Schezwan Ramen Noodlrs,Kab,
8906002130351,Upma rava,udhaiyam,
8908000233294,Iyers plain papad 180,,
8908000233126,Iyers colour/white finger papad,,
8904145912063,Ensure,,
8901414040465,Bean Laddu,Bikano,
8901696000126,Basmati Rice,Kitchen King,
8901552006224,Navratan Korma,Ashoka,
8906081381675,Janthikalu,Telugu Foods,
8902761201042,Ambika Premium White 🍚,Ambika,
8901014012718,Chicken Cup Noodle,Cup Noodles,
8908027282237,ANIGRO,NSK,
8903174000406,Weintrauben Mix,Saboro,
8902901172010,Guntur Chilli Whole with Stem,Unknown Brand,
8902269023672,FERCEE RED,Unknown Brand,
8904342400134,Cow Ghee,Aabad,milk fat
8904288601107,Tomato Ketchuo,na,nothing
8906112990449,Keto Murukku,Lo Foods,
8904417311587,Expiry date,,
8906076650106,immunity booster refreshing orange drink,Riemann Energy,
8902080364046,Mountain dew,,
8906008815160,Arhar Dal (Toor Dal),Fortune,toor dal
8904067709482,Jabsons cocktail Nuts,Unknown Brand,
8906008815191,Kala Chana,Fortune,kala chana
8902710205220,Corn flakes+,Bagrry’s,
8908002356113,Red cow dahi,,
8901198117896,biok,nio,
8908001397193,Paneer Cubes,Farm Fresh,
8906103400100,Choco Land,,
8908000861725,Gopal Nadiyadi mix,Gopal,
8906078724379,Gopal Rajasthani Bhujia sev,gopal,
8908000861695,Gopal Chana jor,Gopal,
8908020463930,Biggies Chilli Cheese,Crax,
8908014603151,Crispy Fried Onion,Onion Dehydration,
8908000029354,Bhagirathi bhajni,,
8906021122665,Health Mix,Aachi,
8906019560295,Nankhatai,,
8906019561940,Golden Chevda,,
8904406255397,Garlic Mamara,B-like,
8901063367265,classic sweet salty,snacks,
8909340000263,No nonsense plant protein unflavored,Cosmix,
8901071705349,Hot Chocolate,Hershey’s,
8908001954082,Khara Groundnuts,Unknown Brand,
8901571011070,Sensodyne,,
8908024977631,Superyou Pro Fermented Yeast Protein,Superyou,
8906016461687,Chips,Hiking Bakery,
8906020491434,Nutty Bites,LAL,
8909081013744,Sunfeast Mango Smoothie with Chunks,,
8908024057081,Peanut Chocolate Ladoos,Eat Better Co,
89091111,Protein sppead,,
8901888090348,Real Orange 1ltr,Unknown Brand,
8902901222272,Good life turmeric power,good life,
8906131684770,Yeast Protein - Coffee Hazelnut,Mille,
8908018864138,Soya chunks,New mahesh,
8906076132398,Coconut Oats Cookies,Bakers Dozen,
8908024408081,Doxt sl,sun,
8906213780260,Roasted Basil Lavash,Damaii,
8903081301290,Protein Chips Black Truffle,Chase Protein,
8908000106086,Tomato Ketchup,Splitz,
8908003249155,Aged Cheddar Cheese,Akshayakalpa,
8906000593592,"Basmati Rice, Uncooked",Rozaana,
8906133021795,Calcium Casinate Whey,Nakpro,
8901058861051,masala 4x70g,Maggi,
8909081000843,Jaggery oats Cookies,Right Shift,
8901262152983,Cow Milk,Amul,
8906026800537,Thacker dairy paneer 400 gm,,
8906026800520,Thacker dairy paneer 200 gm,,
8906066202803,Keya Peri Peri Spice Mix,Keya,
8906033530724,Snapin Pasta Mates,Snapin,
8906193330783,Spanish Tomato,Lotus Makhana,
8906193330776,Lotus Makhana Pudina Punch,Lotus Makhana,
8904063201287,Mexilla,Haldiram,
8901537007123,Dwt rozana supr basmati rice 1 kg,Daawat,basmati rice
8901648002338,Choco Brownie,Mother Dairy,
8901648003878,Pudina Chaach,Mother Dairy,
8908005225065,Egg,Egg Master,
8901777995044,Funtastic chocolate Bar,Vadilal,
8904063258250,Punjabi tadka,Haldiram's,
8908007344504,Sprig adobado,,na
8904474000172,ZERO MAIDA MULTIGRAIN BREAD,LA AMERICANA GOURMET,
8908003249742,Organic Slim Milk,Akshayakalpa,
8901595864485,Panner Chilli Sauce,Ching's,
8901648004431,Mather dairy misthi dahi,,
8908002753561,Red cow dahi,,
8906026800780,Thacker dairy dahi,,
8904084904587,Imitation Crab Stick,Surimi,
8909249000074,Rebalanz ORS Apple Flavour,Dr.Reddy's,
8901552026284,Beetroot Tikki,Ashoka,
8901030683190,shampo vaslin,,
8906168940146,Basmati Rice,Double Chabi,
8906110592355,Sugars/,,
8906070435143,Organic Roasted Bengal Gram,,
8901399115011,santoor almond soft,,
8906103461279,boric acid ip,,
8908012987581,Mango Protein Powder,Trunativ,
8906164010577,Cranberry Kombucha,Toyo,
8904063072429,Aloo bhujia,,
8901874131970,Kesar Mango Slices,Kitchen Xpress,
8906084560077,वैध कणिक बिस्कीट,,
8906197140043,Mini Malai,Minus Thirty,
8906087452331,Coconut Jaggery Millet Muesli,,
8906046141580,Indian White Basmati Rice,,
8904255700291,Popadum,,
8906032018957,Soya Chunks,Nutrela,
8906032501039,Vanaspati,Do Khajoor,
8901304292745,kakaji chips bakery,,
8903553661433,Ram Bandhu Mixed Pickle,Ram Bandhu,
8906003928957,Pasta,,nasta
8903241110199,Pravin Green Chilli Pickle,Pravin,
8903553645495,Ram Bandhu Mixed Pickle,Ram Bandhu,
8906020582743,Protein Idly Dosa Batter,iD Fresh,
8908018207188,Desi Gir Cow Ghee,Haribol,
8901648002505,Paneer,Mother Dairy,
8906020581975,Mini Whole Wheat Parota,iD,
8906179140078,Grapes thompson seedless,,
8902901222364,"your you, 50 g Lic. No. 12822999000910 USP 2.50 perg MRP 125.00 You, NET QUANTY: USE BY: 02/08/26 Ssat USE BY: BATCA NO.: İU110730 PKD.*: 07I11/25 02/08/26 Ssai COUNTRY OF PKD.*: 07/41/25 ssai",,
8904132972308,"iO 17:02/26 3 90413298133* Dist -501401, Telangand ORIGIA",,
8904104779300,White Til Sesame Seeds,JK,
8902901222449,"Processed & Packed By Ssai (STORE IN CLEAN & DRY PLACE) (Inclusive of all taxes) Satya Sai Transport MRP 60.00 PHD31/10/25 USE BY :26/07126 HOWRAH WEST BENGAL-T11401. NET QTY: Satya Sai Transport, ssai USE BY:26/07126 (lnclusive of all taxes) WOUZA VILLAGE ISLAMPUR WOUZA VLLAGEISLAMPUR,",,
8904132972469,"MADE IN INDIA NET QUANTITY: GOOD LIFE TILL WHITE 200G PP USE BY: 24/08/2026 200 g (Inclusive of all taxes) (STORE IN CLEAN & DRY PLACE) Char Rasta, Village: Gaglasan, PKD:29/11/2025 BATCH No. :AW112903 USE BY : 24/08/2026 BATCH No. : AW112903 PKD :29/11/2025 Plot no.: 808, Gaglasan Road, Lic. No. 10718017000002 MRP E100.00 JSsat Ta.: Sidhpur, PKD: 29/11/2025 MRP K100.00 SSai USE BY:24/08/2026 USP R 0.50 per 9 (STORE IN CLEAN & DRY PLACE (lnclusive of all taxes) Dist: Patan, Gujarat -384151, IND MRP F100.00 Plot no.: 808, Gaglasan Road, n USPR O.50 per 9 BATCH No.:AW112903 No. Lic. Ssat",,
8902901222715,"3/2026 112/2026 MADE IN INDIA usive of all taxes) CLEAN 1112/2026 ,AWO31802 CLEAN& OD LIFE FENUGREEK 200g PP ^28 per 9 AMIRAS Packed ARP 55.00 .:AWO31802 ET QUANTITY: 200 g nr.kakoshi SSai lusive of all taxes) ,:AWO31802 Patan, Gujara 384151, INDIA. P55.00 200 g QUANTITY: Ssed & Packed By: QUANTITY: 200 g PR55.00 ssaj",,
8904132981171,"17/02/2026 DRY PLACE MRP 60.00 TQUANTITY: 200 g (Incluslve of all taxes) BATCH No. :AW021702 BATCH NO.: AW021702 MADE INpIA d, n a11/2026 11/2026 MRPR 60.00 (Inclusive of all taxes) d, nr USPR O30 per g AO02 (Inclusve of all taxes)",,
8908003623160,"Www.dnvfoods.com Shop online from many many more - Shop online from Shop online from - Makhana, Saffron and",,
8908003623153,"and many more Www.dnvfoods.com Powder Spices, Blended Shop online from Pickle, Paste, Whole Spices. 8ll908003l623153 ana Pap Pickle, Paste,Whole Spices. Vinog",,
8902901222753,PKD.*: 16/12/25 Ssai MADE IN INDIA USP ATION TOLL HTRA 100 g 1.20 perg CH NO.: IU121623 NETQVANITY FPEE. 1.20 per g NETQUANITY METQANITY USE Br: 10/09/26 8 9029012:27,,
8904104705057,"JAIN BROTHERS JK SPICES www.kspices.co JK SPICES & FOOD PRODUCTA PROOUCT OF INDIA JAIN Pko by Ssal Lic. No.-10020021005456 Khadia, Unjha - 384170, North Gujar",,
8904209303721,Badam Drink Mix,Aachi,
8906133409081,Magnesium gummies,Bodywise,
8906005509970,nut crackers bikaji,,
8904043926711,Besan,Tata Sampann,besan
8906005505446,Rasgulla,,
8901777651247,Basmati Rice,Vadilal Quick Treat,
8902433003882,Galaxy Milk Chocolate with Fruit & Nut,"Galaxy,Mars",
8902167002335,Textured Soya Granules,Soyatein,
8906188064921,KSM-66 Ashwagandha Honey Sticks,BetterAlt,
8901553000092,Keventer Toned milk,Keventer,
8901725019488,Sunfeast Mixed Berry Smoothie,,
8901042958347,Chilli powder,MTR,
8908015692154,Thukpa chicken,wow,
8906006170087,Khatta Meetha,O'yes,
8904004416602,Classic Lassi,Haldiram,
8904150503898,Gold Atta,Pillsbury,whole wheat
8908000863408,Oleev Active Oil,,
8902433003790,Galaxy milk chocolate 110g,,
8903023265628,Kitchen's promise,Kitchen's promise,
8904132963627,good Life Teekhi chilli powder,,
8908000258549,Jivo Olive Oil,Jivo,
8902433003646,Galaxy crispy 18g,,
8904132946989,kafehills select Blend,KafeHills,
8906033261079,Black tea with natural Masala,,
8906151440301,turated Fat (g) esterol (mg) Fat (g) rans Fat (g) VALUE Bihar 346007 in (e) Bihar 846007 orocessed & Packed By: Am (mg) procetsed & Packed By: Fat (8) ans Fat (e) in (g) orocetised & Packed By: ONEY,,
8901058013092,Sunrise,Nescafe,
8906142885470,Phool Makhana,Aiva,
8904082785058,Murukku,,
8901052030460,premium desh ki chai,Tata Tea,tea
8901030876998,Red Label,Brooke Bond,tea
8909106070615,Horlicks super foods,,
8906046141566,Indian Brown Basmati Rice,Pride of India,
8904082780732,Soya Bean Flour,Santos,
8906150348806,Himalayan Shilajit Honey Sticks,BetterAlt,
8901262223539,Chocolate Cookies,Amul,
8906010361068,Ghee Bombay Halwa,Grb,
8901491000161,Doritos,Doritos,
8904064628588,Flacons de riz rouge,,
8908009116550,Butter cookies,Colombia,
8902901222487,Pepper Black,Good Life,black pepper
8904132932746,Good Life Kachi Ghani Mustard Oil 500 ml,Good Life,
8901088072236,Saffola Soya Chunks,Saffola,defatted soya
8904117400888,Parantoilva,,amreecanap veg
8902065000211,Coconut Milk Powder,Palmo,
8905551531213,Mix Light Bombones Zingular,Völka,
8904293704343,Onion,Unknown Brand,onion
8908027539003,Røde vindruer,KAMDHENU,
8904187833937,Kwalfen,,
8906069413176,Cashews Roasted With Sea Salt,Jewel Farmer,
8901571013678,sensodyne saver pack,,
8908016793065,Master Chow Udon Noodles,Master Chow,
8908016793362,Soya Garlic Sauce,Master Chow,
8906063160120,Chat Papadi,,
8906081036735,Long Grain Basmati,Uncle Judeh,
8909340000096,Protein Powder,Cosmox,
8908027899015,High Protein Cereal - Double Chocolate,Proskii,
8906038783903,Huile de coco Bio,,
8906019773237,Emirates Dates,Nutraj,dates
8904063281197,Homestyle Paratha,Haldiram's,
8907316005298,chutney,,
8901595933525,Korean ramen hot&spicy,ching's,
8901595933532,Korean ramen kimchi kimchi,,
8901777523780,Vadilal chili garlic,,
8901777493090,Vadilal cheese corn,,
8901777484098,Vadilal falafel poppers,,
8901777516065,Vadilal fried malai paneer,,
8906130901236,Custard Cake,Orion,
8908015165030,Ricotta,Crèmeitalia,
8908017674516,Leechant Kodo Millet,,
8906509097614,Paan Candy,,
8906169993301,Andhra Spicy Murukku,Sweet Karan Coffee,
8908023145284,Kerala Banana Chips,Beyond Snack,
8904256726122,Homestyle Whole Wheat Paratha,I’d Fresho!,
8905002208039,Heinek deer 330ml,,
8909340001369,No-nonsense Plant Protein Pro,Cosmix,
8902710101553,High Protein Oats Tangy Masala,Bagny's,
8909081014796,Aashivaad 5kg atta,,
8906197140074,Vanilla Cone,Minus Thirty,
8901552006293,Methi thepla,,
8908008374562,Green to Green NEEM,,
8907392004703,Assortiment d’infusions au moringa,,
8906082570153,Nacho crips Spinach,,
8906081382153,jaggery powder,Swetha,
8906011377839,Pure Refined Rice Bran Oil,Azad Rice Gold,rice bran oil
8906040918010,Mineral Brown Sugar,Ghar Se,
8901560490190,Chaat Masala,,
8906166020246,Soya Sticks,Nuttoz,
8908006572144,Adya Malai Paneer,Adya,
8906026800797,Thacker dairy misthi dahi,Thacker Dairy,
8904063209672,chanachur,Haldiram's,
8901499011381,Oats 1 kg,,
8900079003006,Tarallini caserecci,,
8906002485000,pedigree puppy food 5.5kg,,
8906172784842,28g High Protein Muesli,True Elements,
8901052010523,Tata tea premium,,
8906013032644,wai wai,,
8901157106046,Goodnight jumbo coil,,
8904106701132,Moong dal,Munchh Onn,
8909340001567,Fermented Yeast Protein,Cosmix,
8908015692772,Chef's Choice HRC Veg Momo Premium,WOW! Momo,
8902292702421,Ketazol,,
8901821002131,SOYA SAUCE,DRUK,
8908008011351,Jaljeera Drink,Vita,
8904043908243,Sunflower oil,Tata,
8906024480175,Dodla milk,Dodla,milk
8909340001321,Protein Bar - Chocolate Peanut,Cosmix,
8902901224863,GL Moong chilka,Good Life,
8902901127126,Lobia white,Good Life,lobia white
8902901001822,samba rawa,,
8907860005355,ORIXINDIA DRIED JACKFRUIT CHIPS,ORIXINDIA,ripe jackfruit
8907860005362,ORIXINDIA HIMALAYAN PINK SALT,ORIXINDIA,pink salt
8908017074590,Quinoa Millet Puffs Pizza Party,Madmix,
8901719137389,Fab,,
8904063227126,Bhel Puri,Haldiram,
8901648001508,Mother dairy Aam doi,Mother Dairy,
8901552020916,peeled ginger paste,ashoka,
8906158591235,Intense Plant Protein,Ace Blend,
8901595864362,Chilli Oil,Ching,
8906083303576,Naturally Yours Amaranth instant Ramen Noodles,Naturally Yours,
8908023412324,fave biscuits strawberry,fave,
8908023412317,fave biscuits chocolate,fave,
8908023412287,fave nice crunch,fave,
8906158590030,Daily Plant Protein,Ace Blend,
8904358323823,pineapple,p,
8904132932906,GL unpo masoor dal 500g,,
8901030752902,Lipton,Lipton,
8904358326459,peanut butter,p,
8906141318757,peanut butter,p,
8906130271087,paper,p,
8909340001352,Cosmix No Nonsense Plant Protein Pro Mahabaleshwar Strawberry,Cosmix,
8908007323875,Aloo Popcorn,Hungritos,
8908016304070,This,,
8902080000586,Ice Tea Lemon Flavour,Lipton,
8901058902938,Nescafe Sunrise,Nestle,
8906113442022,Mantequilla De Maní,Nutty,
8906169991420,Millet Badam Mix,Sweet Karam Coffee,
8909340001604,Fermented Yeast Protein Chikmagalur Mocha,Cosmix,
8902433030413,Doublemint,,
8906090572064,Too yum chili achari rs10,,
8906090574372,Bhoot chips rs10,,
8905950003908,Soya stick rs10,,
8906005502087,Red soya stick rs10,,
8906121110197,Pitara khatta mittha rs10,,
8906005504241,Bikaji badam laccha rs140,,
8906003103767,Shri Ram cornflakes 350g,,
8906013771406,Raita masala rs10,,
8904150208533,"Macadamia Nuts, Roasted, Unsalted",Nutty Gritties,
8906043880437,Whole Wheat Fulka Roti,Garvi Gujarat,
8906184090115,Royal Roasted,Joyspoon,
8902351999021,Desire butter,Sobisco,
8902351997676,Snacks,,
8902901222234,good life coriander powder,bat life,
8902080002894,Classic Ginger Ale Flavour,"Evervess, Pepsico",
8901719124402,Magix orange,,
8901719122040,Coconut,,
8901719124396,Magix elaichi,,
8904006313367,Oura,,
8904256008006,Nivea,,
8909106036048,Dove,,
8901483000315,Southwest Chipotle Sauce,Tify,
8908000339637,Karak Tea,Karak Tea,
8904043905129,Sambar masala,Tata Sampann,
8906100593058,Mojito Mint,Vaveda,
8906004564376,Diamond tomato,,
8906003103491,Shri Ram red,,
8906121110609,Coated Peanuts,Pitaara,
8905950003854,New,,
8906005506276,Paneer Bhujia,Bikaji,
8905950003540,Rs10,,
8901030931864,Tomato Puree,kissan,
8906069402378,Veeba,,
8903081579125,Protien Chips,Chase,
8901440011378,eastern chukku kappi,coffe,
8906046077858,Supexam شراب,,
8902850021124,Eastern gingerly oil,eastern,
8906004621505,dhara oil,dhara,
8904010610032,nirpara rice,nirpara,
8902519010940,S just,,cur
8901157045000,car freshener,aer click gel,
8906141311772,peanut butter,p,
8906125310128,honey,h,
8906163071029,rice,p,
8906033950003,Mango Pickle,G. Pulla Reddy,
8908007886028,Special Dry Fruit Kachori,JainVijay,
8901777276167,Chikoo Pulp,Vadilal,
8901450015076,Denver,,
8906072844158,Kasthuri methi,,
8906144123860,Grated Coconut,Ammachies,
8901262221177,Amul pizza garlic,,
8901042967868,mtr badam drink,,
8901719139086,20-20 Cookies,"20-20, Parle",
8906005382764,Farine de blé entier wheat flour,Madam,
8903023264348,More Choice Wheat Rawa Small,"More,Choice",wheat rawa
8901063410503,Cheese Slices,Britannia,
8906036670472,Nandini good life gold 1l,,
8902901222647,Clove,,
8906107173796,Pepper and Herb Sausage,Prasuma,
8901036512340,قاوە کافیە بون 90gram,,
8903754000635,Spring Alive,Tata,
8906133409661,Whey Isolate,Only What’s Needed,
8901491100342,Potato Chips,Lay's,
8904405857578,vintager,v,
8901357000069,tea,h,
8901192104229,Catch coriander 200gm,,
8904053502462,Goldiee red chilli 200gm,,
8902901222456,Cardomon,,
8906040251711,Dates,,
8906040250240,Dates,,
8906044443501,Coffee crunchettes,,
8901155413313,Gits Ready meals - Paneer Tikka Masala,,
8902901222999,Till nylon 100 gm GL,,
8901192108029,Catch jeera powder 50gm,,
8903236700244,Coffee Booster,Cosmix,
8901786191000,Everest super garam masala,Everest,
8906011730542,Ashiver,,
8904137452515,Chukde poppy seeds,Chukde,
8908002753264,Double Toned Milk,Red Cow,
8903151720112,Laxminarayan potato chiwda,,
8904104752341,ASALE Feedbac MASALE Castoner AL JAY KU For Ci stomer Complaints Pkd by Ospices.com For C stomer Complaints,,
8906006181618,dry mango powder,CookWell,
8904041503945,garam masala,K-Pra Foods,
8906137250351,lasun khara,Hariom Food Products,
8906137250160,gopal farsan,Gopal,
8906059240942,moti special mixture,Moti,
8906059242076,moti zero shev,,
8906163833429,Date Bites,Farmley,
8906191550084,Rock Road,Call Me Chunky,
8906082572652,Tikka Masala Cirn Snack Nacho Crisps,Cornitos,
8901777228692,Bajri Lasan Methi Khakhra,Vadilal,
8904063205261,Paneer,Haldiram,
8904132917118,Tea,Aarambh,tea
8906003554040,Arocafe,,
8908016716668,Chocolate Mocha Whey,Fuelled,
8906011772351,Masala Chaas,Mahanand,
8901030774980,Bru Green Label,Bru,
8906077362237,Bhakarwadi,Jaimin,
8908019150278,Bombay hot diet chura 350 g,,
8906063891758,Roasted Chicken Breast Roll,La Carne,
8909106061439,Boost Milkshake,HUL,
8909106061446,Boost Milkshake Badam flavour,HuL,
8901071733038,Hershey's Milkshake coffee mocha flavor,Hershey's,
8904030100049,shakti ghee,ghee,
8901719138720,ParleG Dark,Parle,
8908003113333,Peanut Butter,Almawasim,
8906005507075,bika ji,,
8906127360428,Gingely ball,,
8908024772069,kokam syrup,,
8908017695269,cereal flakes bajra,farmik,
8906012892034,corn flakes,bakers,
8906012892294,choco flakes,bakers,
8906069611466,Chak Boom Tomato,Jollibee Namkeen,
8906026800452,Thacker dairy dahi 400 gm,,
8906026800506,Thacker dairy dahi Strawberry,,
8902901224832,Urad whole,Good Life,black gram
8904132918825,Snac Tac mixed Veg Tomato Soup,,
8901595961481,Chings Secret Sweet Corn Soup,,
8906066204111,Keya Mixed Veg Soup,Keya,
8901808004523,WeiKFiELD white Pasta Sauce,,
8901468114013,seasame oil,saptshakti,
8908024066816,Frozen Blueberry,Pluckk,blueberries
8901468114006,sesame oil,saptshakti,
8906122543871,Seviyan,Hand Brand,
8906081921123,Organic Spirulina Powder,Carbamide Forte,
8906009553153,Max Protein daily choco classic bar,,
8904067704364,Jabsons  Bajra Khakhra,,
8901001555464,Mango pickle,,
8900201379627,Queues de crevettes blanches et décortiquées surgelées,,
8906027120078,Sams Green Chilly Sauce,,
8906082391079,tapioca stick,malabar treats,
8907316003287,Mother Recipe Soya Bean Sause,,
8906167310889,masoor whole,Mark,
8906069720830,Kaju Katli,Anand,
8906166363039,Veggie Chips,Open Secret,
8906097402944,Dried Chilli Whole,Zoff,
8901071703680,Hershey's Spreads Crunchy,,
8904132947009,KafeHills classic instant coffee,KafeHills,
8906097590832,Orange Electrolytes Tablet,Fast & Up Reload,
8909106022638,Knorr Schezwan Sauce,,
8906076820028,Naturals Jeera Masala Khakhra,,
8906001387428,Pizza Base,English Oven,
8906008818222,long grain rice,fortune,
8906008817041,super basmati rice,fortune,
8906008817034,classic gold,fortune,
8902850006589,white oats,berry hills,
8906010502683,Salted Peanuts,Balaji Wafers,
8904132913219,Snac Tac Tomato Ketchup 200gm,,
8906066208898,Keya Schezwan Chilli Garlic Sauce,,
8908012531623,Krishika Groundnut Chutney,Khrishika Masala,
8908012531654,Khrishika Coconut Tomato Chutney Instant Mix,Khrishika Masala,
8908012531616,Khrishika Coconut Red Chutney,,
8908012531708,Khrishika Garlic Chutney,,
8908018972024,Khrishika Imli Chutney Instant Mix,Khrishika Masala,
8909106069091,Kissan Chatpati Hari Chutney,Kissan,
8906001053644,Ginger garlic paste,Mother’s Recipe,
8906055440414,Makka ata,Unknown Brand,
8901725111977,PALAK PANEER,Kitchens of India,
8906037695399,Vitamine C electrolytes,,
8904106701231,Lite Diet Mixture,Munchh Onn,
8908025941174,Jaggery Sweets,India Sweet House,
8900240035010,Tartiflette au saumon,,
8908020501045,CRANBERRY,Orino,
89071014,Griekse Feta,Albert Heijn,
8901063017504,potazos,Britannia,29gm
8906158360077,Cashew Cookies,Craze,
8906017970980,Sugar free almonds,Honey dukes,
8906161390443,Pudina Makhana Roasted,Let's Try,
8908005484134,Goan Pork Sausage,Regos,
8901709023173,Shabu Shabu Striploin Slices,Allana,
8904064616189,Soya Button,Annan,
8906137052580,Milk Peda,Milma,
8904256721639,Fresho Spicy Paprika Crouton Bites,Fresho!,
8906076131261,Baker Dozen Chilli Garlic Breadsticks,,
8906091686883,72% Dark Chocolate,Paul And Mike,
8904091119806,Canditral,,
8901747001522,Wagh bakri 500gm,,
8904063228314,Sarson Ka Saag And Makki Ki Roti,Haldiram,
8908020440320,Nachos - Peri Peri,Habanero,
8906193330080,OTHER PRODUCT OF INDIA ered with. rom direct sunlight. 8 906 193330080&quot; 8 l906193330080,,
8908026834000,Overnight oats Mango Madness,Goat Life,
8901095005012,Society 100 g,,
8909106043121,Horlicks - classic malt,Horlicks,
8908006646272,Piri Piri Paradise,Mr Makhana,
8901777684696,Butterscotch Almond milk drink,Vadilal,
8906149891351,Collegian Bhelpuri,Vitasay,
8901393027662,Chupa Chup Tube box,,
8908012556015,Wood Cold Pressed Groundnut Oil,Gramiyaa,
8901483011960,"Gherkins, Premium Canadian Style Baby Dill",Tify,
8901548430019,Sugar Free Natura,,
8901296063798,Volini Activ,,
8904004416930,Kaju Roll,Haldiram's,
8901396602644,dot,,
8907093010287,Buffalo Meat Fry,Tasty Nibbles,
8904132973480,Good Life Roasted flax seed,Good Life,
8909106069084,Kissan Chatpati Hari Chutney,,
8906055446515,Rice Flour,Tattva,
8903241850323,Schezwan Chutney,,
8908008660214,JJ Rice Fryums,,
8908008660047,JJ TOMATO Fryums,,
8908008660061,JJ TOMATO Fryums Ring,,
8908008660122,JJ Potato Fryums Katri,,
8908008660191,JJ Banana Fryums Sev,,
8908008660177,JJ Banana Fryums Katri,,
8908008660054,JJ TOMATO Fryums Katri,,
8904011515978,Soya Chunks Nano,Double Horse,
8906020460607,Bombay Pac,Harvest Gold,
8901719922879,Original Gluco Biscuits,,
8903059560255,Tamarind,"More,More Choice",tamarind
8901001555723,Mild Curry Paste,Mida’s,
8901063343467,Brittania Whole Wheat bread,Brittania,
8901058027778,Munch Max crunchies,Nestlé,
8901725119331,Bourbon,Dark Fantasy,
8903666000068,UniTaste Chemba Puttu Podi,,
8901777491164,Manchurian Ball,Vadilal,
8906167310698,Mark Masoor dal small,Mark,masoor dal
8902689683043,Brinjal Nagpur,Unknown Brand,brinjal
8906120100427,Premium Figs (Anjeer),Farmley,figs (anjeer)
8904052561613,Dinshaw Death By Chocolate,Dinshaws,
8908002753073,Red Cow Dairy Paneer 200 gm,Red Cow,
8908010900087,Pintola organic peanut butter,Pintola,
8906001027348,Alpha Whey,Avvatar,
8908012378082,Coco Crunch,,
8901764012273,Coca Cola Coke Brand 750ml,Coca-Cola,
8906069721257,Mysore Pak,Anand,
8901719133671,Parle rask,,
8906163077144,XXXL basmati rice,gooboli,
8904051302682,Tapioca Cuts,Efs Instant delight,
8901725106560,Curd Pouch,"Aashirvaad, ITC, Svasti",
8908000339354,Karak Tea Saffron FLV 10 Sachets,,
8906192260173,Halim Seeds,5:15PM,
8908019757705,Guilt Free Pops Valencia Orange,Go Zero,
8901107040468,Bowel Regulator,"LupinLife, Softovac-SF",
8906089933357,Chelated Zinc Complex With Copper,Inlife,
8906133408107,Alpha Gummies,Root Labs,
8901414014947,Kurkuri Bhujia,Bikano,
8904004416886,Moti Choir Ladoo,Haldiram's,
8909177015546,Unpolished Moong Dal,Daily Good,
8901262153737,Double Toned Milk 1.5% Fat,Amul,
8904045417835,Kuka cough lozenges,Kuka,
8904063281159,Gobhi Paratha,Haldirams,
8901747001546,Wagh Bakri tea,Wagh Bakri,tea
8906509098109,wadi,jeet,
8906199681209,Plant Protein [Dark Chocolate],The Func Lab,
8905950003502,All in one kuch kuch,Bikaji,
8906137754484,Rice Flour,Kayali,
8908024772083,kokam aagal,,
8908012811831,Espresso Mini,Minus Thirty,
8904150204610,Southern Pepper Cashews,Nutty Gritties,
8901725015336,Fantastik FRUIT'N'NUT,Sunfeast,
8904043500713,Modern Crem Bite,Bimbo,
8901058898040,Masala veg aata noodles,Maggi,
8906021121729,Chinese Style Chicken Curry With Egg Fried Rice,Aachi,
8904063253552,Gulab Jamun Frozen,Haldirams,
8906181811058,Gluta Glow,Unknown Brand,
8904064623668,Huile de Moutarde,,
8906064230020,Suhana Chicken Tandoori Mix,,
8904039704750,Jowar Millet Noodles,Conscious Food,
8901001555839,Kashmiri masala curry pasta,,
8906097543920,CRANBERRY,SAPPHIRE,
8904063202307,Dal makhani,Haldiram's,
8906199261111,Millet TEETHERS,,
8901233027951,mondelez,Mondelez,
8906189580857,Freshly Frozen Grated Coconut,Pluckk,coconut
89000687,Hot & sweet,Maggi,
8906140204020,Omani Seedless Dates,Nature's Choice,dates
8906017971734,Sugar free intense Dark,Honey dukes,
8904037212653,Chatpata Amla Candy,Soul Flavours,
8904064672673,Nannari Syrup,,
8906046144284,"Nutmeg Ground Organic Spices, Nutmeg Ground",,nutmeg ground
8903023048016,Mustard Seeds (Rai) Small,Vedaka,mustard seeds
8903081680234,Jalapeño Chips,Chase,
8906082572669,Classic Cheese Balls,Crusties,
8906001210269,Palakkadan matta rice,Unknown Brand,rice
8906097400179,Coriander Powder,Zoff,coriander
8908009186461,SPORT EVOLVE PERFORMANCE PLANT PROTEIN -TROPICAL MANGO,Plix,
8901117250000,prolyte ors Orange flavour,cipla health,
8901030825552,Protein Plus,,
8904132926806,Good life besan,Good Life,besan
8908003746708,ORS LEMON DRINK,Electrorush,
8904063224439,Haldiram manpasand,,
8904063224453,Haldiram mazedar kissey,,
8904063260390,Haldiram thoda meetha,,
8906009070308,Oats Digestive,Unibic,
8904494101460,Chai Spice Shortbread Cookies,Cremica,
8904304773702,Jai bharat,,
8904067704920,Mathri,Jabson's,
8904063260864,cookie heaven,Haldiram's,
8901440023043,Chilli Powder,Eastern,chilli
8901117248205,serohale,,
8908017808119,Sel minéral de l'Himalaya,,
8906024450659,Refreshing Green Tea Morocan Mint,,
8906117365594,Zero Maida Whole Wheat Bread High Protein,Country Delight,
8906033950041,Gongura Pickle,G. Pulla Reddy,
8906149260102,protein khakhra,rajamrut,
8906140570149,Lifespan Forest Honey,,
8906128240545,karak tea with saffron,Al suman,
8906079010808,Luscious Fruit & Nut,LuvIt,
8901552021197,Peeled garlic paste,,
8908013252206,Muesli Nuts,Fit & Flex,
8906108531403,Inchi veg halka noodle,,noodle
8904192222016,Paneer Low Fat,Namdharis Dairy Tales,
8906125981731,Corn Chips,4700,
8901248164351,Dermi cool,dermi cool,
8901242199205,Seviyan,Bambino,
8901030850578,Lipton GREEN TEA HONEY LEMON,Lipton,
8901030781087,Lipton GREEN TEA PURE & LIGHT 250 g,Lipton,
8901030987403,Lipton GREEN TEA CLEAR & LIGHT 250 g,Lipton,
8901088081191,Saffolamayo90 g,,
8906020462045,21 Grain Bread,Bakers Loaf,
8908003249728,Milk Organic,Akshayakalpa Organic,cow milk
8904083505693,24 mantra peanut,24 Mantra Organic,peanuts
8906001050506,Ginger Pickle With Garlic,Mother's Recipe,
8906133024833,Plant Protein (Pea & Brown Rice),Nakpro,
8906004565960,Katori Tomato Flavour,Yellow Diamond,
8906150472631,Plant Protein Chocolate,The Butternut Co,
8904083301158,MilkyMist Cow Ghee,Milky Mist,milk fat
8901063406025,Britannia Paneer,,
8906064621675,Eggless Walnut Brownie,Theobroma,
8908015382277,Lalbaba rice,Lalbaba rice,rice
8901052087594,GREEN TEA Classic,Tetley,
8908005088660,Shree Akshara Premium Ponni Rice,Koppal Green Power Limited,rice
8906140204273,kimia Dates,Nature's Choice,dates
8901052022106,Tetley Immune Classic,Telly,
8906016410081,Standardized Milk,Godrej Jersey,milk solids
8901052022120,"Tetley GREEN TEA Glnger, Mint & Lemon 25",,
8901052087440,"Tetley Green tea  ORIGINAL long, leat",,
8901052087402,Tetley Original,,
8901595863501,Peri Peri Masala,Smith & Jones,
89023023275061,Seeded Tamarind,"More Choice,More",tamarind
8906024040287,Aamla Candy,GKs,"amla, sugar"
8901548100394,Nutralite mayo 300 g,,
8901030538162,Feast,Kwality Wall's,
8906005670274,Charlie mamara,Charliee,
8906097590375,Magnes10,Fast & Up,
8902850019497,coconut nut Coconutmilk powder,,
8904132975699,Sun crush Orange,Sun Crush,
8904132990234,Pace,,
8904155822192,Raisins,Nuts About You,raisins
8906043521255,Sainda namak,,sainda namak
8904258703329,Iced green Tea Peach,Raw Pressery,
8904132963580,chia seed,Good Life,chia seed
8904256730679,Whole Wheat Tortilla,Precia,
8906117364054,Fruits N Nuts Museli,Country Delight,
8901425038161,camel paste,camel,
8901052011742,Rusk,Tata Soulfull,
8904344626228,moon original,,
8904258703879,ABC Juice,Raw Pressed,
8904270005401,Marie go round,sunder,
8906152261080,dry fruit bite,sunder,
8901725108250,moms magic,sunfeast,
8906069415491,Ruhaani Dates,Jewel Farmer,dates
8904300200813,coconut crunchy biscuits,mario,
8904300201681,butter yeera,mario,
8901972076449,black bourbon,kd,
8901719281112,top,parle,
8906023810096,Milk Bread,"Mr. Bready, Nanda's",
8908020253586,chease balls,,
8901155834217,Palak Paneer,Gits,
8906001770039,Iodised Natural Sea Salt,Sprinkle,
8907065100985,Dark Compound Chips,Puramate,
8906131684763,Plant Protein Unflavoured,Mille,
8906095127092,Wonderland cashew peri peri 70g,,
8908022677045,Protein Iced Coffee,Not Rocket Science,
8906038710381,Nutrilife orange fruit juice,,
8901665915338,Muesli croustillant aux fruits,,
8908015543364,Alphonso Flavoured Pea Protein,Green Protein,
8904430103275,Soya Chunks,Gajanand,
8906108300207,Urad gola white,Popular Essentials,urad
8904159723600,Daily fresh mustad oil,,
8904246910760,Mango ginger pickle without garlic,Priya,
8901042954783,Puliyogare Powder,MTR,
8901044154228,FruiteeFun,CandyMan,
8906031310816,Neem 0.25 ml capsules,,
8901207012969,Marvella Layered Strawberry Flavoured Cake,Lavian Exotique,
8906129828704,Puff paratha,Yummies,
8904067702544,Roasted Peanuts Chilli Garlic,Jabsons,
8907525041117,স্প্রাইট লেমন লাইম ফ্লেভার 250ml,,
8907525002118,Coca-Cola zero sugar 250ml,,
8904132990227,Pace blue,,
8907525022116,Fanta apple flavored 250ml,,
8906002348541,Matar safed,Rajdhani,
8901207024368,Chewable Spice Pieces,,
8901171090314,cod liver oil capsules,sanofu,cod liver oil
89051925,Wine,,
8901414003538,Suji Rusk,,
8901192114006,Sprinkler Black Pepper,Catch,black pepper
8906114280234,Premium Namkeen,Vishal Meghsons,
8901052031504,Kanan Devan Strong,Tata Tea,
8906012510129,Alesie Rijstolie Frituurolie 2 L,Alesie,100% rijstolie
8906053812978,Jaggery Bites,GoldMine,sugarcane
8906097554391,CASHEW,SAPPHIRE,
8906097543937,Hazelnut,SAPPHIRE,
8906001210214,Chemba puttu podi,,rice
8904004404111,Murukku,Haldiram's,
8906014084970,Palakkadam Chutney Powder,,
8901786540501,Everest Rajma Masala,Everest brand,
8906161393222,Flying Chill Wafers,Let's Try,
8908002854718,Soya Crunchies Tangy Pudina Flavoured,Promunch,
8906197490018,100% ISO GOLD Whey Protein Isolate Chocolate Charge,One Science Nutrition,
8908024066939,Frozen Mixed Berries,Pluckk,
8906064281183,chocolate wafer roll,la British,
8906064281206,vanilla wafer roll,la British,
8907459000631,choki choki,mayora,
8906004565830,Puff Peanut Butter Flavour,7 Diamonds,
8906000290132,natco paniaple,,
8906198980570,Plant Protein,True Basics,
8906079010792,Luscious Rich Milk Chocolate,Luvit,
8907525020143,Fanta Orange flavour 400 ml,,
8906095141418,Elite Gel180,Unived,
8909578389734,Pulm cake,,
8906053813166,Jaggery Powder,Paawak,jaggery
8906010360092,PURE GHEE,,
8901088752800,Masala Oats Spicy Mexicana,Saffola,
8901047065057,Everyday Basmati Rice,Kohinoor,basmati rice
8906163831661,Trail Mixes,Farmley,
8901234568255,Miel Acacia,,
8906080230295,Kothmir Marcha Khakhra,Induced,
8901023000294,Cinthol,,
8906142888808,Mung Daal,,
8908014757557,Kaju Curry,Hocco,
8906015500844,Lachha Paratha,Keventer,
8908025094047,Gond-Giri Atta Laddu,mumchies,
8903071009311,Fresh Frozen Green Peas,MR FREEZE,green peas
8904055907111,Chicken Nuggets,Meatzza,
8903794504490,Groundnut,Safe Harvest,groundnut
8904293704978,Coccinnia,Unknown Brand,coccinnia
8901035056708,Engelse Melange,Madhu Jayanti International Ltd.,zwarte thee
8904010680400,chuku coffee,nirpara,
8904004423631,Krazy Punch,Haldiram's,
8905950001102,Chips Mast Masala,Bikaji,
8905950003533,All-in-One Kuch-Kuch,Bikaji,
8906020730786,Savour Spice Valley Green Cardamom,"Savour,Spice Valley",green cardamom
8906019770243,Nutraj long Raisins,Nutraj,raisins
8904083310013,Milky mist plain cheese spread 200 g,,
8902901222784,good life jeera,good life,jeera
8904063252333,Dry Petha,Haldiram's,
8906143892743,Hazelnut Millet Cocoa Protein Bar,The Whole Truth,
8906142777225,Bolas Jaggery Coconut Barfi,Bolas,
8906117361336,Greek Yogurt Vanilla,Country Delight,
8908026028010,Kiwi Juice,Geksons,
8901042971117,MTR Quick breakfast multipack poha,MTR,
8906144491808,Cold Coffee,Sleepy Owl,
8904132902268,raskik nimbu pani,Raskik,
8908003058245,Satvik Foods Roasted Pumpkin Seed,Satvik Foods,
8904063226587,Mexilla Sweet Thai Chilli,Haldiram's,
8901777467176,Junglee Paneer Jumbo Grilled Sandwich,Vadilal,
8901052008827,Tetly green tea,,
8906082760493,Guava pulp,,
8906074087959,Milagu Kuzhambu,Aswins Sweets & Snacks,
8901063093713,Good Day,Britannia,
8908019996005,Kulith pithi,,
8906021920933,apis Honey,Apis,organic honey
8908025722056,Bharat Dal Chana Whole,Bharat Dal,chana
8903023013281,More Choice Zahidi Dates,More Choice,dates
8904494100685,Animal Shaped Cookies,Mrs Bector’s,
8908017808041,Sel Himalaya,,
8904063226532,Whoopies Cheezi Balls,Haldiram's,
8906080605000,Mint Mojito,Paper Boat,
8901552029032,Punjabi Choley & Rice,Ashoka,
8901052005093,Tata tea  agni 500g,,
8906068762282,Peanut Butter,Riya,
8906001055068,mother garlic pickle,,
8908011844014,TS Girijan Honey,TS Girijan,honey
8904064663152,Jowar Rava Sorghumhirse,ANNAM,
8906107550085,Sooji,Shakti Bhog,
8904124116475,Dahi,ananda,
8908016359926,Basmati Rice,,
8904287001076,VERMICELLI,BAMBINO,
8901777487082,Veg Hakka Noodles,Vadilal,
8908009059529,Super Protein Bombay Pav,The Health Factory,
8908003975770,Mario,,
8906163831807,Fruit & Nut Trail Mix,Farmley,
8906163834655,Power Up Seed Mix,Farmley,
8904192215902,Rice cakes mix masala,,
8906016579993,Homelites,"WIMCO,ITC",
8906143892859,The Whole Truth Mango Milkshake Whey,The Whole Truth,
8906100880783,Schezwan Rice,Sosyo,
8906133409654,Bio Magnesium + Ashwagandha Gummies,Root Labs,
8904004417753,Beloved Baklava,Haldiram's,
8904132967533,sil tomato ketchup 1kg,,
8908001338660,..,,
8906055700532,..,,
8902579228170,Frooti mango drink,,
8908001338691,..,,
8906099710030,Triphala,,
8908001338707,..,,
8908009961358,eclairs,,
8904063282286,Haldiram's Nuts Plain Almonds,Haldiram's,almonds
8901552005296,Kitchen King Imli,Kitchen King,tamarind
8908009961259,butter toffee,,
8908009961495,cn joy,,
8901063368514,Britannia gobble cake 33 g,,
8901542002830,"activon, apple flavour",glucon-d,
8904004403923,salted kaju,haldiram's,
8906063530428,Sliced pickles,,
8906169550467,Hamburger dill chips,,
8906144570831,High On Straberry Non Alcoholic Beer,Coolberg,
8906142778239,Bolas Kaju Katli,Bolas,
8906117361466,Natural greek Yogurt,Country Delight,
8906143040762,Korean Ramen,YU,
8906183982756,Beast Mode Pre-Workout,Beast Life,
8904055900891,Chicken Meatblass,Meatzza,
8904055905803,Chicken Chapli Kebab,Meatzza,
8906143620285,Protein Thins - Peri Peri,Prolicious,
8906002663316,Tilnad Gingelly oil,KLF,sesame oil
8901764052538,Limca,Limca,
8904424803990,Premium Dryfruit Mix Panchmeva,Happilo,
8901777096666,Tandaljo,Vadilal,
8901777039663,Sarson,Vadilal,
8906005502209,..,,
8906005500465,..,,
8908020062676,Whole Cashew,Open Secret,cashew kernels
8904132963597,Good Life Roasted sunflower seeds 100gm,Good Life,sunflower seed
8902901171303,Good Life Unpolished Urad Whole 500g,Good Life,urad dal
8901030921407,Brooke Bond Taaza tea 1kg,Brooke Bond,
8901719124044,Happy Happy Choco-Chip Cookies,Parle,
8902579000929,Smoodh,,
8901052006717,Tata tea premium 600g,,
8901030745195,Cafe instantaneo,,
8904132917712,Aarambh FLAVOURED TEA,,
8906075341203,Sweet corn,Whole kerner,
8908000275225,City  gold premium,City  gold,
8901537074415,Sona Masoori Rice,Daawat,rice
8902030782555,Red tabel NaturalCare,,
8903023010228,Pumpkin Seeds,Vedaka,pumpkin seeds
8908000581470,SVS Double Roasted Rava,SVS Foods,wheat
8901036781760,Mas cafe,,
8904013460207,Goodricke roasted Darjeeling tea,Goodricke,
8908000476028,Honey,Himgiri,honey
8906140084707,Cold Pressed Groundnut Oil,Tulsi Foods,
8904132926813,Besan,Goodlife,chana dal
8901741020345,Kwik's,,a
8901052006250,TATA TEA Gold Care,,
8901314625540,Colget VWhite,,
8901808007616,Peri peri sauce,Weikfield,
8906069722728,Almond pista cookies,,
8906151601375,Almond Biscotti,Cookie Man,
8908017366381,Multi Grain Pasta,Shaka Harry,
8901721016733,Prabhuji Papad mini,Prabhuji,
8901063365520,Britania English Tea Cake,Britania,
8908020271108,Tasty Tung Salted Refills,Tasty Tung,
8901011144399,Selected Dry Fruits GREEN KISHMISH,Selected Dry Fruits,
8901063033986,Britannia Treat Croissant Dubai Kunafa,Britannia,
8901719124358,Parle Magix Orange Flavoured Sandwich Biscuits,Parle,
8904004404005,Haldiram's Bhujia Sev,Haldiram's,
8908002036329,Milky Moo Probiotic Dahi,Milky Moo,
8908010900988,High Protein Peanut Butter (Organic Jaggery),Pintola,
8904063228734,Haldiram's Navrattan,Haldiram's,
8906160650111,Mr Makhana Piri Piri Paradise,Mr Makhana,
8906011410697,Paprika Crisps,Yuvan,
8904494101392,Magicreme,Mrs. Bector’s Cremica,
8904303404409,Smoke Center Fill Cookies,Smoor,
8906026800360,Thacker Dairy Dahi,Thacker Dairy,
8904083312079,Milky mist Shrikhand Badam,Milky Mist,
8904038800064,Ginger Coffee,Palm Products,
8901491100366,Rolled Oats,Quaker,
8902027006343,Bread,Kitty,
8901052011865,Extra Virgin Avocado Oil Spray,TATA,
8901764032967,Sprite,Coca-Cola,"Carbonated water, sugar, acidity regulators (INS 330, 331), natural flavours"
8902979052832,Milk,Cavin's,
8906034573119,Mango Chutney,,
8901548147368,Tan Removal Chocolate & Cherry Face Pack,Everyuth Naturals,
8906117254690,White Skin - Nose Pore Strips,Dr.Rashel Beauty Elixirs,
8905906900688,Tales Rio Eau De Parfum,Skinn,
8908005312611,Sriracha Lime Cheese Popcorn,PVR 4700BC,
8908016793096,Noodles,MasterChow,
8906024482032,Dodla Ghee,Dodla,milk fat
8901722066300,Frozen Sweet Corn,Safal,
8906122606415,Holland park tin,,
8902911141532,NUT KERNELS,Good Life,
8906158750168,SHARBAT ZAFRAAN,,
8908018514156,Tweenie marsh mallow watermelon,,
8908018514170,Tweenie marsh mallow chocolate,,
8906042870187,Triphala Ras,Swadeshi,
8904089993562,Heritage ghee 750ml,,ghee
8906042870217,Shudh amla ras,Swadeshi,
8901262201100,Probiotic Buttermilk,Amul,
8906077362268,Soya Stick Tomato,Jaimin,
8908021945183,FarMart Pantry Maida,FarMart Pantry,maida
8906091682717,72% Plain Dark Chocolate,Paul and Mike,
8906078264905,Cheese Garlic Bread,Mrs. Bectors Food Specialities,
8901526980970,Scalpure Conditioner with Anti Dandruff Properties,Biolage,
8904055900273,CHCIKEN JUMBO SAUSAGE,MEATZZA,
8907316010728,Crushed Mixed Pickle,Mother's Recipe,
8906037695252,family penat butter,,
8906066201332,Black pepper and rock salt,Keya,
8906097402760,fengruek,,
8901207038730,virgin coconut oil,Dabur,
8901088796828,ground nut oil,,
8906002080137,chilli powder,Unknown Brand,
8909106030152,Hellmann's Smoky Tandoori Veg Mayonnaise,Hellmann's,
8906029452948,Thousand island dressing,Mrs. Food Rite,
8906021122528,rasam powder,Aachi,
8904209325655,mutton masala,Aachi,
8908020889006,Puliogare Masala,IHP,
8904150503874,pancake mix,Pillsbury,
8903363003690,cassia,,
8906019779949,elachi,,
8903363002105,lawang,DMart,
8903363004956,star anise,"DMart, Premia",
8906070200000,pappad,Unknown Brand,
8904039700950,tamrimd,,
8906066205958,oregana,,
8903363003195,seasame,DMart,
8903363003607,Jaifal - nutmeg,"DMart, Premia",
8901042954844,jeera powder,MTR,
8906019777341,black pepper,nutraj,
8901042968919,sambar masala powder,MTR,
8901262220125,Sandwich Bread Made With Butter,Amul,
8906076133234,Fruit Cake Rusk,The Baker's Dozen,
8906027880736,Soya Chap Masala,Chaman,
8901063163362,Tiger Choco Cookies,Britannia,
8904083321743,Capella Dark Chocolate 55% Fruit & Nut,Milky Mist,
8906003310264,Jasmine,Jasmine,
8906095142101,Gel 100 Black Cherry,Unived,
8906180641069,Africanum Pygeum Bark Extract,ForestVibe,
8906021928984,عسل شافي صغير,,
8906006852891,Vanilla Chocolate,Baskin Robbins,
8906156488728,Coconut Chutney,Khetika,
8901719901393,karak jack biscuits,,
8906092350974,Mango Bite,,
8904374509645,Cluster Beans (Guvar),S Motiram,
8902433030383,Chewing gum,"Orbit, Wrigley's",
8906096371838,Vathakozhambu Thokku,Amirtham,
8906093490525,Barley Sattu,Shiva's,
8904390501531,Metabolic ACV Moringa,Oziva,
8901262202794,Probiotic Buttermilk,Amul,
8906144492577,Coffee meets PROTEIN,Sleepy Owl,
8908007933050,Coconut powder,,
8903932010388,Dalda,,
8906190330304,Kokum Syrup,Yojak,
8906029452627,Salad Mayonnaise Eggless,Unknown Brand,
8902901222623,Chilli Guntur with stem,Good Life,
8902901224016,Good Life cashew broken 100gm,,
8902901223941,GL Cashew w240,,
8902901047561,Good Life Cashew w 240 400gm,,
8906069960106,Double Toned Milk 🟡,Sanchi,
8908012692522,Glow Collagen,Wellbeing Nutrition,
8906055440261,Organic Suji,Organic tattva,organic suji
8902901224962,Masoor dal,Good Life,masoor dal
8906066701474,homestyle potato crisps,,
8906095372904,Chana Dal Snack,Ramji Damodar,
8906199681230,Whey Protein Isolate (Dark Chocolate),The Func. Lab,
8906163078370,אורז בסמטי ארוך,Junam,
8906156486618,Cumin seeds,Khetika,cumin seeds
8901088213608,Saffola Oats,"Saffola,Marico",rolled oats
8906033533763,Smoked Paprika Power,Snapin,
8906027714123,Malai Paneer,Govind,
8906064283019,butter cookies,,
8904300203098,malt & milk,mario,
8906100881247,Sosyo drink,,
8901648001904,Super T Milk,Mother Dairy,milk solids
8901777003664,Guvar Cluster Beans,Cadillac,
8909177016680,Brown bread,Daily good,
8906125251704,Bajra Balls,Manimark,
8909081009013,Korean style Nudeln,,
8906133880729,Himalaya Salz grob,,
8906182620369,Zero Maida Noodles,Masterchow,
8906006330726,Natural fresh Acti-lite refined soybean oil,refined soybean oil,
8901262150378,slim 'n' trim Skimmed Milk,Amul,skimmed milk
8908025049139,VIHAN BESAN 500GM,,
8906021204460,GANGBAL BESAN 500GM,,
8904293709751,Flipkart Grocery Kasuri Methi,Flipkart Grocery,kasuri methi
8906066201714,Keya,,
8901719103667,Magix Elaichi,Parle,
8908025049207,VIHAN MAIDA 1 KG,,
8909106048591,Sweet Corn Veg,Knorr,
8904304759522,HARITAKI POWDER,,haritaki
8909039499484,Pur ARABICA,,
8901719104640,Parle-G,Parle,
8904335606772,Fermented Yeast Protein,Yoga Bar,
8906135190406,SICHUAN CHILLI OIL,Moi Soi,
8909340000317,No Nonsense Plant Protein,Cosmix,
8906097590153,Multivitamins + Beetroot supplements,Fast&Up,
8906167244542,Raw Sonamasuri Rice,Whole Farm,rice
8906023491165,Arhar Daal,Pusht Organic,
8901463173459,Continental xtra coffee 200gm,,
8901058016802,Nescafe classic,,
8904258704388,Cold Coffee,Raw Pressery,
8908010525266,Crustless Sandwich Bread,MARUTI,
8906128240521,karak tea with cardamom,al suman,
8908018247153,Lime Lemongrass Sauce,Boombay,
8906013812185,Quinoa And Seeds,Roasty Toasty,
8904022919567,Coconut Crunchy Cookies,Americana,
8906054111063,vikasrajput,,
8906021922470,ALTAYYAB NATURAL HONEY,,
8906039162677,Mysore Mamra (Puffed Rice),Mayur,
8901719132155,Cocktail Mix,"Chatkeens, Parle",
8902979031462,Diet Bhel,Garden,
8906020493209,banaras soan papdi,,
8906020492417,soan papdi elaichi,,
8904071701069,chana Dal,Chheda's,
8904041500500,Thalipeeth Mix Flour,K-Pra Foods,
8903363000279,Poha Jada,DMart Premia,
8906097591853,Complete Bone Health,Fast&Up,
8903023003466,Vedaka Whole Cumin,Vedaka,whole cumin
8906170350216,Organic Frozen Malai Paneer,Kitchen Desire,
8904073797244,Ketchup,Green Valley,
8906098770097,Black Pepper,Lunn,黒胡椒
8902901029604,Sugar,,1kg
8904063205810,Snac Lite!,Haldiram's,
8906156486885,Cranberries,Khetika,cranberries
8906001056317,Tandoori Paste,Mother's Recipe,
8901063371033,Brt marie,,
8906032010296,Mahakosh Refined Soyabean Oil,Mahakosh,
8901037255055,ginger chai instant tea premix,Girnar,
8906195000011,Cooked Kabuli Chana,FreshCon,chick peas
8908012471011,Indian mint tonic water,,
8908004114339,Prunes,Wonderland Foods,
8904168782377,Medium Prawns Peeled & Deveined,Big Sam’s,
8906133331269,Mixed Masala Powder,Mahalakshmi,
8901719118654,20/20,Parle,600
8904063226990,Green Chilli,Haldiram's,
8902901427165,raisins yellow,Good Life,raisins
8906113491129,Millet Muesli,Tata Soulfull,
8904004442854,Mutter Paneer,,
8904168700104,Coho Salmon Wild,Big Sam,
8901414042322,Malai Kofta,Bikano,
8906117360001,Curd,Country Delight,
8901207026553,Honey,Dabur,honey
8908024977587,Superyou Pro Fermented Yeast Protein Cold Coffee,Superyou,
8906001056331,Garlic Paste,Mother's Recipe,
8904132920330,Expelz pack of 3,,
8903363003485,Rai Small,DMart Premia,mustard seed
8906159660626,DeHaat Honest Farms Green Cardamom,DeHaat Honest Farms,green cardamom
8906082393059,Cashew Shaped Biscuits (Spicy),Malabar Natural Foods,
8906010703431,Basmati Reis,Marshal,basmati rice
8901302097571,اوترفيسين,عراق,
8906159750327,nibati,,
8906097591907,Melatonin + Theanine,Fast&Up,
8901242513841,Roasted Dalia,Bambino,
8901063136274,Tea Time Biscuits,Britannia Marie Gold,
8906021122436,Black Pepper Powder,Aachi,black pepper
8906006720039,Seedless Dates,Lion,dates
8906016414058,Ghee,"Jersey,Godrej",milk fat
8906004620171,Dhara groundnut oil,Dhara,
8906059635014,Greek Yogurt Mango Flavour,Epigamia,
8908010770024,Gingelly Oil,Swarnam,sesame oil
8904293709706,Fennel (Saunf),FlipkartGrocery,saunf green
8904064617490,Perles de Tapioca petites,,
8901052010615,Premium,Tata Tea,
8901725105174,Mango,B Natural,
8901537077485,Daawat Cuppa Rice Rajma Chawal,Daawat,
8901928292008,Sugar free,,
8901153023200,Treasty treat wafer,,
8901153005398,Burbon,,
8908015626005,Dates,,
8902286041239,Milk,Visakha Dairy,milk
8901314013194,Colgate toothpowder,,
8906006722903,Arabian Desseded Dates,Lion,dates
8908006107476,Ganga Kesariya Brahmi Badam Dry Fruit Syrup,Ganga,
8904132920941,Jive,Reliance retail maeket,
8901725135225,Yippee,,
8906040371631,Riz basmati,Diwali,
8904132932920,Good Life unpolished moong dal 1 kg,Good Life,moong dal
8902901011715,Pulses chana dal 2kg,Good Life,chana dal
8908004076316,Extra long basmati rice,,
8904013072004,Telephone Brand Sat-isabgol,Unknown Brand,
8901571003280,Women horlicks,calseal,
8906021120197,Aachi bajji band powder 200 gm,,
8901058015461,sunrise,Nescafé,coffee powder
8904067702551,Roasted Peanuts,,
8904839003107,Spaghetti,Lubella,
8908009247001,Sanjivani Tea,Sanjivani,tea
8901042954653,Mtr vada,1,
8906001055358,Mothers lime pickle mild,Mother's,
8901719122293,Parles,Parle,
8906009532844,Max Protien,RiteBite,
8903023188675,Saunf Gujrati,"More,More Choice",fennel seeds
8901063151284,Britannia Digestive Biscuit,Britannia,
8908003113821,Peanut butter,,
8900075047127,yogourt,,
8906006721821,lion kimjo Dates,LION,dates
8901030743153,Mancow Veg,,
8908013328222,Nutty Chips,Open Secret,
8906005500762,Khokha Bhujia,,
8908007836504,Ghee,Local/Regional Dairy,expiry date
8908000452367,Falcon Seedless UAE Dates,Falcon,dates
8902901222005,Rajma,Good Life,rajma
8906216140320,Moong dal,Unknown Brand,moong dal
8906069403566,Organic almond,,
8901512910707,Popz,,
8904063206381,Kara Boondi,,
8908003623986,poppy seeds,DNV,poppy seeds
8906074820556,Dum ke Rote,,
8901473442484,Chips,,
8901030795756,Horlicks,,reply
8906107170054,Chicken Sausage,Prasuma,
8906081381323,Mullu Murukulu,Telugu Foods,
8904132942356,Good Life Lokwan Wheat 10 KG Bag,Good Life,wheat
8908016069078,Badam Giri,ACI,almond = badam
8901552020206,Mint Chutney,Ashoka,
8906009079028,UNIBIC Splash Orange Cookies,unbic,
8906009072128,Orange Splash Cookies,,
8903023305799,coconut powder 100g,,
8901030779640,Lipton GREEN TEA LEMON ZEST,Lipton,
8906017080306,Sweet Lemon Pickle,,
8904482000362,Mustard Oil,Hamdard,mustard oil
8908004896730,Arpana Dilkush,,
8906031064887,Mixed Frozen Berries,,
8904124312136,life time vanila,,
8904004405361,Soan padpi,,
8904358321744,Ame mushrooms pieces and stem,,2 pcs
8906167241398,Black Raisins,Whole Farm,black raisins
8906006720145,Lion DesertKing Dates,Lion,dates
8908001631525,B curd,Aroma,
8906026900022,sugar,madhur,sugar
8904063253156,Haldirams samosa,Haldiram's,
8901071302036,Sofit Soya Drink Chocolate,sofit,
8904063253675,Homestyle Paratha,,
8901719120756,Monaco,Parle,
8901063337169,Vitarich Sandwich bread,Unknown Brand,
8904063214393,Aloo bhujia,Haldiram's,440
8901058867398,Hot and sweet sauce,Maggi,
8904132965652,moong whole,Simply Smart,moong whole
8902080000906,Mixed fruit delight,tropicana,
8908017784246,Premium milk taste elachi,,
8901058894615,every day,,
8904063220028,Chips Mast Masala,Haldiram's,
8906033261055,Lemon green tea,,
8906005504111,Soan Papdi,BIKAJI,
8901030897689,Kissan mixed fruit,,90
8904293723504,White Peas/Matar,Flipkart,white peas
8901537074231,Daawat pulav basmati rice 1kg,Daawat,basmati rice
8908010673233,Banana chips,,
8908023762047,amindates Persian Dates,amindates,dates
8901725013318,Aashirvaad svasti Paneer Slices,"Aashirvaad,svasti",milk solids.
8901499010230,Oats,Kellog's,oats
8904132954885,Campa,Soda,
8901063016712,50 sweet and 50 salt,,
8904132981256,mustard small,Best Farms,fine mustard
8901304292837,Kakaji Namkeen,,
8901560830316,Cheers Amla,,
8901747002086,Mili premium Strong Leaf Tea,"Wagh Bakri,Mili",tea
8901052010424,Tata Tea Premium,Tata,
8901207900648,Dabur Chyawanprash,Dabur,
8904004411218,Crush Peanut Chikki bar,Haldiram's,
8906066854187,Nature Land Organics Pure Kachi Ghani Mustard Oil Cold Pressed,,
8906044992610,Alo frut Berries 1ltr,,frut
8901030758300,Lipton GREEN TEA LEMON ZEST,Lipton,
8901014002023,Top Ramen Masala,Nissin,
8901052004669,Tetley GREEN TEA NATURAL MANGO FLAVOUR,Tetley,
8904272600130,Storia Badam Shake 180ml pet,Storia,
8901052022113,green tea,,
8908010453040,In dia,,
8906002348954,CHANA KABULI,Rajdhani,kabuli chana
8906151000031,RAW CHIA SEED,,raw chia seeds
8908003972756,Rusk premium Toast,,
8901522006308,Imperian blue,,grain netural
8906174470040,Kimia Dates,Nutriwala,dates
8906012890221,BAKERS Cocoa Powder,BAKERS,"cocoa powder,"
8904076000037,Ghee,Nambisan's,milk fat
8903023272930,kitchens Hing 100g,,
8903023004999,more Black pepper 100g,,
8906009079073,UNIBIC Choco Ripple Cookies,unbic,
8902710506044,Bagrry's,,
8902901001815,Lapsi rawa,Good Life,lapsi rawa
8901441012015,Garlic papads,Unknown Brand,
8901058859737,Nestle Nan,Nestlé,
8901030083051,Taj mahal,Brooke Bond,
8901304270347,Ponni Rice,Madhury,
8906078264646,Non stop,,flour
8906002130054,Udhaiyam moong Dhall,,
8901233034522,Tang,,
8904063281746,Minute Khana Aloo Tikki,Haldiram's,
8901499009814,KELLOGG'S CORN FLAKES REAL ALMOND HONEY,KELLOGG'S,
8901088054317,Coconut oil,,
8906027120009,soya sauce,,water
8900200023958,Venga Calorie Balance Orange,,
8901058904321,Classic Black Roast,Nescafe,coffee
8906025370147,Makka Pith,Sohum Udyog,mais
8906088704989,Instant Coffee,Colombian Brew,coffee beans.
8904335600671,Peanut butter,YogaBar,
8901414003286,Khatta Meetha Mix,Bikano,
8904076116905,Mala candy,,
8906131680598,little millet noodle,slurrpfarm,little millet
8906023644028,Toned Milk,Thirumala,milk solids
8901030987397,Lipton green tea  clear and  light,Lipton,
8901512564306,Instant popcorn,ACT,
8906033261444,Green Tea,Ripple Tea,green tea
8901262178662,Tricone Dark Chocolate,Amul,
8901499012005,Kellogg's chacos,Kellogg's,
8906097590009,electrolyte bottle,fast and up,
8908000812260,Metro Garhvi Dahi,Metro,
8906046144222,Onion Ground Organic Spices,,onion ground
8904390501340,Oziva Plant Protein,Oziva,
8908012365228,ghee,purabi,
8906140202217,Arabian  DATES,Nature's Choice,dates
8906120106283,Prasadam Makhana,Farmley,
8901440031048,eastern gooseberry pickle,,
8906003950163,orange squash,new lalli's,
8901440031024,tender mango pickle,,
8901652140897,Marie lite biscuit,Priyagold,
8901014000012,Top Ramen Masala Noodles,Nissin,
8906127550614,Peanut Butter,Alpino,
8906005610737,Fruit Cake,,
8906127550003,Alpino Peanut Butter Unsweetened,Alpino,
8901058896152,Maggi,,
8908001503099,Taza Salt,Tatsa's,
8904422700741,besan,,besan
8906169490848,Mazafati Dates,Unknown Brand,dates
8906081126900,Happilo Arabian Dates,Happilo,dates
8906078260563,butter bke,cremica,
8906078770987,Peanut butter,,
8906112660519,Rolled Oats,True Elements,rolled oats
8906109110423,Cookie Heaven Badam cookies,,
8906030944043,Mustard,,
8901071301107,Sofit Soya drink,Sofit,
8906013940017,Corn Flakes,,
8906002660728,Coconad,KLF,
8901393018073,Juzt Jelly,,
8904064619845,Sucre de Canne Rond blanc,,
8906004650024,Matta rice,,
8906015747782,Mango Instant Fruit Drink,,
8904422702707,Honey,,
8901972075688,Dark vanilla flavoured rolls,Dukes,
8906031312735,Enerva Breakfast Cereal,Enerva,
8904083519386,Organic Dry Ginger powder,,
8906019711604,Gluten Free Rice Maize Penne Pasta,Wheafree,
8906005618658,Bauli moonfils chocolate 45gm,,
8906007280037,Fortune Soya Health Refined Oil,Fortune,
8901786431014,Coriender powder everest,Everest,
8902042111077,AVT PREMIUM,,
8902901224177,Best farm pista green,,
8906030680361,Gurujee Cornflakes Masala,,
8906030680514,Gurujee Ompudi Mixture,,
8906030680149,Gurujee Ompudi Thin,,
8906030680033,Gurujee Kharapuri Masala,,
8906030680330,Gurujee green peas,,
8906080231148,Raagi Khakhra,,
8904063211828,Subz Handi,Haldiram's,
8906091900057,Makhana,,
8901058000528,Maggi Noodles,Maggi,
8902433003998,Kesar Pista,Snickers,
8908017415225,Peanut butter,Unknown Brand,
8902188812067,Ramdev strong hing,,
8908010673592,Layered wheat bread,,
8901548310328,Complan - chocolate,,
8901662024538,Paneer Tikka Masala,Suhana,
8908004010464,Two Majestic Cashew and fruit biscuits,,
8902167000072,Chunky Chat Masala,,
8906097331596,Parliament pista almond,,
8904083523604,Organic Roasted Chickpea (Turmeric),,
8901063165830,Britannia treat funky choco,,
8901108166037,Nirma shudh salt,,
8906042150579,Anil happala,Anil,
8904113521969,Agro fresh jaggry,,
8904112704363,Durga sessame chakra,,
8901764239304,Minute maid mix fruit juice,,
8908000385221,Dev snacks,,
8908000384132,Dev kuzalappam,,
8908000385139,Kuzhalappam,Dev Snacks,
8906020932159,Green Chilli Pickle,Engine,
8902901224795,rajma red,Good Life,rajma
8901537074934,Dawat pulav basmati rice 500g,,rice
8906074820532,Karachi bakery,,
8901393024043,Chupa chups mango + orange flavour,Chupa Chups,
8908003115269,Karachi bakery zeera biscuits,,
8904063205520,Haldiram ajwain,Haldiram's,
8901058903522,Classic,Nescafé,coffee beans
8906005610706,Pineapple Cake,,
8901063093294,Britannia good day 250g,,
8904043551999,modern fruity rusk,,
8906002345885,Chana Kabuli,Rajdhani,chana kabuli
8904043500386,modern milk rusk,,
8901207005374,Honey,Dabur,
8901719121906,parle g  200g,,
8901138836122,Himalaya 150g,,
8902281614810,sensodent kf 125g,,
8901030926570,Pepsodent 200g,,
8901719107528,Parle Fab Jam in,,
8906097540424,Butter Cookies,Sapphire,
8906056452263,Sonai yolo flavoured milk 180ml,Unknown Brand,
8906056452249,Sonai yolo flavoured milk badam 180ml,Unknown Brand,
8901030985843,3 Roses,Brooke Bond is sold by Hindustan Unilever Ltd. (HUL),tea
8906170110414,Cumin seeds,Kesarco,cumin seeds
8901063401211,Britannia cheese block 2000g,Britannia,
8906001023357,Go cheese processed squares 200g,,
8906070020400,Sharvas mixture,,
8906070020448,Sharvas khara sev,,
8901088081344,Saffola Peanut Butter,Saffola,
8904064601130,Mysore Dal Skin Lentils,Sri Murugan,lentils
8906044992313,Alo frut guava,,frut
8906027149116,Eggs,Suguna,eggs
8909177022872,Cashew Split,"Smart One,Kiranakart",cashew split
8904063280787,Gulab jamun,Haldiram's,
8908004431016,Urad Gota,Tenali Vijayalakshmi Deer,urad dal
8901095004015,Society tea,Society,tea
8903363010179,besan,dmart,besan
8904109489846,Cow GHEE,Patanjali,
8901826301536,"Verka Lassi - Sweet,",Verka,
8901192102126,Mirch,,
8908008948022,Baking powder,AJANTA,
8904104712055,JK Red Chilli Powder,JK,
8901725125141,Chilli powder,Aashirvaad,chilli powder
8908015382284,Lalbaba miniket rice,Lalbaba,rice
8906078160009,Ene bhut jolokia,Ene,
8906076132497,Fruit & Nut Cake,The Bakers Dozen,
8901052000906,Tata tea Gold,,
8906007280990,Fortune mustard oil 5ltr,,
8901725016838,Aashirvaad Superior MP Atta,"Aashirvaad,ITC",whole wheat
8904063204738,Mathis tikoni mathi,Haldiram's,
8901063160088,Puremagic chocolush,Britannia,biscuit
8906004620584,Dhara lite refine,,dhara refine
8904320007027,DiSano Honey,DiSano,
8901262260374,Amul Cow Milk,Amul,milk
8908003636146,Tamarind,Unknown Brand,tamarind
8901393020564,Tubes,,
8904083512042,Organic Poha (Flattened Rice),,
8901719135118,MONACO,Parle,biscuit
8901537021631,DAWAT ROZANA BASMATI RICE MINI MOGRA 5 KG,Daawat,rice
8906007280969,Fortune Premium Kachi Ghani Pure Mustard Oil,"AWL Agri Business Limited, Adani Wilmar Limited, Fortune",mustard oil
8902901222227,Good life chilli powder,Good life,chilli powder
8903023007808,Suji,More,wheat
8904293724563,raisins,flipkart grocery,raisins
8906008630503,Relaxing cardamom chai,,
8906041711528,Vezlay Veg Meat,"Best Foods,catchy court",
8902901226690,Sago,Good Life,sago
8906001380740,Twinnies,,
8902901230963,raw peanut,good life,peanuts
8908000655119,Udhaya Krishna Ghee 500ML,,
8902901224856,rajma sharmili,Good life,rajma
8901063163331,Tiger glucose biscuit,Britannia,
8901047039034,Basmati,Kohinoor,
8901777403129,Vadila methi paratha,,
8906066110061,Atea,,500
8906046143546,Cardamom chai latte,,
8904063203311,Chana Dal,Haldiram's,
8907860005379,ORIXINDIA  BLACK PEPPER,ORIXINDIA,black pepper
8906125310210,Honey,Rajdhani,100% honey
8901000121158,Chocolate extrafino Negro,,
8901063012615,Milk bikies biscuit,Britannia,
8901552020466,Mini Potato Schezwan Samosa,,
8901063166424,Milk rusk,Britannia,
8901719901881,Premium Rusk,Parle,
8901689030031,strawberry crush,Mala's,
8901161105066,President golden sella,president,
8902710100044,White Oats,Bagrry’s,oats
8904680079314,Cabbage Red,Unknown Brand,cabbage
8904174006559,Fenugreek Powder,,
8901786531004,Shahi Paneer Masala,Everest,
8901040300032,Fleming,Unknown Brand,
8906018206910,Tamarind Chutney,Real,
8901207045660,Dabur Honey,Dabur,honey
8901207017025,Glucose d energy boost,Dabur,
8902901224696,Good Life rajma chitra 500g,Good Life,rajma
8906135090713,Honey,apis,honey
8902579002022,appa fizz,,
8904132917057,danedar  assam tea,Aarambh,
8908000275089,premium tea,City Gold,
8904083307037,Processed Cheese Cubes,Milky Mist,
8901042968995,3 Minute Breakfast Magic Masala Upma,,
8902433003615,Galaxy milk chocolate 20g,,
8902901001747,Semolina Suji Rawa,(Reliance),wheat
8901095800167,Tea,Society,green tea eggs
8904067709543,Banana Chips (Black Pepper),Jabsons,
8904300200066,Mario Saunf,,
8901207900839,hajmola,Dabur,j 3
8902433005794,سنيكرز شكولاتهبكريمة الفراوله 40جرام,SNICKERS,
8906133401566,Body wise,,
8902080104062,pepsi,Pepsi,
8901552020183,Coriander Chutney,Ashoka,
8902433005787,Galaxy Milk Chocolate Smooth Milk,"Galaxy,Mars",
8902005271138,Garlic Chutney,Umadi's,
8904063213297,Gujiya,,
8901393012828,Alpenliebe Juzt Jelly,"Alpenliebe,Perfetti van melle,Perfetti",
8904132917095,kadak  tea,Aarambh,
8906102210328,Marvel  tea YELLOW,,
8906106070027,Jowar & Sweet Potato Cake Mix,Serapheena,
8901023019883,Godrej expert black brown 3,Godrej,
8904408000070,Sambar powder,,16 pcs
8902901222838,mustard fine,gl,mustard fine
8901248297127,Kesh King AYURVEDIC oil,Emami,
8901207033728,Odonil Lavender Mist,Odonil,
8901689030239,pineapple crush,Mala's,
8901689030253,orange crush,Mala's,
8901689100680,blueberry crush,Mala's,
8906008049008,white rose essence,,
8906156487028,Chia Seeds,Khetika,chia seeds
8901786081004,Everest Sambhar masala,everest,
8906162070870,Small Peda,Almond House,
8908018417228,Rose,Rose,
8904293728578,Flipkart Grocery Bansi Rawa,Flipkart Grocery,bansi rawa
8901047009235,Basmati Rice,,
8904424803785,Happilo Sultan Dates,Happilo,dates
8901725013011,marie light,Sunfeast,
8904132981409,Rajma Chitra,Best Farms,rajma
8901155120211,Gits Moong Dal Vada Mix,,
8903023015162,Vedaka Raw Peanuts,Vedaka,raw peanuts
8901393018547,Juzt jelly,,
8901888001504,Dabur Honey Squeezy,Dabur,honey (100%)
8908015078033,Nutri+ Eggs,Abhi Eggs,eggs
8901071702935,Exotic Dark,Hershey’s,
8906013032897,Masala delight,,
8906163830145,Makhana,Farmley cheese and herbs makhana,
8901826305008,Verka Ghee,,milk fat
8908002377217,RARA Instant Noodles,Him-Shree Foods (P.) Ltd.,
8906077361070,Makhana peri,,
8902979035156,Mango ginger pickel,,
8906120100137,Chia seeds,Farmley,chia seeds
8902901027334,Good Life Masoor Dal,Good Life,masoor dal
8901207042935,Dabur Honey,Unknown Brand,honey (100%)
8908000861046,Champakali Gathiya,,
8906043700148,Cow Milk,Omfed,milk
8906002005536,tomato ketchup,drowtkat,
8902885440136,Riso soffiato,,
8904064662988,Huile de sésame,,
8903023003633,More Daily Sugar,More,sugar
8906056450320,Danedar Ghee,Sonai,cow's milk fat
8904063209948,Haldiram roti,Haldiram's,
8904067702568,Hing Jeera Peanuts,,
8901148239876,tab.nacplus,,nnn
8904305600649,Chicken curry cut,FTH,chicken
8906111441232,Majestic Red Bean Curry,Raasa,
8906018944348,beer,tuborg,
8901207025266,Honey,,honey (100%)
8906016415383,Godrej pure ghee,,
8902188381211,Semolina,,(semolina)
8901117031432,Lalith Kumara,dose,fdfgggxgh
8906074829566,Atta Fruit Biscuit,Karachi Bakery,
8904056800039,Turmeric powder,,turmeric
8906016415345,Godrej pure cow ghee,,
8906040412631,kashmiri lal mirch,pushp,
8906000290064,Falcon jaggery,,sugar
8904272600918,Storia mango,,sugar
8906142772763,Cashew nuts,R U Nutz,cashew nuts
8906125520428,Pure cult,Unknown Brand,1
8904293703292,Garlic,Unknown Brand,garlic
8901747001553,Wagh bakri tea,Wagh bakri,tea
8904063257932,Fatafat Bhel,Haldiram's,
8903300150135,Lime pickle,,
8902570812958,Smart Choice Chana Garlic Papad,Spencer,
8901035053639,100% natural green tea,,green tea.
8904288601121,Tomato Ketchup,,
8906125983025,Cheese Popcorn,4700BC,
8903023005996,Vedaka Red Masoor dal Split,Vedaka,masoor dal
8903023015186,Unpolished White Urad Whole,Vedaka,urad dal
8906023418490,JAVA COFFEE,,
8906003101350,Bikaneri Bhujia,Shree ram,
8906131682035,Mighty Puffs Cheddar Cheese,Slurrp Farm,
8901537021600,Dawat mini mogra 10 kg,,
8908016531070,Jowar Miller Chivda,Kailas Bhel,
8906000680810,Berries Blend,,
8908001006316,milk chocolate dark,,
8901595496341,Singapore,,
8906006951402,Garam masala,,
8906022340013,varalakshmi sabudana,,
89080443,Maggi Tomato Sauce,Maggi,
8904427704171,A2 Desi Ghee,Kapiva,
8904422702608,Roasted diet flaxseed chilli lime,,
8906072431853,Shahi Qawah,,
8901090322077,100% Coffee,"Tata Coffee,Grand","coffee (100%),"
8901440001102,Eastern Coconut oil,Unknown Brand,
8906136650633,Crunchy Unsweetened Peanut Butter,Pintola,
8906064511297,White Eggs,Sneha Select,eggs
8906043700766,Omfed,,paneer
8906103740329,فازلين,,
8908009851062,Red chili kutti (special),Shri Kaila masale,
8901030825477,Women's Plus,Horlics,
8901721003658,Prabhuji hal 658,,
8901548310816,Smooth cocoa hazelnut,,
8906072431310,Masala Tikki,,
8906001055389,Mango & chilli pickle,,
8904109440069,Olio di mandorle,,
8906012230003,Raw Rice Sooji,Vijay Gold,raw rice sooji
8906064705269,Banana Chips,Unknown Brand,
8901031014054,Griego avellana cacao,,
8902756431102,CHICKEN NUGGETS,Godrej,
8901052003693,Tata gold,,
8901052020409,tata Chakra gold,,
8901052030330,Premium Tea,Tata Tea,
8906055100066,Channa Sattu,Rajdhani,bengal gram
8901052020386,tata chakra gold bottle,,
8903363007032,Foxtail millet,DMart,foxtail millet
8906082570146,Beetroot nacho crisps,,
8908008998126,Shrimp,,
890150002678,Barramundi,The Better Fish,barramundi
8906072432126,Ginger Garlic Paste,,
8904083536529,24 Mantra Organic Festive Collection,24 Mantra,
8904083519379,Organic coriander powder,,
8909177015508,Masoor Dal,"Daily Good,kiranakart",masoor dal
8908004383896,Mangalam Bhimseni Camphor,Mangalam,
8906009071909,choco cookies,unbic,
8901670812813,Peanut chikki,,
8906082760295,Mixed Vegetable,,
8906082520011,Aloe Vera Juice,Kapiva,
8901721876313,prabhuji meetha mazza,,
8906072430092,Kanwal Mirch,,
8904132942660,Good life rice Sona Masuri,Good Life,rice
8901552024099,Veg Spring Rolls,Ashoka,
8908002288216,P mark Basmati,,
8908002288308,P Dalia,,
8901393015850,Alpenlibe Gold,,
8903023002353,Vedaka Raisins,Vedaka,raisins
8906012510136,Rijstolie,Alesie,100% rijstolie
8901063151505,Milk Bikis,Britannia,
8901063162365,Marie Gold,Britania,
8904132924383,Desi Kitchen Medu Vada Mix,Desi Kitchen,
8908001956925,Tofu,Mooz Formaggio,
8904082785072,Diet Bhel,,
8904203160108,Cyclone coffee,,
8901030926594,Pepsodent. 100 g,,
8906058710194,Schmitten luxury Chocolates,,
8901777024669,Bhindi Cuts Okra Cuts,Vadilal,
8904063259714,Soystix,Haldiram's,
8901262153348,Protein Lassi - Rose Flavour,Amul,cholesterol
8908010150017,Farm Made Foods Free Range Eggs,Farm Made,eggs
8903236700107,What Women Want,,
8906032019282,Rolled Oats,Patanjali,rolled oats
8908002579413,Cardamom Chai,Chai Point,tea
8902901222692,Good Life Big Fennel,Good Life,fennel
8906075170001,Love candy,,
8908005156246,Waferello,,
8908017537750,Toffmels,,
8906098025180,T5,,
8906098026781,T3,,
8907564273951,Truffles,,
8901262010429,Water buffalo butter,Amul,
8903662010221,Nutritia Brown Basmati Rice,Dunar,
8909106051966,Taj Mahal,Brooke Bond,tea
8906036670861,Ghee,Nandini,milk solids
8904132932876,unpolished moong dal,Good Life,moong dal
8907564273432,Eclairs,,
8904132932982,Good Life unpolished urad gota,Good Life,
8901537007116,Daawat Rozana Basmati Rice,Daawat,basmati rice
8903664054100,Room freshner,Unknown Brand,office
8904132933002,GL unpo moong whole 500g,,
8904132932890,GL unpo chana dal 500gm,,
8904272600147,Storia strawberry shake,,sugar
8906032018919,Nutrela Soya mini chunks,Nutrela,defatted soy
8904759298621,Green Peas - Unpeeled,Unknown Brand,green peas
8908003113807,Peanut butter Honey,,
8904132981263,mustard small,Best Farms,fine mustard
8907564273449,Dry Nuts,,
8901491100243,Rolled Oats,Quaker,rolled oats
8902901224993,GL moong whole 1kg,,
8908012477006,cornado,,
8906116956083,18g Protein Shake,,
8906006720183,DesertKing Dates,Lion,dates
8901030025303,Vasline oil,Vasline,
8906001025269,Whey Protein (Malai Kulfi),Avvatar,
8901058902266,Maggi Masala Veg Atta Noodles,Maggi,
8904064622937,Mango thokku pickle,,
8908007060350,Pink Salt,,
8901095004022,SOCIETY TEA,Society,
8904064622999,Garlic pickle,,
8906108302256,saunf - Fennel Seeds,Popular Essentials,fennel seeds
8908012477525,garlic,,
8903363003713,bay leaf,DMart,bay leaf
8902901027815,Foxtail Millet,Desi Kitchen,foxtail millet
8906009010434,Toor Dal,Parry's,toor dal
8901058875577,Milkybar,Nestlé,
8904004420388,STICKS JEERA,,
8902433030697,snikers chocolate,,
8906009621043,شكر ابيض مكعبات,,
8907316007438,Dal Makkani,,
8908007153007,Packged drinking water,Aqua sip,water
8904004444025,Minute khana dum biryani,Haldiram's,
8904132981546,urad chilka,Best Farms,
8909081005244,Candyman sourzzz,,
8902901001716,chakki aata good life,,
8904155708670,FULL 365,,message
8901155428317,Aloo raswala,,
8906001056942,Mixed vegetables curry,,
8907316007445,Methi mutter malai,,
8906097404047,Tamarind Whole,Zoff,tamarind
8906009512624,VVD Gold pure coconut oil,,coconut oil
8904132926783,Good Life soya mini chunks,Good Life,
8902901232363,Good Life soya chunks 200gm,Good Life,
8902901224658,Good Life masoor dal 500g,Good Life,
8902901225068,GL moong dal chilka 500gm,,
8902901224986,GL masoor malka 500g,,
8902901224849,GL urad whole 500g,,
8902901214840,Urad whole 500g,,
8906044920231,Hallmark Byadgi Chilli Stemless,Hallmark,chilli
8902901127140,Lobia Red,Good Life,
8902901232264,GL moth 500g,,
8902901033519,GL pulses mix 500g,,
8902901224672,GL moong dal 500g,,
8907516130653,Na,Na,
8906033531394,Snapin Chilli Flakes,Snapin,chillies
8904355911917,Upsnac Sweet Cinnoman Peanut Butter,Upsnac,
8904250603962,Oralyte ORS Orange,Oralyte,
8904004401530,fatafat bhel,Haldiram's,
8904132918375,Get Real 300 ml,,
8908015694325,Chatmola,Rinka's,
8904063220394,Moong daal halwa,Haldiram,
8906097402562,Zoff Clove Whole,Zoff,clove whole
8906002348473,Lobia Safed,Rajdhani,lobia safed
8902901222517,Ajwain,Good Life,ajwain
8901063203198,Britannia 50 Piece Little Hearts,Britannia,wheat
8904064628632,Malabar Parotta,,
8901155411319,Gits Chana Masala Medium,,
89009949,Nescafe Classic Instant coffee,Nescafe,coffee beans
8901682000048,Hot Lime Pickle,Ferns,
8903553178290,Ram bandhu chakali masala,,chakali masala
8906016415178,Godrej My Farm Cow Milk,Godrej My Farm,milk solids
8906077361001,Dry Plain Bhakri,,
8907316005595,Carrot & chilli pickle,,
8901414000766,Tasty — Spicy Coated Peanuts,Bikano,
8906006720497,Layina Dates,Lion,dates
8906167241350,Anjeer,Whole Farm,anjeer
8908004423318,Sir Arthur Cotton Premium Idly Ravva,Sir Arthur Cotton,boiled rice
8906177460079,Shivabala coconut oil,Shivabala,coconut oil
8901063325364,Toastea Rusk,Britannia,
8904063212788,Instant Poha,Haldiram's,
8901725111465,Bingo potato Chips,,
8904132911475,Yeah mixed fruit,,
8904132919297,Desi kitchen  sanje masala,,
8904113521457,Agrofresh green cardamon,,
8901042954875,Matt chana masala,,
8903023006481,Green Peas,Vedaka,green peas
8904049111647,Triphala Churna (B.P.N),Unknown Brand,
8904084100514,Amma herbal slimming,,
8904104772110,Jk green Monosodium,,
8907931002931,garden veggie chips,,
8904083519935,ORGANIC GHEE,,
8904043904320,Tata Salt,,
8902901029864,sarvati aata,,
8906005508188,Khajoor Dry Fruit,Bikaji,
8901262151344,Badam Shakers,Amul,
8904422700727,atta,patanjali,
8908012731337,Dr. Brand,,
8908012731023,cooking soda,Dr. Brand,
8901207047473,Dabur Honey,Dabur,honey
8904293709874,Flipkart Grocery Coriander,Flipkart Grocery,coriander
8904132964082,chana independence 500gm,,
8901719124600,Parle Monaco can 150g,Parle,
8901972061018,Nibbles ranch,,
8906009072661,Unibic Snapper potato,Unibic,
8901030483011,Surf Excel,Surf Excel,
8906009072654,Unibic Snapper potato spice 300g( 2ta),Unibic,
8901725000592,Sunfest Marie Light,Sunfeast,
8904132907669,Healthy life Chocho,,
8901088139120,Saffola masala oats 1kg,,
8904132928541,Aarambh  Muesli,,
8904132928480,Aarambh corn flakes,,
8906062861684,Brij Punjabi mixture namkeen,,
8908004643587,GM Aloo Paratha,,
8906083037037,High Protein paneer,Organic MANDYA,
8906010505486,Gathiya (Gram Flour Sticks),,
8904132934610,getreal pure tenders,Get real,
8901058017557,Nestle Cerelac wheat apple cherry,Nestlé,
8901155407312,Baingan bharta,,
8902901222210,Good life turmeric powder,Unknown Brand,
8902901223002,Good  life jeera powder,goodlife,
8901440023258,Eastern cumin powder,Unknown Brand,
8906044992856,Alo Frut Kiwi 1ltr,,
8906038789424,organic grass fed ghee,,
8908010907147,Jaw dropping skin,,
8906015310351,Kachie karey syrup,,
8906034160760,Lido Indian Basmati Rice,,
8901652142112,Digestive,,
8904083600183,Sandwich Masala,,
8904293704725,Carrot,Unknown Brand,carrot
89008669,Nescafe Gold,Nescafé,coffee beans
8906019776641,Dry Dates,Nutraj,dry dates
8906064919857,Classic Emirates Dates,Candor,dates
8904063217707,Dhodha barfi,,
8906008812817,poha (thick),fortune,rice flakes
8904039701797,Wild Forest Honey,Conscious Food,honey
8901216812260,KS Spark,,
8906009078847,Unibic Choco ripple biscuit,,
8901719120992,Parle Monaco biscuits 700,,
8901207032080,Real Apple Fruit juice,,
8901063155329,Tiger Crunch biscuit 400g,Britannia,
8904342605409,Pomegranate peel powder,,
8908021946029,Hydros,Hydros,treated water
8901207027994,Masala Guava fruit juice drink,,
8904132949256,red chilli powder,independence,
8906008814040,Extra Long Basmati Rice,Kohinoor,
8904214500078,Bhatha Kani,Raju Namkeen,
8904071706712,Roasted Kothmir Chivda,Unknown Brand,
8903023305782,surja roasted chira mix,surja,
8901063012431,Britannia milk bikis (500g),Britannia,biscuit
8906064918508,Zahidi Dates,carnival,dates
8902080204052,Mirinda orange Flavour 750ml,Mirinda,
8904272600574,Storea 100%guava juice,,
8904018660022,Ginger Awla,,
8904083513780,Mango Lassi Drink,,
8906081123725,Premium Dryfruit Collection,Happilo,
8904132926820,Besan (Coarse),Good Life,chana dal
8901037017417,HALDI DOODH,,
8906089701055,Cayenne pepper ground,,
8901552019002,Punjabi Samosa,Ashoka,
8901738705354,Sesame Ladoo,,
8904849250925,Bitter gourd,Unknown Brand,bitter gourd
8906016350042,Samrat MP Chakki Atta,Samrat,
8906009780153,Maganlal Chikki,Unknown Brand,
8908006024537,Mullu Thenkuzhal,Amirtham,
8902080002795,Tropicana Frutz Mixed Fruit,Tropicana,
8906126394592,Premium chia seeds,Khari foods,chia seeds
8906005618351,Fruit cake sliced,,
8906173701596,Nitra Isolate Protein,Big Muscles Nutrition,
8906036670830,butter,nandini,milk solids
8903023006047,Premium Whole Methi (Fenugreek),Vedaka,fenugreek
8901928753004,Rich Marie,Bisk farm,
8906120106337,Seed Mix,Farmley,
8902901222616,Good Life Chilli Guntur with Stem,Good Life,chili
8904063206930,Soan Papdi,Haldiram's,
8906069416573,Fruit candies,,
8901595961436,Sweet corn,1,
8902901224610,chana dal,Good Life,chana dal
8904132926790,soya granules,Good Life,soya granules
8901058007169,Nescafe Classic Instant coffee,Nescafé,coffee beans
8901512930101,Sundrop Heart Oats Cheese n Herbs,Sundrop,
8906010500337,Aloo Sev,Balaji,ok
8903023305669,surja bundi masala,surja,
8906007289238,Sona Masuri Supreme  Rice,Fortune,rice
8904150501948,Microwaveable Roti,Pillsbury,
8902167009921,MDH Kasuri Methi,MDH,
8904064617025,Cardamon,,
8906152440423,Whole Chana Besan,Floryo,besan
8906064701469,Kerela Mixture (Extra Hot),Kohzi,
8906039951202,Cafetto espresso,,
8906046144864,Rock sugar whole natural spices,,rock sugar
8909691000004,Pain de mie seigle graines,La boulangère,
8901725121723,Aashirvaad Superior MP Atta,ITC,whole wheat
8906044920712,Hallmark Byadgi Chilli with stem,Hallmark,
8901440043058,Eastern Mustard,Eastern,mustard
8904293726918,Classic Suji / Rawa,Flipkart Grocery,
8904293728851,Classic Till Regular,Flipkart Grocery,
8904043610610,Albumen care protien shake,Lidl,
8906001054306,Mother's Recipe Chana Masala papad,Mother's Recipe,
8906006720152,Lion DesertKing Dates,Lion,dates
8904288621136,Custard power,,
8906079010617,Luvit:Luscious,Luvit Roasted Almonds,
8904043926117,Tata Sampann Unpo Urad Dal 1Kg,,
8903023275504,More Coconut Powder 200g,More,coconut powder
8901030695117,excel,,
8908007725150,Panchakanya Maida,Panchakanya,whole wheat
8902102127024,Ujala  liquid,Ujala,
8906125313440,5 star natural Honey,,4 pcs
8901058004120,Milo,Milo,
8908007022013,Salsa,Habanero,
8901440023166,Turmeric Powder,Eastern,turmeric
8901595972241,Veg,Ching's Secret,
8901595685233,Ching's green chilli sauce,Ching's,
8903023005255,Vedaka Carom (Ajwain),Vedaka,carom (ajwain)
8908002811001,Gujarat Gold MAKKA POUHA,"Premia,Dmart",groundnut
8901207500053,Odomos 100g,Dabur,
8906064511273,Sneha Select Eggs,Sneha Select,white eggs
8906042740053,Frozen Mixed Vegetables,Natural,
8902101321997,Chess,,
8901088002851,Revive instant starch,,"1 ,2023"
8904293703223,Baby Potato,Unknown Brand,baby potato
8904358365458,Marafy Rose Water,,
8906001053132,Mothers ginger garlic paste,Mothers,
8906001055150,Mothers carrot chili pickle,Mothers,
8908022080098,Ghee,Ashtavinayak,milk fat
8906066851452,Natureland Organics Barley Dalia,Natureland,barley
8904132965911,Chana dal,Simply Smart,chana dal
8906001055433,Mothers mango pickle mild,Mothers,
8906001055259,Mothers garlic pickle in vinegar,Mothers,
8902901219579,Olive Pomace Oil,Siega,
8906044992849,Alo Frut Kiwi 300ml,Alo Frut,
8908008553738,Hydrolyzed Bovine Collagen,Myfitfuel,
8908021337070,Godavari Doodh,Godavari Doodh,
8901648010913,Dahi,Mother Dairy,
8906112121034,Honey and Spice Himalayan Wild Honey,Honey and Spice,raw honey
8906032016984,Soya Mini Chunks,Nutrela,defatted soya
8904246910371,Lays Spanish Tomato,fssai,potato
8901207005527,Honey Squeezy,Dabur,honey (100%)
8908008553264,Advance MFF WHEY PROTEIN (chocolate Fudge),MyFitFuel,
8906019580941,Mango Drink,,
8906062725115,BIJILI CRACKERS,COCK,
8904008100620,Naturo delight mango,Naturo,
8906076131490,Banana Bread,The Baker's Dozen,
8901030960468,Horlicks Vanilla flavour Mother Plus 400g CBD,HUL,
8901542000102,Complan Pista Badam Flv 500g cbd,,
8908001705127,Paper boat jamun,Paper boat,
8906088860531,Nouilles instantanées,,
8904132907829,HEALTHY LIFE PURE GRADE HONEY,RELIANCE,honey
8902188574095,oignon frit blanc,Ramdev,
8901512508706,nachoz,act2,
8906044994188,Alo fruit pineaple,,
8904063211477,Hot&Spicy Samosa,Haldiram,
8907931003013,Veggie chips,,
8904150502778,Nature valley oats and honey,,
8904206207596,Lait de soja,Bon Déjeuner,
8904232722049,Lait de soja,Bon Déjeuner,
8904245401559,Rosemery Incense,Shrinivas Sugandhalaya (BNG) LLP,
8901063165076,Good Day Chocochip Cookies,,
8901063166387,Milk bikis,,
8906021921305,Al Shafi Natural Honey,,
8901207025372,Dabur Honey,Dabur,honey (100%)
8908000339484,Karak Tea Instant premix,,
8901058895711,Munch,,
8908016224019,Vasaline,Curalene,
8906076270793,Premium Riz Basmati,,
8906010505233,Farali chevdo,,
8901595963416,Singapore Curry Instant Noodles,Ching's Secret,
8904063200563,Roasted Chana Cracker,Haldiram's,
8901499011466,Corn Flakes Real Almond Honey,Kellogg's,
89006733,Nescafe Classic Pure Coffee,"Nestle,Nescafe",coffee beans
8906104470072,sattviko,sattviko,good
8901071211161,COCOA POWDER MEDIUM FAT COCOA POWDER,HERSHEY'S,100% cacao
89007976,Polo: The mint with the hole,Nestlé,"mint, sugar"
8901155104327,Medu Vadai Mix,,
8906009073972,unobic disano coconut,unibic,
8906009072784,Biscott,Unibic,
8901063098831,Good day butter cookies,,
8901719128950,Krack jack butter masala,Parle,
8901719127991,Krackjack butter masala,Parle,
8901719122217,Crack jack,Parle,
8901719129452,Fab Jam in,Parle,
8901063162495,Marie gold,,
8901719122279,Fab Bourbon,parle,
8902041034520,Pickwick,,
8901719129346,Hide and seek finest choco filled,parle,
8901719127984,Monaco pizza,,
8901972057714,Nice,,
8901063017580,50 50 potazos,,
8902041022671,Pick wick raspberry,,
8901063032705,Britannia treat orang,,
8901014000395,Top Ramen Curry,"Nissin,Top Ramen",
8906006720329,Kashmir Honey,Lion,
8906009510798,Ayush Cane Jaggery Powder,VVD,
8906010361419,Chana dal,Town Bus,
8901207014321,Coconut water,Real,
8908010898094,Mustard oil,Nature Active,
8901725136062,Mom’s magic,Sunfeast,
8901757031465,Cardamom Chai premix,,
8901037011842,Instant tea masala chai,,
8906000210055,Chakki atta,,
8901725135010,Oats chocolate,Sunfeast,
8901058826760,Coffee Instant mix,,
8904221699383,asitis,asitis,
8908003115924,Badam (almond) Pista Biscuits,,
8904063230058,Panchrattan,Haldiram's,
8901747000723,Premium tea,,
8904147410925,Baking Soda,,
8901552024730,Ashoka Chana Dal Tikki,Ashoka,
8901414000063,Bikano Aloo bhujia 1kg,,
8904063204554,Kawan paratha,Haldiram's,
8901552014427,Green Chilli Pickle,Ashoka,
8901155442313,Masala rice,,
8901155429314,Aloo chana chat,Gits,
8908000885011,mango drink,podaran,
8900727003006,Tarallini alla contadina,,
8904083510093,Organic Biryani Rice Pilaf,,
8901047464034,Basmati,,
8901138030711,Cystone tab. 100,Himalaya,
8901552000703,Chilli Pickle,Ashoka,
8904221697679,Whey Protein DRC,As It Is Nutrition,
8901722068113,bites,,
8901304271153,HARIMA Soya Sauce,HARIMA,
8906008812824,Fortune poha thick 500 g,,
8901777317082,Methi Mutter Malai,Vanilla Quick Treat,
8906010366841,Madras Mixture,Town Bus,
8906050581143,Peanut butter,Fric Bergen,
8908006065035,Gemsip,,
8901757010163,CTC Leaf Tea,,
8906100181224,shinzAp,,
8904083505433,24 mantra Bengal gram,,pup
8904083505266,24 Mantra Channa dal,,channa dal
8902717016744,satyam lapsi rawa,,
8906009078762,Unibic oats 50,Unibic,
8906010365943,Ghee Dry Fruits Halea,,
8901928202755,Bisk farm suger free,,
8904084100453,Aloe noni,,
8901725181802,yippee,sunfeast,
8908000339392,كرك,Herbal rea,
8908004415405,Orbix,,
8901928683004,sugar free marie,Bisk Farm,
8906059636288,Greek yogurt,,
8906113470186,Boules de Sésame sucré,CHITTI,
8908001017213,Cornitos Nachos Crisps Sea Salt,Cornitos,
8904198840009,Euro surati nankhatai,,
8904064618381,Vadagam rond,,
8901774002141,Punjabi Chhole Masala,,
8904063252401,Panjeeri Ladoo,Haldiram's,
8906008350692,Soya nuggets,,
8904063256249,Paneer (Cottage cheese),Haldiram's,milk
8908003254098,malpani's bake-lite khari,Unknown Brand,baked
8901848003098,Rasna chawanprash,,
8901542000560,Gulcon-D,,
8906061490007,Aloo Paratha,Bombaywalla,
8908000770881,Premium milk rusk,Aditi marvel,
8906048500699,FAREX,,all
8908000770980,Bakery rusk,Aditi marvel,
8906137051637,Instant palada mix,Milma,
8906010369613,Sona cake,GRB,
8906010369804,Pineapple,GRB,
8906010369835,Butterscotch,GRB,
8901262050173,Khoa,Amul,
8906020589049,Bread Sandwich White,iD,
8906054104034,Malabar Porotta,,
8901088081276,Saffola mayo 700 g,,
8901014012312,TANGY tomato,"Nissin,Cup Noodles",
8901014012114,Cup noodles Rogan  josh,Cup Noodles,
8901014012619,Cup noodle paneer  butter masala,Nissin,
8908001658515,Qua Alkaline,Qua,
8906021121590,Sesame Oil,Aachi,
8908004114445,Raisins,Wonderland,raisins
8901088155496,Saffola oats,Saffola,rolled oats
8906069400015,Veeba mayo,Veeba,
8901808004561,Cooker cake 400 g,Weikfield,
8904053506408,Chhole Masala,Goldiee,
8901262153270,Amul tru orange juice 150ml tpk,Amul,
8901542003158,Complan Rich Chocolate flavor,Complan,
8901030985973,Horlicks chocolate delight flavour 500g pet,Horlicks,
8901030976117,Horlicks classic Malt,Horlicks,
8901542006227,Glucon-D Tangy Orange,GSK/HUL,"Dextrose monohydrate, vitamin C, acidity regulators, colours (INS 102, 110), flavours"
8901803001145,Amrutanjan,,
8906001050643,Mathers manggo pickle 200 g,,
8901155113114,Gits vermicelli kheer,1,
8901808004554,Chocolate cake premix,Weikfield,
8904208600951,Panner makhan wala premix,Rasao suhana,
8901030966132,Dark soya sause,Knoor,
8904037247600,Rolled oats,Soulful,
8901058895735,Maggie ketchup Rich,,
8906007280655,Fortune cotton seed oil,Fortune,
8901441011049,Lijjat papad,Lijjat,
8901042970868,Mutter panner ready masala,MTR,
8906002990153,Gharrkul Mutton Masala,Gharrkul,
8904293725898,DELISH Mayonnaise,"DELISH,Flipkart",
8906014779777,Table Top Salt,Table Top,
8906069401869,Chef's Special Pasta & Pizza Sauce Herby Tomato,Veeba,
8906097598241,Fast&Up Reload,Fast&Up,
8904042310016,Cocoa powder,Blue bird,
8904083503941,Organic Urad Black Split,24 Mantra Organic,urad dal
8904132917651,Tea bags 100% Assam Tea,Aarambh,
8901063165687,Oats Almond & Milk Cookies,"Britannia,NutriChoice",
8901491002097,Kurkure,,
8906152260380,Choconilla,,maids
8901725111489,Bingo peri peri 50,,
8906033740833,Mcvities Digestive,,
8902346050089,Ener,,
8901058875836,polo,,
8901030795770,Horlicks Classic Malt 200g Pet,,
8904043904887,Tata salt,,
8902901066449,Best farms green peas,,
8906049790068,murmura rounds,,
8904042307016,Ajinomoto msg,Blue bird,
8906066200038,Red chilli flakes,Keya,
8901153039874,Golden harvest dates,Golden Harvest,dates
8901725121754,Aashirvaad,ITC,atta
8902490174020,Uzhunnu paripp,Greenland,
8906069405348,schezwan chilli chutney,veeba,
8901063342804,Britannia Brown Bread,Britannia,
8904132917231,Snactac sweet corn soup,Snactac,
8901808003359,Bekin powder,We,
8908019758306,proV select Indian Whole Natural Raisin,proV select,raisins
8906076130226,SOURDOUGH BREAD,German,
8901399336812,Softouch 2.O,Wipro,
8901399191725,Gifty 2liter,,
8901548310991,Everyuth200+50 g,,
8901248101585,Boroplus soft 200 ML,Boroplus,
8901207049323,Dabur ALMOND HAIR OIL FREE PACK,,
8901207017889,Dabur Vatik ENRICHE with HIBISCUS,,
8901207038440,Dabur Vatika ENRICHd  HAIR OL,Dabur,
8907392000224,Moringa powder,Grenera,
8904063220318,Sada Papad,,
8901071732826,Sofit soya vanilla fflvr drnk 180ml,,
8901277019226,PARK AVENUE signature collection (ZEST),,
8901216813144,KS excite,Raymond,
8901216813151,KS passion,Raymond,
8904132921146,GRAPHITE no gas musky,,
8907367000259,TMC noir,,
8904004414486,Gol Kachauri,,
8901088200066,"2024,07:42 024,07:42 25/ml 17,L1",,
8906069404617,Sugar Free Ketchup,Veeba,
8906006722194,Arabian dates,Lion,dates
8903023305638,surja jhurimasala,surja,
8904320002565,OATS,Disano,rolled oats
8901052004034,Gold,Tata Tea,tea
8901148251281,30C.,,
8906151420082,LaxmiNarayan Cornflakes Chiwda,LaxmiNarayan,
8903023305584,surja mahin agra bhujia,surja,
8908010946436,Alishaan Superba 1121 Basmati Long Grain Rice,Alishaan Superba 1121 Basmati Long Grain Rice,
8908004740637,Fataake,Star,
8906001055143,Mixed Pickle South Indian Style,Bedekar,
8904064644441,Moraiyo Flour,Annam,
8901058905045,Soothers Herbal THROAT DROPS ECHINACEA & VITAMIN C,,
8901595961009,Mix veg soup,,
8901262175869,Amul Shalimar,Amul,
8908012456056,Bread,,
8908004203033,Morton brand Ghee 500ml,Morton,
8901071701983,hershey-s,Hershey's,
8906091860252,Kiwi pack of 6,,
89059593898549,Cacahuètes enrobées de biscuit aromatisé gout salé,,
8901725134327,Nice Sugar Sprinkled Biscuits,Sunfeast,
8904738600650,Thon au naturel pêché à la ligne,U,
8906002081622,Briyani Masala,,
8901719121401,Monaco,Parle,
8901063093089,Good day Cashew,Britannia,
8906130900277,Orian choco chip,,
8904063208101,Delista macaroni,Haldiram's,semolina
8902276005760,Tuda,,
8904052202516,Organic Vata Tea sweet calming,,
8901725119959,bingo,Ziggy Marley's Coco'Mon,
8906078262635,Oatmeal Digestive Biscuits,MRS BECTOR'S CREMICA,
8906001384076,Coconut cookies,Mrs. Bector's Cremica,
8906064281756,Butter Cookies,,
8901071211307,Hershey's syrup,Hershey's,
8904004441123,Motichoor Laddoo,,
8901071701938,hershey-s,Hershey's,
8906014082013,Hot and sweet pickles,,
8901786091003,EVEREST Chhole Masala,Everest,
8906014882040,Peanut Oil (Filtered),Gulab,
8901161105011,Basmati rice,,
8901030865909,Comfort,Unknown Brand,1
8903023006016,Vedaka Mustard Seeds Small,Vedaka,mustard seeds
8906001022930,Muscle Gainer,,
8906007280716,Fortune rice bran 5ltr,,
8906115423111,Snack bar,Wellbe,
8901670816743,Premium Quality Khakhra Oats Wheat Masala,Saras,
8901552026406,Shahi Rajma,Ashoka,
8906036676283,Badam Halwa,Nandini,
8906159750211,manati wafer,nabati,
8906013033283,chicken curry flavour,Wai wai,
8906080603891,Guava,,
8901063151307,Good Day Cashew Cookies,Britannia,
8904083505570,24 mantra moong Dal,24 Mantra Organic,moong dal
8904132946934,Joy land sweet chilli,1,
8901071704168,Hersheys kisses,1,
8904180002057,عمبة هنان,,
8901725006839,Aashirwad Chakki Atta 5kg,,
8901030825699,Horlicks,,
8908000175235,Zen cola,50cl,
8902246014273,Budweiser Beats,AB InBev,
8901542001611,Glucon d orange 1kg,,surcrose
8906062861653,Chivda Namkeen,Brij,
8906005509260,Kolkata Chana chur,Bikaji,
8902901026788,Good life grounding oil,Unknown Brand,
8906016350202,Chana Besan,Samrat,
8906049780892,Kenty's Jeera Masala,Kenty's,
8901719124341,Parle Magix,Parle,
8906063160359,Chatpati Bhel,Unknown Brand,
8906003071394,Jira butter,Milkmade,
8906031251515,Chakote Doughnut,Chakote,
8908005753018,HAWABAN HARDE,Unknown Brand,
8906036302151,Black Salt,Unknown Brand,
8901063012493,Milk Bikis biscuits,Britannia,
8904272600154,Storia Tender Coconut Water,Storia,
8906070020509,Sharvas pakoda,Unknown Brand,
8908012861928,Karachi dry fruit collection,Unknown Brand,
8901044014942,Mapro Mazaana,Mapro,
8905507103143,TASTY PEANUT,FIRST CROP,
8901262120029,Mithai Mate,Amul,
8908017603035,vegan omega,zero harm,
8906158360008,Craze Crispy day butter cookies,Craze,
8901725004927,Bingo,,
8906152260175,Sunder Coconut Cookies,Sunder,
8901063092792,Britannia Good Day Butter Jeera Biscuits,Britannia,
8901063155343,Britannia Tiger Crunch ChocoChips,Britannia,
8906031251317,Chakote Super Sandwich Bread,Chakote,
8906015551563,Nenimemi's Corn Mixture,Nenimemi's,
8906059373015,Baker's World Milk Bread,Baker's World,
8906089300616,Shreeji Refined Soyabean Oil,Shreeji,
8908021055295,rainbow fruit cake,,
8904132912977,Snactac Atta noodle,,noodles
8902570813887,Rusk,Smart Choice,
8908000863309,Italian Pizza peanuts 🥜,Pipo,
8904145911394,Ensure,Abbott Healthcare pvt. Ltd,
8908000863668,Rock Salted peanuts 🥜,Pipo,
8904043905648,Tomato Pasta,Yumside,
8904043905662,Schezwan Noodles 🍜,Yumside,
8906047441450,Chocolate cake mix,American pancakes 🥞,
8901030915949,Horlicks Hindustan Unilever,Hindustan Unilever,
8906047441405,Vanilla cake mix,American pancakes,
8902042141067,SUPREME,Avt,
8901063402270,BRITANNIA DAIRY,,
8901542000027,Complan,,
8901030543944,BOOST,,
8903363003744,Rava,,protein
8901058892772,2 minute noodles,,
8901063402300,BRITANNIA DAIRY WHITENER,,
8901058830460,Nestle every day,,
8901058869408,"Nestle, EveryDay",Nestlé,
8906115883854,Glucose biscuit,Marino,
8901058008463,Nestlé Munch,Nestlé,"Sugar, milk solids, hydrogenated veg oil, cocoa solids, wheat flour, emulsifiers"
8902082803963,Green Chilli,Grandma's,
8902082803956,Fresh tomato,Grandma's,
8902082806384,Red chilli,Grandma's,
8908003392257,Tomato sauce,Happy,
8906136840126,Dark sauce,Happy,
8901058001204,Rich tomato,Maggi,
8904004401721,Navratan Mix,Haldiram's,
8906002080328,Sambar Powder,Sakthi,
8904408000315,Black pepper powder,,7 pcs
8908009559364,Green chilli,Bakers,
8904145912629,Similac,Abbott,
8901058904024,Milo for Teenage,"Milo,Nestle",
8901058897357,CERELAC,,
8904132972025,Campa energy drink 250ml,,
8901248164252,Dermi cool,,
8901542001246,Nycil Germ Expert Prickly Heat Powder,Nycil,
8902102163831,PRIL tamarind,,
8904008202010,Madras Curry Paste,,
8904132948570,Independence kan kan mein bharat,Independence,
8901058003215,Nestle Lactogrow,Nestlé,
8908007344214,KITCHEN TREASURES Appam Idiyappm,,
8904011516609,Easy ldiyappam Powder,,
8908006779024,Ajmi RICE POWDER,,
8904011507010,White Puttupodi,,
8904011505825,Corn Puttupodi,,
8906007240031,ELite Chakki,,
8906007250870,Chakki,,
8901725115340,AASHIRVAAD,,
8906036676290,Santhrupthi Milk,Nandini,
8904011505177,Instant uppuma,,
8904011504156,Broken Wheat,,
8908015543050,Black currant flavoured pea protein,Green Protein,
8904340720005,Pearls,,elaichi
8906069651349,Brunos,,
89000564,Coca Cola,"Coca-Cola,Coke",
8904073712117,Golgappa,Kinge,
8906016831336,Sirop,,
8901552028998,ghee,Ashoka,
8908001588508,MilkyMist Asal Peanut Bar,"MilkyMist,Asal",
8906009340401,Masala Chai,Chamraj,
8906065169831,Itc MASTER CHEF,,
8901058852141,kitkat caramel chocolate coated wafer,Nestlé,
8901719122927,Parle rusk milk premium rusk,Parle,
8906061980133,Super,Ra,
8903023305492,surja chana chips plain,surja,
8906090572200,Too Yummy!,RP - Sanjiv Goenka Group,
8904293731691,Indie Flavours Bombay Mixture,"Indie Flavours,Flipkart",
8904084900633,Imitation Snow crab,,
8906080601576,Aam padpad,,
8904215501661,ujoygnhyyhyyhhggyhhh,ducthv,ghhbjjn
8901205027705,White tea,,
8906002770694,Mini classic cold coffee,,
8908020709007,Elemental Manga+,ELEMENTAL,
8906165783906,Biozyme Performance Whey,MuscleBlaze,
8906055442524,Organic Tattva mustard oil,Organic Tattva,
8904391593333,Mango Mallika,Unknown Brand,mango
8906135071453,Millet cereal,Native food store,
8901440210795,Turmeric Powder,Eastern,
8908008116018,Um Rupa,M/S Marwein group,
8906016410128,Godrej Jersey Rich Toned Milk,"Jersey,Godrej",milk solids
8901030949654,Women horlicks,,
8901242101406,Bambino Vermicilli,Bambino,
8906107213416,Flyberry Spiced Okra Chips,Flyberry,
8908023404039,Coated Peanuts Onion And Garlic Flavour,Tong Garden,
8908014812010,A2 cow ghee,Sarthak satvik,
8903059606563,3 S Moong Dal Dhuli,3 S,moong dal
8901192103017,KASHMIRI MIRCH POWDER Catch,MDH,
8902167007415,VEG BIRYANI MASALA,MDH,
8902167000140,MEAT KA MASALA,Mdh,
8902167000836,CHICKEN MASALA mdh,MDH,
8902167009242,SABZI MASALA mdh,MDH,
8902167000799,CHUNKY CHAT MASALA mdh,MDH,
8901052087808,Green Tea,Tetley,green tea
8901058005752,a+ masala millet,Nestle la laitiere,
8901396062400,Cherry BLOSSOM,,
8901248268165,HE,Emami,
8906012960023,Chaat masala,Bakers,
8901014000456,koren veg noodles,geki,
8904474000462,Prime Time White Slice Bread,Bonn,
8906002520466,Thin Arrowrot,Raja,
8906078160030,Ene bohut jolokia,,
8906064655649,Wingreens ketchup,Wingreens,
8906121300079,Herng nimbu pickle,Aamra,
8904103330670,MAN force EPIC super thin,Man force,
8905532000400,Bharat Rice,Bharat,rice
8906017290583,Bisleri Rockstar,Bisleri,water
8906033530199,Snapin crunchy garlic,Snapin,
8906027031732,Goda Masala,Prakash,
8901552026604,Puff Pastry Sheet,Khansaama,
8902269502702,For more information,,
8908009419149,Bauli moonfils strawberry 45gm,,
8904214503871,Khartoum mitha,Rawji,
8901444036193,Golden Shafe rice,,
8901725120306,Big Vanilla Fills Biscuit,Sunfeast,
8908009419101,Bauli Moonfils Croissant chocolate,Bauli,
8901786391011,EVEREST Tikhalal Red Chilli Powder,EVEREST,
8905507013220,Imli tree ginger garlic paste 100g,,
8905507013268,Imli tree garlic paste 100g,,
8905507013244,Imli tree ginger paste 100g,,
8905507013251,Imli tree garlic paste 200g,,
8905507013237,Imli tree ginger paste 200g,,
8905507001913,Soya chunks,First crop,
8904293731165,Daily Pour,Flipkart,tea
8906115980218,Honey,Himalayan Natives,
8905507001210,Poha,First Crop,
8904293723368,Flipkart Grocery Raw Peanuts,Flipkart Grocery,peanuts
8905507002347,Besan 500g(20),,
8905507002361,Sooji 500g(8),,
8901439001786,Morton Oats,Morton,oats
8903023260845,More Choice Raw Peanuts,More,peanuts
8905507001838,Appalam papad 200g,,
8903023281024,More Choice CTC Leaf Tea,More,tea
8905507002811,Pure burst Desi ghee 1ltr(15),,
8904150900086,Organic Ginger Powder,Farm Organic,
8906012291066,Aditya 501 Tumeric Powder,Aditya 501,turmeric
8904150900147,Organic Cinnamon Powder,Farm Organic,
8908021743000,Fresh paneer,Healthy India,milk solids
8903662010238,Nutritia Brown Basmati Rice,Dunar,
8908003623092,poppy seeds,DNV,poppy seeds
8908002506761,Dates,Unknown Brand,
8904256727471,fresho signature,,
8901207047879,Dabur Honey Squeezy,Dabur,honey
8901725006693,Besan,,bengal gram
8904232858588,Oven roasted turkey,Meal simple,
8906163832484,Flax Seeds (Roasted),,flax seeds
8903023011102,more Blueberries,More,blueberries
8903662010245,Nutritia Brown Basmati Rice,Dunar,
8906133880187,Pink Rock Salt,Pink,pink rock salt
8901972054942,Dukream cookies,dukes,
8901491503044,Lays,Lay's,
8909987299600,Rose milk mix,Amritha Rushikaa,
8902042300532,PICKED PREMIUM LEAF TEA,,
8907316002020,Ginger & Garlic Paste,,
8901648019725,Ghee,Mother Dairy,milk fat
8904296909240,Fabsta Honey,Fabsta,honey
8904043901749,Tata Sampann Orgnc unpl chana dal 500 gm,,
8906143040496,Yu 100% coconut water,Yu,coconut water
8905507002286,Pulses arhardal 1kg (8),,
8905507002231,Brown chana,Unknown Brand,
8901468119780,Pitambari Ruchiyana Jaggery Powder,"Pitambari,Ruchiyana",jaggery powder
8905507002224,Kabuli chana 1kg,,
8905507002262,Pulses moong dhuli 1kg (8),,
8908004469019,Sagar shudh,,81908004469019
8905507002187,Pulses brown chana 5oog (8),,
8905507025094,Rajma chitra 500g(12),,
8905507025100,Matar dal 500g (8),,
8905507020457,Chana brown 1kg (6),,
8905507024721,Chana brown 500g (18),,
8905507020433,Kabuli chana premium 1kg(12),,
8905507025179,Utad whole black 500g(18),,
8905507023571,Moong dhuli 500g(12),,
8905507020426,Masoor malka big(12),,
8906094870555,Appu TStar Zahidi Dates,Appu TStar,dates
8901030521218,Corn Starch,Brown & Polson,maize starch.
8906095124732,Chia seeds,Wonderland,chia seeds
8905507020419,Masoor malka big 1kg (8),,
8906033950720,Cow Ghee,G. Pulla Reddy,cow milk fat
8905507025025,Urad chilka 1kg (10),,
8905507002156,Pulses masoor malka 2kg (8),,
8905507002132,Pulses chana dal 2kg (8),,
8905507002149,Moong dhuli 2kg (9),,
8901035054513,Classic Assam Tea,TE-A-ME,black tea
8905507000985,Red chilli powder,Unknown Brand,
8905507002880,Imli tree authentic paneer masala 100g(6),,
8906142773913,Kaju Katli,Bolas,"cashew, sugar"
8901052000913,Gold Tata tea 1kg,Tata Tea,
8903662010382,Fusion Basmati Rice,Dunar,
8904011316001,Skimmed Milk Powder Spray Dried,Aavin,milk solids
8901499009883,Kellags chocos 1.2kg,Kellogg's,
8904356000757,Rice Flour,KAYAL AGRO FOODS,rice flour
8905507027234,Khatta meetha 150g(24),,
8905507027210,Navratan 150g (40),,
8905507002620,Masala potato chips 50g (40),,
8908003249926,Ghee,Akshayakalpa Organic,milk solids
8905507002606,Salted potato chips 50g(37),first crop,
8903662010696,Sona Masoori Rice,Dunar,
8901207051173,Dabur honey,Unknown Brand,honey (100)
8903662010702,Gourmet Choice Sella Basmati Rice,Dunar,
8903662010023,LEGACY Traditional Basmati Rice,Dunar,
8901058905274,maggi 2 minute noodles,Maggi,
8908019757682,Tender coconut fruit pops,Unknown Brand,
8903662010030,LEGACY Traditional Basmati Rice,Dunar,
8903662010085,Daily Basmati Rice,Dunar,
8903662010092,Nawazish XXL Extra Long Basmati Rice,Dunar,
8904011507027,Appam Idiyappam Pathiri,"Double Horse, Manjilas Food Tech Pvt Ltd",rice flour
8901262175890,Amul Kesar Pista Royale,,
8901537081376,Thai Hom Mali Jasmine Thai Rice,Daawat,
8907661008593,combipack of mifepristone tablets lp and misoprostol tablets lp,,
8906090831253,Butter beans (Double Beans),Grace,butter beans
8906011676055,desi khand,Oswal,khand
8906064655694,Mayo,,
8906077361513,Lemon pickle,,
8904063259516,Palak paneer (Tofu),,
8901764038877,sprite,sprite,
8908006168118,Classic Lemon Flavoured Ice Tea,,
8901414000896,Kaju Mixture,,
8908010404080,Samadhan Dhanasaunf,Samadhan,
8906033422890,Suji,1kg,wheat
8908007946029,Mighty Mango,,
8906005500991,Aloo Kulcha,,
8903363006141,Rolled Oats,Nutri Delite,rolled oats
8901552016025,phulka roti,Ashoka,
8909177016109,Daily Good Red Masoor Whole,Daily Good,
8901155111219,Gits Pakora Mix,,
89007655,Doublemint,,
8904063257406,Paneer Tikka Wrap,Haldiram's,
8904209302762,Chicken manchurian masala,Aachi,
8904209301574,Rice idli,Aachi,
8909106018303,PROTEIN CALCIUM IRON,Horlicks,
8906061982717,Ra Jeera Powder,Ra,
8901719135309,krack jack rs,,
8906112660571,True Elements Antioxidant Mix,True Elements,
8908009274410,Berlino pasta,,
8906014084987,Broken wheat,,
8901774002455,Badshah Mumbai Bhaji Pav Masala,,
8901777666104,Premium Kaju Katli No Sugar Added,Vadilal,
8906159660084,unpolished toor deal (arhar dal),,
8904132920958,snac tac manchurian,,
8902710101515,bagrry's masala pats,,
8901030083075,Taj Mahal,Brooke Bond,
8901063363564,Nut & Raisin,,
8901058010602,Noodles BBQ,Maggi,
8901030927690,Holics,Hollicks,
8906009075181,Unibic cake fruit n nut 140gm,,
8901207030352,Glucose c,,
8901884078289,Dry Garlic Chutney,,
8901725181222,Yippee noodles,,
8908016539014,Raisin sans pépin,,
8904082786345,Jowar Chips,,
8902167000812,CHANA MASALA mdh,,
8901719130694,parle 2020 604.8g,,
8901939120208,Soya Flaces,Amutha,
8908006646692,"Popped lotus seeds, himalayan salt and pepper",,
8903363006363,Jelly mazza,,
8901719130748,parle 20 20 ( 604),Parle,
8906134530012,Oats Original Unsweetened,,
8901542008931,Glucon-D,300,
8906006640023,Relifspray,,
8901779902248,Puttu podi,Unknown Brand,
8901764052903,Limca,Coca-Cola,
8908013194087,Cola Kombucha,,
8904304714538,Heritage Rice Poongar Parboiled,,
8906067810250,On The Run Energy Bar Choco Crunch,,
8906065169749,Itc master  chef,Itc,
8902167001116,SHAHI PANEER MASALA mdh,MDH,
8904063281142,Paneer Paratha,Haldiram's,
8904137061007,Organic Virgin Coconut Oil,,
8906040919420,Soya Chaap,,
8901063136809,Britannia Digestives  Original,Britannia,
8906107930283,chat-patt stick papad,,
8906007950008,Raisins,,
8902167000492,BLACK PEPPER POWDER,MDH,
8904043902807,punjabi chola masala,,
8906008971187,evi,,
8901414000261,Khatta meetha,,
8901030859571,vaheed,We tr cg,
8902167000737,JEERA POWDER,MDH,
8906001055600,Punjabi teekha mango pickle,,
8908010851976,Thyrodiet tea,,
8901571007721,Horlicks,,
8904004405613,Haldirams nagpur badam halwa,Haldiram's,
8906012280411,Instant Ginger Chai (Unsweetened),,
8906000920183,Chilly Kothmir Khakhra,,
8902167001314,DEGGI POWDER mdh,MDH,
8901777406120,Vadila,,
8902167000775,PAV BHAJI MASALA mdh,MDH,
8901552020596,Tandoori Aloo Kathi Roll,,
8904208600173,Egg curry,,
8906117004042,Golden sella,,
8901764031182,Sprite,,
8901192208019,KITCHEN KING catch,Catch,
8901192208118,KITCHEN KING,Catch,
8901192216113,Garam masala,Catch,
8901192213013,MEAT MASALA Catch,Catch,
8902167000768,Sambhar masala mdh,MDH,
8901786100507,EVEREST Garam Masala,Everest,
8901786150502,EVEREST Meat Masala,Everest,
8901786130504,EVEREST Sabji Masala,Everest,
8901786530502,EVEREST Shahi Paneer,Everest,
8901786240500,EVEREST Cumin jeera,Everest,
8903550001348,SUBHASH MUSTARD POWDER,SUBHASH,
8904351701383,SUBHASH Chaap Masala,SUBHASH,
8904351701352,SUBHASH kadhai paneer,SUBHASH,
8904351700171,SUBHASH) rai powder,SUBHASH,
8904351700218,SUBHASH Methi Powder,SUBHASH,
8904008100057,Mango Fruits Bites,,
8903550002024,SUBHASH ACHAR MASALA,SUBHASH,
8906097331558,Basmati Rice,,
8901810747579,precious,,
8901042955087,Lime pickle,,
8904351702670,JPSC ANAR DANA,Jpsc,
8901262151382,Kool,,
8904209300096,Parada Payasam,Aachi,
89000076,Hydration Sports Drink Mix,Skatch,
8906173680020,Choice bread,,
8906144570527,Cool berg high on Malt 330ml btl,,
8904304365747,Cool berg mint beer 330ml btl,,
8906144570480,Cool berg mint beer 330ml,,
8908013140077,Jimmy's cocktail Margarita,,
8901207043451,Pudina hara,,
8903550000761,SUBHASH Amla Powder,SUBHASH,
8901063033337,Treat CHILLI GUAVA CREME,,
8906069402354,Hot Garlic Sauce,Veeba,
8900220231000575,DAIRY KRISHNA PURE DESI GHEE,DAIRY KRISHNA,
8907316000606,"Kolhapuri Murmura, Puffed Rice",Mother's Recipe,rice & salt.
8907392000057,Moringa Bio,,
8907392002549,Curcumine complément alimentaire,Grenera,
8907486301138,SIN EW Instantised Whey Protein Concentrate,SIN EW,
8908000008748,Assam Tea Premium,Leo,
8908000080157,Mr. Fresh Mixed Fruit,Mr. Fresh,
8908000080201,Mr. Fresh Guava,Mr. Fresh,
8906059240416,Moti Poha Chiwda,Moti,
8908000116924,Cure Masala,,
8909081005138,SUNFEAST DREAM CRÈME,SUNFEAST,
8901552024228,Tandoori l'achat naan,Ashoka,
8903071006822,Tuna,Golden crown,
8908000440098,Sunflower oil,SVS,
8908000861770,Gopal Nylon Sev,Gopal,
8901262153423,High Protein Milk,Amul,
8909081005152,DREAM CREME,,
8908000668256,Riz Basmati - Qualité Supérieure L'OR BLANC DES MAHARAJAS,,
8909876543319,Chocolate Spread,,
8906146030555,Kaju Katli,Haldiram's,
8908008551031,Amritsari khas,,
8906108531267,soups,,
8906010505479,Chaat Chaska Tickilng Spicy Potato Wafers,Balaji Wafers,
8901440218951,Eastea Harmony Black Tea,,
8901792000167,Curry Pow. roasted 900G (geröstet) Suryaa,suryaa,
8901440218944,Eastea Harmony black Tea 200g,,
8901052009275,Tata Tea Premium,,
8901725102760,B Natural Pomegranate Juice,B Natural,
8901095900034,Society Premium Indian Masala Tea,,
8901095030021,Society Premium Indian Leaf Tea,Society,
8902347000687,Meri chai,,
8901207014147,Coconut Milk,Hommade,
8906094860006,Cashew blueberry bar,,
8906094860020,Quinoa strawberry Bar,,
8901030084188,Coffee Powder,Bru,
8901030084171,BRU PURE,,
8902901225761,white peas dry,Good Life,white peas dry
8902901225754,green peas 500g,Good Life,
8902901225990,GL Panjabi mix 500g,,
8902901222548,GL Panjabi mix 500g,,
8902901224900,GL Chana Green,Good Life,
8902901029840,Pulses kabuli chana 2kg,,
8902901011722,Pulses rajma chitra 2kg,,
8902901011692,Pulses moong chilka 2kg,,
8903059606310,urad black split 1 kg,,
8906025020042,Sona Sikka Refined Groundnut Oil,Sona Sikka,
8906018540922,Thandai Powder,,
8906058611286,Gaia Olive Oil Extra Virgin,Gaia,
8901719130021,Parle happy happy,,
8902901027310,Pulses moong dal 2kg,Reliance,moong dal
8902901039795,Pulses brown chana 2kg,,
8904044240755,Dyna Thumb Spica Brace,Dyna,
8901058001600,Polo,,
8904132953772,Independence dubar basmati rice 1 kg,,
8908012731535,Rock Salt,Mount 84,
8906067025227,Nansj,,jaje
8906021929301,AL SHAFI,,
8906125310111,AMERICAN HARVEST Natural Honey,,
8906021922142,ALTAYYAB Natural Honey,,
8906021922159,ALTAYYAB,,
8906147190012,Overnight oats,Miheso,
8906131681243,Supergrain Pancake,Mille,
8901747002505,Instant ginger tea,Wagh bakri,
8904132913639,Snac tac wafers chokolate,Snac tac,
8908003001029,Maaza Gold Tea,Unknown Brand,
8906111022691,Abu Kash Rice,,
8901725018665,Bingo Hot & Spicy Korean Style,Bingo,
8901747002468,Wagh,,
8905618000959,Frozen Kothu Porotta,Lovely,
8901905501703,super dream,monginis,
8908009192172,tomato paste,Indira's,
8906023920382,Mozzarella,Dairy craft,
8901725121761,Whole Wheat flour,,
8904004409642,Delightful(Treat),,
8908012051008,Cashew Nuts,,
8906143890145,date sweetened peanut butter,The Whole Truth,
8901248428309,Emami,,
8901246006394,Del Monte tomato ketchup 900 g,,
8901030819636,Seasoning powder,Knor,
8903071001575,Cornstarch,Golden crown,
8901246003140,Penne Rigate,Del Monte,
8901052000937,Tata Gold Tea,,tea leaves
8903071005290,PANKO,,
8906044540040,Pure gain,,pure gain
8904150500811,pancake mix,,
8901725006549,B Natural guava,,
8902080002047,Tropicana guava,Tropicana,
8906005060013,Cocojal tn,,
8903071001315,8 to 8 sauce,Golden crown,
8908012605119,Worcestershire sauce,Lea & perrins,
8904132973312,snactac veg mayonnaise,,
8906098790958,Peanut Butter,Marbella,
8906082372283,Alphonso Mango lite,nic,
8902579002503,TOFFEE CARAMEL FLAVOURED MILK,Smoodh,
8908004057018,Ricebran Oil,Tulsi,
8906046144468,Oregano flakes organic spices,,oregano flakes
8908007344498,Sprig bhutjolokia,,na
8906046144239,Garlic ground organic spices,,garlic ground
8906046141160,Natural sweeteners rock sugar whole,,rock sugar
8901764792335,maaza,Unknown Brand,gdkgd
8907063166426,Potatoes spicy oven baked,Britannia,
8906033745067,Cookies 🍪 kajo,,
8901725121143,Aashirvaad whole wheat atta,Aashirvaad,
8904089921008,Total curd,Heritage,
8906112993358,Cookie,Lo,
8906046144413,Green cardamom whole organic spices,,cardamom whole
8903023305447,surja fried alu chips,surja,
8906046144451,Paprika ground organic spices,,paprika ground
8906067022011,Carb blend,Muscleblaze,
8906046140941,Green cardamon organic spices,,cardamom whole
8906020492738,Doodh peda,Lal,
8904100770042,Thick Sliced Bread,Bimbo,
8906004264696,Uhshssh,Hbb,
8901542002298,Complan,Complan,
8901111071410,Vildaril M* 50 / 850,,
8901058006148,maggie chicken noodles,nestle,
8901058002294,Maggi Manchurian Noodles,Nestlé,
8906046144420,Clove whole organic spices,,clove whole
8901111069349,Tiban M  *'* 20 /1000,,
8906114820577,Soya chunks mini,,
8901725110536,Ready To Cook Chapati,Aashirvaad,
8901689030024,Strawberry crush,Mala's,
8901111075906,Tiban Mp * 10 /500 / 15,,
8906046144475,Basil ground organic spices,,basil ground
8901111077276,Diazac M ER ** 10/1000,,
8901111079676,Empadil L * 25 / 5,,
8901396153306,Harpic lemon fresh,Harpic,
8906090573641,Too Yumm Moong Dal,Too Yumm,
8906032018841,Soya Granules,Nutrela,
8901302202425,Dapzin 10,,
8901111079294,Empadil M ** 12.5 / 1000,,
8901111079270,Empadil 10,,
8906095290475,Instant Lemon Rasam Mix,Adukule,
8901148239906,SPARACID DS SY,Spagv,
8901888008411,Dabur Real activ 100% juice cranberry,Dabur,
8908006646739,Limes and chilli lotus seeds,Mr Makhana,
8901745101507,RKG PURE Ghee,,
8901030000812,Dalda Vegetable Ghee,,
8906014086400,Brahmins,,
8906014086417,Idli podi,Brahmins,
8906046145007,Amla powder organic spices,,amla powder
8906000610206,McCain Crazy Fries with Masala Mix,McCain,
8906000612293,McCain Cheesy Pizza Fingers,McCain,
8906015501407,keventer onion rings,keventer,
8906088704477,Coffee,Columbian Brew,
8906065169374,ITC Master Chef Classic Aloo Tikki,ITC,
8901138140625,Mentat,,
8901440002376,Easter tuvr dal,,
8903023305737,surja swali,surja,
8906123570036,Pritam's Mast Cha,Pritam's Mast,
8901302111970,Etorica 90,,
8903023305454,surja kai Dana,surja,
8906066830969,Strawberry Wafer Biscuits,Kravour,
8901440222132,Curry Powder 2yrs prod,Eastern,
8903059383952,More Choice Raw Peanut,More,peanut
8901440220756,Shawarma Spices 2yrs prod,Eastern,
8908019040265,"Clear Whey Protein , Nimbu Pani",Protyze,
8904287005418,Amore,Amore,
8901808000044,weikfield corn starch,Weikfield,
8902080002320,Gatorade blue bolt flv 500ml,Gatorade,
8901440223030,Garlic Ginger paste,Eastern,
8904132919563,Expelz ultra clean 500l,,
8904077200016,Khakra,Maniarr,
8906029307477,eyetex pallavi kumkum spot,eyetex,
8906069405119,Cheesy Melt Garlic,Veeba,
8904271200348,Mosquito & fly killer Baygon max  625 ml,,
8904271200287,Baygon max  mosquito &fly killer  400ml,,
8904271200263,Baygon max mosquito &fly killer  200ml,,
8906088330263,sesame chakra,Durga Agencies,
8906107172638,Everyday Chicken Steak Meatigo,Meatigo,
8906021129022,Kashmir Chilli Powder,Aachi,
8906062260753,Chia Seeds,,
8905063002669,VESTA,,
8906107170092,Chicken Ham,Prasuma,
8906108530567,inchi green chilli,,
8906001025276,Chocolate Hazelnut Whey Protein,Avvatar,
8906074086808,aswins Donuts,aswins,
8906077362329,Peri Peri Penne,Jaimin Foods,
8904120006503,Swamala Classic Chyavanprash,Swamala,
8906010501327,Balaji Wafers Yumstix,Balaji Wafers,
8906046144246,Ginger ground organic spices,,ginger ground
8908008717031,Saloni Kacchi Ghani Mustard Oil,Saloni,
8906046144932,Sesame seeds whole organic spices,,sesame seeds
8901689030734,malas orange,,
8906002082032,Sakthi Chilly Chicken 65,,
8908005126324,Boom,Bira,
8908001105347,on1y cardamom,on1y,
8908001105279,the only all purpose mix 40g,on1y,
8901414000513,Bikano Dry Petha 400 G,,
8904014802730,Alcool,Paul,
8901063136632,Tiger,Britannia,
8906002342587,Sooji,,
8901560000146,Nilon's Pickle,Nilon's,
8906012460127,Riz basmati gold double deer,,
8906021921459,Natural honey,,
8901058019346,noodles,maggi,
8904063209702,Dal Palak,Haldiram's,
8904061030346,Black Seed Oil,,
8901499023735,Kellogg's MILLET MUESLI,Kellogg's,
8901491703055,Rolled Oat Flakes,Quaker,
8906067023889,hk vitals Fish Oil,hk vitals,
8907316005328,SAMOSA CHUTNEY,Mothers,
8906019771844,Nutraj anymany kishmish 500 gm,,
8906020589285,Id maavu,Super by is,
8906019210022,ID,தாயார்,
8907734008291,Idly / dosa batter,Fresheys,
8901262071536,55% Dark Chocolate,Amul,
8906118210411,Fudge Filled Cookies,Bickies,
8906085460031,Single mari lentil crackers,Yash papad,
8906015500325,Green Peas,Keventer,
8906003210014,Sula brut,Drink,
8906111321657,Tapioca,,
8908005890034,Gingelly Seeds,Godavari,
8901207044502,Dabur Vatika,Dabur,
8904004404661,salted peanuts,Haldiram's,
8906045090506,Nature day,1,
8906045090902,Nature day,1,
8906088330355,Durga corn mixture,1,
8906088330416,Durga moong dal,Durga,
8904132956032,Alans potata chips,1,
8906054688282,Chuku happi powder,Ajwa,
8904109400667,Soundarya sabun,Patanjali,
8909106024199,Bru Coffee 3rs Sachet,Bru,
8906020580961,Onion Paratha By iD,iD,
8902979020046,spinz exotic powder,,
8906054078816,Kurnool Murmura,Elite Grains,
8901030765353,Kissan,,
8906059936081,Origo Fresh Indian Raisins,,
8904084100415,Amla juice,,
8904083511427,Brown rice,24 Organic Mantra,
8901792002949,Suryaa,,
8902188541400,Coriander chutney,,
8904004400953,Haldirams Mixture,Haldiram's,
8906036670977,Nandini Paneer,Nandini,
8901725005948,Sunfeast yippeei 360g,,
8901052006052,Tata Tea Agni Elaichi Chai,Tata tea,
8906018560074,Tea masala,Spyran,
8901747001515,Waghbakri Premium leaf tea jar,Waghbakri,
8901030807602,Taj Mahal,Brooke Bond,
8908005072812,delight nuts Omani dates,delight nuts,dates
8902393003199,Gelusil,Unknown Brand,
8901747001164,Strong dust tea,Wagh bakri,
8901052003846,Strong leaf tea,Tata tea,
8904327600931,Myfitness Chocolate peanut butter,,
8904063211613,Mix veg paratha,Haldiram's,
8906074823441,Ginget snaps,,
8908004827055,Hashmat Noori,ok,
8903363010728,Rajma White,Dmart Premia,
8908017778870,PL Indian kishmish 500g,,
8902268008700,digestive,,
8906143040540,Whole wheat noodles,Yu,
8901747003410,Waghbakri Navchetn tea,Waghbakri,
8906143040830,Whole wheat noodles,Yu,
8903363010551,Matki Whole,DMart Premia,
8901052005109,Agni Strong leaf tea,Tata,
8901747000259,Mili PREMIUM,Wagh bakri,
8908007475031,Pani Puri Papad,Zayoo,
8901764082412,Smartwater,Smartwater,
8906017766231,Chicken Chili 65 Masala,Quality Food Products,
8904026644175,tetmosol,,
8901747001140,Strong dust tea,Wagh bakri,
8909106014565,Red label natural care,Brooke Bond,
8903363011527,Josh Kadak tea,D Mart,
8906017790090,Mohan lal tea,Mohan lal chay,
8906012843647,pure clycerin,,
8902901224108,Good Life Fig Anjeer 100g,Good Life,fig(anjeer)
8902901224221,Good Life Raisins green 200gm,Good Life,
8901030804939,Dove,Hindustan Unilever limited,
8906030680415,Gurujee fryums salt,,
8902246000597,Budweiser lager,,
8906046880694,Maida,,
8904023007911,hair oil,,
8908000870192,Methi Bhakarwadi,,
8906005509277,Classic salted peanuts,,
8901088046442,parashte,,
8901030840814,# 08/24 B042,,
8901939125241,Soja Nuggets,Amutha,
8901248713016,Abyadhi modhak,Unknown Brand,
8901155305359,gits mini gulab jamun,Gits,
8908017962279,Popped Chips,Wicked Gud,
8901058012330,Kitkat 10 mrp,,
8901808006794,Weikfield peene pasta,,
8901808006817,Weikfield elbow pasta,,
8904004408010,vermicelli sevai,Haldiram's,
8901571013661,sensodine 20 MRP,,
8901725001896,Aashirvaad Paratha,Aashirvaad,
8901689702099,Strawberry Jam,Mala's,
8904145913114,Ensure vanilla flv 400g,,
8908000589391,Fizz Jeera Masala,Bindu,
8906017291412,Spyci,Bisleri,
8901808006800,weikfield fusilli pasta,weikfield,
8906009011370,white label sugar,Parry's,
8906133407155,Pure Himalayan Shilajit Gummies,Rootlabs,
8902929003716,Kolhapuri Jaggery,Miltop,
8904082786796,Sweet Sour China,Kimchi,
8904124115515,Curd (Made From Double Toned Milk),Ananda,
8904327600788,Peanut Butter (Coffee Flavour),MyFitness,
8901786550500,hingraj,everest,
8906059636738,Mixed Berries Greek Yogurt,Epigama Turbo,
8904053500987,goldiee garam masala,,
8904053502776,goldiee sabji masala,,
8908017484009,Tamarind,Mahadev,tamarind
8906007289085,Fortune ata 5kg,Fortune,
8906097540677,sapphire luxury wafers,sapphire,
8908009419392,Bauli moonfils vanilla 45gm,,
8904089324939,Double Belgian Chocolate,Lotte,
8901399102028,SANTOOR GOLD,,
8901030952012,horlicks,,
8908004010556,Chand biscuits,Karachi bakery,
8906010369675,Grb  gulab jamun,GRB,
8908000137059,Ms till laddu,,
8901063012516,Milk Bikis,Britannia,
8906008811568,maida,fortune,
8904053500383,goldiee chicken masala,,
8908000668010,Extra Long Traditional Basmati Rice,Bappo,
8906014765978,almond drops 190 ml,,
8901152011963,Coconut Shreds,Ashoka,
8908000233324,iyers rice papad,,
8908000385283,Banana chips,,
8904011505085,Double horse,,
8901444060273,Mal bar taste,,
8901888006387,Real pineapple,,
8906010368821,coconut soan papdi,GRB,
8908018568081,SilverStar Black Salt,SilverStar,
8901719124297,krackjack butter masala,parle,
8902351997577,strawberry puff,,
8901030865862,Knorr mast masal,Hindustan Unilever limited,
8906110190155,Healthy Munchies Roasted Nine Grain Mixture,Unknown Brand,
8904248980044,Vitamin d LORD'S HOMOEOPATHIC,,
8904248980006,Vitamin D,Lord's,
8901725100032,B Natural Litchi Juice 1ltr tpk,,
8908000870802,Green Chilli Khichiya,Jaimin,
8906022070804,Organic Ginger With Honey,Natures Nectar,
8901071704960,Hershey's kisses cashews,Hershey's,
8908009477996,HealthyHey pea and rice protein powder,healthy hey,
8904281900481,Cavigo red ♥️,,
8906069721080,Navaratn Mixture,Anand Sweets,
8906001053804,Ginger Paste,Mother's Dairy,
8908009193063,Yojana Poultry's Omega Brown Eggs,Yojana Poultry's,
8904053500505,goldiee chhole masala,,
8904109905599,Herbal care ashwagandha spiced green tea,,
8901512920904,CHOCOLATEY SPREAD HAZELNUT,,
8901030710681,Domex kill all germs 500 ml,,
8901192207111,catch chana masala,Catch,
8906020580763,Whole wheat paratga,,
8901095029025,Society tea,,
8901192101112,Catch black pepper powder,Catch,
8901192212115,catch pav bhaji masala,,
8906007289139,Fortune Atta,Fortune,wheat flour
8901725018320,Gulab jamun,Aashirvaad,
8901774002172,Kitchen King masala,Badshah,
8906009780214,Chikki,Maganlal,
8908008267314,Khalis Basmati Rice,,
8902080304097,Frooti FOR MKT ADDS,7UP,
8901058007473,SUNRISE RS.10,Nescafe,
8901058904017,MILO,Nestle,
8901161124609,Basmati rice,Qilla,
8901044154471,Falero Strawberry Pulpy Chew,Mapro,
8907316000880,Poha,Mothers recipe,
8902127002016,Insert Repellent,,
8904132918221,Ao so yum chilli veneger,,
8904083310143,Milkymist Cheese Big,Milkymist,
8906033740963,Mcvities BOUrBON,mcvities,
8901192210012,catch biryani masala,Catch,
8901774001526,Badshah biryani masala,Badshah,
8909081001147,bounce,Good Life,
8901774001632,Badshah chicken masala,Badshah,
8901774002103,Badshah chicken masala,Badshah,
8901832081002,Annapurna ghee 100ml,,
8906045434225,Cyrpro B plus sirup,,
8908018095006,Bonphool Natural Mangrove Honey,Bonphool,
8906059700385,Chana Masala,Real Indian,
8904089923415,Cow Ghee,Heritage,
8906023649566,Thirumala cow ghee,Thirumala,
8904422700819,Honey,Patanjali,
8901832000201,Annapurna Cow ghee,,
8907316007285,Dhaniya pudina,Mother's Recipe,
8907316005281,Mother's Recipe Tamarind date chutney,Mother's Recipe,
8908003623924,DNV Mustard kasundi,DNV,
8906003202743,Sargam Garden Fresh Tea,Duncans,
8906047529561,Disano apple cider vinegar,,
8906003204549,Double Diamond,250 g,
8906027122065,SAMS,,
8906003209742,Gold Cup,Duncans,
8906113441957,Beurre de cacahuète nutty naturel,Beurre de cacahuète nutty naturel,
8906113441940,Beurre De cacahuète crunchy,Nutty,
8906113441926,Beurre de cacahuète,Nutty,
8901725100551,indisches vollkornmehl,,
8904057396531,Hatsun Yoghurt Shake Strawberry,Hatsun,
8908003032306,Sprig vanilla beans imp,,
8901063405349,Cow's Ghee,Britannica,
8901058869460,Nestle Everyday Dairy Whitener,Nestle,
8906095290284,Nipattu,Adukale,
8906106170338,Sweet Chilli Barbecue Dry Roasted Almond,The Nut Makers Signature,
8901221800061,Sohna mustard oil,Sohna,
8906161300008,Mushrooms,Manegrow,
8901774002011,Badshah tea masala,Badshah,
8901774001694,Badshah sambhar masala,Badshah,
8901774002370,Badshah punjabi garam masala,Badshah,
8901774001700,Badshah kitchen King masala,Badshah,
8901786170524,Everest tandoori chicken masala,Everest,
8901774001670,Badshah chole masala,Badshah,
8906027121013,"SAMS RED, SOYA, GREEN",,
8901786151004,Meat masala,Everest,
8901786121076,Everest kitchen King masala,Everest,
8906044540545,Iso7 Premium Protein Max,Health Farm,
8902710100068,Bagrry's white Oats,,
8903363004260,Masoor Whole,Align Retail,
8902717023346,Poha,Satyam,
8908000796119,Suji,Commander,
8901063094208,Good Day Biscuit,Britania,
8902171000112,Chittchore,Chittchore,
8901030976100,Horlicks classic Malt 500g,Horlicks,
8908009059178,Super Multi Grain Bread - Zero Maida Bread,The Health Factory,
8904132973114,Raskik mango,Raskik,
8904132975439,Campa 2ltr,,
8904256721202,whole wheat paratha,fresno,
8908018729666,Whole wheat sourdough bread,Suchalis,
8901808000426,Weikfield Drinking Chocolate,Weikfield,
8906000212004,Pillsbury choco oven cake mix,Pillsbury,
8901042954547,MTR gulab jamun,,
8901262180023,Paneer indian cottage cheese,Amul malai,
8901030702556,Kissan sweet & spicy,,
8906076130806,Pita Bread,Bakers Dozen India,
8904132969117,Aarambh corn Flakes,Aarambh,
8906068762497,Peanut Butter,Nutberry,
8901777031667,Palak,Vadilal,
8904355400046,Electro choice apple,,
8908006274741,Hugo Reitzel Piri-Piri imp,,
8908008194115,noodles,shin-chan noodles,
8908001338721,Karak tea chaizap,Chizap,
8904103325331,Acne Star,MANKIND,
8901663104000,Gala No Dust Broom,Gala,
8906017815076,Madhusudan Desi Ghee jar,Madhusudan,
8908014100179,Thanjavur Ponni Boiled Rice,India Gate,
8901537061026,Devaaya bsmt prm 5kg,,
8906007287890,Fortune bsmt Rozana dbr 5kg,,
8903023198827,More Choice Jeera,More,jeera
8902901226492,Amchur powder,Good life,
8904221694975,ATOM UNFLAVOURED WHEY,Atom,
8902901034417,Arva matarani rice,Good life,
8906007288408,Fortune dubar basmati rice,Fortune,
8902901223347,Good life poha/aval mota,Good life,
8908003623108,DNV ajwain,DNV,
8902901222500,Good life ajwain,Good life,
8906078180069,Red chilli powder,DNB,
8902901223057,Good Life Dry ginger powder,Good Life,
8906078181196,DNV Ginger paste,DNV,
8902901222906,Good Life Poppy seed,Good Life,
8902901232806,Good  life Flax seed,Good  life,
8901192105110,Amchur power,Catch,
8902901241211,Good life turmeric powder,Good Life,
8904104736013,Chhole masala,JK,
8902901029888,Good Life multi grain atta 6kg,Good Life,
8906167310865,Kali gota,Mark premium,
8901725007911,Aashirvaad Select Sharbati Atta,Aashirvaad,
8904057395534,Hatsun butter,Hatsun,
8906078181431,Biryani masala,Dnb,
8904477300972,Mysore pak 150 mrp,Bambino,
8906020492776,Dharwad peda,Lal,
8901725111625,Aashirvaad svasti,Aashirvaad,milk fat
8906009079363,Fruit & nut cookis,Unibic,
8908022254642,Mini Choco Almond Crunch,Phab,
8904132969094,Aarambh Muesli fruit & nuts,Aarambh,
8901777634974,Jumbon Puff Paneer Tikka,Vadilal,
8904221694982,Whey Protein,asitis ATOM,
8901148265950,Nise at,Dr ready,
8906009075167,Unibic Royal Vanilla cake 140g,Unibic,
8908018023030,Patanwala Masala milk,Patanwala,
8908018023092,Patanwala Kesar shrikhand,Patanwala,
8906167310711,Moong dal 1kg,,
8908018023139,Patanwala Cow ghee,Patanwala,
8906167310728,Moong dal 500,,
8904132932937,UUrad dal 1kg,,
8901207037627,Dabur honey squeezy,,
8908005459101,Quinoa Flour,Nourish You,
8901552028219,Aloo Kulcha,Ashoka,
8904424804348,Party Snack,Happilo,
8908015692468,Chicken Cheese Momo,Wow Momo,
8901207040795,Dabur Gulabari Rose Water,Dabur,
8906029450784,Meal Time Lime Pickle,Meal Time,
8901030986000,Horlicks Health drink,,
8904004443547,Punjabi Choley Wrap,Haldiram,
8904132953857,Moong dal 500,,
8906014906098,Corn flakes,Savvy,
8906001021278,Gowardhan paner,Gowardhan,
8904132953949,Toor dal 500g,,
8906010500351,Aloo Bhujiya,Balaji,
8901544064430,Date,,
8908000258211,Jivo Olive Oil,Jivo,olive oil
8902710508697,Chco,,
8906414000914,Sok smaki Victorii czerwony burak 250,,
8904048426629,Tata Chana dal 500g,,
8908018023146,Patanwala Cow ghee,Patanwala,
8904132965881,UUrad Whole black 500g,,
8904132965874,UUrad chhilka 500g,,
8908018023115,Patanwala Pure ghee,Patanwala,
8908018023108,Patanwala Pure ghee,Patanwala,
8904132949195,Moong whole 500g,,
8902901215540,UUrad dal 500g,,
8906130900093,Orion Choco Pie Friends Like Family,,
8906021910378,gulf dates,,
8904043905457,salt,tata,
8908018023122,Patanwala Pure ghee,Patanwala,
8906001024798,Four Cheese,Go,
8903605017706,Soy sauce,,
8906010504021,BALAJI WAFERS,,
8906010504007,BALAJI WAFERS,,
8906159410245,Bánh mì Otto Moonfils vị Bơ Kem,,
8908021531201,Taste Box Banana Almond Slice Cake,Taste Box,
8908009092601,"boyini, pochamallu",pochamallu,
8901725016876,juice,b natural,
8901719130397,parle,Parle,
8901071701976,Hershey's,chocolate,
8906113490702,Tata,soul Full,
8906081122421,Happilo chia seeds,Happilo,chia seeds
8901063142619,Britannia nutri choice,Britannia,
8901689030123,mango crush,Mala's,
8901725000851,Sunfeast all rounder chatpata,ITC,
8906019647477,Abbott Digene,Abbott,
8901725006969,sunfeast all rounder chatpata,"ITC,Sunfeast",
8908010900247,peanut butter,pintola,
8901030761195,OTHER,,
8901063402089,Dairy whitener,Britannia,
8901088072250,Saffola soya,,
8906010086978,Black Heena,,
8908004944837,Tortilla Wrap 8&quot;,Fresh 2 Go,
8901747002277,Instant tea combo pack,Wagh Bakri,
8906036070470,Rajesh Chole Masala,Rajesh,
8906001212614,Sarson Ka Saag,Sohna,
8906081151438,Rose water,Girnar,
8904132926745,My Home Freshner Citrus Groove,My home,
8906009071848,Unibic Fuirt & Nut,Unibic,
8901440202745,Chicken masala,Easten,
8906027770747,shakti Smart Choice for healthy family,,
8908001004152,Krishna,Krishna,
8908002979930,Suji Ravva SRILALITHA,SRILALITHA,
8908002979671,Refined Wheat Flour Maida SRILALITHA,SRILALITHA,
8908017753006,bhujia,bhujialalji,
8906079510704,BLACK RAISINS MADE FROM PREMIUM QUALITY NUTS SEED LESS,,
8906095123629,Wonderland almond 500gm,,
8901499010728,Kellogg's chocos,Kellogg's,
8901095700047,One Minute Tea (Masala Flavour),Society Tea,
8902268008403,Holland park Cashew Cookies,,
8902268008397,Holland Park Butter Cookies,,
8906143620216,Garlic Bread Protein Thin,Prolicious,
8908012945666,Crunchy Roasted Edamame Sea Salt,Pink Harvest Farms,
8906022340419,sabudana / Tapioca Sago,Varalakshmi,
8901401000533,Threptin Diskettes,Threptin,
8903023305621,surja gujrati chanachur mix,surja,
8903023305553,surja chanachur jhal,surja,
8903023305485,surja bhawnagri jhal,surja,
8903023305775,surja chana roasted,surja,
8908005312345,Nutty Tuxedo Chocolate Popcorn,PVR 4700BC,
8906010368081,Butterscotch,GRB,
8906181350717,suruchi katran papad 1kg,,
8908016314093,Sundar kaju biscuit 200g,,
8901088116268,nihar natural,awla,
8906002940028,Besan,pan,
8901262072670,55 % dark chocolate,Amul,
8904288628135,baking soda,tops,
8906044172272,Mega sandwich,,
8901058010510,Munch brownie max,Cadbury,
8906005671028,Masala Banana Chips,Charliee,
8907316003270,MOTHER'S GREEN CHILLI SAUCE,Mother Recipe,
8908012230007,Cold Brew Coffee,Sleepy Owl,
89007877,wrigley-s,Wrigley's,
8906069723251,Butter Garlic Toast,Indian Bakery,
8906057884865,YUM,,
8906074821485,Premium Cashew Butterscotch Butter Biscuit,Karachi Bakery,
8904023000950,Cutis,Vasu,
8906075000476,Rusk (with Fruit),Atul Bakery,
8906066201912,garlic powder,keya,
8906066201899,onion powder,keya,
8901777042687,Indian Style Mixed Vegetables,Vadilal,
8904232110280,Olive Hot pot,Olive,
8906143890060,Protein Peanut Butter,Whole Truth,
8901262260664,Slim n trim milk,Amul,
8906159641168,coconut oil,,
8901088129695,coconut oil,parachut,
8906083931861,dmb chana burfo,Unknown Brand,
8906083931526,dmb kala jamun,,
8906083930284,Laxmi rasgulla,,
8906083931304,Laxmi gulab jamun,Laxmi,
8901030937576,Lipton Green Tea Honey Lemon,Lipton,
8904335601241,oatmeal,yoga bar,
8906022150162,أرز الوليمة,,
8901725018092,Fantastik frut n nut,Sunfeast,
8908004010310,Sugar Free Almond Biscuit,Karachi Bakery,
8901939121984,Soya nuggets,,
8901111046524,Momaderm,Ajanta,
8901302097144,Coxib 200,,
8906063983163,Grisolin,,
8904134916881,Super Sypro,,
8906045940702,DeraLab,,
8906063981077,Tiagra 50mg,,
8906019633029,1 to 3 noodles chatpat masala,1 to 3 noodles,
8906128672568,Mix Berry Smoothie,Regen,
8904063210685,Haldiram's Roasted Crushed Peanuts,Haldiram's,
8904250311591,May To Dec (8 Month),Tejas,
8902979005937,spinz b b pro,,
8901058019568,Maggi Pazzta,Maggi,
8906170520688,micronized creatine monohydrate,nutrabay,
8906135990051,Treated water,,
8908023145109,beyond fire,,
8906009011547,Parry's Urad Dal Whole,Parry's,urad dal
8904132956094,alsns potato chips,,
8906007200622,mucopain,,
8904104719047,jk rj mirch powder,jk,
8901192203809,kewal Red chilli powder,kewal,
8901192106629,catch red chilli powder,catch,
8901192104625,catch coriander powder,catch,
8901192203816,kewal coriander powder,kewal,
8906085171487,Basil Seeds,Nutriwish,
8901531300022,Boroline,,
8906020581371,Whole wheat chapati,Id,
8908013172962,Mango Magic,Phab,
8904063256546,haldiram badam pista,,
8906095290314,Khara Chakli,Adukale,
8908017074934,Mango Raisins,Madamix,
8906064651122,Peri Peri Dip,Win green Farms,
8904063224156,Paneer (Tofu) Paratha,Haldiram’s,
8906009077635,unobic (6pakes),,
8901248104067,navratan hair oil,,
8904132918368,get real coconut oil,get real,
8903023004937,More Coriander powder 100g,more,
8901440023739,Eastern Kashmiri Chilli,Eastern,
8906010078539,Ganesh Jowari Atta,Ganesh,
8908008820021,CRUNCHY Snacks,,
8901063139350,BRITANNIA bourbon 500g,Britannia,
8901719130861,Parle hide&seek coco sandwich,Parle,
8901719130120,PARLE JAM-IN,,
8909081000263,Sunfast darkfasy,,
8902901224931,B gram roasted whole,Good Life,
8906091300574,Ripped Whey Isolate,Nutrabox,
8901972057295,Dukes creme 4 fun,,
8904132913622,Snacks Wafers ORANGE,,
8901552028240,Onion Kulcha,Ashoka,
8901047610530,Bombay Egg Curry,Kohinoor,
8907316000033,Pickled Mango Ginger & Turmeric - Amba Haldar Pickled,Mothers Recipe,
8904063215291,Chole Kulcha,Haldirams,
8904083525424,Peanut Oil,24 Mantra,
8906009077284,UNIBIC Sugar free,Unibic,
8906012112880,olafresh,olafresh,
8908012731047,Sakariya,Dr. Brand,
8906007285025,Besan (Chana),Fortune,
8906001056195,madras curry powder,,
8906143891845,Peanut Millet Cocoa,Whole Truth,
8908002029116,Soya flour,,
8908012945710,Red Lentil Crisps Truffle,Pink Harvest Farms,
8901689080012,mala's marmalade,,
8901440023432,Eastern Kashmiri Chilli Powder,Eastern,
8908010271514,Osmania Biscuit,Cafe Niloufer,
8906002080113,Chilli Powder,Sakthi Masala,
8906143621275,Barley Ladoo,Prolicious,
8906009502014,Shrikhand,Chitale,
8904004441925,Shahi Paneer,Dead Meals,
8901393026672,Center Fresh,,
8906023970011,lallsmixed pickle in oil,lalls,
8904064619807,Chillies,Annam,
8904390202902,ZM puriying 2yrs prod,,
8906000212257,Betty crocker choco fudge cake mix,Betty crocker,
8901242151104,Bambino soups,,
8904083513513,Rice Flour Organic,24 Mantra Organic,
8904358364864,Royal Crown Rose Water,,
8908001361026,Jeerakasala Rice,,
8906010505028,balaji solid masti,,
8901088766593,safola noodles,,
8908006217694,Millet And Oat Cereal,Slurrp Farm,
8906131682431,"Wheat, Apple & Banana Cereal",Slurrp Farm,
8906077362466,jaimin coconut water,Jaimin,
8901088729970,coco india coconut water,,
8904063210043,Cham Cham,Haldirams,
8906009991061,Family Wonder Bread,Elite,
8906077870114,matches,,
8901777040669,Mixed Vegetables,Vadilal,
8906162360629,Home Style Coconut Chutney,Chutnefy.,
8901777034668,Green Bengal Gram,Cadillac,
8906013922815,Pepper Cashews,Unknown Brand,
8906113490719,Tata Soulful choco,tata,
8906090574051,Too Yumm! Wafers spicy chilli,Too yumm,
8906131682813,Chocolate Oatmeal With Fruit & Nut,Mille,
8904132912861,elbo pasta,,
8901246003614,Sliced Black Olives,Del Monte,
8906069400084,Sweet Onion Sauce,Veeba,
8906144680370,White Chocolate Chips,Secret Aisle,
8901030712067,LAKMĒ PEACH MILK,,
8906005618665,Bauli moonfils orange 45gm,,
8904067711577,Jabsons Tandoori cashew nuts,,
8904067705835,Jabsons Salted cashew nuts,,
8904067705828,Jabsons Black pepper cashew nuts,,
8906013317895,Basmati Raic,Gauta's,
8906002730223,Instant Idli Mix,Chitale,
8906048954287,Batter chatter Rusk 175gm,,
8906048954294,Batter chatter Rusk 1kg,,
8906117360223,A2 Cow Milk,Country Delight,
8906165785665,Biozyme Performance Whey Triple chocolate,Muscleblaze,
8902188151210,Chana Dal,Ramdev,
8901648091448,Nutrifit Probiotic Drink,Mother Dairy,
8906165785382,Biozyme Clear Whey Isolate Icy Cola,Muscleblaze,
8906143892019,Strawberry Shake 24g Protein Powder,The Whole Truth,
8908003623429,DNV masala papad,DNV,
8906131683063,"Wheat, Apple & Date With Milk Cereal",Slurrp Farm,
8906001051503,Mother's Recipe moong papad,Mother's Recipe,
8904104776682,urad bori,JK,
8904104709338,jk matar boro,JK,
8904104774725,jk masour bori,JK,
8908003623597,DNV punjabi masala papad,DNV,
8901365601135,prestige metallic  safety plug,prestige,
8904293714724,cistern blocks,Flipkart supermart,
8904293722866,Indian raisins,Flipkart Samarth Krishi,
8906083670043,magic cleen stainless steel steel scrubber,magic cleen,
8906012841919,hand cleanser,intimate,
8901396116158,Lizol allin1 2L 500ml,,
8901491709446,Oats Multigrain,Quaker,
8906037692107,Savory chocolate,,
8901030373916,Bru Gold,Hindustan Unilever Brand,
8906034814250,Savory caramel,,
8900200025556,Venga Functional infusions Calorie balance Lemon lime green tea,Unknown Brand,
8900200025624,Wenga,wenga,
8901001555372,Mango lime Chutney,,
8901001555549,Masala curry,,
8901001555853,Mida Currypaste Tikka,,
8901020104025,Biere Taj Mahal,,
8901030083327,Lipton Chai Latte 3in1 Classic 25.7GR,,
8901030154409,Darjeeling tea,Lipton,
8901030450389,Redlable tea   500g,,
8901030461224,chinese manchurian,knorr,
8901030515293,Green Tea- Honey Lemon,Lipton,
8901030534898,Kissan Fresh Tomato Ketchup,Kissan,
8901030609275,knorr hong kong machow noodle soup,knorr,
8901030614934,life buoy,Unknown Brand,
8901030618581,Classic thick tomato soup,Knorr,
8901030625381,bru coffee,BRU,
8901030670930,Ketchup,Kissan,
8901035055619,Digestive Qualité supérieure,al fina,
8901041000313,salty,Unknown Brand,
8901042954639,Dhokla,Mtr,
8901042954677,Badam drink mix,MTR,
8901042956183,Alu Muttar,,
8901042957975,Vada,,
8901047001024,Kohinoor Basmati Rice,,
8901047001055,Riz basmati,Unknown Brand,
8901047011368,Riz basmati,Unknown Brand,
8904003910040,Shahi Biryani mix masala powder,Rakesh,
8901047912436,Khatta meetha,,
8901047912498,Mini Samossa,,
8901047912504,Bhakarwadi,Kohinoor,
8901047912788,Masala Moong,,
8901047912818,Plain bhujia,,
8901050095102,Peanut Butter,,
8901052087426,Green tea,Tetley,
8901058817836,Nescafe Classic Coffee,"Nestle, Nescafe",
8901058844627,Cerelac,Nestle,
8901058844894,maggi rich tomato ketchup pichkoo,nestle,
8901058850680,MAGGI MASALA NOODLES,Maggi,
8901058851311,Maggi Masala 2 Minute 2 Noodles - 280 GM,Nestle,
8901058856125,Kit Kat,Nestlé,
8901058856293,Masala Magic,Nestle,
8901058857245,Kitkat,Nestle,
8901058857931,Munch Nuts 10% Extra,,
8901063004092,Good day (chocochip),Britannia,
8901090212323,CAFE ROMA,Product of india,
8901063138155,Thin arrowroot biscuits,Britannia,
8901063138186,Nutri Choice,Britannia,
8901063162143,marie Gold,Britannia,
8901063164017,Sharma,Ji ka biskit,
8901071301022,Sofit Soya Milk,,
8901138507091,Himalaya Herbals Chyavanaprasha 500g,Himalaya Herbals,
8901138831523,Triphala Bowel Wellness,,
8901138834234,Karela,Himalaya wellness,
8901144311002,Tilda Basmati Rice,Tilda,
8901155101111,Gulab Jamun mix,Gits,
8901155101210,Gulab Jamun,Gits,
8901155109216,Rava Idli,Gits,
8901155116214,Gits Upma Mix 200G,,
8901155426313,Matar paneer,Gits,
8901157001150,Good knight silver refill,Goorej,
8901157021028,Good Knight Power Active,Godrej,
8901161120205,Lal Qilla Basmati Rice Suitable For Diabetes & Obesity,Lal Qilla,
8901207035364,Honey,Dabur,honey (100 %)
8901207872624,Dabur Honey,Dabur,
8901233011202,Cadbury Original Oreo,Cadbury,
8901233020341,BournVita,Cadbury,
8901233021942,Dairy Milk Silk 60GM,,
8901233022086,dairy milk silk bubbly,"Cadbury,Cadbury Dairy Milk",
8901233023687,FUSE,Cadbury,
8901233024042,perk,cadbury,
8901262151375,Cool Kesar,Amul,
8901262151429,Amul kool Cofe,Amul,
8901389050209,PASSPASSS  PULSE,Ds group,
8901393005493,Happydent Complete,Perfetti,
8901393012156,Just jelly-strawberry flavour,Alpenliebe,
8901393016147,Centre Fruit,Centre Fruit,
8901393017045,Chupa chups sour belt,Milka,
8901393017205,Alpenliebe,PERFETTI,
8901537024014,Basmati Rice Cooked,Dawaat,riz basmati
8901414004467,Bikaneri Bhujia,Bikano,
8901414015609,Хркстящая пряная смесь All in one,Bikano,
8901440013044,Sambar powder,Eastern,
8901441010912,plain papad,,
8901441011117,Papadam Neutral Ohne Fett Geröstet,Unknown Brand,
8901441013012,Pappadum Rote Chili 200 g Lijjat Indien,Unknown Brand,
8901483010512,Корнишоны маринованные,Big company,
8901512890504,Nachos,ACT 11,
8901491103787,Flocon d'avoine pour poridg,"Pepsico, Quaker",
8901537006027,Rozana Gold  basmati rice,Daawat,
8901537006164,Rozana Rice,Basmati,
8901030926532,kissan chilli sauce,,
8906001005278,Mother's Recipe Mixed pickle,Mother's Recipe,
8901491702409,Quaker Oats,Quaker,
8901499009494,Oats Mango Strawberry,Kellogg's,
8901537025127,Basmati,daawat,riz
8901542001857,Glucon-d,Glucon-d,
8901552000680,Ashoka Mixed Pickle 500G,Ashoka,
8901552002592,Lemon Pickle,,
8901552011747,Ashoka Bhindi Masala,Ashoka,
8901552019316,Original Indian Mango Puree,truly indian,
8906078180649,dnv mango pickle,dnv,
8908003623818,DNV Mixed pickle,DNV,
8906001052548,mango pickle 400g,,
8901552021449,Shahi Methi Matar,Ashoka,
8901552021456,Bombay Pav Bhaji,Ashoka,
8901552021463,Dum Aloo,Ashoka,
8901560100273,Fusilli Pasta,Nilons,
8901571000098,Horlicks Original Jar,Horlicks,
8901571001354,THE DATE OF,horlicks,
8904132918849,aaramabh,aaramabh,
8906064658855,burger mayo,,
8901595972234,Chilli Chicken Masala Mix,Ching’s Secret,
8901719100277,Eclairs,Parle,
8901719100826,Hide & Seek,Parle,
8901719100956,Parle G,Parle-G,
8901719255144,Parle-G,Parle,
8901719404412,Hide & Seek,Parle,
8901725118341,Kitchens Of India Strawberry & Mint Fruit & Spice Conserve,Kitchens Of India,
8901725121198,Aashirvaad,,
8901725131128,Farmlite,Sunfeast,
8901725132767,sunfeat biscuits,Sunfeast,
8901548100721,nutralite mayo,,
8901725133511,Bounce,Sunfeast,
8901725136031,Delishus gourmet cookies nuts & raisins,Unknown Brand,
8901725136048,Mom's magic nut biscotti,Sunfeast,
8901725150105,Whole Wheat Flour,Aashirvaad,
8901725181420,Sunfeast Yippee Noodles,ITC Sunfeast,
8901725181529,Yippe noodles,ITC,
8901725198558,Mad Angles - Achaari masti,bingo,
8901745115009,Agmark ghee,,
8901763080013,Symphony,fssai,
8901764022807,Fanta,Coca Cola,
8901764051258,Limca,Coca-Cola,
8908000589872,Bindu fizza jeera,,
8901542002731,complain royal choco pop,,
8901777401125,Paratha aloo,,
8901777404126,Paratha,,
8901777425749,Vadilal Hariyali Naan,Vadilal,
8901777445129,Paratha Malabar,Vadilal,
8901777525128,Veggie fingers,,
8901786160501,EVEREST Chicken Masala,Everest,
8901786171002,Tandoori chicken Masala,EVEREST,
8901786425006,Everest Turmeric,EVEREST,
8901792002680,Soya,,
8901792003359,Roasted Curry Powder,Suryaa,
8901792003403,Roasted curry power,,
8901803001190,Amrutanjan Strong,Amrutanjan,
8901808000013,Weikfield baking powder,Weikfield,
8901826301512,Verka Cow Milk Fat Ghee,Verka,
8901874104691,Bikaneri sev,,
8901884402206,Chutney datte tamarin,,
8901888040183,Dabur Real Juice Orange,,
8901972058353,Biscuit'bo,,
8901972066105,Pirulitos,,
8902049000022,KESAR MANGO PULP,,
8902080011261,Tropicana Goyave,tropicana,
8902080013869,Pomegranate juice,Tropicana,
8902153000031,Apple,Maa,
8902167000584,pulao masala,mdh,
8902167001079,MDH' Masala Pour Poulet Au Beurre 100g,,
8902269502399,Protichem (CHOCOLATE),Protichem,
8906081380166,Ginger Pickle,Telugu Foods,
8902335008985,Bourbon,,
8902456505424,Insulin tablets 12X,SBL,
8902519310248,register,saathi,
8902579103880,Parlè Agro,Parle Agro,
8902579131029,fizz,Appy Fizz,
8902592000715,Soan papdi,,
8902610240048,Чабрец (тимьян),Kamis,
8904063230256,Paneer Makhani,Haldirams,
8902979052382,Vanilla milkshake,Cavin's,
8903520014866,Premium Jasmine Rice,La Perla,jasmine rice
8903662001519,Brown Basmati Rice,Dunar Nutritia,basmati rice
8903662010368,Elonga Extra Long Basmati Rice,Dunar,basmati rice
8904001800220,Idhayam Sesame Oil,,
8904001800237,Idhayam Sesame Oil,Idhayam,
8904004400564,Lite Chiwda Lite Bite,Haldiram's,
8904004405422,Sonpapdi,Haldiram's,
8904004405910,Gulab jamun,Haldiram's,
8906032325376,sunscreen,,
8904063200143,Haldirams Masala Moong Dal 200G,,
8904063200150,Hara Chiwda,Haldiram's,
8904063200167,Haldiram Dry Fruit Kaju Mixture,Haldiram's,
8904063200174,Kashmiri Mixture 200G (bohnen &nuss) Haldirams,Haldiram's,
8904063200204,Navrattan,Haldiram's,
8904063200211,"Haldiram's, Shahi Mixture",Haldiram's,
8904063200280,Haldiram Karanchy Mixture,Haldiram's,
8904063200556,Gujarati Mixture Namkeen,Haldiram's,
8904063200587,Haldirams Mini Bhakhar Badi 200 GM,Haldiram's,
8904063200624,Madrasi Mixture 200G (pikanter Snack) Haldirams,,
8904063200662,Mathri spicy fried wheat flour,Haldiram's,
8904063200969,Moong dal,Haldiram's,
8904063200976,Navrattan,,
8904063205001,Haldirams Soan Papdi(desi Ghee) 500 GM,,
8904073701043,CRISPY ET TASTY BUTTERFLY,JAYACO,
8906010361266,Bombsy mixutre,Town bus,
8904063232250,Dal tadka desi meals,Haldiram's,
8904063233257,Haldirams Minute Khana Aloo Mutter 300G,Haldirams,
8904063252340,Kaju Kalti,Haldiram's,
8904063253606,Haldiram Dry Fruit Dal Biji,Unknown Brand,
8904073705010,Roasted Hot Curry Powder,,
8904063259141,Snac lite,Haldiram,
8904063260253,Cookie heaven kaju pista,Haldiram's,
8904064622906,Pickle Citron,,
8904067700762,Khakhra,Unknown Brand,
8904067708836,Soya sticks magic masala,,
8904083300854,Pomegranate,Pom Wonderful,
8904084100422,Aloe vera juice,Unknown Brand,
8904084100477,Aloevera D-Blocker juice,,
8904084100491,Aloe Panch Tulsi Juice,,
8904084900138,Surimi,Lipton,
8904110025163,Généreux,"Saint Agur, Savencia",
8904113900177,Egless chocochip Cake,Kidys Oven Fresh,
8904117900395,Jaggery,,
8904150200155,Almonds,Nutty gritties,
8904158903140,AMLA OWDER (groseilles indiennes) Ayurvedic & Herbal),,
8904158903218,JAMUN  KARELA POWDER Bittermelone-Rosenapfel,,
8904209302014,Tandoori Chicken Masala,Aachi,
8904230395252,Jeera cookies,,
8904230395368,Chocolate Cookies Sabri Pasand,,
8904230395375,Cookies,,
8904083524601,24 Mantra Low GI Rice,24 Mantra Organic,
8906009072111,Unibic orange splash cookies,Unibic,
8904245400477,Incienso Nag Champa 15GR. Saibaba,,
8904256700320,Bb royal Honey,Bb royal,
8904258700533,Guava Fruit Juice,Raw Pressery,
8904583423022,Fornacine al parmigiano,,
8906000210048,Whole wheat flour,Pillsbury,
8906001051367,Red stuffed chilli,,
8906001053088,Chicken Tikka,Mother's Recipe,
8906001054597,Mothers Recipe Butter Chicken Mix - 100G,Mothers Recipe,
8906076281676,Super Isolate Keto Whey,Neulife,
8906001141006,Mysore Royal,Mysore Royal coffee day,
8906002000104,Sandwiche Spread,FunFoods,
8906002004553,Salsa,Dr. Oetker,
8906005502575,Papad,Unknown Brand,
8906006720107,Qyno Dates,Lion,dates
8906010554118,Best Select Rice,Best,riz
8906012510143,Huile de riz,,
8906021883191,पतंजली च्य्वन्प्राश,पतंजली,
8906017290125,Vedica,Bisleri,
8906017861486,Bisk Farm Burst,Bisk Farm,
8906018383048,Butter delite,,
8906019561186,Apéritif indien,,
8906020491175,Mysorepak,,
8906020730472,Dalia,savour,
8906021120296,Aachi Briyani Masala,,
8906025201786,Roasted Dalia,Tip Top,m.p. wheat
8906028801020,Corn flour,Butterfly,
8906030680422,Fryrums Masala,Gurujee Home Foods,
8906032010975,Nutrela Soya Chunks,Ruchi Soya,
8906032010999,Nutrela Soya Granules 220gm,Nutrela,
8906033261031,Premium Cardamom Tea,Ripple,
8906033745111,Mcvitie's Tea Biscuits (100 G),,
8906035790072,Organic green tea,,
8906036672056,Milk Peda,,
8906009070933,Butter cookies,Unibic,
8906046143775,Golden chaï latte,,
8906047521558,Disano Olive Oil,Disano,
8906048500651,Protinex Chocolate Flavour,"Nutrica,Protinex",
8906050450470,Premium gur rewari,Lovely sweets,
8906052374033,Moya,,
8906056940074,Gold Smith Rum,Gold Smith,
8906058610159,Stevia,Gaialite,
8906059371875,Brown Bread,Baba Sai Bakery,
8906065790004,Potato cracker,Pran,
8906066202438,Mathura chaat masala,,
8906070441106,Sukha Lemon Bhel,,
8906078770062,Peanut Butter,Nubites,
8906080600982,Jus de mangue,Paper boat,
8906088280025,wagga wagga,Riverina Oils,
8908000998827,Danone Sweet Lassi,Danone,
8908001705752,Aamras Juice,Paperboat,
8908002206364,Mineral water,Krushnai aquq,
8908002485042,Khova,Unknown Brand,
8908002979442,Brown rice,Srilalitha,
8908003799025,Eau,,
8908003819297,Henné,,
8908004280003,Egg Noodles,Golden Grain,
8908005144342,Breakfast protein bar - Apple Cinnamon,,
8908007487096,Saudi Dates,Al Mufeed,dates
8908008772009,Coconut crunchees biscuits,,
8908008820007,Banana Chips,,
89006702,Nescafe Classic,Nescafé,coffee beans
89006740,NESCAFE,nescafé,coffee beans
89058947,Riz Rond du Sud,,
8901138501655,Ashvagandha,Himalaya,
8901777405123,Paratha Onion,,
8904006291023,Rich & crea minees,,
8904018300591,Medimix with Eladi oil,Ayurvedic,
8906006722187,Dates,Lion,
8902167000331,MDH Chana Dal Masala 100G,MDH,
8901037255369,MASALA CHAI,,
8901052010417,Tata Tea Premium,TATA TEA,
8906019566013,farali peanut cookies,,
8906001140726,Funza Multi Grain Chips Periperi,,
8901233030517,Diary Milk Chocolate,Cadbury,
8906078770000,Beurre cacahuète,,
8904049650597,Alishaan riz Indien long grain,,
8907392002556,Infusion vègètale,,
8906064280711,Butter Cookies,Danima,
8901786020508,EVEREST Masala tae,Everest,
8901719107474,Fab Bourbon Biscuit,Parle,
8906006720343,Lion honey,Lion,
8901058008425,tomato ketchup,Maggi,
8901155103214,GITA Dosa,,
8906001056867,Curry - Mother's Recipe Madras Powder 250G,,
8901123003720,LOTTE PIE,Lotte,
8901063401457,Britannia Cheese,Britannia,
8906048500903,protinex mama,"Danone,protinex",
8906018992042,yélélé,,
8906009340111,Korakundah,,
8901058859331,milkybar ( choo - mix fruit ),nestle,
8906059372131,Pain brun,Baker world,
8904004405125,Soan papdi,Haldiram's,
8904180001623,ELMAC Lemon Juice,ELMAC,
8908000668362,Sella basmati Rice,,
8901063136861,NutriChoice,Britannia,
8908002846034,Goodrich,pizza topping,
8902080104345,Pepsi Brand Drink 2.25 l,Pepsico,
8901155443310,Veg pulao,Gits,
8901259060321,Fisilli,De cecco,
8908001528474,FUNTEN BIG CHOMP,FUNTEN,
8906000591789,basmati rice,,
8908001375139,Honey roasted almond,,
8904246910173,Priya ginger pickle,priya,
8906010020330,Baker Street Traditional Jeera Khari,,
8901233031309,Coated Wafer Layers,Perk,
8901652140538,cheez Bit,,
8901001555525,Lime and chili pickle,,
8901207011368,Extrait de Cardamone,Dabur,
8904006291047,Minees Sandwich cookies banana creme,Treff,
8906003382254,Miel pur d'abeille,Ruche d'Or,
8901792003397,Roasted curry powder,,
8901262260152,Slim 'n' Trim,Amul,milk
8901389050216,Pulse,,
8901719656828,FAB !,Parle,
8901153001529,Soan papdi,,
8906032016977,Soya Chunks,Nutrela,defatted soya
8906026995028,Brimune Aloe Vera Juice - 500ML,,
8908010673004,Malabar Porotta,,
8906016420073,Groundnut Sweets,,
8906045581899,Moong Dal,,
8907316006011,Desi Schezwan Chutney,Mother’s Recipie,
8901030478673,Bru Instant,Bru,
8906070864028,Chikki assorted,Swadish Mithai,
8901042956800,Vegetable Pulao 250G (vegeta. Reis) MTR,,
8909500188640,Kinder Maxi 20 barres,Kinder,
8906016420226,Cubes de caramel aux cacahuètes,,
8901233028859,Dairy Milk Silk Chocolate,Cadbury,
8902351222389,Patanjali doodh biscuits,,
8901233025612,Dairy Milk Chocolate,Cadbury,
8906013533769,Wafers,,
8904063252524,Murura,Haldiram's,
8909499000527,Pur jus de citron,,
8901491502047,Spanish tomato tango,Lay's,
8904105511336,Mansyadi vati,,
8906009077475,Assortiment de biscuits,leonian premium,
8904063258342,Haldiram cookie heavilen coconut,,
8904304353102,Bodypower Nutrition Whey Protein,Bodypower Nutrition,
8906002001163,Peanut Butter (beurre de cacahouète),Dr. Oetker,
8904013071007,Telephone Brand Sat-isabgol,,
8906002080366,sakthi Sambar powder,,
8903059608277,soan papdi,,
8901030684777,Green Tea (honey lemon flavour),Lipton,
8908011154007,Eggs,"Natural Farms,Eggee",eggs
8908002671971,Apetamin,,
8902167001017,MDH Dal Makhani Masala,MDH,
8902167001109,MDH Arhar Dal Masala 100G,,
8906077360158,Chili Coriander KHAKHRA,,
8901414001480,Bikano Rasgolla,,
8904018660077,Lemoniz Awla candy,,
8901063035027,Milk Bikis,Unknown Brand,
8904109449222,Honey,,
8901719702051,Parle Monaco Classic Biscuit,Parle,
8902592002108,Classic Kaju Katli,,
8908005462040,Peanut butter,Sonya,
8901035056876,Thé,Golden Victoria,thé vert
8908000836228,Pâte à l'ail et au gingembre,,
8902188601395,Garlic paste,,
8904103030785,Red Chilli Pickle,swastiks,
89006948,Milkybar,Nestlé,
8901414004405,Winter special Badam pista gur chikki,,
8906020490529,Mysore Pak,,
8906005530233,Huile de coco,,
8901719112393,Parle G,Parle,
8901155402317,Dal Makhani,Gits,
8901042956275,Paneer makhani,,
8901042956756,Masala rice,,
8904084100439,Karela juice,,
8901777526767,Veggie nuggets,,
8901058851335,maggi,Maggi,
8906003071691,Multi grain bread,,
8904103040296,sabji masala,swastiks,
8901552000895,Ashoka Lime Pickle Hot (500G),Ashoka,
8906005503350,Methi Para,,
8904063207432,Classic nut cracker,Haldiram's,
8901537024090,Daawat 5KG Basmati Rice,Unknown Brand,
8904063210012,Haldiram Gulab Jamun,Haldiram's,
8901715000229,بخور,Viji,
8906072790059,Malai Sev,,
8901192000101,catch sprinklers Table Salt,catch,
8901777524121,Veggie burger patty,Unknown Brand,
8901030574252,3 roses,Brooke Bond,
8904006291009,Minees,,
8901153970634,Chinese Chilli Oats,,
8904168500094,Wild Forest Honey,,
8904063200495,Methi Sev,Haldiram's,
8901725135485,Mom's Magic,Sunfeast,
8906109110843,Haldirams cookie heaven  fruit n nut,,
8904072000048,Mota's Potato Chips,Mota's,
8904186402158,Noni jus concentré,,
8906021122108,Aachi Cut Mango Pickle,,
8906069930710,Asbah Dalia,Asbah,
8901808003267,Panipuri concentrate,,
8901233028392,Dairy milk,,
8906090570787,Tandoori Foxnuts,Unknown Brand,
8906033260508,Thé kundaly organic,,
8901233025957,Marvellous creations jelly popping candy,Cadbury,
8901777407127,Gobhi Paratha,Vadilal,
8901153006883,Bruna Chana,,
8906024450949,Typhoo Masala Green Tea,,
89034538,Singapore Noodles,,
8908008772030,Coconut crunches,,
8902050001063,Chiwda,,
8906070590224,Fresca,,
8908003545011,Diabliss,,
89034569,Poulet tandori pomme de terre,,
8906000600641,Riz basmati grains longs qualité premium,,
8901233035956,Dairy milk,Cadbury,
8901453000048,Sharbat rooh afza,,
8901571006380,Horlicks,Horlicks,
8908000655096,Udhaya Krishna Ghee 1LT Jar,,
8901552025287,Butter chicken sauce,Truly Indian,
8902050001025,Laxmi Narayan Chiwda,,
8904004402513,Haldiram's Mini Bhakarwadi,Haldiram's,
8901050083406,Peanut butter,,
8904012501079,Asafoetida,,
8901001555082,Mango Chutney Sweet,,
8901042959870,Gulab jamun,,
8906033740031,Mcvities Digestive Cookies 230 G,,
8901030634475,Kissan Orange Squash,Kissan,
8901042957319,Minute meals Paneer Butter Masala,MTR,
8908003086040,Thé vert,,
8901542001765,Glucon-D,Zydus Wellness Products Limited,
8904004402025,Haldirams All In One,,
8901422000253,Musaji,,
8902579103408,Appy,parle agro,
8901440013372,Garam Masala,,
8905618000218,Frozen porotta,,
8906006723191,Kashmir Honey,Lion,honey 100%
8901063026155,Cracker,,
89004869,Hajmola Regular,Dabur,
8901764031106,Sprite,Sprite,
8906021120289,Biryani mqsala,Aachi,
8906021127981,Aachi Badam Drink,Aachi,
8906021922067,Himalaya honey,Apis,honey
8908001105033,Pink salt grinder,,
8901725142490,Candyman FruiteeFun,,
8908004331057,Lemon Pickle,,
8908005823599,Mix fruit,,
8904120907428,Spice drops,,
8904010690058,Fish Masala,,
8904004412314,Chatpata Dal,,
8908001658218,Quā,narang group,
8904063234254,Mutter Paneer,Haldiram's,
8906021128728,aachi Citron pickle,Aachi,
8901058856446,Maggi noodles,Maggi,
8901537006140,Riz Basmati,,
8904117600677,Tandoori masala,,
8904117600639,Meat masala,,
8904064640139,Paruturai vadai,,
8901001556096,Pappadums,Mida's,
8908010900032,peanut butter crunchy,,
8901821002285,Dalla pickle,,
8908010171104,Chips,,
8904004402810,Panchratan Mixture,Haldiram's,
8901037009436,Lemongrass Chai Instant Tea Premix,Girnar,
8906005451088,KPL SHUDHI COCONUT OIL,KPL SHUDHI,coconut oil
8908685008583,Sfornatini,,
8906024482056,Dodla Ghee,Dodla,milk fat 99.7%
8908011489086,riz,Unknown Brand,
8901719903724,O'Choco,PARLITE FOODS,
8904063252388,Moong Dal Burfi,Haldiram s,
8906057022151,Periperi nachos &salsa dip,Colonel & co,
8901058858358,Multigrain fillows nesplus,Nestlé,
8906021121187,Aachi Garam Masala,,
8906021125949,Ginger garlic paste,,
8901571003129,Boost,,
8906021122139,Mango thokku pickle,,
8901037255079,MASALA CHAI,,
8901552000642,Mango Pickle Hot (achar),Ashoka,
8901052022557,Tata tea Premium,,
8908001753722,sagar,Pet Sapha,
8906000211465,Betty Crocker Choco Chuck muffin mix 335g,,
8901725192341,bingo potato chips chilli,,
8906172783227,Brazil nuts,True Elements,
8901741080080,Rio Mango Alfonso flavour,,
8901233025155,Cadbury Oreo Vanilla Creme Flavour Biscuit - 120 GM,Cadbury,
8906012280046,Cardamon Tea,GeeBees,
8906017861271,Tiffun,Unknown Brand,
8904304688464,Pure green tea tulsi green tea,,
8901491703635,Oatmeal with nuts,Quaker,
8901491703628,Oatmeal with Apple & cinnamon,Quaker,
8906019961146,Shortbread,,
8902080504046,Aquafina,"Aquafina,Pepsico",treated water.
8904156700376,Mysore Park,,
8906005508072,Moong dal,,
8906033745296,Cookies 🥞,Mcvities,
8901719101014,Biscuits Parle-G,Gluco biscuits,
8904014800699,Paul John Brilliance,,
8904681051141,Infusion Grand Sud,Lipton,
89086561234518,Moringa tea,Teranga,
89007365,Bar One,Nestlé,
8901037011408,Cool peppermint herbal infusion,girnar,
8900500319447,Nutelle biscuits,Ferrero,
8903109147251,Organic black gram whole (urad),Down to Earth,
8904064627000,Curcuma moulu,,
8906033261116,Jasmine tea,,
8901396611400,Strepsils Ginger & Lemon,Strepsils,
8906002240364,Groats,Unknown Brand,
8901042957326,Bhindi Masala,,
8901155406315,"Ready Meals, Pau Bhaji",,
8904063258298,Bhel puri,Haldiram's,
8901393016376,Chupa Chups Gum Filled Lollipop,Chupa Chups,
8904083518266,Himalaya salt,,
8901764241253,Schweppes Tonic Water,,
8901233031644,Choclairs,Cadbury,"Sugar, glucose syrup, hydrogenated vegetable oil (palm kernel), milk solids, cocoa solids, emulsifier (INS 322), salt, flavouring"
8908002026535,Pani puri,BTW,
8906001055204,Pickles au chili verts,,
8902901223170,good life sabudana,reliance,
8901808004912,Red Chilli Sauce,weikfield,
8901943087061,Super basmati,,
8904405902452,Karimnagar Dairy Curd,Karimnagar Dairy,curd
8901552020534,Punjabi Choley,,
8901712190107,Silver needles rose white tea,,
8904073701067,Pappadams,kings,
8901063154049,Britannia Nutrichoice Oatmeal Cookies,Britannia,
8901777521120,Aloo tikki,,
8904063253576,Roasted chana,Haldiram,
8906082570696,Nacho Chips Quinoa,Unknown Brand,
8906001386001,CREMICA MALT AND MILK,Unknown Brand,
8902167000188,Kasoori methi (feuilles de fenugrec),MDH,
8904063202338,Palak paneer (Tofu),Haldiram's,
8906002982004,ankursalt,Unknown Brand,
8906061480671,Apetamin,,
8904250701019,Arroz,Unknown Brand,
8904112603109,Signature basmati rice,Pansari,
8904004400090,Soya chips,haldirams,
8901030609251,Shanghai hot & sour chicken soup,Knorr,
8906001050698,Mango Pickle,Mother’s Recipe,
8906004562877,cullbulle,diamond,
8906000212813,Betty Crocker Complete Pancake Mix,Betty Crocker,
8906036670090,Shubham,Nandini,
8908001876025,Kesari,,
8906059636264,Greek Yoghurt Zero Added Sugar Mixed Berries,Epigamia,
8904038109570,Pudina Boondi,Bikano,
8901453040822,SAFI BLOOD PURIFIER,,
8904296902869,Sesame chili bites,,
8906047001159,Organic coconut sugar,Unknown Brand,
8901512506405,Act II Microwave pop corn,Unknown Brand,
8906021122634,Aachi Sambar Powder 200 G,Aachi,
8901499008213,Kelloyy's Wheat Flakes,Kellogg's,wheat flakes
8906027030971,Kolhapuri rassa masala,Unknown Brand,
8906090570961,Veggie stix,,
8907592000277,Panela,,
8904006291054,Miness,,
8908010864013,mini soya chunks(BARI),,
8904063259776,Vegetable Pulao,Haldiram's,
8904018612519,Mix Mouth Freshener,,
8904064651463,Multi Millet Chapati Mix,,
8906081038913,Düyü,Tamashaee miad,
8908005144120,Multigrain energy bar,Unknown Brand,
8906003382230,Ruche d'or,,
8901047610271,Southern Madras,Kohinoor,
8906019962617,Black Pearl,,
8906000401002,deer brand psyllium husk,deer brand,psyllium husk
8901233036731,dairy milk silk,Cadbury,
8906051302068,Chyawanprash,Gopala,
8901063136243,Nutri choice 5 grain digestive,Britannia,
8906088720170,Popcorn,Unknown Brand,
8906070214083,Natural honey,Golden Choice,
8901233034188,Silk chocolate,Cadbury,
8906094860280,Cashew Blueberry Bar,,
8901042957340,Tasty Delights : Pav Bhaji,,
8906001385127,Bourbon,,
8904083300625,Milky Mist Cooking Butter - Unsalted,Milky Mist,
8902167000256,Pav Bhaji masala,MDH,
8906044992337,Mango,,
8901155115217,Ready to cook savory lentil fritter dry mix Dahi Vada Mix,,
8901719102035,Monaco,Parle,
8904063259783,Jaipuri Dal Palak,Haldiram's,
8901652140071,Butter Bite,,
8901725112332,Noormahal biryani,Kitchens of India,
8906012650658,Strawberry food essence,Mr. Kool,
8904109001390,Poppadoms,,
8904256700467,"Tasties Hakka Noodles, Veg,",Unknown Brand,
8902979035132,Mango Pickle,,
8901882000152,Rice murukku,,
8904064629103,Huile de Sésame,Unknown Brand,
8901393012903,Juzt Jelly,,
8901030516283,Sweet corn vegetable soup,Knorr,
8906077360141,Fenugreek Chilli KHAKHRA,,
8904063281258,Tandoori Garlic Naan,Haldiram's,
8906005503831,Chana cracker,,
8908003115481,Rusk elaichi,Karachi Bakery,
8904209306210,SRILANKAN BIRYANI MASALA,Aachi,
8904209306173,CHETTINAD CHICKEN BIRYANI MASALA,Aachi,
8901063362840,Cake gobble chocolat chill,,
8904209306197,Sofiyani biryani masala,Aachi,
8901786411009,Kashmiri Red Chilli Powder Everest,Everest,chilli powder
8904457507063,Code,,
8906003982331,MEAT masala,,
8901155486416,Palak paneer and brown rice,,
8901155481411,Dal makhani and basmati rice,,
8906009181172,Star Walnut Kernels,Star,
8908003115962,Chocolate cashew biscuit,,
8901153640544,Fish masala,Sangi's Kitchen,
8901233025636,Cadbury Dairy milk,catbary,
8901155487413,Ready meals,,
8901552011624,Gobi Paratha,Ashoka,
8901719111693,Melody,Parle,
8901233036625,5star,Cadbury,
8901719111532,Mozelo,Parle,
8906020660137,Stevia,,
8901063016590,50-50 sweet and salty,Britannia,
8906017971710,Choco stone,,
8906033740758,McVitie's Digestive,McVitie's,
8904063200198,Nut Cracker Spucy Coated Fried Peanuts,Haldiram's,
8906070217152,Miel pur d'abeille,,
8902167000294,MDH T-plus Masala,Unknown Brand,
8906010500245,Balaji Wafers Masala Sev Murmura,Balaji Wafers,
8901070001787,Thé aromatisé mangue,,
8901070000711,Thé aromatisé ananas,,
8901414000087,Moong Dal,BIKANO,
8906078261447,Cremica trufills choco-filled indulgence cookies,,
8906078261430,Cremica trufills choco-filled indulgence cookies,,
8907592000727,Haba de soja entera,el world organic,
8901888005304,Meil himalaya,Dabur,
8902167000355,Dahivada Raita masala,,
8904132917149,Soan papdi,,
8906003383060,ruche d'or,Ruche d’or,
8901542017667,Glucose orange flavour,Zydus wellness,
8901719111006,krack Jack,Parle,
8906008848106,Mon café,,
8901792000211,Piment,,
8901670813117,Date-Tamarind Chutney,Saras,
8901052010325,Tata CTC Tea Premium JR,,
8906021924894,apis Royal Zahidi dates,apis,dates
8907003505018,Seedai,,
8908000339330,Karak Tea Cardamom FLV 10 Sachets,,
8901063031807,Britannia Treat,Britannia,
8904063281302,Tandoori naan,Haldiram's,
8908000861107,GOPAL,gopal,
8906033260492,Muunar Orthodox Tea,,
8904063209849,Takatak Baked Chilli Cheese,Haldiram's,
8906001055464,Mixed Pickle,,
8908003115375,Rusk crispy and fresh,,
8906009079356,unibic choco nut cookies,Unbic,
8906009071138,Unibic butter cookies,Unbic,
8902335011190,butter crunch cookies,,
8906044992344,alo fruit juice,alo,
8906070596509,Fresca Lime,,
8906000120309,Himalayan black tea + natural lemon,,
8904310145333,Pain de mie complet,Bonneterre,
8906067022738,Raw Whey Protein 80%,MuscleBlaze,
8906000151501,1121 Extra Long Basmati Rice,,
8907392001412,POUDRE DE MORINGA,,
8901537006010,Rozana Gold Basmati Rice,,
8904226700077,N2H GULKAND,N2H,"sugar, rose"
8901972067300,Choco Caramel Lollipops,,
8906001052050,Chicken curry,,
8901808004776,Falooda mix,,
8901063019089,Little hearts,Britannia,
8904037620120,Spaghetti N.12,,
8901035053745,Royale lemon,victoria,
8901044213895,Mapro mix fruit jam,,
8901071701389,harsheys spreads cocal,Hershey's,
8906020490536,Kaju Katli,,
8908003050942,Jumbo,,
8906021122924,Aachi Puliyogre Rice Powder,,
8901037010463,Saffron chai,,
8904137012252,Coconut oil,,
8908007064112,Masala tea,,
8906064651078,Dill tzatziki,,
8901682000161,Tandoori paste,,
8901262071017,Amul Belgian chocolate,Amul,"e322, e476"
8906000210024,Chakki atta,Pillsbury,
8907179008764,sapori dintorni,,
8904004402063,All In One,Haldiram's,
8904258701127,100% Natural Mixed Fruit+,,
8906001051145,mother's recipe Gujarati chhundo pickle 300gm,Unknown Brand,
8901037024569,Chai from india,Girnar,
8901719134074,parle occasion,,
8901414003910,Kaju dhoda burfi,,
8908006989157,Nutritius coconut crash chikki,,
8904109409967,Noodles Chatpata,,
8902335012111,Galletas,,
8904001800268,Idhayam Sesame Oil,Idhayam,sesame oil
8904246911019,Ginger pickle,,
8901595963331,Hot Garlic,Ching's Secret,
8908004673003,Cafe rhum,,
8906068761339,Peanut butter,,
8901058841114,NESCAFE CLASSIC,Nescafe,
8906004561818,RINGS,,
8901155446311,Punjabi Kadhi,,
8901030658761,Taj Mahal tea leaves 500 g,Brooke Bond,tea
8906021122559,Rasam Powder,Aachi,
8901247576957,Streax Coffee Collection Ultralights Highlighting Kit,Streax,
8904315100320,Nutritional yeast flakes,Urban platter,
8901393017311,chupa chups,chupa chups,
8904089804394,aroma magic toner,aroma magic,
8901491368339,Multigrain Curry&Herbs Flavour,kurkure,
8902167000232,Mdh Tandoori Barbeque,,
8906067080226,Atorvastatin Calcium Tablets,Unknown Brand,
8906001052029,Vegetable Biryani,MOTHER'S ricipe,
8906017580011,"Kernlose Trauben, Sorte: Thompson seedless",Exsa,trauben.
8904807500447,Miel de mil flores,consum,
8901786260508,Black pepper powder,Everest,black pepper
8901786080502,Everest Sambhar Masala,Everest,
8904004408164,Haldiram's Pasta,Haldirams,semoule(rawa)
8908011491119,Walnuts,Proventus Retail Pvt Ltd.,whole walnut
8903000364073,Besan,Lal Gulab,chana dal
8906022340112,Sabudana,Shri Varalakshmi Company,
8908003744261,suji,Akshat group,whole wheat
8904063202420,Minute Khana bajra roti,Haldiram's,
8906006170711,O'Yes,,
8902268002982,dreamlite,,
8904063202321,Paneer makhani,Haldiram's,
8901810000902,Table salt,,
8906022780598,Shahi Paneer Masala,,
8903300170010,Mango pulp,,
8906077360271,Mathia KHAKHRA,,
8900000002771,"White Seedless Grapes, Table Grapes",Maple,trauben.
8901088095754,Virgin coconut oil 100% organic,Unknown Brand,
8901042962047,MTR roasted vermicelli,MTR,
8906001210139,Saag,Sohona,
8901552023375,Garlic Chutney in Olive Oil,Ashoka,
8904004402599,Halke fulke,haldiram,
8906012460486,Ris basmati,,
8906106080538,Gujarat gotli,,
8904078220310,Chyavanaprasam,Vaidyaratnam,
8901571005994,horlicks,gsk,
8906033261178,Thé vert au citron,,
8902979023146,meera,,
8901712100021,Earl grey tea,,
8901719305092,Cheeslings,Parle,
8906002979080,Mouth Freshner,,
8906069411097,California Almonds,jewel farmer,
8904049650894,Superba indian extra long grain 1121 basmati rice,,rice
8901233035192,Bourn Vita,Unknown Brand,
8906001210221,mutter paneer,,rice
8906001210276,Palakkadan long grain matta rice,,rice
8903662010061,Daily basmati rice,Dunar,basmati rice
8906097630033,Chamomile,,chamomile*
8906001210238,100% natural fresh coconut,,coconut
8901552001434,Madras curry paste,,
8901656001026,Chinese five spice,,
8901725121129,Aashirvaad Shudh Chakki Atta,ITC,whole wheat
8906001050377,Mixe Pickle,,
8904133700030,Masala chai,,
8904304538660,appalam papad,,
8904232700160,Mayonnaise,,
8908004711095,Riz shazia,,
8901552015516,Rogan Josh sauce,Truly indian,
8901155107328,Gits Khatta Dhokla,Gits Food,"Semolina & gram flour mix, sugar, tamarind, salt, spices, raising agents"
8901001555570,Ginger Pickle,,
8904304500759,Swad Tomato Ketchup,Swad,
8906021924887,ARABIAN PEARLS,apis,
8901155105225,Gits   Jalebi,,
8901414001527,soan papdi,,
8901030406249,Red Lable Tea,Brook Bond,
8906071886029,Dark love,,
8906021121132,Fish fry masala,Aachi,
8901719106842,Parle namkin peanuts,,
8901058869873,BARONE,NESTLE,
8904063240033,Haldiram's khatt meetha,Haldiram's,
8908013398010,VegPro Soya Chunks,VegPro,
8901233031712,fuse,cadbury,
8906028799198,Krazy snacks sauce,Fun Top,
8901777441640,Rumali Roti,,
8908012289135,Nutramore,Netsurf,
8901030005046,Pears,Pears,
8901262150989,Amul Gold 1ltr,Amul,milk
8904124108098,Paneer,Ananda,milk solids
8906089380328,45% toasted milk chocolate pistachio-safran,,
8901792003342,Suryaa Curry Powder Roasted Hot (900G),,
8901063092334,BRITANNIA,GOOD DAY,
8901552019958,Sweet Mango Chutney,Ashoka,
8906057884285,krazy  700f,,
8906057881055,chères Mango.  800f,,
8906021927697,Pure Honey Ani3ma,ne3ma,pure honey
8901571001996,Horlicks,,
8901058869002,Munch,Nestle,
8906002131198,UDHAIYAM toor dal,udhaiyam,
8906002661374,Huile de coco,,
8904086403026,candisten,poudre,
8901088093668,Productos alimentarios,,
8904063255334,Haldiram bhujiya,,
8901888000682,Chyawanprash,Dabur,
8901747001096,Wagh Bakri Tea Leaf,,
8904063209740,Vegetable pulao,Haldiram's,
8901725150112,Whole wheat flour,,
8901764011023,200ml Coca-Cola Original Taste,Coca-Cola,
8905035001935,Malabar Black Pepper,GITAGGED,
8905035001881,GITAGGED Byadgi Chili,GITAGGED,
8905035001898,GITAGGED Waigaon Turmeric,GITAGGED,
8905035001904,GITAGGED Guntur Chili,GITAGGED,
8906001385783,Glucose,Cremica,
8901152011932,Indian Green Peas,Ashoka,
8901207032127,Real fruit pomegranate 180ml tpk,dabur,
8906048501436,protinex,,
8901499008015,Chocos,Kellogg's,
8901047040023,Basmati Rice,,
8906021123129,Aachi  Turmeric Powder,,
89000670,Tamato katch up,,
8904083517221,Moong Dal,24 Mantra Organic,
8904063204349,Haldiram's Aloo Bhujia,,
8906112840058,Peanut Butter,,
8906069402668,Veeba,Veeba,
8906002081226,Lemon rice powder,,
8906001050032,Andhra Avakaya Pickle,,
8906071510016,glucose D,glucose,
8906005340184,banana chips,relish,
8906074530011,blam,menthodex with,
8908008940064,Loading…,,
8901248121071,Navratna cool talc,,
8901063161429,BRITANNIA CHOCOLUSH Pure,,
8908004399002,Safran,,
8901725196462,Curry aux haricots rouges,,
8901058866698,Masala veg atta noodles,Maggi,
8907592001779,Arroz telangana sona,Elworld,
8904073705027,Kings Roasted Curry Powder,,
8906068350076,Achar pachanga,,
8901725181260,Yippee,,noodles
89085578,Calamar patagónico,,
8903662010047,LEGACY Traditional Basmati Rice,Dunar,
8904004414493,Gol Kachauri,Haldiram's,
8901262180016,Malai Paneer,Amul,paneer
8906113440080,Peanut Butter,,
8906009504131,Ghee,Chitale,
8901063019072,Loading…,,
8901491983150,Loading…,,
8907931000401,Garden Veggie Straws Sea salt,,
8908003113791,Pesnut Butter,,
8904150502808,Nature valley minis biscuits oats and chocolate,Unknown Brand,
8908011038048,Drupe mango drink,,
8901725196493,Dahl Bukhara,,
8903754313018,Tata,,
8908005382003,Oil,,deppa oil
8901063358096,Loading…,,
8906006720350,Australian Oats,Lion,
8904109405501,Elaichi Soan papdi,,
8908002544107,Beer,,alkahal
8906008990010,Essence vanille,Nandi's Fun Food,
8901262152167,Amul masti spiced butter milk,Amul,
8908007370190,Milk,,
8904004401967,Corn flaxes mixture,,
8901700003020,Bredif,,
8904063210968,Tandoori garlic nan,Haldiram's,
8901088172301,Loading…,,
8901808004943,Hot peri peri sauce,,
8908000296039,Chaal bhaja,,
8901047912757,Chana Cracker,,
8901207028014,Alphonso Mango,,
8901207028571,Jamun Fruit Nectar Blend,,
8906039951516,Tamilly,,
8904198805169,Euro Namkeen Kachori,,
8904063204578,Gluten Free Chapati,Haldiram's,
8908001137102,DevBhumi Honey,DevBhumi,honey
8901537071018,Daawat Biryani Basmati Rice 1kg,,
8906113470148,Anaikotti,,
8903662010344,Elonga Extra Long Basmati Rice,Dunar,
8902188874058,Biryani/Pulav Masala,ramdev,
8904022906031,Bonn Bread Atta Whole Wheat Bread,Unknown Brand,
8901030743030,Kissan,,
8901047610561,Indian curry sauce,Adraki,
8901063325357,Toastea Rusk,Britannia,
8906040400027,oregano,tushraj herbs,
8901725121747,Superior MP Atta,"Aashirvaad,ITC",whole wheat
8906033530014,snap in basil,snap in,basil
8904063253194,Kashmiri Mixture,Haldiram's,
8901888095367,honey,dabar,
8901826332226,Verka Toned Milk Dahi,Verka,
8906021121538,Gunger pickle,Aachi,
8901719106781,Namkeen - Moong dal,Parle,
8902433006197,Snickers (Shareable Bites),Snickers,
8901725008376,Sunfeast Kesar Badam Milkshake,Sunfeast,
8901670813360,Sesame cikki,saras,
8904004404227,Mini Samosa,Haldiram's,
8904022907335,Milk short cake biscuits,Unknown Brand,
8901719101625,Rusk biscuits,Parle,
8904063256645,Aloo Tikki,Haldiram's,
8906021122054,Aachi Mango Avakkai 300Gm,Aachi,
8904008416851,feroglobin b12,,
8901491702027,Oats,Quaker,
8904011506549,Garlic Pickle,Double Horse,
8902167000515,Tandoori chicken masala,,
8908004076200,Milk Rusk,,
8906067028846,Healthkart Nouriza Dark chocolate peanut butter,"Healthkart,Nouriza",
8906000421970,calciquick-k2,Dr morepen,
8901058870183,maggi,Nestlé,
8907931000166,Sweet potato bbq,,
8907931000081,Sweet ptato spiced,,
8907931000562,Garden veggie,,
8907931000609,Veggie strwws,,
8906061491363,Methi paratha,,
8906001850861,Aceite de coco virgen orgánico DXN,,
8906021925693,Miel,Unknown Brand,
8901808004950,Aweet chili,,
8901302097557,Supixime,,"al
fat"
8908010900131,Unsweetened peanut butter,,
8904084100460,Jus Neem et aloe,,
8904018611215,Chandan 5 In,,
8901262152242,Amul Kool Badam Flv 180ml,amul,
8901030807138,Horlicks Classic Malt,Horlicks,
8906076272254,Riso,,
8908003050935,Brown basmati rice,,
8904258702100,RAW-P MIXED FRUIT 200ML,Raw Pressery,
8902351999014,sobisco desire butter,sobisco,
8906015270020,Durga ghee,,
8906113261692,immunity booster capsule,himalayan organics,
8906024070291,Amla Indian Gooseberry Juice,,
8901030532832,Fresh Tomato Ketchup,Kissan,
8904064627512,Curcuma,,
8901719105555,parle rusk,Parle,
8904064613027,Parotta,,
8901035053752,Thé noir fraise de jardin,Golden Victoria,
8901719906145,Kreams Gold Pineapple,Parle,
8904063259257,Hara Bhara Kebab,Haldiram's,
8901499007728,Oats,Kellogg's,rolled oats
8906044991453,Aloe vera,,
8906097400216,Zoff chicken 🐔  masala 5rs,,
8906103580178,Grizzly pro gold edition,,
8906013030831,Nouilles Quick Gout Pizza au poulet,wai wai,
8901786161003,Chicken masala Spice Mix,Everest,
8901063139190,Bourbon,Britannia,
8908008669712,Raw Whey Protein,Powerus,
8901670813759,Methi Barja Puri,,
8901670813735,Diet Chakoli,,
8901058839456,sunrise,Nescafe,
8906031310014,Vestige Noni Capsules,,
8901107030599,softovac.sf,,
8901030726910,lifebouy,,
89009314,Barone,,
8906016410753,Godrej Jersey Ghee,Godrej Jersey,
8901063151567,Toastea,Britannia,
8901233033549,Cadbury Dairy Milk Silk oreo,Cadbury,
8906001055129,Thokku pickle,,
8906097400254,Zoff meat masala 5rs,,
8900090240220,Food coloring,,
8902850000013,Estern Cocunut milk 400 ml,Eastern,
8906001016595,Mother's Recipe Madras Curry Powder,,
8904064660458,Ribbon pakora,,
8901063165694,Nutri choice,Britannia,
8906078720005,Mugdal namkin,,
8901393017816,chuppa chub bites,Chupa Chups,
8906009991405,Dreams Choco Cup Cake,,
8901035056357,Massana,,
8901262260107,Amul Gold Milky Milk,Amul,milk
8904150501665,Cake mix,,
8906126950002,tgb Bakery,,
8901491000192,Doritod cheese flavor,20rs,
8906005500755,khatta meetha tana-bana,,
8906005500854,Bhikaji sub kuch,,
8901670814374,Methi gathiya,,
8908005215493,Kappalandi Mittai,,
8904004401929,CHANA NUTS,Haldiram's,
8901393016369,Chupa chups lollipop,,
8901262030663,amul cow ghee,amul,fresh cream
8906016790015,rajini,coca,
8908002288339,P Sooji,P,
8904137478546,Garam masala,,
8901747000730,premium black tea,Wagh Bakri,
8901047816239,Sag Aloo,,
8901808002031,Glucose D,,
8901063362857,Britannia cake,britannia,
8902858490410,Wood Children,,
8904063200631,Chakoli,Haldiram's,
8906009504193,Ghee,,
8904063214324,Haldiram navratan 440g,Haldiram,
8908002373370,Aajhree,,banana
8904168500063,Himalayan Flora Honey,,
8906002085286,pickles,shakthi masala,
8901233034560,Tang orange,Tang,
8901724500024,Juice,,
8904004401615,Kashmiri dalmouth,Haldiram's,
8901058847482,Maggie Pazzta Chese Macaroni,Maggi,
8906086330647,Ibuprofen,Unknown Brand,
8904124700230,sega,sega,
8906001210306,Spinach Puree,,
8908001897310,American burger slices,,
8907016009015,È un pennarello,,
8901207045370,Honey,Dabur,honey (100%)
8906064230044,Chicken tikka masala mix,,
8908008674013,nabati cheese wafer,Richeese,
8904091104109,FLUCORT - N,flucort n,
8906054102481,Tender jack,,
8901552025041,Punjabi Mango & Chili Pickle,truly Indian,
8901107001520,Sertraline,Lupin Healthcare,
8904109449727,Honey,,
8904150501627,Pancake Mix,,
8901719117978,parle,parle,
8901063165847,Treat,Britannia,
8906013030695,wai wai maggi,xpress,
8906121810028,Sing Bhujia,,
8901042964294,MTR Garam Masala,,
8906001055501,Mothers Punjabi Pachranga Pickle,,
8904120903055,Spice Drops,Holy Lama,
8901777798126,Roti Chapati,Vadilal,
8901233022536,Bournvita biscuit,Cadbury,
8901030681530,Tea bags,Taj Mahal,
8904209302779,Chicken Tikka Massala,,
8904004405521,Orange Soan Treat,Haldiram's,
8904037000397,pankajakasthuri breathe easy,,
8908006315451,Moringa powder,,
8908010775760,pastiano,italian,
8904084100538,Gingelli oil,,
8904063259240,Sabudana tikki,Haldiram's,
8906001055341,Pickle de citron épicé,,
8902550005363,Long murukku spicy,,
8901725100568,Atta with multigrains,,
8904156711518,1 minute rasam,,
8901088135061,Pongal,,
8904156701984,Puliyogare,,
8901552020237,Tamarind chutney,Ashoka,
8904314500022,Jus coco,,
8901560090284,pasta,,corn
8901030656026,Taj Mahal,,
8904304338154,Feuilles de moringa sechées,,
8901719255168,Parle-G,Parle,
8906017630006,Raisins noirs,,
8901058101577,Tomato Ketchup,Maggi,
8904304337669,POWDER DE MORINGA,,
8906020589414,Instant Coffee,iD,
8902433003165,orbit,,
8901155106321,Gits Khatta Dhokla Mix,,
8901058101614,Hot and sweet,Maggi,
8904304500001,Swad kesar Mango Pulp,Swad,
8906012906021,protein diskettes,kabi bite,
8906032016991,Soya Granules,Nutrela,
8904209302137,aachi,aachi,gjkkk
8904304538622,Joy appalam,,
8908003545707,Diabliss,Diabliss,sucre de canne
8901042970578,ots,mtr,
8906021121972,Lemon Rice Powder,Aachi,
8901808003076,Weikfeild Jelly Orange,,
8908004827031,Filter tabbaq,laziza,
8906072793180,yo fun,darshan,
8901042968193,"MTR cup poha ,80 g",,
8906021927680,Pure honey,,
8901884401308,Garmar in Brine,,
8901120146710,sugar free,Zydus Wellness,
8901030962240,lipton green tea,Lipton,
8906054210032,Shanta G Khakhra,,
8901537004030,Riz basmati,,
8906143312562,أرز بسمتي سيلا هندي  / صابحه,,
8904064627802,Nandhi,,
8908005459163,Flaxseeds,nourish you,
8901058100600,Nestle Milkmaid Condensed Milk Tin,Nestlé,
8901552001069,Paste,Ashoka,
8901765124654,Sonic jel pen,,
8906001055488,Punjabi mango pickle,,
8906032016571,Nutrela Soya Chunks,Nutrela,
8902167000416,Sabji Masala,MDH,
8901939122011,Madras appalam unfrittierte linsenchips,,
8901719291135,LITE CRACKERS,Nutricrunch,
8904084100576,Huile de sesame,,
8901786041008,Jaljira Powder,Everest,
8904028422467,Samosa chutney,,
8906010501822,GIPPI,Balaji,unknown
8901595963317,Manchurian,,
8906102540098,Assam tea,,nafed
89009451,Wudy,,
8901161104496,Fried Onions,,
8904063203830,Panipuri,,
8906036670205,Nandini Curd,Nandini,exp date
8901161202017,Basmati Rice,,
8902188482390,Ramdev Lemon Pickle,,
8906005500052,Bikaneri bhujia,Bikaji,
8901207004407,Real guava  juice,Real,
8901088200349,Sampoorna Indian Hair oil,Paracuute,
8908001105712,Black pepper,Clover Valley,
8904004401516,Bombay mix,haldirame,
8901786140503,Shahi Biryani Masala mixed powder,EVEREST,
8904208600081,Palak Paneer,Rasoi Magic,
8901414000216,Boondi,,
8901233014081,Cadbury Zip Choc,Cadbury,
8902080013036,Tropicana Apple Juice 100%,Tropicana,
8901764935206,Minute Maid Orange Juice,,
8906080600258,Paper Boat,,
8901262040037,Amul Shrikand,,
8901747002185,Wagh Bakri Masala Tea 250G,,
8906076271530,Premium Basmati Rice,Zeeba,
8904109490538,Cow’s ghee,Unknown Brand,
8906009182056,Pistachios,,
8901440023463,Cumin Powder,Eastern,
8904004402056,All in one,Haldiram's,
8900000002078,Raisin sans Pepin,,
8902330001332,Equilibrio fette croccanti mais,,
8901719656613,Parle Hide&seek Fab Orange,Parle,
8906024450512,Green Tea Natural,,
8906024451335,Green Tea - Lemon and Honey,,
8901030456381,Taaza tea,brooke bond,
8901058841138,Nescafe CLASSIC,Nestlé,
8905002026015,Kingfisher ultra,,
8901207027321,dabur red paste,Dabur,
8900000103683,Cruscoro,,
8908010431079,tower,,
8904057390324,cow ghee,hatsun,
89002803,Biscotti regina,Palermo,
8906011410079,Jeera udad papad,Ganesh,
8904173504872,Natura RAMSONS,Unknown Brand,"roomspray
my"
8908001017220,Cornitos Nacho Crisps Barbeque,,
8906005183330,Jaggery Powder,,
8904146967277,Traditional basmati rice,,
8904064627697,Nandhi applam,,
8901030674570,Brooke Bond Red Label Natural Care Flavoured Tea,Brooke Bond,
8904063281265,Pudina Paratha,Haldiram's,
8901155420311,Methi matar - gits ready meals,,
8908002777239,Health mix drink powder,Brawn health care,
8901939121953,Riz rouge,,
8901595852352,DARK SAUCE,,
8906069402644,Veeba eggless mayonnaise 250 g,Veeba,
8906068800038,кюпен юниор,,
8901207019036,Coconut oil,,
8901552000857,Carrot pickle,Ashoka,
8901552016124,Jumbo Punjabi Samosa,Ashoka,
8901522001648,Blenders  Pride,,
8901262201780,Masala butter milk,Amul,
8901542001642,Glucond orange 450g,,
8908001017114,Tomato Mexicana,,
8901063405011,Britannia Cow's ghee,Britannia,
8901058855845,Lactogen 2,Nestlé,
8901552025102,Punjabi Tandoori Paste,truly Indian,
8901414000230,Kashmiri Mixture,,
8908000870048,Plain Khakhra,,
8904063254597,Tea time khari,Haldiram's,
8901030779282,Green tea honey lemon 25 Tea Bags,Lipton,
8901030646201,Bru Green Lable,Bru,
8901414001879,Soan papdi,,
8904358701195,Sesame oil,,
8904076000044,pure ghe e,,
8906027713935,Lassi,,
8904063230027,Dal biji,Haldiram's,
8901262071161,Tanzania chocolat noir,Amul,
8906001053620,Ginger Paste,,
8909509283339,Kinder CereAlé - Kinder,Kinder,
8901712341028,Wild rose green tea,,
8901063092433,Good day cookies,britannia,
8908008374241,Triphala,,
8908012498148,Pure mustard old,,
8901393017373,Alpenliebe POp,,
8906001055242,Garlic pickle,,
8903363002556,mango merry,coco- cola,
8906033743230,Mc vities oat cookie,McVitie's,
8904063253804,Punjabi tadka,Haldiram's,
8901393017281,Chupa Chups Sour bites,,rh-30
8901233024233,Cadbury Dairy Milk Oreo 60Gr,Cadbury,rh-30
8904281501602,Lite lemon bhel mixture,,
8901777522127,Masala Fries,,
8901777412749,Naan Garlic Butter,,
8905060150905,Gur rusks,,
8907592000598,Organic Arhar Dal,Elworld,
8904110301243,Chips banane épicées,Kwality market,
8901058842142,a+ slim,Nestle,skimmed milk
8906005503268,Bikaji,,
8901719116063,Monaco,Parle,
8904064648852,sesame oil,,
8906005625779,Mixture ball,,
8901058869088,Nouille masala,Nestle,
8901796000101,oil,,
8901052087624,Tatly green tean Lemon & Honey,Tata,
8906074830067,Osamania biscuits,,
8904063210456,Fresh Paner,Haldiram's,
8909228229632,Excellence 85°/° cacao,Lindt,
8902080000845,Guava delight,Tropicana,
8906010363260,Pure Ghee,Unknown Brand,
8901552014441,Ashoka Carrot Pickle Olive Oil,Ashoka,
8904067706955,Peanut Brittle,,
8908002192032,enduta mass,fssai,
8901552012539,Mixed Pickle,Ashoka,
8901725113490,sunfe,,
8901499006936,Kellogg's Chocos,Kellogg's,
8906067023001,"High Calorie Gainer, Chocolate Flavour",Muscleblaze,
8901155414310,Gits Vegetable Biryani Heat & Eat,,
8904064610347,Groundnut oil,,
8901047011108,Riz,,
8904051323014,Hot mixture,,
8905454464434,Wafer Rolls,,
8904063210975,Phulka roti,Haldiram's,
8901662024224,suhana,,
8906016420233,Sesame Balls,,
8901393017106,Chupa chups butes,Chupa Chups,
8904004404715,Chatpata Dal,Haldiram's,
8904150501634,Butter Milk Pancake Mix,Betty Crocker,
8901848020378,Rasna fruit plus,,
8908012566021,Raisins blancs,,
8901552025065,Kashmir Masala Paste,Truly Indian,
8906009993423,plum pudding cake,,
8908010270005,Golden corn,,
8906012890177,Rose milk shake mix powder,,
8904109470066,Amla Murabba,,
8901399006715,Santoor 4*75g,Santoor,
8901207025365,Honey,Dabur,honey (100%)
8901042954615,Idli Reis Frühstück,,
8904004400267,Haldiram's Punjabi Tadka,Haldiram's,
8901001555600,Norma curry paste,,
8904063281777,"Mutter Kachori, 8 pieces",Haldiram's,
8904004402216,Haldiram Phulhari chiwda@5 Case 300 str12*25,Haldiram,apple
8904057397101,Hatsun Curd,Hatsun,
8901747002093,Wagh Bakri Spiced Tea 250 GM,,
8900035002500,Nodini zuccherati con mandorle,,
8907392008176,Organic Amla Juice,,
8906081381750,Tamarind Paste,,
8906032014843,mahahkosh,,
8901747000433,Wagh Bakari,wagh bakri,
8901030518591,BROWN POLSON CORN STARCH,Brown & polson,cornflour
8901037033448,Girnar Instant Coffee Premix,Girnar,
8901537061019,Basmati Rice,Daawat Devaya,basmati rice
89045763,Fette croccanti,Schar,
8904043552088,cake,modern,
8901207018572,Green mango,,
8904042316360,Custard Powder,,
8906059638503,Greek yogurt smoothie,,
8906021923750,عسل,,
8901047040320,BASMATI RICE,,
8904355300131,Crunchy appetite with a touch and aroma of coming seeds,,
89067239,Rillettes maquereau,,
8908007811068,Moong Dal,"Sipani,Sipani's Bikaner",
8901552014489,Green Pees Paratha,Ashoka,
8904063214454,classic nut cracker,"haldiran, Haldiram's",
8906021927710,Pure honey,,
8901719116971,Milano,,
8901052022564,Tata tea premium,,
8901512141804,peanut butter,sundrop,
8906032011019,Nutrela Soya chunks  220gm,Nutrela,defatted soy
8904063255006,Punjabi samosa,Haldiram's,
8901552007641,Bhindi,Ashoka,
8901037024576,Chai from india,,
8906046931860,Ronfit forte,,
8906102812126,mednext,esomed-40,médicament
8901262090414,amulya dairy whitener,amul,
8904209307002,Traditional Jaffna Curry Powder,Aachi,
8901552005050,Palak Paneer,Ashoka,
8901207027529,Real juice Litchi,,
8901972057493,danish style butter cookies,,
8909550502847,Nesquik,Nestlé,
8906013420786,Clear drinking water,clear,water
8904304338109,Feuilles de moringa bio,,
8901058890631,Maggi 2-Minute Noodles 420g,Maggi,
8909500310447,Nutella biscuit,Nutella,
8904082785034,Farali Chevda,,
8904049652126,Riz basmati,Alishaan,
89009109,Ispaghul,Grace,
8901155133310,Gits nylon khaman,,
8902379100058,Raw shrimp,,
8901571001361,Horlicks,,
8906070132639,Khari Shing,,
8901414000438,Navratan mixture 1 kg,Bikano,
8908004741979,100% Pure Silver Leaves,,
8904188602921,Phool makhana,Saurbhi,
8904341100639,Kitchen dip,Kitchen Dip,
8901552025331,Tamarind and date chutney,Truly Indian,
8904063200952,Khatta Meetha,Haldiram's,
8908000713628,Soya chunks,24 carats,
8906013030039,X-press istan Noodles,,
8906074824981,Pista Soan Papdi - Mithai,,
8904405700171,Panino Bakes Pizza Base,Panino Bakes,
8908004944578,tortilla,,
8906021072007,Peanut butter,,
8901030083037,Red Label Tea,Brooke Bond,
8904051326558,Bombay Mixture,,
8908000861671,Gopal sing bhujiya,,
8908006223039,Opera Mag,,
8901155106215,Gits Khatta Dhokla Mix,,
8906002730216,Instant Idli Mix,,
8904063209788,Madala Vada,Haldiram's,
8906026597192,Khakhra,,
8904064627994,Mango pickle,,
8901262071680,Hazelnut Chocolate,Amul,
8906119090135,Candilicious Lollipops,,
8908003050461,Basmati Rice,,
8904208600029,Meal mix paneer makhanwala,,
8906021128889,dhall rice powder,Aachi,
8907003505063,Madras mixture,,
8906097400087,Zoff red chilli 🌶 POWDER 10rs,,
8904057300491,arun,,
8904082785249,Soya sticks,,
8904250612957,Powder,,
8901014004133,Italiano cup noodles,indo nissin,
8906009200538,Oat Granola,Express FOODS,
8904063259264,Veg shami kebab - 12 pieces,Haldiram's,
8905694516405,Mantequilla de maní,La Sabrocita,
8901207024351,Hajmola,,
8901138110710,Liv.52,Himalaya,
8904063257376,Schezwan Chilli Paneer,Haldiram's,
8907931002580,Straws tomato basil,,
89063866,Diet Coke,Sainsbury’s,
8907931002801,Garden veggies Wavy Chips,,
8901030094781,Red label,Brooke Bond,
8906030061528,Olives noires,,
8903662010146,FESTIVA Basmati Rice,Dunar,
8906118210169,Jasmine rice,,
8906001210146,Sarson ka saag,Sohna,
8901014002061,Masala Noodles,,
8908015845017,Gokul,,
8906077360189,Farali Khakhra,,
8906005501158,Coated peanut nut cracker,Bikaji,
8900042002500,Nodini zuccherati con mandorle,,
8904116600043,teinture,AMAR'S,
8901394028019,Pani Puri,,
8904003900928,Soya rich,,soya badi
8904214502614,Sing Bhujia,Raju,
8901030810244,Biscoot,,
8908003032139,Kitchen treasures Turmeric Powder,Kitchen treasures,
8904083519447,Turmeric Powder,,
8901030809415,Malt,,
8901205030033,Cardamom Masala Chai,,
8901552013390,Mabooj,,
8904150502792,Nature valley minis biscuits oats and honey,Unknown Brand,
8908009918567,Hait vitamins,,
8906021123815,Sauce piquante,,
8901296054857,ivermectol,,
8901552025263,Coriander chutney,Truly Indian,
8906001384052,Mini Cracker,,
8906023940434,Ripe Mango Fruit Syrup,,
8904006251157,Africa choice,beltexco,
8902188812050,Hing,Ramdev,
8900272000239,Biscotti Senzaniente,,
8904071701700,Roasted Chickpeas Hing Jeera,,
8901030559259,Thai veg soup,Knorr,
8901688938086,Vegetable burget patty,,
8908004149263,Manha,,
8904004412543,lite cornflakes,"haldiram, Haldiram's",
8904188607643,Chickpeas Tyson,Katoomba,
8904035416442,joy,joy,
8908006217083,Millet pancake,,
8904063256874,Paneer onion paratha,Haldiram's,
8906081381941,Banana Chips,,
8904063209733,Rajma Raseela,Haldiram's,
8906046141047,Himilayan Black Salt,,
8901537077898,Premium snack,,
8904109449239,Patanjali Honey,Patanjali,honey(100%)
8906021121996,Aachi Lemon Rice Powder 200G,,
8901001555778,Curry Paste Hot,,
8904132910997,kaffe Instant Blend 200g pp,,
8904064621442,Madras plain pappad,,
8901747003694,Masala Chai Tea Bags,Wagh Bakri,
8904063206398,Baby murukku,Haldiram's,
8904304337485,Infusion tulsi maaya,,
8901719119187,parle-G,parle,
8902050003067,Potato Chiwada,,
8901277008404,Park avenue,,
8904064616707,Frozen Malabar Parotha,,
8904063230195,Bhelpuri,Haldiram's,
8908000462090,Amla Candy,,
8909099903570,Oro fibrattiva,Saiwa,
8901764175022,Maaza Refresh Mango Drink,"Coca cola, Maaza",
8904300200004,Mario instant noodles,,
8907931002955,Garden veggie chips,,
8904004441888,Mutter paneer,Haldiram's,
8902167000409,MDH Pani Puri Masala,,
8901063151741,Marie gold,Britannia,
8902167001048,Shahi Paneer Masala,,
8904043902760,Garam Masala,,
8904063211088,Punjabi samosa,Haldiram's,
8906019962747,MilkVita,,
8907316004659,Spice mix for egg curry,,
8901262200233,Amul Masti Spiced Buttermilk,GCMMF,"Buttermilk, water, salt, spices (cumin, ginger, curry leaves, green chilli), iodized salt"
8902579100087,Frooti,,
8904063240255,Navrattan,Haldiram's,
8904335600886,Yoga Bar Steel Cut Oats,,
8904063253941,Fresh Paneer,Haldiram's,
8906008351859,Millet Khichdi,,
8906069402989,veeba ketchup,Veeba,
8904063213686,Dal makhani with rice,Haldiram's,
8904304501077,Mango juice drink,,
8904063206039,Punjabi tadka,Haldiram's,
8904063204585,Whole Wheat Naan,Haldiram's,
8904360200976,Apsara elaichi tea 5rs,,
8906021125437,Masala Vada Mix,Aachi,
8904198805107,Chana Jor Masala,,
8904004416336,kaju butter cookies,haldiram,
8901095900317,Masala Tea,,
8904064664241,Health mix,,
8901304269662,rock salt powder,classic choice,
8901552000970,Hot mango chutney,Ashoka,
8906009991146,Plum Surprise,Elite,
8904063255013,Haldiram Minute Khana,Haldiram's,
8901248101042,Боро Плюс,Хімані,
8904063202413,Minute Khana,Haldiram's,
8906080601750,Paper Boat tasty apple,paper boat,
8906061390352,Farali mixture,Badalia Foods,usuucwijdi
8904063254634,JEERA CRISPY PUFFS,Haldiram's,
8901721000039,Bhujia - Munchy Masti,,
8906070020615,Sharvas butter murukku,,
8908001017558,Nacho chips sweet chilli,Cornitos nacho chips,
8906098790941,Peanut butter crunchy,,
8901042955988,MTR - Dal Fry Fertiggericht 300G,,
8901063165359,Good Day Chocochip Cookies,Britannia,
8904004408720,Moorukulu (Haldiram's),Haldiram's,
8906000593936,Sana,,
8906021071093,Peanut Butter,,
8901414006515,Chana Pataka,,
8901719101038,Parle - G,Parle,
8904004417319,rusky aata toast,haldiram's,
8908006634095,Green Snack Super Stix,Green Snack,
8901552025089,Vindaloo Curry Paste,Truly Indian,
8904063240248,Haldiram Bhujia 1kg,Haldiram's,
8901063025394,Milk. Bikis,Britannia,
8901063151383,Marie Gold,Britannia,
8904063281494,Rasmalai,Haldiram's,
8908015172014,Indiraa Foods Ulava Charu,Indiraa Foods,
8901719102394,Biscuits digestifs nutricrunch,,
8901302097540,Avas 40,Unknown Brand,
8904067705149,Chikki peanut gold,Jabsons,
8904063256812,Medu avada,Minute khana,
8901030717376,Tomato Ketchup,,
8904109469152,Doodh Biscuits,,
8906082523838,Aloe vera juice,,
8901262200172,Amul Lassi 1ltr,Amul,
8904063257468,Paneer onion paratha,Haldiram,
8904124700582,flocons d'avoine,,
8901959021363,Pasta,De Cecco,
8906021121873,Kulambu Chilli Masala,,
8901747002239,Instant Masala Tea,,
8901035053783,Victoria menthe,,
8906008400014,As,,1.500
8906091900224,Jowar puffs,,
8906091900002,Tomato foxnuts,,
8904209305541,Rice idli,Aachi,
8906006720114,Qyno Dates,Lion,
8908014167004,Naagin indian hot sauce,Naagin,
8901058866711,Maggi veg atta noodles 290gm,Maggi,
8904049650009,Riso basmati alishaan,,
8900175003009,Taralli al calzone,,
8907316006400,Mutter paneer tofu,,
8901725112592,Gulab jamun,AAshirvaad,
8901155427310,Rajama masala,,
8906057900060,Masala Century Chicken Masala,,
8906133400590,Vegan Plant Protein Powder,Be Bodywise,
8904064622098,Ponni Boiled Rice,,
8904063281319,Motichoor Ladoo,Haldiram's,
89008294,Munch,nestle,
8901747002215,Green Tea,Wagh Bakri,green tea
8906021511124,dalia,,
8904067709840,Tandoori Roasted Peanuts,Jabsons,
8906009993041,Elite pineapple cake,Elite,
8904063213754,Aloo Pyaz Paratha,Haldiram's,
8906005505453,Bikaji badam laccha,,
8904287001052,Vermicelli,,
8906065902704,Queues de crevettes blanches,,
8906088860401,Current Noodles,,
8901123005960,Lotte Choco Pie Cocoa,,
8901063368033,Cake Choco Chill Gobbles Britannia,Britannia,
8901063362086,Britannia Golddes,Britannia,
8908000861794,Bhakarvadi,,
8906035750373,bhakarwadi,,
8901725192211,bingo,,
8906021126076,Chukku kappi,Aachi,
8901552025188,Mango Chutney,Truly Indian,
8908003545738,Diabliss,,
8901063166059,Treat Buzzy Strawberry,Britannia,
8904043927220,Tata Sampanna Chilli Powder -200g,,
8901023017254,Good night,Unknown Brand,
8904083505914,Organic Urad Dal White Split-500g,24 Mantra,
8904083514091,Organic Masoor Malka-500g,24 Mantra,
8904083505938,Organic Urad White Whole-500g,,
8904083506232,Organic Sattu-500g,24 Mantra Organic,
8906010070861,Ganesh Chana Sattu-500g,Ganesh,
8904083506119,Organic Besan-500g,,
8906010070465,Ganesh Besan-500g,ganesh,
8906010070243,Ganesh Maida-500g,,
8904083506393,Organic Rice Flour-500g,,
8906010070649,Ganesh Suji-200g,,
8906010071042,Ganesh Wheat Dalia-500g,,
8904043926667,Tata Sampann Masoor Whole-500g,,
8904043926025,Tata Sampann Urad Whole-500g,,
8904043926681,Tata Sampann Rajma(Chitra)-500g,,
8901088074865,Saffola Medlmaker Soya Chunks-170g,,
8904104735016,JK Soya Chunks-200g,,
8906010070847,Ganesh Chana Sattu-200g,,
8906010070076,Ganesh Chakki Ata-1Kg,,
8901808000334,WeiKFiELD Freeze ICE Chocolate Flavour,,
8901808000396,WeiKFiELD Freeze ICE Butterscotch Flavour,,
89003138,Dabur hingoli,,
8901396323303,ديتول,,
8906009804705,Biscuits,,
8906027036003,Sawai red chilli garlic chutney,Sawai,
8904063200723,HALDIRAM'S Mint lachha,Haldiram's,
8904063213815,Vada Pav,Haldiram's,
8901747000440,Premium Assam Tea,Wagh Bakri,black tea
8901063162297,marie gold,Britannia Industries Ltd,
8901399336010,soft touch 860ml,,
8901435014056,HAND SHIELD,,
8901058875744,munch nuts,nestle,
8906084790320,Beardo 50ml 2/22,,
8901088145183,set wet ref 120ml 2/22,,
8904132918450,Get real talk 300g 2/22,,
8904132919556,Get Real 300g talk 2/22,,
8904132918467,Get real 100g 2/22,,
8908016071101,iu,j,
8907316003911,Hot Garlic Sauce,,
8901725114848,Marie light,Sunfeast,
8901030831713,fruit jam,kissan,
8901552021326,Saag aloo,,
8904051326725,Sesame sweet ball,,
8909001233412,Amla Indian Gooseberry,,
8904006302880,secret temp deo 150 ml,,
8904013000007,Sat-isabgol Psyllium husk,,
8901063151574,Toastea Milk Rusk,Britannia,
8906009072104,Cookies,,
8901234100424,Kashmiri mukhwas,,
8904132916975,Living,Unknown Brand,
8901414002494,bikano bhujia,Bikano,
8906005729897,Chill Coriander Khakhara,,
8901440212010,Bombay biryani,,
8901491982870,SHAREZ CrisP HERB & ONION FLAVOUR,Lay's,
8906081380227,Tamarind,,
8901571009596,Horlicks powder drink,,
8902440003240,Betterave rouges,,
8901063165823,50-50 Time Pass,,
8901810003729,Attracts Money - 20 Stick Hex Tube - Hem Incense,,
8906016011813,Indian kishmish,,
8904063200532,spicy banana chips,Haldiram's,
8904064616523,Semoule,,
8904064661905,Poudre de canne à sucre brun,,
8906037692046,Red food colouring,,
8901140835939,Datteri Medjoul,,
8909509926731,Kinder Sorpresa,Kinder,
8901725101435,JALIMALS,,
8904022900084,Brown Bread,,
8904063210678,Roasted Crushed Peanuts,Haldiram's,
8901155115415,Dahi Vada Mix,,
8907931000449,Garden Veggie Straws,,
8906057810062,Spicy plantain chips,,
8904011502541,Jaggery powder,Double Horse,sugar cane
8906000593882,Basmati Rice,,
8906014085724,semia payasam mix,,
8902647340025,Hata orange,,
8901058893434,special chicken 65 masala,Noodles,
8901491365666,Kurkure Puffcorn,Kurkure,
8901832202506,Annapurna ghee 250ml,,
8904063210241,Naan  Nature,Haldiram’s,
8901552025492,Garam Masala Gewürze,,
8904063213167,Farali Mix Plain,Haldiram's,
8904147434709,Citrus acid (Limbu Phool),,
8904340700328,Pulse Kachcha aam,Unknown Brand,
8906049492634,Thoughtful Organic Whole Wheat,Namdharis,whole wheat
8904192211553,Thoughtful Kabuki Channa,Namdharis,kabuli chana
8904063209474,Besan Paratha,,
8904063203090,Magic Makhana,,
8901138834210,Ashwagandha,,
8901777182093,Coconut chutney,,
8901491001052,Lays salted Chips 30,Lay's,
8901262010153,amul butter,Amul,
8901246003508,Eggless Mayonnaise,Del Monte,
8904109470127,Amla Candy,,
8906079340394,Owreal om shanti,,
8906087450979,Kodo Millet Vermicelli,,
8901491001069,India’s Magic Masala 30,Lay's,
8901725107659,Rich Butter Cookies,Moms magic,
8901786341009,Everest Dry Ginger Powder Carton,,
8906024650455,Oats,Turbo,
8901030516276,Knorr Mixed Vegtable soup,Knorr,
8901414043411,Bikano Diet Chidwa,,
8907316003904,Hot and Sweet Tomato Sauce,,
8901810010031,lavender incense sticks,lavender,
8908004362419,Pattumallay,,
8901030733543,Loading…,,
8904190108091,Cuor di forno,,
8901414018204,Ramadana chikki,,
8901414000360,Moong Dal,Bikano,
8904063215383,Peanut gajjak,Haldiram's,
8901725121181,Whole Wheat Flour,Aashirvaad,whole wheat
8901792100157,Rice Flakes Red,,
8906081381224,Telugu Mixed Vegetable Pickle,,
8908001105736,Sea salt grinder,Clover Valley,sea salt.
8908004791837,Simba lagar,,
8901155118218,Uttapam,,
8901058117783,Maggi Hot & Sweet Tomato Chilli Sauce,Maggi,
8901063166042,Treat,Britannia,
8906053840841,Bhel,Kalyan,
8904304713937,Mixed pickle,,
8908000339347,شاي كرك,,
8904063202260,Paneer Onion Paratha,Haldirams,
8901088200721,Coconut oil,,
8901063151338,Good Day,Britannia,
8901560230314,NiLoNs,NiLoNs,
8904360200945,Apsara elaichi 10rs,,
8908001105705,seasoned salt,,
8908000729100,Jeera soda,,
8906035030758,freedom kachi ghani mustard oil,"no,Gemini edibles abd fats india private limited",
8901030825682,Horlicks,,
8904063209726,Dilli style Choley,Haldiram's,
8904063210951,Tandoori Garlic Naan,Haldiram's,
8904018603289,Chia Cinnamon mix,,
8904063215390,Sugar rewari,Haldiram's,
8906014080071,Chemba Puttu Podi,,
8906134530029,Coconut Milk,Only Earth,
8904063252814,Samosa,,
8904063281166,Muli Paratha,Haldiram's,
8902061154857,a pen,,
8901155110212,Rava dosa,,
8901052031467,Kanan Devan,,
8901888004154,Hajmola Anardana,,
8906019564019,bites chana dal,,
8906078263540,Butter cookies,,
8904063230034,Haldiram’s,,
8901155492622,Masala aux pois chiches,,
8901719902482,Rusk,Parle,
8901138501679,bacopa,,
8901242289104,Hot and sour vegetable soup,,
8901719907074,Parle-G,Parle,
8901764125157,minute maid Guava juice 1ltr,,
8908010856001,goa dairy,fssai,
8901779324101,saras,,
8906012240323,Methi pachak,,
8906018140252,Spring Roll Sheets,,
8906002006236,Dr. Oetker Peanut Butter,Dr. Oetker,
8906000210772,Pancake Mix,,
8904304365877,Coolberg Non Alcoholic Beer,,
8906059635106,Epigamia Greek Yogurt Vanilla Bean,Epigami,
8901777030660,Duran,Vadilal,
8908000295186,Mukharochak chira bhaja,mukharochak,
8906068352247,Gulkand,,
8901262010030,amul butter,Amul,
8901047009051,Kohinoor,,basmati rice
8904082785652,Dry Methi Bhakri,,
8904004418910,Takatak,Haldiram's,
8906002525430,ZKhusboo,,
8906734518229,kerala mixture,,
8901058893229,Maggi Sauce,Maggi,
8904083517719,Peanut Brittle (Chikki),,
8901058900187,Nestle,Maggi,
8908001105804,Hickory smoked bacon,,
8906005505576,Dahi Kebab,,
8904063259509,Kadhai paneer,Haldiram's,
8906008350043,HEALTH MIX,Manna,
8906012845764,بودرة أطفال حماية,KODOMI,
8904073704945,Muskatblütenpulver,Kings,
8904064672802,Frozen home made chappathi,,
8907316004185,Gherkins,,
8901389200031,Rajnigandha,,
8906032018827,Soya Chunks,Nutrela,
8901207032615,Real mango 2ltr,,
8904209317148,Kasmiri Curry Paste,,
8901552021111,Potato Paneer Schezwan Kathi Roll,Ashoka,
8901552017831,Chatapata Aloo Kathi Roll,Ashoka,
8904082780206,Khatta Dhokla Mix,,
8906010505134,Balaji Namkeen,,
8906010505424,Chataka Pataka flaming hot,Balaji,
8906010505127,Chataka Pataka Masala Masti,Balaji,
8906078260013,Golden Bytes Cashew Cookie,,
8901548310038,dark chocolate cocorich,,
8906005503336,Chat Papdi,,
8908012203216,Fittr,,
8906097332586,Desi Rusk,,
8908001705042,Aam panna,,
8908009186713,olena womans protein & superfoods,olena,
8904084900039,Chele di granchio,,
8904256710756,Frozen Green Peas,Fresho,
8901777872031,Malai Kulfi,,
8904063211408,Fried rice with manchurian,Haldiram's,
8901207005671,Dabur Chyawanprash,Dabur,
8908009918406,Collagen,,
8901052005468,Marsala Chai,,
8901548310021,Dark chocolate,,
8901030824777,Sweet corn vegetable soup,Knorr,
8901030516580,Chicken delite soup,Knorr,
8902579000318,The still apple drink,,
8906006171503,Oyes,,
8901491001168,Masala munch,,
8902434111111,Choco bar,,
8906052051095,Roasted Peanuts,Diamond,
8908015737008,Banana Chips,Ela,
8901042956718,Sambar rice,,
8904004400229,Soya Sticks,Haldiram's,
8904104705040,jk poppy seeds,jk,
8908002180367,Tim Tim walnut,"kashmir walnut group,Tim Tim",
8906094490180,Oats noodles,,
8904250701521,Palak Paneer,Kohinoor,
8906090572842,Potato Stix,Too Yum!,
8901552006262,ALOO PARATHA,Ashoka,
8904063257086,Bhel puri,Haldiram's,
8903023283769,Mixed pickle,,
8901725113735,Sunfeast Caker Layered with Butterscotch Crème,Sunfeast,
8904064628038,Mango Thokku Pickle,,
8906094760153,Max pickle,max,
8904063230188,Chana Jor Garam,Haldiram's,
8904109466199,Indian Gooseberry Tangy Candy,,
8906007280952,Fortune premium kachi ghani pure mustard oil,adani Wilmar,mustard oil
8906013031159,Noodle snack,Tasty treat,
8906036844187,Sesame oil,,
8901155125117,Phirni,,
8904147435638,Surti Mamra,,
8906090571241,Multigrain Chips,Too Yumm,
8906040374175,RIZ basmati,,
8901414000636,Crunchy Munchy masala masti,,
8906024070246,Aloe vera,,
8906000212332,Atta multi grain,,
8904004403565,Roasted whole grain seasoned with spices chana cracker,Haldiram's,
8904004406382,Agra taj petha,,
8906081387110,Little millet idli rava,,
8901751801804,Om Shanti,,
8904245201029,Raddish Oil,Flora,
8906057900268,Momo masala,,
8904063252883,Jumbo Aloo Tikki,Haldiram's,
8901030081347,Mixed fruit spread,,
8906029400208,Organic moong dhal,,
8906021925259,شهد.     SHAHD,,
8906041450168,Flocons de riz blanc/White rice flakes,,
8906014086516,Brahmins palakkadan vadi matta rice,Brahmins,
8904017013133,Roasted Chana with Skin,,
8901030779688,Lipton GREEN TEA Pure &Light,Lipton,
8904359401841,Banana chips Peri-Peri,Ol’tymes,
8904063203113,Magic Makhana,,
8908013746040,Organic Mojito,,
8906023417745,Tadka chaach,,
8904063281173,Mix Veg Paratha,Haldiram's,
8906068220003,Bhakri,Suraj's,
8906041450311,Gingelly oil,,
8904083512400,Whole wheat flour,,
8906074441164,TAIYO,Unknown Brand,
8904067710990,Tandoori Roasted Chana (Chick Peas),Jabsons,
8908014426330,Laccha paratha,,
8906011732256,aaaa,,fk
8906145010220,Queues de crevettes,,
8904063211064,Cocktail Samosa,Haldiram's,
8901844170817,Jayamani sweet,,
8901552014137,Masala Vegetable Burger Pattice,Ashoka,
8901262040051,Shrikhand Elaichi,Amul,
8906015880038,HAKKA NOODLES,,
8901001555266,Fruit nut chutney,Mida\'s,
8906022370843,Cashews,,
8906030460239,Brown Bread,Moreish,
8906135070197,Finger millet noodles,,
8904067702520,Peanuts,,
8904067709857,Roasted peanuts,Jabsons,
8904064617513,Rice flour,Trs,
8904209301017,Aachi diet dosa,,
8904064615144,Besan flour,Annam,
8904209314093,Uttappam mix,Aachi,
8904064643505,Kuthiraivali,Annam,
8904064643499,Thinai,Annam,
8908012429128,Door dhal,Adhava,
8906009700021,Kesar Mango Pulp,,
8901939121946,Jaggery powder,Amutha,
8901042962535,MTR Vermicelli440G,MTR,
8901155723122,plantain strips,,
8904304500223,Sweet lime chutney,,
8906000211533,Chakki atta,,
8901719109874,Loading…,,
8902167001086,Karahi Gosht masala,,
8901155726123,Plantain strips Tomato,,
8901030551956,Custard powder vanilla,Brown&Polson,
8908000385016,Banana chips,,
8901155725126,Plantain strips,,
8908003972565,Rush,,
8901155422315,Gits Ready Meals Punjabi Chhole 300G,,
8901155724129,Plantain Strips,,
8906009077802,Shortbread,Unibic,
8907430002814,Trio de GP,,
8901499007971,Chocos 675 g 2 ta,Kellogg's,
8906014085052,Rasam powder,,
8906046471731,Pepe Wafeez Chocolate flavoured wafer,Pepe,
8904178401053,calrich,,
8901552022231,Curry leaves,Ashoka,
8906008990416,colorant,,
8902852229115,Kombucha Cranberry,,
8906089700485,Black Pepper Coarse organic,,
8904004403664,Tasty Nuts,Haldiram's,
8904063257253,Pani Puri,Haldiram's,
8906080502507,dilshoda,15,
8906021921572,Miel,,
8908005459187,Quinoa Muesli - Chocolate and Banana,Nourish You,
8901764082252,Kinley water,Kinley,
8904063230157,Haldiram's Kaju Mix 400 GM,Haldiram's,
8901491001090,Doritos,Doritos,
8904063230089,Kashmiri mixture,Haldiram's,
8904209300645,Garlic Pickle,Aachi,
8902049000053,Mango pickle,,
8906046143997,Whole Black Eyed Peas,,
8906009512327,Katta sambol,,
8908200001501,Loading…,FOUR SEASON,roasted gram
8908015394850,Apis crunchy peanut butter,Unknown Brand,
8901304233717,Ginger Beer non-alcoholic,,
8906071881109,Spicy BEATSS,,
8901030766381,bluetooth speaker,,
8901719906053,gold orange,Parle,
8901716110620,mahabub Hasan,,
8902979029896,Yellow Banana Chips,,
8901719912290,Choco rings,Parle,
8906096323233,Mélange Tikha Mitha,,
8903285074860,hinbi,n,
8906031053270,P40 DSR,,
8906098611253,Loading…,,
8901786271009,EVEREST Jaljira Powder,,
8904209303431,vathakulabumu paste,,
8901063342033,britannia bread,Britannia,
8904221699291,Protein powder,ASITIS,
8904027306287,rahul,,jgji
8906061492742,Lebanese Falafel,,
8904067706757,Roasted peanuts,,
8906020491939,Milk Cake,Lal,
8906096323240,Aloo Bhujia,,
8904103309508,Prega News Mankind,MANKIND,
8900035000872,Gamberi zucchine e pomodori,,
8906137670005,Slim n Detox Green Tea,,
8901262151306,Kool cafe,Amul,
8901719117183,Hide & Seek,Parle,
8906001052074,Chicken moghlai,,
8901552020176,Jamun,Ashoka,
8908014774578,Cheese momos,,
8904063253200,Plain Bhujia,Hadrian’s,
8904079902048,SULTAN,,
8908000695023,Trauben-Mix kernlos,PC Foods,
8904083524861,Palm jaggery powder,,
8901747002475,3 in 1 Instant Tea,,
8904063281180,Onion Parantha,Haldiram's,
8902102197430,uday Das,,
8906014762410,tel,,
8901030866876,si,,
8906140970871,High protein paneer,Punjab Sindh,
8906001056393,Pulpa mango,Mother's Recipe,
8901777217665,Chikoo slices,Vadilal,
8901747002444,Instant Ginger Tea,,
8901537025042,Super Basmati Rice,,
8908013421244,Al-Azawi Dates,Al-Azawi,
8904064615953,Sona Masoori Reis,Annam,reis
8908013252152,Granola,Fit flex,
8901030404566,Brooke Bond 3roses Top Star Tea 250G,,
8901928023701,Bisk Fram Eat-Fit Biscuts,,
8906076131698,Sourdough. Pav,Bakers dozen,
8907525040110,Sprite,,
8904063212504,Haldiram Bhujia Flour Noodles,,
8906019564361,Real namkeen,,
8906069400657,Veeba Sriracha,Veeba,"Chilli, sugar, water, vinegar, iodized salt, garlic, thickener, preservative (INS 211)"
8902080364053,Mountain Dew,Pepsico,
8904083100485,Chicken breast,Zorabian,
8904109493058,Chyawanprash,,
8901491001038,Lays Spanish Tomato Tango,Lay's,
8906068762947,peanut butter,,
8901088116275,meena,meena,
8908000369023,namak,Kristal,
8902335012128,Marie Grand,,
8906070215738,Miel,,
8901058872880,Masala vag atta noodles,Nestlé,
8906088694501,Sei White Tea,Teamonk,
8901440001188,Lait de coco en Poudre coconut milk powder,,
8901719100864,Kismi Toffee,Parle,
8902080364091,Mountain Dew,PepsiCo,
8901063325098,Britannia Toastea,Britannia,
8901552022484,Butter Chicken Sauce,Ashoka,
8904063256775,Jumbo punjabi Samosa,Haldiram's,
8906142021038,Plix  fit and slim smoothie chocolate,Plix,
8901014000159,nissin,Nissin,
8901207028007,Masala pomegranate,,
8902080000180,Nimbooz Masala Soda,,
8901242107118,Roasted Vermicelli,,
8904063211392,Fried Rice with Chilli Paneer,Haldiram,
8901063019140,Little hearts,Britannia,
8901153008757,Karmiq kaju,,
8901648013624,Lassi,,
8908006135431,Sirop de rose,,
8906128670380,Protein,Food strong,
8901153008764,Karmiq 500g,,
8908016314727,rok n roll,,
8901063151543,Pure Magic Chocolush,Britannia,
8901725115654,Sunfeast yippee 70g,Sunfeast,
8901725181673,Sunfeast yippee 280g,Sunfeast,
8901721000022,Prabhuji bhujia 200gm,Prabhuji,
8901153007347,Tasty treat 600g,,
8906009070759,Milk Cookies,Unibic,
8906009079813,Choco Chip Cookies,Unibic,
8906009070636,Fruit & Nut Cookies,Unibic,
8901153005442,Tasty treat butter cookies 300g,,
8906001720171,VRS FOODS LTD,,
8906069400640,Peri Peri sauce,Veeba,
8900000002450,Raisins blanc,Unknown Brand,
8906021927703,عسل,,
8901207004889,Chyawanprash,Dabur,
8906002487370,Boomer Jelly,,
8906040980673,natural sugar,,
8901207032158,Litchi,Real,
8901095900065,Society masala flavour tea,,
8904296908557,Rice crisps,,
8906046850697,Mount Blue Bread Sticks,Mount Blue,
8906091900200,Jowar Puffs Cheese & Herbs,Roast Foods,
8901030829833,ashish,,
8908015044045,aman kumar,hgebgf,
8908000274761,Yellow banana chips,,
8906008350470,Oats,Manna,
8908005846024,soail sk,bengal tigar,
8906067026996,Protein Peanut Butter,"MB,Muscleblaze",
8908001927116,Tofu Gold,Bio Nutrients Pure Diet,
8906068762954,Peanut butter,Unknown Brand,
8906019564279,Farali Chiwda Mitha,,
89009550,hii b di KH do,fhxyiyc,
8906381919097,Salted Caramel,Häagen-Dazs,
8901052004386,tata Gold,,
8906081383990,Cut Mango Pickle,,
8901030865237,Tomato Ketchup,kissan,
8905269007918,Gur rusk,,
8901063363281,Roll Yo!,Britannia,
8906046850703,Mount Blue Bread Sticks Whole Wheat Sesame,Mount Blue,
8901499009722,Crunchy Granola Almonds and Cranberries,Kellogg’s,
8901764022708,Drink,8901764022708,
8906005504869,Chowpati bhel,Bikaji,
8901030887123,Orange Squash,,
8908003972312,Mario Intant noodles,,
8906090575546,K-Bomv Ramen,Too Yum,
8906133407261,Sea Moss Gummies,Root Labs,
8908014648886,Pickled Gherkins,,
8901786011001,Kesari Milk Masala,,
8901725132682,Dark fantasy,Sunfeast,
8901779900534,Butter Chicken Curry Gravy Mix,,
8901719117060,Rol a cola,Parle,
8904296903101,Lemon pickle,,
8904296903071,Tomato pickle,,
8902080011032,Apple Juice,Tropicana,
8908003452340,Zoopy Instant Noodles,,
8901764032608,sprite,Sprite,
8901058891447,Maagi,,
8901689705496,Armella's Strawberry Jam,,
8904004443578,Wrappo,,
8906008440171,Murena gajak 500g,Mahalaxmi,
8901725119508,Chat at matar,Bingo,
8906012890498,Falooda,,
8906006310131,Jeera Masala,,
8903285074280,zaid,7985,
8901088141734,Cold Pressed Virgin Coconut Oil,,
8901063146334,Winkin Cow,Britannia,
8908005077084,Honey Bell vanilla cake,,
8906019567034,real bites Pani puri masala,,
8904063204141,Poha,Haldiram's,
8905269000018,Gur rusk,,
8906005621764,Coconut Oil,,
8905863064416,Krombachers Fassbrause Zitrone,Krombacher,
8901063151260,Tiger biscuit,Britannia,
8908017139176,Nutrela,,
8900027003003,Friabile al finocchio,,
8906001055082,Cit mango pickle,Mother Recipe,
8903662000451,suhel,"suhel,9670185097",
8901738804002,Punjabi mango pickles,,
8904063211514,Feni,Haldiram's,
8902167001000,MDH Baingan Bhartaa Masala,,
8901047000003,Diamond XXL Basmati Rice,,
8906015540147,Redchilli sauce,,
8901138834913,Homalaya,,
8906021465359,Peanut Butter We Natural,,
8906021129176,Gobi Manchurian mix,,
8904004401554,Masala Sev Murmura,Haldiram's,
8902346050072,Enerzal,,
8901262060004,Cheese spread,Amul,
8901414002760,Premium Jeera Cookies,,
8901233034201,Daily Milk,Cadbury,
8904071704541,Loading…,,
8908000861336,Sago ball,Gopal,
8902080205028,Mirinda 300ml can,mirinda,
8902710100471,Steel cut oats,,
8901063029170,Treat Jimjam,Britannia,
8908010900070,Peanut Butter,Pintola,peanuts (100%)
8901242604907,Chili Powder,,
8901030080319,Bru original,,
8901058900194,2 minute noodle,Maggi,
8901117252486,Maxirich Multivitamin,Nutrraceutical,
8906057902941,Choco’s,,
8901719904561,Parle-G,Parle,
8904063252821,Cocktail Samosa,,
8906083750042,Rose Food Flavor,,
8901786031009,Pani Puri Masala,Everest,
8906021123587,Tamarind rice Paste,,
8901030406256,tea,Red label tea,
8901095900089,tea masala,society Indian leaf tea masala,
8901138815264,green tea,tea,
8904550067938,Amino EEA Xplode Power,,
8901393018868,Center Fresh xtra fresh,,
8901984912940,brown bread,kwality,
8904083303039,Curd,,
8906021922050,Himalaya Honey,Apis,
8904063201942,Cocktail Samosa,Haldiram’s minute khana,
8901725192327,Potato chips,,
8906002482054,Snikers value pack of 3 45g each,,
8901499010452,Kellogg's muesli crunchy fruit,Kellogg's,
8901058891409,2 Minute Noodles,Maggi,
8904004403657,Indian snacks Tasty Nuts,,
8901063160378,Pure Magic,,
8901058893083,Rich Tomato Ketchup,Maggi,
8901030796258,meat,,2
8902579131005,Appy Fizz,,
8901595963324,Schezwan instant noodles,,
8906040910595,Himalayan salt,,
8906112660182,Whole oatmeal,True Elements,
8906009804675,Milk Blast,,
8901725113544,Glouse,Sunfeast,
8901063166318,Nutri choice digestive biscuits,Britannia,
8901560270228,Garlic Paste,,
8906010505394,Masala Sev Mumra,,
8902579000967,Smoodh,,
8901233023748,"Cadbury Bournvita Original Refill,500G",Cadbury,
8901042970066,Roasted Vermicelli,,
8906001210382,Mango Pickle,,
8906005670359,Butter Chakli,Charliee,
8904071700376,Farali potato Chivda,,
8906002770182,cothas vanila milkshake,,
8904071306752,Jaggery Pesi Gur,,
8901414003279,Tasty Spicy coated peanuts 1kg,,
8906040912384,Gluten-free Pink Salt,,
8904109490507,12 FE8 2025,,
8906006721753,Layina Dates,Lion,dates
8908010900056,Peanut butter,Pistols,
8901207039966,Glucose,,
8908013479139,The Whole Truth Bar Cranberry,The Whole Truth,
8906016781129,Desi Ghee,Sifti,milk fat
8901058898705,Koko Krunch,,
8906065793227,Mr noodles,,
8901491990219,Doritos,Doritos,
8901030795817,Horlicks,,
8901792004615,Roasted curry powder,,
8908000391277,Gluten free cake rusk,,
8909790001452,Chanachour,,
8901808000242,Custard powder,,
8901030820014,Juniors Horlicks Vanilla flavour 500g Pet,Horlicks,
8901491981538,Lay’s Chile Limon,Lay’s,
8901725198329,Bingo mad angles,Bingo,
8904083300519,Milky mist butter,,
8904083310129,Milky mist cheese slices,Milky Mist,
8901155115323,Dahi vada,,
8901588100057,Curry powder,,
8904188605892,Saurbhi soya flour,,
89000816,Happydent,Happydent,
8901063151048,Chocolate flavoured waffles,Britannia,
8902049000503,Alphonso Mango slice,,
8904049650580,Riz basmati,Alishaan Superba,
8906075002241,Ajwain pudina,,
8906054210490,Jazzy jeera,,
8904067710914,Roasted Haldi chana,,
8908007167356,Himalayan Pink Salt Roasted Manhana,Makhana Walas,
8906010090081,Cheese spread,,
8901741001115,Aloo TamaInstant White Noodles,wai wai,
8906002082452,Weet,,
8901725000523,yippee noodles,Sunfeast,
8906091240313,Punjabi Mango Pickle,,
8901745101002,pure ghee,,milk fat14
8901030083907,Bru instant coffee 200g,,
8901262030601,Amul cow ghee,Amul,
8904018675910,Red mukhwas,,
8901050085103,Crunchy Peanut Butter,,
8901058898613,Maggi,Maggi,
8908008556692,Cookie man hand pund chocolate cookies,cookie man,
8904043904405,Paneer masala,,
8908005312536,French butter & pink salt popcorn,,
8901725112653,Sunfeast Dark Fantasy Choco Nut Fills,sunfest,
8906069401111,Veeba  peanut butter,Veeba,
8906069411721,Fit mix,Jewel farmer,
8906140081515,Chicken Masala,,
8904255700840,Urad Crisp,,
8908005100645,Mixed pickle,,
8902579130183,Frooti kesar Mango pulp,,
8901777459614,Veggie Spring Rolls,,
8908010213613,Nacho cheese,,
8901088050562,Saffola Oats,Saffola,
8901030646225,green label bru,bRU,
8904004405019,Haldiram's coxonut soan papadi,Haldiram's,
8904004404401,Indian Snacks Boondi (Chick pea balls),Haldiram's,
8904004400830,Haldiram's chana jor garam,,
8901030083884,Bru original 50g,,
8901030084164,Bru pure 50g,,
8901030083891,Bru original 100g,,
8901030083860,Bru pure 100g,,
8901030083877,Bru pure 200g,,
8901063093485,Good Day,Britannia,
8901414002449,Peanut chikki,,
8906003514181,Pani puri magic,,
8901552003131,Madras Curry Powder,,
8901233025476,Cadburydairymilk Silk Fruit & Nut 137 GM,,
8906014080057,Fried Rava,brahmins,semolina
8901063325371,rusk,,
8901030783234,sankalp,,
8904083516514,Organic chickpea shake mix,,
8906057900220,Meat Masala,,
8904004405323,Soan papdi,Haldiram's,
8904235700600,Basamati Rice,,
8904063203069,Magic makhana,,
8904005452043,sankalp,William Saurin,
8902579107017,Frooti,,
8901063032316,treat creme wafers,Britannia,
8901414004344,bikaneri bhujia,,
8904071701229,Soy snack,,
8906143440128,कोल्हापूरी दरबार चिकन ६५ मिक्स,,
8908004740057,Potato chips Star,Unknown Brand,
8901884402107,chhundo,rishta,
8901537025110,Super Basmati Rice,Daawat,
8906012280022,Masala tchai spiced tea,,
8907525100159,Water,Unknown Brand,
8904246910364,Mango Thokku Pickle,,
8901552000772,Gor-keri Pickle,Ashoka,
8902442171671,Cruesli,,
8906027031961,Kolhapuri Chiken Masala,,
8906019564293,"Bites! Khao Real, Khilao Real",,
8901047912771,Navrattan mix,,
8901725121648,Atta with Multigrains,ashirwad,
8901242101611,Vermicelli,,
8901242107415,Roasted vermicelli,,
8901491702546,Oats Multigrain,Quaker,oat flakes
8901786351008,Everest rasam masala,,
8901786490509,Everest fish curry masala,Everest,
8901302106563,Modigram LX,Micro Labs,
8906135090010,Honey flavour peanut butter,,
8904063230478,Purani dilly choley With plain combo meal,Haldiram's,
8902550005264,Tapioca chips,,
8906001051022,Kerala Lime Pickle,,
8904150127537,Organic Grass-Fed Ghee,,
8904071700918,Mix Farsan,,
8904071700291,Masala Criss Cross Potato Chip,,
8904071700284,Salted Criss Cross Potato Chip,,
8904071702462,Behel Mix,,
8904071704152,Instant Bhel Puri,,
8901662029168,Chicken Tandoori Mix,Susana,
8903553190414,राम बंधू पापड मसाला,,
8904071702004,Masala Boondi,,
8904198801000,Getmore - Tingling Tomato,,
8904198801017,Getmore - Chatpata Masala,,
8904198800119,Chips - Masti Masala,,
8904198800133,Chips - Tingling Tomato,,
8904071700864,Nylon Sev,,
8904071700888,Roasted Poha Chivda,,
8904071700970,Bhel Mix,,
8904071700840,Tikha,,
8904071700925,Manglori Mix,,
8904071704336,Alu Bhujia,Chhedas,
8904071703261,Ratlami Sev,,
8904004400151,Plain Bhujia,,
8901719119248,Kismi - Assorted Toffees,Parle,
8901719119279,Kaccha MANGO Bite (Bigger),Parle,
8906000442401,Pure honey,,
8904063257413,Classic mix veg,Haldiram's,
8902080013296,Tropicana Orange Delight juice 1ltr,Tropicana,
8901138110017,liv,Unknown Brand,
8904051202111,Tapioca Chips,,
8901262151658,Lassi Mango,Amul,
8901725111960,Dal makhani,,
8906068761292,Peanut butter,Unknown Brand,
8904063214423,Khatta Meetha 440g,Haldiram's,
8901161105288,Lal Qilla broww rice,,
8906004390487,Sikkim,,
8904004418903,Taka-Tak,Haldiram's,
8906015742015,Watermelon,,
8906031311424,Rice bran oil,Lite House,
8901774002080,Tandoori chicken masala,,
8901725114060,Mini Idli Sambar,,
8902979052412,Cavins strawberry,,
8902979052399,Cavins chocolate,,
8901014004737,cup noodles masala,Nissin,
8902330121542,Pane morbido ai 6 cereali,,
8901414004375,All time mixture,Biicano,
8904063259400,Minute khana,Haldiram's,
8904064628113,Sucre de cane,,
8909740330373,Super Spoon,Kri Kri,
8908001658034,Ocean Fruit drink pink guava fruit flavour,Ocean,
8901747003915,Instant Cardamom Tea,,
8904083516569,Sattu flour,,
8904323500013,Desi jaggery,,
8908003972282,Trdp Mario instant noodles,,
8901777050668,Shredded Coconut Nariyal,,
8906048735701,حلوى ابوعود ابو بقرة milki,,
8902246014310,Zesty Orange,Santé,
8901560191196,Garlic Pickle,,
8904067700755,Jabsons methi papad,Jabsons,
8901719112645,Monaco Cheeslings,Parle,
8904063255020,Cocktail Samosa,Haldiram,
8909104845970,Peanut satay Chunky sauce,F.Whitlock and sons,
8901042958439,Uttapam mix 500 g,MTR,
8906070215349,Honey,,
8908011600092,Natural honey,,
8901037011255,Detox desi kahwa green tea,,
8901725116736,Yippee magic masala,Sunfeast,
8908003050652,Basmati Rice,Himalaya River,
8904011510225,Vadim Matta,Double Horse,
8904063253255,Nut Cracker Spicy Coated Fries Peanuts,Haldiram's,
8901414000346,Natkhat Nimbu Lemon Hit Namkeen,,
8906044992603,Mixed Berries alovera juice,,
8904209301703,Rice Dosa mic,,
8908002377057,Rara instant noodles,Rara,
8904214503017,Raju makkai chevda,Raju,
8906100880639,Tangy tamarind sauce,,
8907316005618,Mango Pickle,,
8901058894547,Maggi Pichkoo,Maggi,
8904103010022,Gulab Jamun Mix,,
8904109409998,Atta Noodles,Patanjali Ayurved,
8901063142305,Nutri Choice,Britannia,biscuit
8901058867923,Atta Maggi,Maggi,
8906082524248,Organic Cow Ghee,,
8900095067648,Marinierte Sardellenfilets,Medusa,
8901808000495,Weikfield jelly crystals,,
8908015676208,Herbed Tari,,
8901888005366,Apple Juice no added sugars+ no added preservatives,,
8904355400657,Glucose D Lemon Flavour,,
8901030825651,Horlicks Chocolate Delight flavour 200g pet,,
8904272600871,Storia Mixed fruit juice 750ml,,
8902979043458,Lemon pickle,,
8901777965139,Classic Malai Kulfi,,
8901207027550,Real Green Mango,,
8901058896824,Pazzia cheese macaroni,Maggi,
8901014002412,Top Ramen chilli,Nissin,
8906068763258,Peanut Butter Crunchy,Victoria,
8904043902821,Paneer Masala,,
8906082393370,special rice murukku,,
8904272600857,Storia Mango Juice 750ml,Storia,
8908006024551,Butter Muruku,Amirtham,
8901719240393,Kaccha mango bite,Parle,
8906005500038,Bhujia,,
8901058893670,Ketchup,Maggi,
8902967100484,black dog,,
8901542008535,Complan,,
8901207017575,Dietary Supplement Powder,,
8901552023580,Backed Vada Pav,Ashoka,
8904083516521,Organic Chickpea shake mix,,
8906010501495,PopRings Cheese Chilli Flavour,GIPI,
8901246003591,Extra Virgin Olive oil,Del Monte,
8906016970400,Samba wheat brokens,,
8906044993044,Alo Frut Orange Juice 1ltr,,
8908005144311,yoga bar 20g protein hazelnut,Yoga bar,
8906087420347,Masala peanuts,sowbhagya foods,
8904090906520,Garlic mixture,Rajam snacks,
8906005505026,Tandoori Garlic Naan,,
8904063213181,Lemon bhel,,
8904063259325,Multigrain Homestyle Paratha,Haldiram's,
8902268006331,بسكويت نايس انمول,,
8901725118457,Dark fantasy,Sunfeast,
8906002979158,Mouth Freshener,,
8908008615849,Freeze dried pomegranate,Frubites,
8906001050964,Bombay Sandwich Spread,,
8908007167332,Pudina Punch,,
8904091117703,Relcer ANTACID 180 ml.,,
8901719656712,Fab strawberry,Parle,
8902080185023,Sting,PepsiCo,
8901826332332,Lassi,,
8906076131223,Lavash,The Baker's Dozen,
8902080001798,mountain dew,,
8904059130065,Guggulutiktaka Ghee,,
8904063253293,Mathri,Haldiram's,
8904012501123,Yellow powder,,
8906084410877,Roasted Makhana,M.O.M,
8906112666474,Chocolate Wheat Flakes,,
8901972061025,Spicy crackers,,
8901086261281,Zecuf,,
8904355401791,Cane jaggery powder,,
8906002730117,chitale instant khaman mix,chitale,
8901499010711,Kellogg'sCHOCOS,Kellogg's,
8907003504943,Murukku,,
8906005502995,Gulab Jamun,Unknown Brand,
8908000838260,Kaju delight cookies,,
8901810002944,Incense Sticks,Hem,
8904304713579,Rice Apaalam,,
8906112660540,Antioxydant mix,,
8901747003670,Wagh Bakri,,black tea
8906042150098,Vermicelli,,
8901246005373,TOMATO KETCHUP CLASSIC BLEND,Del Monte,
8904246930515,Garam Masala,Priya,
8904071702202,Salt-n-Pepper Banana Chips,,
8901262060097,Amul cheese spread,Amul,
8906001385721,Biscuit avec crème,,
8906012446039,Mix fruit candy,,
8906084290011,HDepot,,
8906017290941,Vedica Zen,Bisleri,water
8901030866661,3 Roses Natural Care,,
8904265407524,Coconut cookies,,
8906085460246,Lentil crackers,Unknown Brand,
8904004441765,Dal makhani,Haldiram's,
8908001105750,Oregano,,
8906028801976,BUTTERFLY BAKING SODA,,
8908004896709,Sweet bun,Arppana,
8904043551630,Modern bread long,,
8904063210906,Homestyle Paratha,Haldiram's,
8906041453077,Petit mil,,
8904441376002,Hot peri peri sauce,,
8904063213143,Surati mix,Haldiram's,
8904063215154,Taka tak,Haldirams,
8901552014434,Garlic pickle,Ashoka,
8901161101013,Lal Qilla Traditional-Royal Basmati Rice,Lal Qilla,
8908000273283,Chocken masala,,
8903451817161,Bresup,,
8906082524255,Kerala virgin coconut oil,,
8901694005352,The zero zuccheri San benedetto,,
8904071701113,Madras mix,,
8906021122672,Health Drink Mix,,
8906028801051,Butterfly Icing Sugar,,
8906091520361,Chicken tikka,Sardar,
8901155119215,Gota Mix,,
8901063142299,Nutrichoice,Britannia,
8901063026254,nutri sugarfree  cracker,,
8901063028166,Britania Nice time,Britannia,
8901725114985,Marie Light Veda,Sunfeast,
8901063032330,Britania treat,Britannia,
8901063032309,treat orange,Britannia,
8901063012332,milk bikies,Britannia,
8901063012349,Milk Bikis,Britannia,
8901063035102,milk bikis,Britannia,
8901063014152,vita marie gold,Britannia,
8904124312105,life time,,
8901063004146,good day,Britannia,
8901063094154,good day pista badam,Britannia,
8901063094185,good day,Britannia,
8901063094147,good day,Britannia,
8901063092402,Good Day,Britannia,
8901063098657,good day,Britannia,
8901063092495,good day butter cookiew,Britannia,
8901063091016,harmony,Britannia,
8901725102876,mom's magic,Sunfeast,
8901155133211,Nylon Khaman,Gits,
8901414041981,Amritsari kulcha,,
8904004412192,Khatta Meetha,,
8906008812138,Refined Sunflower Oil,,
8901155108219,Sambar,Gits,
8901747002260,Instant Ginger tea,,
8906015741971,Hjeh,,
8908001246842,Crax Corn rings,,
8908003133089,SAT ISABGOL,,
8906020460027,White Bread,Harvest Gold,
8904095000667,Nimbu Pani,,
8901747000877,Wagh Bakri tea orange peko,,
8901063341500,White bread,Britannia,
8904022990023,Sandwich plus,,
8904064672215,Graines de pilon ( moringa),,
8901777041666,Frozen bean,Vadilal,
8901848000752,rasana,fruitplus,
8901725114862,Marie light,Sunfeast,
8901719124723,Parle-g,Parle,
8901030831737,KissanJam Mixed Fruit,,
8902188882114,Turmeric Powder,,
8906069961011,Plain Buttermilk,Sanchi,
8906049971894,Sudha milk,Sudha,milk
8906007280020,Fortune oil,Unknown Brand,
8901058898330,Nescafe choco mocha,Nestle,
8906009534732,Max protein 7 grain breakfast cookie,RiteBite,
8904004402162,Haldiram Fine Sev (BHEL SEV),,
8907931000005,Sweet potato chips,,
8901725150129,Whole wheat flour,,
8901542002052,Glucon-D regular cbd,,
8904004417081,Bhujia sev,Haldiram's,
8906059636882,EP frt yogurt,,
8901453000031,ROOH AFZA,,
8906005508249,Shakkar para,,
8902434114419,Center fresh,,
8908005758778,Instant tea premix Cardamom Chai tea Latte,,
8904063253309,Bhelpuri,Haldiram's,
8908003972176,Mario masala noodles,,
8904063204233,Rava Idli,Haldiram's,
8902292604589,Super Apeti Plus,,
8906046144512,Himalayan Pink Salt,,
8901063151079,Chocolate Flavoured Premium Crème Wafers,Britannia,
8908006727421,Neycer,Neycer,
8906005913456,Akash peanut,Unknown Brand,
8901063136328,Bourbon,,
8904051200582,Sweet Banana chips,,
8908006024582,Seedai,,
8904067700809,Peanut,,
8906019564132,Ratlam sev,,
8901233026497,Cadbury Milk Lickables 20g,Cadbury,
8901233028637,Cadbury Dairy Milk Shots 18g,Cadbury,
8901233024622,Cadbury Oreo 60g,Cadbury,
8901552017909,Masala Paneer Kathi Roll,Ashoka,
8904063230126,Navrattan,Haldiram's,
8906067920478,Chanachur,,
8901414043657,Chips tangy tomato,,
8901648025788,Milk shake,,
8901552021180,Ginger,Ashoka,
8906001056959,Alo Mutter,,
8904137454670,Black salt,,
8904051306505,Avalose Balls,,
8906001055549,Stuffed Red Chilli Pickle,,
8901088141222,Masala oats,,
8904049710468,Natures essence gold,,
8902080013395,Tropicana Mixed Fruit Delight 1ltr Juice,Tropicana,
8906014085748,Lime Pickle,,
8906130140451,Farali Chevdo,,
8906118210183,THAI Jasmine Rice,,
8901042970608,Minute Rasam Garlic,,
8903363006592,TeaCountry Green tea,Unknown Brand,
8901499008343,CornFlakes Almond Honey,Kellogg's,
8901193503922,MaQintosh Whiskey,MaQintosh,
8904327600924,Myfitness Peanut Butter,Myfitness,
8906069721363,Maida Matar,,
8904082785676,Bhakri,,
8901652142136,Butter Delite,priyagold,
8901491002134,Gourmet Vintage Cheese & Paprika Chips,Lay's,
8901542013010,Glucon-D Instant Energy,,
8906001400400,Asafoetida,,
8901719123887,Parle-G,Parle,
8904067711614,Chilli n garlic chana roasted chickpeas,Jabsons,
8908005144175,20G protein bar almond fudge,Yoga bar,
8906003514204,KHAJURI IMLI CHUTNEY,,
8901058868418,Rich Tomato Ketchup,Maggi,
8908012471004,Indian tonic water,Sepoy & Co.,
8901552020473,Plain Paratha,Ashoka,
8904256714099,Fresho Frozen Green pea,Big basket,green peas
8901042959269,masala idli mix,,
8904083512103,Basmati Rice,,
8901414043923,Matar Paneer,,
8906055440117,Organic red rajma,,
8904083502685,Organic mango jam,,
8901155145221,badam pista falooda,,
8907525000237,Coca-Cola Original taste,,
8904258701950,Choco mint protein shake,,
8908015676000,Sweet ripe banana chips,,
8906080601620,aamras,,
8908000274570,Malabar porotta,Viswas,
8901747002451,Instant masala tea,,
8906014081252,Kashmiri chilly powder,,
8906009532509,Max Protein - Active Peanut Butter Bar,RiteBite,
8904057395992,Curd,,
8904073601015,Sharbat rose,,
8901882000756,Fine Cacuum Salt,,
8906091722062,Natural Hobey With Cinnamon,,
8908009475022,Chochofan,,
8902268010857,Yummy,Anmol,
8906010505240,Aloo Sev,,
8906010505271,Chana dal,,
8901393024227,Juzt jelly,,
8901047046056,Charminar basmati rice,,
8901764032158,Sprite,Sprite,
8901552006941,Mixed vegetable Paratha,Ashoka,
8906140210052,Halvason,,
8906090451550,زلمی احمدی,666,
8901439001687,Corn flakes,,
8906047001227,Organic Coconut Oil,,
8906046142051,Brown basmati rice,Pride India,
8901058892819,Maggi Noodles,Maggi,
8901719305917,Hide and seek chocolate chip cookies,Parle,
8901725117092,Yippee magic masala noodles four in one pack,Sunfeast,
8906027713546,Dahi,,
8901414000124,Bikaneri Bhujia,,
8906126280260,Gladiator,,
8901155101418,Gulab Jamun Dessert Mix,Gits,
8901440206897,Kabsa masala,,
8902979007412,strawberry milkshake,,
8901939174652,Chips de manioc,,
8908017415201,Peanut Butter,,
8901848020354,Rasna,,
8902579001490,Mango drink,,
8905694516450,Peanut butter,,
8901304282036,Sitophaladi Powder,,
8902702141109,cola,,
8906069960601,Sanchi ghee,,
8908001700320,Desi Ghee,,
8901542006234,Glucon-D,,
8904004405729,Rasgulla,Haldiram's,
8904004408034,Mo'plleez Vermicelli,Haldiram's,
8901030876981,Red Label,,
8901414004337,Omar Rahimi,brand,
8901037255086,Masala chai,,
8901537006157,Rozana riz basmati,,
8908013741007,Raja Chuna,,
8901063032514,Britannia Traet Croissant,Britannia,
8908014060053,Pep 300,,
8902132210116,Mango Pickle,,
8902979001045,PURE COCONUT OIL,,
8906001055426,mango pickle,,
8901648092537,cold coffee,,
8901764981036,peach,Coca-Cola,
8906010502973,Papdi gathiya,,
8904063209665,Malai sev,Haldiram's,
8904109491504,Chyawanprash,,
8901874123821,Pan Pasand Ravalgaon,,
8901440001294,Matta Rice,,
8901058900866,Maggi,Maggi,
8901595972210,Schezwann fried rice masala,,
8906011145193,Kids-pro,,
8901030084140,BRU Original Coffee,,
8906015310115,Rose Syrup,,
8901571000036,Horlicks - chocolate delight flavour,,
8901648092599,india,all,
8906014480673,Taan jeera masala sofa,,
8901023028502,CINTHOL,,
8901747002796,Green Tea,,
8901414004726,Moong dal,,
8906005503794,Pani Puri,,
8904319300894,Dry fruit burfi,,
8904004439892,Paneer Paratha,Haldiram,
8901063163287,Tiger glucose biscuits,Britannia,
8902080000852,Litchi delight,Tropicana,
8906029580412,Sambar powder,,
8901047000164,"Savoury & Sour Chilli, lime and ginger pickle",Kohinoor,
8906121360226,Rose flavour falooda,,
8904063204592,Gluten Free Tandoori Nann,Haldiram's,
8901262152334,Amul Kool Royal Elaichi Flavour,"Amul,Kool",
8906081381705,Andhra Mixture,Telugu Food,
8907316006417,Palak paneer,,
8901063166066,Treat Crazy Pineapple,Britannia,
8907525000145,Coca-Cola original test 400ml,Cocacola,
8904063257550,Bhel Puri,Haldiram's,
8901058904000,Instant noodles,Maggi,
8907316006424,Paneer (tofu) Makhani,,
8906064281466,Butter cookies,,
8907316005106,Chana palak,,
8906002730018,Instant Gulab Jamun mix,Chitale Foods,
8904049101907,Madhunshini vata extra power,,
8901042969770,MTR asafoetida,,
8904082786406,Phool Makhana,,
8904063256911,Cookie Heavan Kaju Cookies,Haldiram's,
8906105612617,sunscreen matte finish,wow,
8906078264028,Crackers with Italian Herbs,,
8901058903904,Masala Veg Atta noodles,Maggi,
8906005501356,Chana dal,,
8906130900338,Choco-Pie,,
8906031882047,Rose milk drink mix,,
8901777977040,Kulfi pista,,
8901905502151,Butter pound cake,,
8908001105729,Black Peppercorn Grinder,,
8904406247347,Dry Fruits,,
8901652142068,Butter bite pistachio,,
8904063214768,Haldiram's Chatpata Dal,Haldiram's,
8901595863822,Peri Peri (Masala),,
8906020588400,Malabar Parotha,,
8901107030582,Softovac,LUPIN,
8906042150159,Pearl millet vermicelli,,
8904913014449,Grissini con Ido resistente,,
8904063213150,bhel mix spicy,,
8908014757014,Chana Masala,Hocco,
8904022903863,Butter Bonn Biscuits,Bonn,
8904049100603,SWASARI PRAVAHI MADE IN BHARAT,,
8902433004117,Orbit Sepermint Flavour,,
8901401000281,Threptin,,
8901719124143,ParleG gold 75 g,Parle,
8901808003038,Weikfield Cherry Jelly Crystals,,
8907316007469,Navratan Korma,,
8901414000377,Watkhat Nimbu Lemon Hit,,
8901552001960,Kesar Mangopüree,Ashoka,
8904063281593,Yellow Dal Tadka,Haldiram's,
8904063259363,Masala soya chop wrap,Haldiram's,
8904004444001,Dal makhani,Haldiram's,
8901882000046,Peanut Cake,,
8904063281531,Haldiram mutter paneer,,
8904063210142,Soan Cake,Haldiram's,
8906153090313,Pure Butterfly Pea Flowers,,
8904063204103,Minute khana,Haldiram's,
8904258700595,Raw Pressery Sugarcane Juice,Raw Pressery,
8906001021698,Topp Up Milk Rose Flavour,Gowardhan,
8904089802987,Aroma Magic,Blossom,
8906115981284,Roasted Flax Seeds,Himalayan Natives,
8901042968933,Gulab jamun,,
8906066202551,Pizza Oregano,Keya,
8904004416091,Gorus cookies,Haldiram's,
8901030825514,Women's plus caramel,,
8908013915163,Plant Protein,,
8906112840065,Peanut butter,,
8904067709352,Jabsons sesame  laddu,,
8906089380359,Dunkle Schokolade Schwarzer Knoblauch,Unknown Brand,
8901393017908,Parle Alpenliebe,Parle,"Sugar, liquid glucose, butter, milk solids, acidity regulators, flavours"
8901207028533,Mango Fruit Juice Nectar,,
8906112840089,Peanut Butter With Honey,Bicky,
8906021123679,Biryani Rice paste,,
8906081945457,Cold Press Virgin Coconut Oil,,
8901037017424,Green Tea - Kashmiri Kahwa,,
8904004410167,The World's best Kaju Katli,Haldiram's,
8904063211378,Vegetable Jhalfrezi,Haldiram's,
8902080000821,Tropicana,Tropicana,
8904067708751,Soya sticks Tangy Tomato,Jabsons,
8904027400794,Ashwagandha,,
8906006720046,Qyno Deseeded Dates,Lion,wet dates
8904022914951,Milk short cake,Bonn,
8907525000183,Coca Cola,,
8906005627636,Rose Water,,
8906004620782,DHARA RICE BRAN OIL,,
8901058903201,Munch,Nestlé,
8904084900114,Armomy,,
8906009073255,Almond and Pistachio cookies,,
8906089151737,Indian rice basmati first class,,
8901095900171,Society masala tea,,
8906151420037,Laxmi Narayan chiwda 200gm,,
8906081381361,Chekodilu,,
8901058897241,Cerelac Wheat Apple,Nestlé,"Wheat flour, skimmed milk powder, sugar, apple flakes, vegetable oil (palm), minerals, vitamins"
8907003505087,Rajapa layam Thattai,,
8901262020060,Amul cheese block,Amul,
8904071701175,Chana Chor,,
8908007167363,Roasted Makhana Khatta Meetha,,
8901928350951,Googly,,
8906027051006,Kolhapuri Rassa Masala,,
8907316007421,Amritsari Rajma,,
8907316007452,Mumbai Pav Bhaji,,
8904067702513,Gud Chana,,
8906047522371,Extra Virgin Olive Oil,,
8901058866766,Massala oat noodles,,
8901542013140,Glucon D,,
8901262171557,Chocolate family pack,Amul,
8907432021295,Gur,Trumart,
8907316002013,Garlic paste,,
8903363004987,Dried Dates,Dmart Premia Superior Quality,dry dates
8907003508828,Rajapalayam mixture,Adyar Ananda Bhavan,
8904063210920,Aloo kulcha,Haldiram's,
8906081384539,Garam Masala,,
8908003115368,Kesar pista biscuit,,
8901044124900,Ma,,
8901393019483,Chupa Chups,PERFEITI vanMelle,
8904208600111,Spice Mix For Paneer Makhanwala,Rasoi Magic,
8902281608802,Carmicide,Unknown Brand,
8906005504852,Chowpati bhelpuri,,
8901725198138,Mad angles mmmmm masala,,
8904063259349,Tandoori Garlic Naan,,
8906013032583,нудъли с телешко,Wai Wai,
8906010505493,Wheels,,
8904004440096,Tandoori Garlic Naan,Haldiram,
8904109445187,Patanjali kesh kanti,Patanjali,
8906038784238,Chyawanprash,,
8901058898347,Nescafe,Nestlé,
8901440031390,Kadumanga,Eastern,
8906082391154,Banana chips,,
8906010261122,GOLD WINNER,,
8904082760017,Besan gram flour,Gaay,
8901058892789,Maggi,Maggi,
8908000278707,Ripe bananas chips,,
8904067702667,Khakhra,,
8906020492547,Kesar Peda,,
8901777552124,Motichoor Laddoo,,
8901042968988,3 minute breakfast vegetable upma,,
8901548100561,Nutralite choco spread,Zydus wellness,
8906055440476,Organic Brown Sonamasuri Rice,,
8906001211334,Dal Makhani,,
8901042969695,3 min breakfast,,
8904073797213,COCONUT WATER,,
8901741006103,WAI WAI Tasty & Delicious Chicken Bhujiya,,
8901499008787,Cornflakes,Kellogg's,
8904004400427,Lite Mixture (Chiwda) Sensible Snacking,Haldiram's,
8901042969046,3 minute breakfast vegetable upma,MTR,
8906022070583,Van antara,,
8901393016680,Chupa Chups Bites,Chupa Chups,
8901030882579,Red label,Brooke Bond,
8902393003250,BECOSULES Z capsules,Pfizer,
8901721000756,Prabhuji mix 350g,,
8906023901268,Hapima Fried Rice Mix,,
8904289001500,Stevia leaves powder,,
8901777025666,Vadilal baby okra,,
8906048500668,Protinex Rich Chocolate Flavour 400g Jar,"Danone,Protinex",
8906068220188,Kjakara,,
8907316006738,Dal Tadka,Mother's Recipe,
8901888002563,Real Fruit Power Mango,Dabur,"Water, mango pulp, sugar, acidity regulators, antioxidants"
8901719122880,Parle's wafers,Unknown Brand,
8901537076679,Brown Basmati Rice,Daawat,
89009765,Nescafe classic,,
8901063166462,JimJam,,
8901725105211,B Natural Mixed fruit fibre 180ml cbd,,
8906039420425,Mithi orange candy,,
8901905501178,مونجيني كيك برتقال,,
8901905501161,مونجيني كيك الذبدة,,
8901905501185,مونجيني كيك بالذبدة,,
8904011503074,Double horse,,
8906013640108,Lilo Chevdo,,
8901905501208,مونجيني كيك شيكولاتة,Unknown Brand,
8904063216809,Palak koft,Haldiram's,
8904063209924,Tandoori Naan,Sher-E-Punjab,
8904063216106,Besan ladoo,Haldiram's,
8904214501075,Mangalori Mix,,
8904258701967,Protein milkshake cold coffee,Raw pressery,
8902080704057,Lehar Soda 750ml pet,Pepsico,
8906059460326,Truffles,,
8901149001304,Vivorax,,meds
8901123005762,Caramilk bars,lotte,
8906009803784,Dukes Waffy straberry,DUKES,
8901086130105,Metrogyl Gel,,
8908005505068,NACHO CHIPS,,
8906009073323,Unibic Snappers,unbic,
8906019564316,Chana Jor Garam,,
8906095375127,Nylon sev,,
8901777459096,Veg Spring Rolls,,
8906001057314,Bengali chutney,,
8904150503508,Cake mix,,
8906021927635,Dates syrup,Apis,
8901741001542,Mama,,
8906008351651,Proso millets,Unknown Brand,
8901047912740,Bombay Mix,Kohinoor,
8901741007605,Chicken Flavored Instant Noodles,Wai Wai,
8904268848256,Organic neem powder,,
8906002488490,doublement,,
8901741001351,Wai wai,,
8906076272582,Laila Basmati Ricep,,
8904109401961,Divya jal,Patanjali,
8906001385301,Butter cookies,,
8901207028304,Glucose,Dabur,
8901088069083,Saffola Honey 1 Kg,Saffola,honey (100%).
8901030830389,Viva,,
8901512509505,Act 2 Instant Popcorn,,
8906019776092,Premium Arabian Dates,Nutraj,dates
8906021927406,Fruit Blast Mixed Fruit Jam,,
8901595961443,Mix Veg Soup,,
8901725115029,Marie Light,Sunfeast,
8902901222937,Good life black salt 200g,Good Life,black salt
8906010913113,Dairy day junior Sandae,Unknown Brand,
8901030904578,Bru Instant 100g btl,,
8902167000058,Kashmiri Mirch,,
8904256717830,Brown rice chips,,
8901012320242,Guruji ompudi,,
8902901223927,Good Life Almond 500gm,good life,
8904004409949,Sweets,,
8901725003319,Yippe noodles,ITC,
8904067711690,Lemon & Mint Chan roasted chickpeas,,
8906081382092,Atukula mixture,,
8904083500414,24 mantra 1kg,,
8901499009135,Corn Flakes Original,Kellogg's,
8902901222524,Cardamon green,,
8906000597347,Royal India 5kg,Royal India,
8901552016438,Tamarind concentrate,Ashoka,
8904214505226,Surati Garhiya,Raju Namkeen,
8904158008289,vasnalcare,,
8904071305342,ketchup,best gold,
8902335028884,Butter cookies,,
8901248104043,Navratna,,
8901058873412,KitKat,Nestlé,
8906001387015,English oven,English Oven,
8901047000072,Mango Chutney,Kohinoor,
8906135091956,عسل طبيعي,,
8901242400608,Kai Murruku,Anna bytes,
8901777630082,Tandoori Paneer Pizza,,
8906012840646,نجیب الله,شمسی,
8906005502063,rasgulla,bikaji,
8904300200851,Instant noodles,,
8906068762237,peanut butter,,
8908007295943,Sunaulo kiran,,
8906037060012,Suji Rusk,Veer jee,
8906137490146,Coconut Dreamz,DiamondR,
8906001055273,Gorkeri,,
8902246004656,haywards,the originl,
8904063257116,Lemon bhel,Haldiram's,
8906135091536,DIET PEANUT BUTTER,,
8906005507143,Soanpapdi,,
8906064281497,Butter Cookies,,
8904063257390,Punjabi Choley,Haldiram's,
8906077360028,Softy Chakli,,
8901063165618,Little hearts,Britannia,
8901725102678,Aashirvaad whole wheat floor,,
8907316002181,Kerda Pickle,,
8904355400305,imported olive oil,apollo,
8904063281661,Bhindi Masala,,
8904063216236,Dal Makhani,Haldiram's,
8901042956213,MTR Ready-To-Eat Rajma Masala,MTR,
8901552001106,Tandoori Paste,Ashoka,
8906108410333,Ancient grains pancake mix,,
8901552023399,panipuri concentrate,Ashoka,
8906075000735,Soanpapdi Sweet Soft,,
8906074823526,Almond Millet Biscuit,,
8901088141260,Masala  oats,Soffola,
8901414043947,Dal Tadka,,
8906016890210,P-MARK KACCHE GHANE MUSTARD OIL,,
8901042961217,Badam Drink,mtr,
8906057903269,Moong dal,,
8901155440319,Sarson Ka Saag,,
8901088141246,Saffola Masala Oats,Saffola,
8901042957852,Mutrar Paneer,MTR,
8906070439219,Organic Masoor Dal,,
8906125313389,Natural honey,,
8906070439073,Organic Rajma Chitra (Red),,
8906070438366,Organic Tur Dal (Pigeon Pea Split),Unknown Brand,
8906011190544,Muthiya,,
8906005502636,Anjeer Dry Fruit,Bikaji,
8908004539101,Corn on cob,Merc,
8901552013741,Butter Chicken Paste,Ashoka,
8906066700521,Kettle corn,,
8901512507501,ACT II Microwave Popcorn Butter Lover's Flavour,ACT II,
8908004279113,maggie,Unknown Brand,
8901719117213,Parle HIDE&SEEK,Parle,
8901777798942,Microwavable Roti Chapati,,
8901777449622,Paratha Homestyle,,
8901030315381,Bru instant Coffee,,
8908003545813,Poudre de Jaggery,,
8901155441316,Paneer makhani,,
8904004401417,Bhavnagari,Haldiram's,
8902089010067,TEZ Mustard Oil,TEZ,
8902500076795,Misura privolat,,
8901414001510,Gulab Jamun,Bikano,
8901052003372,Tata Kannan Devan tea,Tata Tea,
8908004096017,Salted Peanuts,Panjwani,
8901747003199,Instant Cardamom Tea,Wagh Bakri,
8906004620188,Filtered peanut oil,,
8906010501488,Poprings Masala,Balaji Snacks,
8901725111472,Mad angles 50,Unknown Brand,
8906046144062,Quinoa and Basmati whole grain mix,,
8901058902372,Maggi pazzta,Maggi,
8901042956206,Navratan Kurma,,
8906031310038,Flax oil,,
8901047016059,Basmati Gold,Kohinoor,
8906078264165,Crackers veggie,,
8901042968209,3 Minute Breakfast,MRT,
8904063252890,Paneer pakoda,Haldiram's,
8906020460652,Brown Bread,Harvesh Gold,
8902187000748,Fish Curry,,
8901777974537,Mango kulfi,,
8901058901320,Maggie,Maggi,
8906021120685,Coriander Powder,Aachi,
8906135620323,Punjabi tadka,kakaji,
8908000835368,Ringo Star ring,Unknown Brand,
8906029451170,green chilli sauce,meal time,
8906005618030,Winkies chocolate swiss roll,,
8901552023382,Date and Tamarind Chutney,Ashoka,
8901063151055,Wheat Rusk,BRITANNIA,
8908009918413,Herbalance,,
8904063252456,Patisa,,
8906118210374,Danish style butter cookies,,
8902335004499,Nice sugar sprinkled coconut cookies,,
8906006783614,Tomato ketchup,Unknown Brand,
8901058891645,Maggi masala magic,Maggi,
8908005758037,Turmeric Latte Mix,,
8908006514847,Muffets and tuffets Burger bun,Unknown Brand,
8904132913226,Snac tac Tomato Ketchup,Unknown Brand,
8906002001118,Pasta & pizza sauce,Dr. Oetker,
8902901126464,Yeah mango juice,Unknown Brand,
8908000233232,Iyer's Punjabi Masala Papad,Unknown Brand,
8904272600055,Storia mango shake,Unknown Brand,
8901719909412,Chocolate Rolls,Parle,
8904132928510,Corn Flakes,Aarambh,
8901725003128,B Natural Mango bitz,,
8901042969688,Tomato Rice Powder,,
8908009419637,Sauli moonbills - choco,Unknown Brand,
8908009419651,Sauli moonbills - Vanilla,Unknown Brand,
8908009419644,Sauli moonbills - Strawberry,Bauli Moonfils,
8904258701974,protien milkshake,RAW,
8902901225181,Moong dal whole 500g,Unknown Brand,
8906080601637,Pomo juice,,
8901456000021,Roasted Crispies,,
8906012446022,Santra candy,BP GOLD,
8901491983198,MAXX MACHO CHILLI FLAVOUR,Lays,
8901808004042,Sunny lemony,,
8906002130016,Toor dhal,,
8900012800402,tu,Chf,
8901262220385,Kaju Katri,Amul,
8901786121007,Kitchen King Masala,Everest,
8904198803561,Navaratan Mixture,,
8904010696142,Egg Masala,,
8901234100189,BANTA SODA Jeera,,
8901777588178,Kesar pista kulfi,,
8906088860913,Current Cheese Balls,,
8901741000026,Wai wai masala noodles,,
8906032019169,Patanjali Atta noodles Chatpata flavour,,
8901595971244,Ching's Hot and sour,,
8906081380234,Telugu karela pickle,,
8901552000338,Gujarati Methia mango pickle,Ashoka,
8906015310290,Khus Syrup,,
8906054102092,Uzhunnu Vada,Tony’’s delight,
8901088017381,Saffola Gold 1 Ltr pouch,Saffola,
8906000920046,Crisp Wheat Khakhra - Masala,Daadi's,
8906001380139,Short bread biscuits,Cremica,
8906061300900,Jeera Bhakhri,,
8901030881411,Tomato Sauce,,
8901928152500,Mast Jeera,biskfarm,
8901207033551,Hommade imli sauce,Hommade,
8906020492219,LAL Dharwad Peda,Unknown Brand,
8902901227581,Walnut Kernels,Unknown Brand,
8901741001306,Korean fusion,,
8906030680071,Gurujii kara boondi,,
8901207004414,real juce litchi,,
89009727,rich tomato sauce,Maggi,
8904045410386,Multani rajbhogprash,,
8901058890617,maggi,Maggi,
8901262175074,Amul nutty ice ceam,Amul,
8904063283757,Kaju rose katli,Haldiram's,
8904319300689,Badam pista mix,,
8907459000365,Kopiko,Kopiko,
8902901001594,Besan,Good Life,chana dal
8908002974942,Coconut mittai,arcot mani mark,
8906081384362,Jaggery Powder (Unrefined Cane Sugar),Swetha Telugu Foods,
8904132912823,Snactac bikaneri bhujja 1kg,,
8906070020455,Sharvas Sev nice chilly,,
8906070020592,Sharvas corn mixture,,
8906070020417,Sharvas ompudi,,
8904112704042,Durga butter murukku,,
8904084101528,Gur Jaggery,,
8906009531373,Max Protein,Rite it’s,
8904063281586,Kadhai paneer,Haldiram's,
8908004362273,Tea Lockart,,
8904147407796,Šugar candy whole (Khadi Sakar),,
8906006723023,Dates Jam with mango,,
8902042212583,gold cup,,
8908811489552,Basmati Riz,Milan food,
89085967,Gamberi croccanti,Bofrost 8596,
8904067708744,Soya Sticks Chinese Chatka,Jabsons,
8906010505318,Namkeen,,
8904063205063,oats idli,Haldiram's,
8906014900324,Corn Flour,Kwality,
8906125980024,cheese Microwave popcorn,4700BC Popcorn,
8901304269457,hygenic,rich and roy,
8901314579416,brash,,
8904304711582,Suggi peanut masala,,
8904304711599,Suggi classic salted peanuts,,
8906021123105,Turmeric Powder/ Haldi,Aachi,turmeric
8901725102746,Cow Ghee,,
8904063281630,Malai Kofta,Haldiram's,
8906105100398,Horlicks,,
8906119530112,Zuggi Crushed peanut Chikki,,
8906119530082,Zuggi peanut Chikki,,
8901719124877,Parle Maire,Parle,
8901491990097,Doritos Sweet Chilli,Doritos,
8901719123122,Hide and Seek choco chip,Parle,
8901088098472,Set,,
8901719124068,Parle Rusk real elaichi,Parle,
8908013841004,BL Roasted Suji,,
8902433002014,Bounty Miniatures,,
8904113521280,Agro Fresh Idli Rawa,,
8902089020066,Til Sona,,
8906014640046,Vanaspati Dalda,,
8906014080064,Brahmins Fied Rawa,,
8901393016185,Mentor pure fresh mint sfree,,
8902433003585,Galaxy Crispy Chocolate,,
8904132912779,Bikaneri Bhujia,,
8904132917255,Boondi,,
8901058869736,Milo cocoa malt milk,,
8906014085601,Brahmins appam powder,,
8906014080026,Brahmins putting pudi,,
89007716,Orbit sweet mint sugar free gum,Orbit,
8906078721316,Gopal Dry fruit Kachori,,
8904063240286,Moon daal,Haldiram's,
8904214500504,Nylon Gathiya,,
8908013252015,Crunchy Granola,Fit & Flex,
8901777612064,Coconut cookies,,
8904112704141,Durga Cornflax mixture,,
8904112704165,Durga puffed rice,,
8906000920015,Daddis plain khakra,,
8907003505070,A2b pepper sev,A2B,
8904112704455,Durga moong dal,,
8906070020431,Sharvas pepper sev,,
8904085900090,Ambika Appam papad,Ambika Appalam Depot,
8902901224825,Good life urad dal chillka,Good life,
8901052003723,Tata tea gold,,
8906006051201,Bejar flour,Unknown Brand,
8902901001761,Broken wheat,Good Life,broken wheat
8901725006358,Sunfeast Smoothies Strawberry with Chia Seeds 300ml,ITC,
8901688900083,Vegetable Spring Rolls,Sumeru,
8904406403095,Tamyam creme Chocolat wafters,Tamyam,
8901058904963,tomato kerchup,Maggi,
8904010631730,Puli Inji,,
8904104651262,Stilo,,
8901063004207,Britannia Good Day Chocochip Cookies,Britannia,
8906075003989,Nut Khatai,,
8906010366902,GRB Buffalo ghee,,
8901414000186,Bikano,Bikano,
8906001055372,Mango and chilis pickles,Mother's receip,
8904209318190,pani puri,aachi,
8906021128568,Madras Sambar Powder,Aachi,
8906014902168,Multigrain Choco Flakes,Kwality,
8901047039010,Basmati,,
8906034510008,Kanthil,,
8908018084000,Jolochip,,
8906065400064,Chai gold,,
8906005500243,fatafat Bhelpuri,Bikaji,
8906026347193,Jamaican All Spice,Unknown Brand,
8906004620263,Thara kachi Ghandi oil,Unknown Brand,
8901777002667,Shelled Green Pigeon Peas,,
8906018940081,Tuborg,,
8901696552175,Kitchen king,,
8902080001897,Gatorade,,
8902901224009,Good Life cashew 2 pieces 200gm,Good Life,
8901648001386,MD Mishti Dai,,
8901777626085,Overload veggie pizza,,
8904067709345,Rajgira gud,,
8905694500510,Sprouvita,,
8906008810837,Fortune khichdi,,
8904132929104,GL course besan 500g,,
8902901232370,Good life Soya Chunks,,
8902901221855,Best Farms white peas dry,,
8906055440704,Organic tattva organic Arhar (Tur) dal 1kg,,
8904117900067,Pro nature Moong Whole dal,,
8906033531264,Snap!n white onion powder,,38
8904063215352,Gur rewari,Haldiram's,
8906081380173,Tomato pickle,,
8901414015524,Bikano shahi mixture 1kg,Bikano,
8908000385269,Dev snack mullu murukku,Unknown Brand,
8901888872623,Honey,,
8906035872341,Kafma,,
8901725111458,Bingo chilli sprinkled 50,,
8902901224207,Good life piste salted,Unknown Brand,
8904112704066,Durg pakoda,Unknown Brand,
8901787000714,Kuttu Flour,,
8906013641709,Sing Bhujia,Jagdish,
8906019350100,Amalas,Unknown Brand,
8904258702421,Alphonso Mango juice,,
8908001010825,Nirmal Salt,,
8908001954068,Sanjay Avrebele masala,,
8906010505257,Balaji mix namkin,,
8906010505516,Balaji Classic Sev,,
8901207018589,Real guava juice,,
8904008427284,Co Enzyme Q10,ultra Q300,
8904323500235,Puffed rice,,
8906032019190,Patanjali Noodles classic,,
8908005312253,Himalayan pop corn,,
8901719122644,Happy Happy Choco-Chip Cookies,Parle,
8901725135430,Moms magic butter cookies,Sunfeast,
8901199140879,Supreme Blend,,
8904004442212,Paneer tikka masala,Haldiram's,
8907525000015,Coca Cola,,
8901207006241,Dabur Chyawanprash,Dabur,
8901595863570,Ginger Garlic,,
8902080002054,Tropicana Litchi Delight,PepsiCo,
8904011311044,Ghee,Aavin,milk fat
8901719121685,20 20 butter cookies 200g,parle,
8908013841035,Sir bhagyalakshmi maida,Unknown Brand,
8908001876032,Zafferano,,
8901764082306,Kinley with Minerals,,
8901512881205,Sundrop Peanut Butter Regular,Sundrop,
8906005617095,Fruit Cake,,
8904064664166,Maismehl,Annan,
8901542000058,Complan,,
8904067711874,Gachak,,
8901826482006,Desi Ghee,,
8908006646746,Makhana piri piri,,
8904304711513,Suggi crushed peanut chikki,,
8901207035524,Homemade tomato chutny,,
8901888030351,Pineapple,Real,
8901086260192,Zecuf Herbal cough lozenges orange flavoured,,
8901719124389,Magix chocolate,,
8901058850390,Classic,Nestlé,
8901063023956,Marie Gold 400g (1),Britannia,
8901747003991,Green tea,,
8904083519331,Organic Coriander Seed,,
8902901031249,Tibar Basmati Rice,Good Life,
8901088017411,Saffola gold Blended oil 5 l,Saffola,
8902901031232,Good life rozana dubar bsmt rice 5 kg,Unknown Brand,
8901262070379,Bindaaz,,
8906100280293,Shresta Bansi Rawa,Shresta,wheat
8901058898354,Nescaffe Chilled latte Shake,Nestlé,
8902901031225,Good life rozana rice 1kg,,
8908000120280,Safal premium sunflower oil,,
8908002622089,Sun premium oil,,
8901155101326,Gulab Jamun Mix,,
8906018320616,Magi Pulpo Mango,,
8904063209658,Balti Mixture,Haldiram's,
8901491002141,Gourmet limed and cracked pepper chips,Lay's,
8906140203450,Natural choice mixed dry fruits 400g,Unknown Brand,
8902901039436,Good life bellar bal split,Unknown Brand,
8906026162307,Dried Chili Chutney,,
8906080600234,Aamras,,
8904083519867,Organic 7 Grain Methi Atta,,
8902901265118,Good life piste salted,Unknown Brand,
8902901223910,Good life almond 200gm,Unknown Brand,
8901063016842,50 50,"britannia,",
8906014086509,Chukku Kappi,Brahmins,
8902433003196,Orbit,Orbit,
8904340700007,pulse,,
8906002975372,mouth freshener,,
8901725132866,Dark fantasy coffee,Sunfeast,
8901725119430,Moms magic cashew,,
8901063028227,Britannia nice time (8),Britannia,
8904067702599,Jabsons Peanuts Black Pepper,,
8904109465338,Hing goil,,
8904970666643,Chinotto,,
8901548100110,Nutralitefat dwhomga3 chltrl 500g,,
8901088017398,Saffola gold,,
8908000233355,Iyers rice wafers papad,Unknown Brand,
8901441017027,Lizzath punjabi masala papad,Unknown Brand,
8906070210030,Ginger with honey,Honeyman,
8904152822287,Panic puri,,
8901414037519,Premium coconut cookies,,
8904206003952,Avira organic tumeric powder,,
8906081384317,Chicken masala,,
8901161105028,Golden Sella Parboiled Basmati Rice,Lal Qilla President,
8901233033525,Dairy Milk Silk Oreo,Cadbury,
8907931002788,garden veggie,,
8901719121852,Parle-G Original Gluco Biscuits,Parle,
8901058117752,Rich tomato Sauce,,
8901058850482,Sunrise,Nescafé,
8901063405202,Cow’s ghee,Britannia,
8902082806865,Grandma's Peanut Butter,Grandma's,
8902901222203,Good life coriander powder,,
8901042954585,Sambar Mix,,
8904333915753,Gran chicco,,
8906018250227,Good Morning Cow Ghee,Good Morning,
8904067700137,Chana Jor,Jabsons,
8906112664869,Protein crunch minis,,
8904037000410,Breath Eazy,,
8904064617308,Sago,Annam,
8901552022262,Garlic Naan,Ashoka,
8904145912087,Ensure,Unknown Brand,
8901689020032,Rose syrup,,
8906081381354,Karapusa,Swetha Telugu Foods,
8901030795862,Horlicks Classic Malt 1kg CBD,,
8901972050050,Desire,,
8908013524181,Popped potato chips Italian Cheese flavour,,
8901777429747,Vadilal garlic chilli naan,Vadilal,
8904342400240,Kaju Katli,,
8906092350035,Paan Candy,,
8901030900112,Hot and sour vegetable soup,Knorr,
8901393019063,Center Fresh 3 layered gum,Unknown Brand,
8904051201824,Coconut milk powder,,
8906136751927,mouth freshener,,
8906040912223,Harar Murabba,,
8901058889987,Maggi pasta,Maggi,
8908013938001,Patisa,,
8901777386989,Samosa,,
8906009531212,Ritebite nutrition bar,,
8901071731959,Sofit almond drink,Unknown Brand,
8902901227161,Good life raisin yellow 500g,Good life,raisins yellow
8908005767756,Kitchen trresures hot and sweet,Unknown Brand,
8901719914959,FESTO,PARLE,
8906095290338,Khara Muruku,Adukale,
8904022907908,Black-Jack Cookies,,
8909192808277,Sokoliki,Sokołów,
8906144491082,French Vanilla Instant Coffee,Sleepy Owl,
8901542017629,Glucon D Nimbu Pani,Unknown Brand,
8904268848249,Organic Haritaki Powder,,
8904063209818,Medu Vada,,
8904600054406,La molisana,La Molisana,
8901719901386,Monaco classic regular,Parle,
8908002915525,matxin,mitvana,
8906015741087,Pina Colada,,
8906123550533,Quinoa patty,,
8906010503338,Flamin’ hot,,
8906064656622,premium veg mayo,,
8901399241123,santoor,,
8904004414516,Mini samosa,,
8904018621467,Chandan Mango Khatta Mitha,,
8904150127483,Barra de arándanos,Laddubar,
8901777605066,Dry fruit cookies,,
8907316000811,Bhelpuri Chutney,,
8901414001763,Agra gur gajjak,,
8906032019176,Atta noodles,,
8906095373864,Fafda,,
8904188607025,Anar goli mukhwas,,
8904256717946,Choco Flakes,bb Royal,
8908011423035,Classic cola,,
8901725100346,Aashirvaad ghee,Unknown Brand,
8908015543005,Pineapple flavoured pea protein,,
8901777595107,Jalebi,,
8906010369286,Thenkulal murukku,,
8901738550312,Red chilli khichiya,,
8901042969039,MTR Poha,,
8904145912728,High protein chocolate,,
8901414003392,Premium marble cookies,,
8906078265988,Craquelins legumes,,
8901571005802,Horlicks Junior 4-5-6 Original JR,,
8902901222807,masterd big,good life,
8906090572118,Karare,Too yumm,
8901440219019,Tea,Eastea,
8901058904055,Maggi atta noodles,Maggi,
8901491001144,Mirinda,PepsiCo,"Carbonated water, sugar, acidity regulators, orange juice concentrate, colours (INS 110, 102)"
8906131680581,millet noodles,Slurrp Farm,
8906105100374,Horlics,Uniliver Careline,
8901063166165,Treat Burst Choco Creme Fills,,
8901552001083,Curry Paste Mild,Ashoka,
8901063363793,Britania cake pineapple,Britannia,
8901725116149,Dark fantasy chocolate shake,Sunfeast,
8906062261231,White quinoa raw,Jiwa,
8901063166592,Biscafe,Britannia,
8901972079389,Cookie,,
8901747002710,Cardamom Flavour Tea Bags,,
8906074200150,Tamtam,,
8901414008663,Boondi laddu,,
8906046141115,Dry Mango Powder,,
8904063256782,Masala Dosa,Haldiram's,
8906064705337,Jackfruit chips,,
8901512140609,Peanut spread,,
8901058895636,Sunrise,,
8906107859188,Kohlapuri jaggery,,
8908006217458,Cereal fo little ones,,
8904109420030,Ashwagandha Capsules,,
8906055441589,Organic red rice,Organic Tattva,
8901725102807,Flour,,
8904064623644,Palm Sugar Candy,,
8906036847102,Reismehl,,
8901192108128,Jeera pwdr,Unknown Brand,ff
8901972061032,Duke Nibbles Salted,Unknown Brand,
8901972053525,Dukes Nibbles Masala,Unknown Brand,
8901781002721,Fennel saunf,,
8901262221245,Elaichi rusk,Amul,
8901552022255,Naan,Ashoka,
8904902001443,Sugo all'astice,,
8901088077095,Soya Chunk,Saffola,
8901058904703,Maggi masala oats noodles,Maggi,
8904132918184,Snac tac celebration,,
8908009450104,fruit bun,homa,
8901071302111,Soya Chocolate Flavor Drink,Hershey's Sofit,
8904085900076,Papad,Ambika,
8904112704356,Durga peanut chakra,Unknown Brand,
8906006051362,Vijay maze flour,Unknown Brand,
8906070020639,Sharvas kodu bale,Unknown Brand,
8901242400646,Madras Mixture,,
8904132911017,kaffe,,
8902080002030,Tropicana Apple Delight juice,Trooicana,
8901764111105,Coke Zero Can,Coca-Cola,
8901777541746,Sabudana Tikki,,
8906010503482,Tomato Twist,,
8906001723288,Nandan cow ghee,Unknown Brand,
8901207035517,Dabur garlic chutney,Dabur Homemade,
8904132919426,Desi kitchen kesari halwa,,
8902335008572,Kreme-e rich chocolate biscuit,,
8904083524663,Gongura Pickle,,
8906005500892,Sub-Kuch Navratna Mix,Bikaji,
8902433003769,Galaxy  MILK CHOCOLATE,Unknown Brand,
8906009531311,Choco Slim Bar,,
8906090573993,Potato stix,Too yumm,
8906078720142,Dabela Chana,,
8901207035128,Real apple 🍎  juice,,
8902901224238,Good life raisins green 500gm,Good life,raisins
8901207042102,Chyawanprash,,
8901052005680,Chakra Gold Premium Tea,,
8904004414455,Mini Bhakarwadi,,
8906135070173,Kodo Millet Noodles,Unknown Brand,kodo millet
8901777024683,Okra,,
8904208600272,Methi mutter malai,,
8904063253279,Chana Dal,Haldiram's,
8906091900552,Gourmet Chcoolate,,
8904109489921,Karela amla juice,,
8901777001684,Green Peas Mutter,,
8904109470196,chyawanprash,patanjali,
8903875394019,Milk n sugar bun,Bread House,
8902901222197,Good life chilli powder,GOOD LIFE,
8906095374823,Surati Bhusu,,
8906002081523,Chicken masala,,
8908009587114,Roasted muesli super seeds,The Rooted co,
8906069692540,Manga,,
8901552018760,Ashoka kathi roll,,
8902901031577,Lokwan wheat,,
8906021061209,cashews blissfully salted,Molsi's,
8901063017566,Britannia patazos,Britannia,
8906001056287,Mothers recipe marinade pasta,,
8901747002703,Ginger tea,,
8901058869262,Toned Milk a+,Nestlé,milk
8901747003861,premium spiced tea,vagh Bakari,
8901088034616,Saffola active,Unknown Brand,
8901052005475,Elaichi,Tata Tea,
8902080364084,Mountain Dew,Pepsico,
8906119530105,Zuggi chikki,,
8906119530099,Zuggi chikki,Unknown Brand,
8908007271008,Umadi's Groundnut Chetney,Unknown Brand,
8901155423312,Undhiu,,
8901456000182,Chaakri Roasted Crispies,,
8902188560104,Haldi Chana,Ramdev,
8906015500899,KEVENTER Mozzarella Cheese Stick,KEVENTER,
8901764011634,Coca cola pack of 6,Coca-Cola,
8906005501189,Coated peanuts (nut cracker),,
8906090571562,Too Yumm - Multigrain Chips,RP Sanjeev Goenka Group,
8901030815140,Taj Mahal Tea,,
8906013640030,Bhakharwadi,,
8901725001315,Bingo,,
8906000212325,"Pillsbury multi, grain flour",Pillsbury,
8901207032103,Real Guava juice 180ml tpk,,
8901888005397,Real active 100% orange juice,"Real,Dabur",
8904132944671,Campa Cola,Campa,
8904132944688,Campa Lime & Lemon,Campa,
8904073778328,Himalayan salt,,
8904064629769,Himalayan rock salt,,
8906023721309,Sumul Dairy Chhas,sumul,
8901071732437,Hershey’s milk shake strawberry flavor,Hershey's,
8901042968223,upma,,
8906120101820,mkhna,,
8906127550140,Peanut Butter,Alpino,
8906066203008,Dark Soya Sauce,Keya,
8906078265964,Craquelins Fromage,,
8906013641358,Mini Bhakharwadi,,
8908018045070,Disney chocos pack of 6,,
8904132937246,Campa cola,,
8906064656721,CHIPOTLE MAYO 180 g,,
8906064656714,Wingreens sauce,Wingreen Farms,
8901023005800,Ezee,,
8906059639906,Vanilla Milk Shake,,
8901719707490,Murano chocolate chip cookies,Parle,
8901542003028,Strawberry,Complan,
8906064701964,Palak murukku,,
8901560083552,Nilon's Tooty Fruity,,
8901262030243,Amul gee,Amul,
8904132919228,Desi kitchen rasam,,
8901719123900,Parle g gold,Parle,
8906042150616,Anil Happala,Anil,
8904117904003,Honey,Pro Nature 100% Organic,
8901058000221,2 minute noodles,Nestle,
8906077122411,milk,,
8901719119026,Parle Assorted Candy orange bite,Parle,
8901725004545,Sunfeast milk shek 300ml pet,Sunfeast,
8906005610836,Winkies muffins,,
8906081380180,Gongura pickle,Telugu Foods,
8904067712611,Crunchy Peanut butter,Jabsons,
8906015501445,Keventer  Paneer Double Decker,Keventer,
8906000612316,popcorn,,
8901058905571,munch,nestle,
8901192227003,Dahi Masala,Catch,
8902901225860,Good life idly rawa,,
8906091682779,Chocolat,,
8904208601033,Veg Kolhapuri,Rasoi Magic,
8901058868739,Maggi fuzion,Maggi,
8906060310825,fruit Slice cake,,
8906013371279,Gur Rewari,,
8906003381714,Organic Raw Honey,Little Bee,
8906046260144,Bana,,
8908002237023,Terra banana chips,,
8906080678998,Xlx hakka noodels,,
8902579002039,appy fizz,parle agro appy fizz,
8901063146181,Brtn wnkn cow vanila milk shake,Britannia,
8904113521228,Agro fresh sooji rawa,,
8908000233300,Plain Papad,Iyer's,
8901552000963,Sweet Mango Chutney,Ashoka,
8901972071055,Milk short cake cookies,,
8906001051008,All in one chutney,,
8906111440006,Tata Q pasta,,
8908009573186,Triphala Churna,,
8908004064016,GHEE MURUKKU,SR FOODS,
8901777411124,Pain indien,Vadilal,
8906014640053,Dalda,Dalda,
8902901027303,Pulses Urad Daal,,
8901652141030,Biscuits,,
8901414000858,NAMKEEN,,
8906009993188,Elite cake,,
8902979043489,Pudina pickle,,
8906074200976,Mini Mathiya,,
8901725116835,Sunfeast milk shek,Sunfeast,
8906002082636,Masala,,
8904132919273,Desi kitchen Chhole masala,,
8906021121941,Aachi lemon paste,,
8904132919242,Desi kitchen Idli Chilli powder,,
8906063460558,Swad Chulbuli Imli,,
8901063146280,Winkin cow thick Lassi classic 180ml,Britannia,
8904132919303,Desi kitchen rajma masala,,
8904132917163,Snac tac Gulab jamun,Snac tac,
8908000233225,Iyer's Punjabi masala papad 200g,Iyer's,
8906000610862,aloo tikki,McCain,
8906075290655,Fig walnut raisin cookies,,
8901719902567,Rusk milk,Parle,
8908014665050,Yogurt Drink Mango,YoPop,
8906163440009,Weintrauben,,
8901414049451,Kesar petha,,
8901719123597,pale fab bourbon,parle,
8906066201356,Keya sea salt grinder,,
8901058901856,Nan Pro,,
8901972076425,Éclairs choco,,
8904077299126,Jeera Papad,,
8906119250034,Prem dulhan mehndi,,
8901058905472,Kit kat,Nestlé,
8901537062016,Riz basmati,,
8901786131006,Everest Sabji masala,Everest,
8902901224160,Good life walnut kernels,,
8902901224092,Good life chironji 100gm,,
8902901001723,Maida,,
8904545454552,Bright star,,
8902901026122,Good life fluttered groundout oil,,
8906006330184,Gemini soybean oil,,
8901058904758,Kitkat,,
8901030825491,Women's plus chocolate,,
8904118402874,Sardines With Hot Chillis,Blodan,
8902901029628,Good life sugar 5 kg,,
89009703,Tomato ketchup,Nestlé,
8901719122187,krackjack,Parle,
8901719124624,Parle manaco cheesling,Parle,
8908000502024,Sunpure Physically Refined Sunflower Oil,Sunpure,
8908000420151,Sil Baked beans in Tomato Sauce,,
8901246003607,Del Monte Extra Virgin Olive Oil,Del Monte,
8906020460430,Harvest gold,,
8901016000058,surjeet,singh,
8907931000661,เทอร์ร่าสวีทโปเตโต้รสเค็ม,,
8903174000369,Weintrauben,,
8901747004714,Instant masala tea,,
8901030824128,Horlicks,Hindustan Uniliver,
8901764122613,Minute maid gritty guava,Minutes Maid Gritty Guava,
8904052566328,Choco Chips,Dinshaws,
8901207018596,Litchi,,
8901764021251,Fanta orange added flavors can 300ml,,
8908014705268,Twist khari,,
8908014705329,Milk baby rusk,,
8908014705343,Dark Belgian protein rusk,,
8908014705381,Italian mini bun roll,,
8901719414084,monaco cheesling,Parle,
8901246005793,Ketchup,Del Monte,
8904132917040,Aarambh danedar Assam tea 1kg,,
8902167001239,Bombay Birany Massla,,
8904067702537,Roasted Peanuts,,
8901821001097,Dalla chilli,,
8906135620590,masala munch chips,,
8908004963111,Basmati rijst,Mehnat,basmati rijst
8906078264295,Cashew cookies,,
8904132917088,Aarambh Classic Dust tea,,
8903386501517,Sugar coated fennel thick,,
8901063146204,Winkin cow milk shek,Britannia,
8902901224801,Good life dal mix500g,,
8901088072267,Soya Chunks,Saffola,
8908005312321,Caramel Popcorn,PVR,
8904230900678,Sona masouri raw rice,,
8902269503198,Oflokem D,Unknown Brand,
8901786090501,Chhole Masala,Everest,
8906141240157,Manuka honey,,
8901595971237,Sweet Corn Veg Instant Soup,Ching's,
8901030902376,Mixed Vegetable Soup,Knorr,
8901090328109,Tata Coffee Grand Classic,TATA,
8904064616103,Flocons de Riz rouge,ANNAM,flocons de riz
8904043908052,Dried Figs,Tata Sampann,
8906015501438,cheese chilli patty,Keventer,
8906135620392,Kakaji Punjabi Tadka,Kakaji,
8908012230090,sleepyowl Sweet Charge,,
8906122260983,Idli Rava,Balaji,
8901262152273,Amul tru,Amul,
8901777520154,Rose Pista Shrikhand,,
8904214502812,Mamra Mix,,
8901725115845,Sunfest caker,Sunfeast,
8908016386021,Fennel Cane Jaggery,Bebe,
8906003511746,Aam Panna,Jalani,
8901808003045,mango jelly,weikfield,
8901689020025,Mala's rose syrup,,
8908003799018,Ula,,
8901552023481,Garluc Naan,Ashoka,
8906133400446,Gummies,BodyWise,
8901030658754,Taj Mahal,BROOKE BOND,
8904083503972,24 Mantra chilly powder 200g,,
8904083515241,24 Mantra Turmeric powder 200g,,
8902901222388,Best farms cardamom 50g,,
8904083519423,Organic Curry Powder,,
8901047000157,Lime pickle,,
8901537020184,Brown Basmati Rice,DAAWAT,
8902901711172,Good life tureric powder,,
8902901222241,Turmeric powder,Good life,
8906064656752,Wingreens veg mayo,Wingreens,
8902901222593,Good life chilli guntur sttemless,,
8902901222258,Good life chilli powder,Good life,chilli powder
8901071731942,sofit,,
8904132925564,snactac masala noodals 560g,,
8904067706962,Barre sesame,,
8906015501339,momo,,
8902901223033,poppy seeds,Aoo,
8906001024880,gowardhan cow ghee,,
8901972058636,Dukes waffy pineapple,,
8904063259370,Chocolate Burfee,,
8906097590221,Charge Immunity Booster,Fast n Up,
8901662015161,Jajeera Masala,,
8901059883007,Ginger garlic,,
8906040919017,Amla Powder,,
8901042954554,Gulab jamun Mix,,
8906077361285,Bajri Dhebra Khakhra,,
8901262020084,Cheese block,Amul,
8902579001605,Frooti mango drink,,
8901071701365,Hershey's milk booster,Hershey's,
8902901222425,Best farms pepper black 50 g,,
8901030824913,Mother horlicks 500 g,,
8902901225808,Goodlife sugar big crystal,,
8906003381431,Honey maple syrup,Little bee,
8904304338314,Poudre de moringa,,
8904064664708,Nannari syrup,,
8906024370155,Jeeru,,
8906118940080,Multi Grain Ladoo,,
8904063214140,Manchurian balls,Haldiram's,
8901414032491,Chana almond bite,,
8901071704205,Choco tubes,,
8906153090122,Butterfly pea tea,,
8906153090023,Butterfly Pea Matcha,,
8908000233102,iyers gold finger papad,,
8906064655663,pizza pasta sauce 450g,Wingreens Farm,
8906112993341,Keto Almond Cookies,Lo! Foods,
8901063142459,Britannia nutri choice herbs,Britannia,
8904113522058,Agro fresh bansi Rawa,,
8908014694012,BL Bansi Suji,Sri Bhagyalakshmi,
8908011807095,Brown Basmati Rice,Banno,
8906059160240,chia seeds,Regency,
8906013891241,pentasure,wellmed,
8901030900310,Soup,Knorr,
8904300201445,Butter biks,,
8904109449215,Patanjali honey,,
8908007271138,Umadis garlic chutney,,
8906142011138,Sea salt,,
8906463679031,Nandini chocolate Milk shake,,
8901393024197,Happy dent white,,
8901030882555,Red label natural care 250 g,,
8901042960593,Khaman Dhokla,,
8906020490574,Lal dharwad peda,,
8906071887781,CrèmeCups,Lávian Exotique,
8901414015500,Shahid mixture,,
8908009274489,Mushroom soup powder,Berlino,
8908005144625,Muesli+ Almond+Quinoa Crunch,Yoga Bar,
8901058904697,maggi Masala Oats Noodles,Nestlé Maggi,
8904043927152,tata sampann red chilli powder,TATA,
8904104712048,Jk red chilli powder,JK,
8904132969070,Energ,1,
8901552014120,Ashoka,,
8901808007494,Sweet chili dip,,
8906000400500,Hiran brand Sat Isabgol,Deer Brand,
8904083518860,Organic Jaggery Powder,,
8906005662095,Granulated instant coffee,,
8908009419019,Bauli Moonfils Croissant,Bauli,
8904004400472,Masala moongfali,Haldiram's,
8904043926643,Unpolished Chana Dal,Tata Sampann,
8906045090513,Nature day,,100
8901058864182,Nescafe gold,,
8901719911729,Kreams gold,Parle,
8901063164291,Tiger biscuit,,
8901063164321,Tiger Kreemz Orange,Britannia,
8901063162549,Marie gold,Britannia,
8902268011144,Dream lite,,
8904067700526,Roasted chana chick peas,,
8906734517208,Idiyappam,,
8908001948098,Kayam Churna,,
8906002660544,klf coconut oil,,
8904234103372,Mayonnaise,,
8906014765992,Bajaj almond drop,,
8902167000010,MDH JAL JEERA MASALA,MDH,
8906021124706,Meat Masala,Aachi,
8904340700076,Pass pass,,
8901063092747,Good Day,Britannia,
8901393024302,King legend,,
8901207028311,Glucoplus c,,
8906010366940,TOWABUS alooo bhujiya,Town Bus,
8908015856068,Assorted Tea Collection,roshi,
8906068352179,indian gooseberry,,
8906010368548,Ribbon Pakoda,,
8904004416619,Haldiram Matka Jhatka,Haldiram's,
8904063258373,Yellow Chips,Haldiram’s,
8904109400902,Patanjali soyabin oil,,
8906077361582,Gor keri pickle,,
8901014000364,Masala noodles,Nissin,
8901682000987,Ginger Paste (Minced),,
8906065166045,Frozen Green Peas,Farmland ITC,
8901725001070,Aashirvaad Double Roasted Suji Rava,ITC,
8908006315796,Organic Jaggery Powder,,
8908011747513,Chana dry fruit burfi,Haldiram's,
8901440031079,Garlic pickle,,
8906026347469,Oregano seasonings,,
8908013863006,Epiphany snacks,,
8906036300126,Tillie (Sesame) Chikki,,
8901721004150,Kaju Barfi,,
8905507001616,First Crop Instant Noodles,First Crop,ty9
8904132918351,Get real Coconut Oil,Get Real,coconut oil
8908011491546,Raisins,ProV,raisins
8901512107602,Blended Edible Vegetable multi source oil,Sundrop Lite,
8901777446126,Mooli paratha,,
8901042956749,Tomato Rice,,
8906045941529,gentacort mf cram,,
8906005618580,rich butter fruit cake,Winkies,
8901063325746,toastea premium rusk,Britannia,
8904056240187,Aloo bhujiya,Haldiram's,
8906013310704,Basmati rice,,
8901088050159,Nihar,,
8906084382037,Dry Kachori,,
8908000502987,Sunpure Sugar,Sunpure,
8904146309879,Iodized Salt,Spar,
8902901222791,Moti Rai,,
8906000210291,Chakki Fresh Atta,Pillsbury,whole wheat
8904103020014,Puligurey packet,,
8901042970493,MTR PULIOGARE POWDER,MTR,
8906000611883,Veggie Fingers,,
8904064628007,Citron pickle,,
8906073790539,Frunchys,,"mufbmuvc

vyv"
8901030820946,Boost,,
8904132911000,Kaffe instant,,
8902901226638,Rice Rawa,,
8906010090005,D'lecta Cheese Cubes,D'lecta,
8902041020448,pickwick strawberry wafer,,
8906030680064,Green peas masala,,
8904073778335,Himalayan salt,,
8901747002956,Instant Ginger Tea,Wagh Bakri,
8906001055525,Sweet lime pickle,,
8901499008671,Kellogg's Corn Flakes - With Real Almond & Honey,Kellogg's,
8901725135201,yippeei pasta cheese,Sunfeast,
8906010505356,Singh Bhujia,,
8901719126109,parle 20 20 choco,Parle,
8908001006477,ask food cherry,,
8904209303882,Citron pickle,Aachi,
8901030807183,horlicks classic malt,,
8901030807220,horlicks classic malt 1kg,,
8908000385085,Dev thatta,,
8906019350155,Amalas sprill murukku,,
8908000385276,Dev masala kuzhal appam,,
8906019350148,Amalas masala mutukku,,
8908000385177,Dev salt diamond,,
8908000385030,Dev rice murukku,,
8901552020480,Paratha,Ashoka,
8901262200004,Butter milk amul,Amul,5ml
8901393024432,Juzt Jelly,,
8906005501769,Nashta samosa,,
8906064452972,natclum,,
8901207047220,Dabur kulking oil 87ml,,
8901207047589,cool king 42 ml,,
8901248104791,Navratna oil 90 ml,,
8904084100699,Aloe wheat grass,,
8906082391321,Peanut Masala,,
8904049100191,DIVYA Kesh Talla,,
8901242178200,Pasta,,
8904063205988,Kesar Rasmalai,Haldiram's,
8902901222869,Good life mustard yellow,,
89008485,Choo,,
8906132961191,Cut mango pickle,,
8908001017046,Cornitos nacho crips,,
8906084412291,Roasted Makhana Smoky BBQ,M.O.M,
8903300180064,Concentré de tamarin,,
8904132929630,Roasted chana,Snactac,bengal gram
8904132912786,aloo bhujia,snac tac,
8906064655670,Cheesy sauce,,
8905269010550,Punjabi Biscuits,,
89006382,Vatika,Dabur,
8904198805329,Namkeen,,
8902080304349,7up 2.25,7up,
8901138030612,Cystone,,
8906081128805,Rose Almonds Dryfruit Bar,Happilo,
8901035061955,Peppermint Infusion,,
8901595972227,Chinese secret planner chilli masala mix,,
8904004404265,gol kachauri,Haldiram's,
8906041710224,vezlay,,am
8901058904741,Nestle kit Kat (Ind),KitKat,
8908010900698,Brown Rice Cakes Lightly Salted,Pintola,
8906059639913,Strawberry Milk Shake,Unknown Brand,
8902167000577,Hyderabadi Birmanie masala,,
8901063166431,Suji rusk,Britannia,
8904011506723,Double Horse,,
8903241110113,Pravin mixed pickle,,
8901719122910,Parle real elaichi rusk 182gm,Parle,
8906002007547,Salad Mayonnaise,,
8901248104142,Navratna oil 50 ml,,
8901491001786,Wafers Style Salt with Pepper,Lay's,
8906020492066,kaju katli,,
8902246006810,BEACKS ICE,,
8906047000688,Organic Rice Dosa Mix,,
8906113441834,Pate d’arachide,Bogo,
8901088065030,Prch oil,,20
8901781001045,SUNRISE PURE PASTA MASALA,,
8908002753639,Red Cow PASTA PENNE,,
8901884401223,Rishta ginger pickle,,
8906122600567,Nut Lick,,
8904083509455,organic kesar mango pulp,,
8906153090610,Butterfly Pea Tea,,
89006511,classic chocolate,nestle,
8904064608610,Sesame oil,,
8904004443998,Punjabi choley,Haldiram's,
8906033740574,Oat cookies,,
8906080600616,Alphonso Mango,paper boat,
8906015657104,Bikharam Bhujia,,
8901741000248,Chicken Curry Noodles,Wai Wai,
8901035061641,The victoria,,
8904082785218,Banana chips,,
8901722060056,Frozen peas,,
8901542001703,Glucon D 500g cbd,Dabur,
8901491400008,Uncle Chipps,"Uncle Chipps,frito-lay",
8908000870017,Methi Khakhra,,
8901058866483,Nestle Crunch Wafer,,
8904320007034,honey,DiSano,honey (100%)
8901047211713,Pudding Rice,,
8906001584223,Dyna,,
8901928352504,BISK FARM googly225g,,
8906097590054,Fast&Up Vitalize,Fast&Up,
8908001105743,parsley flakes,,parsley
8901719121418,Monaco,Parle,
8906068761285,Honey organic,,
8904091183906,Glencet,,
8904132925519,yeah,,
8901063155442,Tiger Krunch ChocoChips,Britannia,
8901042954790,Puliogare,,
8906027120993,Green Chilli sauce,,
8906027120986,Red chilli sauce,,
8906027121006,Soya sauce,,
8904132918238,Vinegar,,
8901042970417,Special Garam masala,MTR,
8906061921013,Mango Chutney,Minchey‘s,
8906001055266,garlic pickle in vinegar,,
8908830046095,baby 1,conad,
8904132928640,Oats,Aarambh,oats
8906015614749,Butterscotch cone,Hangyo,
8906020589278,Curd,ID,
8905507010007,Aloo bhujia 1kg,first crop,
8901071731126,Hershey strawberry syrup,Hershey's,
8902519002556,classmate,,
8907848000129,Suprabhatam UHT Processed Toned Milk,Vijaya Telangana,milk solids
8906098831224,bajra chips,,
8901058869453,EveryDay Dairy whitener,Nestlé,
8901058002324,Polo,,
8901248104159,Navratna oil 100 ml,,
8906014016018,Gulab jamun,,
8908000420175,Real Tasty Tomato Ketchup,Sil,
8907392014115,Moringa pomergranate infusion,,
8906047001616,Organic Castor oil,"Phalada,Pure & Sure",castor oil
8906080230691,Mexican khakhra,,
8905604000338,Healthy wheat grass mango,Jivo,
8901542001147,nycil,,
8902901222661,Good life coriander whole,,
8901063146600,britannia,Britannia,
8904132928657,Oats,Aarambh,rolled oats
8904082800638,Flying bird vanila essence,Unknown Brand,
8906051270411,OPAL,,
8904083510109,Organic Quinoa Pilaf,,
8906002663323,Sesame Oil,Tilnad,
8902939891174,Garlic Papad,,
8906067021427,Mulivitamin,HK Vitals,
8904422704329,Dates Syrup,,
8901296042175,Sunflower oil,,
8901047000126,Spicy & Sour Mango Pickle,,
8901058001785,Lemon Iced Tea,,
8901248104784,Navratna oil 45 ml,,
8901262152303,Camel Milk,Amul,camel milk
8904063210104,Karachi halwa,,
8904064615939,Ponni Boiled Rice,Anam,reis
8902393003502,disodium hydrogen citrate syrup,,
8901207032097,Real mango 180 ml tpk,,sugar
8904272600543,Storia pomegranate 180ml pet,Storia,sugar
8904272600796,Storia Mixed frut,,sugar
8904272600079,Storia chocolate shake,,sugr
8906059638923,epigamia,,
8901764042935,Thums up,,juce
8901688915124,Sumeru sweet corn 500g+500g,,
8901688415013,Sumeru green peas 500g+500g,,
8901648027638,Dailycious,Mother Dairy,
8901648025610,Mother dairy lassi,,
8906017810125,Madhusudan Homogenized Toned Milk,Madushudan,milk
8906001020431,Go cheese block 200,,
8902901061420,Good life Anjeer Fig 250g,,
8908005758754,Senso,,
8901058905281,Masala Maggi noodles,Maggi,
8906014765947,Bajaj almonds drop 45ml,,
8906014765916,bajaj almond drops 20 ml,,
8906010363123,Kerala Mixture,Town Bus,
8908003115221,Karachi salt biscuit,Karachi's,
8908005758792,Chai karak,Senso,
8904004404449,haldirams Boondi 200g,Haldiram's,
8901207021206,Real  jamun plus,,juce
8904132924406,Snactaccrean & onion,,
8906048124888,Dona juice,,sugar
8904063219572,Punjabi Pakoda,Haldiram's,
8908003113456,Sugar-free Peanut Butter,Super Nutri Foods - India,
8908002622096,Sun premium sun flower oil 5ltrs,,
8908009193070,yojana poultry,,
8906115982274,Anacardi,,
8906005666765,Sucre jagré,,
8906014201209,kio karpin hair oil,kio karpin,
8906078261423,Saltine crackers,,
8904268866908,I gain,,
8903363008770,Oats,Nutri Delite,
8904004444032,Minute Khana Paneer Makhani,Haldiram's,
8901595853878,Veg hakka noodles,,
8902188441106,Chana Rosted,,
8901652142761,Butter delite,,
8906036404947,Abhizyme,Unknown Brand,
8902901223989,Good Life w320 Cashew 500gm,,
8902756780019,chikin Lucknowbi seekh kabaab,,
8906002006427,"Dr. Oetker, funfoods, chocolate spread",Dr. Oetker,
8906055500088,fruits,,
8901030935176,fruit,,
8906016977119,Mayil Double Roasted Rava 500g,,
8901063033160,Britannia treat rs 10,Britannia,
8901030877148,Red label 1 kg,,
8905507001845,First Crop urad masala Papad,First Crop,
8901719123979,Krackjack 400 (2),Parle,
8905507000817,Fb strawberry jam 500,,
8901719124860,parle,Parle,
8901052004652,Tata tea premium,Tata tea,
8901063016859,50 50 Sweet & Salty,Britannia,
8905507002125,Arhar dal 2kg(10),,
8905507002248,Chana dal 1kg,,
8902080013302,Tropicana apple 1ltr (5),Tropicana,
8901088716581,Safola gold 5ltr,,
8905507023885,FC masala twisteez,first crop,
8906004620287,mustard oil,Dhara,
8905507002675,Pb health drink classic 500,,
8901063092464,Good Day Cashew,Britannia,
8905507002873,Sambhar masala,,
8905507020648,Coriander powder 500g,,
8905507000992,Coriander powder 200g(40),,
8905507020655,Imli tree red chilli powder 500g,,
8901786432011,Everest coriander 200g(2),,
8904011503821,Ponni Rice,Double Horse,
8903794000008,puffed rise,,
8905507017846,Premium cashew 500,,
8901063019188,Little Hearts,Brotannica,
8905507017822,Pre Almond,,
8905507016023,Imli tree Hot & sour soup,,
8905507002682,Pure Brust,,
8905507000312,Pure burst eclairs (40),,
8905507002170,Pulse chana dal 500g (10),,
8905507002194,Pulse massor malaka 500g (10),,
8905507002255,Massor malaka 1kg (10),,
8905507025186,Mix dal 500g(2),,
8905507020372,Arhar dal 1kg (5),,
8905507024707,Kabuli chana primium 500g(5),,
8905507019420,Tasty black salt 100g(8),,
8905507015170,Sharbati atta 1kg(10),,
8905507019468,Sendha namak (20),,
8905507019482,Roasted jeera powder 100g(20),,
8906082370913,dry fruit overload,,
8901063094246,Britannia gd pista badam cookies 600g,Britannia,
8905507016016,Tomato soup (100),,
8905507015217,Sharbati atta 5(1),,
8905507000374,Wheat atta 5kg(5),,
8905507015224,Sharbati atta 10 kg(2),,
8905507000367,Wheat atta 10kg(3),,
8901063142367,Britannia NutriChoice oats chocolate & almond,Britannia,
8901778448853,Real apple 1ltr (8),,
8901499008312,Kellogg's corn flakes real honey (12),Kellogg's,
8906082390348,Sweet banana chips,,
8901725121112,Aashirvaad Atta,Aashirvaad,
8901393020946,Alpenliebe (13),,
8901721001210,Prabhuji chat pata 900,,
8901063325616,Bri toastea 700g,Britannia,
8905507028958,FC tasty peannuts 150g,,
8901414010093,Bikano dry fruit mixture 250g (20),,
8901414008595,Bikano lajawab mixture 250g(22),,
8901414016408,Bikano all time mixture 250g(25),,
8904296900155,Homestyle Garlic Paste,Fabsta,
8901721000237,Prabhuji khatta meetha 400g(22),Prabhuji,
8901414000797,Bikano lajawab mixture 500g(16),,
8901721000008,Prabhuji bhujia 1kg (12),,
8901414008649,Bikano paneer bhujia,Bikano,
8901414000018,Bikano cornflakes mixture 200g(44),,
8901721000695,Prabhuji aloo bhujia 1kg(24),,
8908006274239,Pepinillo agridulce,Hugo Reitzel,
8904422700352,Amla murabba,,
8908010412030,Peanut butter,,
8902579130015,Appy Juice Packet,Parle Agro,
8906048501382,Protinex Chocolate Flavour,Protinex,
8905507002460,Full bloom juice mango 1L,,
8905507002477,Full bloom juice guava 1L,,
8901719119255,Parle Cafechino,Parle,
8901063365032,Britannia cake gobbles 30g,Britannia,
8901719122774,Parle krackjack 800g,,
8901088716574,Safola gold oil,,
8905507401942,Imli tree tasti black salt 100g(8),,
8901719126093,Parle Rusk 327g,Parle,
8901063325760,Premium Bake Rusk,"Britannia, Toastea",
8901063142541,Britannia nutri choice 200g(sys),Britannia,
8901719112485,Parle Hide & seek black bourbon 100g(24),Parle,
8901066813943,Britannia bourbon (3),,
8901537012134,Elina rice 5kg (1),,
8905507016030,Sweet corn veg soup,,
8901719117220,Parle Hide &seek 200g(30),Parle,
8906101350964,Bajri Methi,,
8901063092631,Britannia Good day (60g),Britannia,
8901063139343,BRITANNIA BOURBON4+1,Britannia,
8906017290088,Bisleri Water,Bisleri,
8901648001775,Lassi,,
8901192215116,Catch sabzi masala,Catch,
8901512102805,Sundrop Super lite advanced,,
8906009220598,Nutrifud Rich Milk milk cake,,
8906010366803,Town Bus Butter murukku,,
8906035141065,Chipo orange halwa,,
8902901218947,Good life sunflower oil,Good life,
8906069402965,Imli.,-,
8906031931196,Premium Instant Coffee,Levista,
8902710205206,Corn Flakes+,Bagrry's,
8906097402081,Cumin Whole,Zoff,
8906151121125,Rajgira ladoo,,
8908003623948,vinegar,,
8904004424676,Gol Kachauri,Haldiram's,
8904145911363,ensure Vanilla flavour 200g,,
8901063138131,Britannia nutri choice thin arrowroot 400g,,
8901719123795,Parle monaco(200g),parle,
8901063018341,Britannia 50 50 time pass (63g),Britannia,
8901777606063,Butter almond cookies,,
8901808000051,Cornstarch,Weikfield,
8901848000004,Rasna 20g cbd,Unknown Brand,
8908005462002,Peanut butter,,
8908006646906,Phool makhana,,
8904146329280,chashews,spar,
8906009532943,max protein,,
8901719122682,Parle 20-20 Nice,Parle,
8901058900231,Maggie Souce,,
8906032430117,RKG 500 ML,,
8904063212511,Navrattan,Haldiram's,
8906089700409,Chili Flakes,,
8901262020244,Amul Cheese,Amul,
8904220109890,Медецина,,
8906082393691,Tamarind pickle,,
8901786395019,Tikhalal,,
8902710506051,Fruit & Nut Muesli,Bagrry's,
8906047529554,Peanut butter,,
8901725132934,Dark fantasy,Sunfeast,
8902967210749,No.1 LUXURY,,
8906078263229,Bourbon,,
8901063365162,Britannia Cake Roll Yo!,Britannia,
8908012241652,Malty Original Non-Alcoholic,Malty,
8901648019718,Mother Dairy Ghi,Mother Dairy,
8906138740158,Ready To Eat Savouries,Vellanki's,
8906149090143,Masala Sev,Mayur,
8906009459554,Biotic,,
8901063028197,Britannia mibe time (300g),Britannia,
8906014201100,keo karpin hair oil,keo karpin,
8906077362015,Orange candy,,
8901499011312,Kellogg's,Kellogg's,
8906008350036,Manna Health Mix 1KG,,
8901262020305,Amul Cheese,Amul,
8901262140034,Delicious Fat Spread,Amul,
8901063401136,Cheese Slices,Britannia,
8901063146464,Britannia winking cow strawberry 180ml,Britannia,
8904288601398,Red Chilli Sauce,Tops,
8906023940021,Guruji,,
8905507000299,Pure burst butter toffee (50),,
8905507000756,Pure burst mango mano(system ),,
8901393024494,Alpenlibe gold(system) 351g,,
8901393024760,Alpenlibe eclairs plus(5),,
8906081121646,Peanut butter,,
8906010366827,Khara Boondi,,
8905507010014,First crop navratan 1 kg,,
8901414000070,Bikano bikaneri bhujia 1kg (30),Unknown Brand,
8905507009995,First crop khatta meetha 1kg,,
8904011506525,Tender Mango Pickle,,
8906144122122,Jackfruit chip,,
8901030904257,talk,,
8901035055909,Thé,,
8904433043998,Snickers kesarpista42g,,
8905507002217,Pulses rajma chitra 1kg,,
8905507026398,Imli tree pasta pizza sauce 300g,,
8901414000650,Bikano bikaneri bhujia 1kg,,
8905507026381,Imli tree veg mayonnaise 250g,,
8904132952591,Campa Cola,Unknown Brand,
8904132952614,Campa lime,Unknown Brand,
8906130730690,Sweet potato chips,,
8901063162501,Britannia marie gold 1kg,,
8904083512219,KABULI CHANA CHICKPEA,24 Mantra Organic,
8904256706810,Royal dried cranberries,,
8901042956725,Curry Rice,,
8908006817016,Kaalai,,
8906014645287,fiona,,
8901044220084,Mapro jam,,
8906116780145,shatavari,,asparagus
8902246003703,Bear,,a
8904011505016,double horse,,
8902901227321,Walnuts shell 500gm,,
8908005204619,Amlamrut,,
8901207032110,Real litchi juice 180ml,,
8901719125768,Hide & Seek Milano Chocolate Chip,Parle,
8905507001852,Amritsari papad,First crop,
8905507001869,First crop moong papad 200g,,
8905507001791,First crop veg hakka noodles.  150g,,
8901721000176,Prabhuji khatta meetha 1kg,,
8901721000626,Prabhuji jhal chanachur 1kg,,
8905507022901,First crop aloo bhujia 150g,,
8901552020138,Mini potato peas samosa,Ashoka,
8901814003183,Viva,,sugar
8901123005724,Coffee Bite,Lotte,
8901058890006,Pazzta cheese macaroni,Maggi,
8908006217076,Millet Dosa Spinach,,
8906131681250,Vanilla millet cake mix,,
8906131680611,Millet Vermicelli,,
8906016410241,Toned Milk,Godrej Jersey,milk solids
8908000276550,idiappam,viwas,
8901565001711,Peppy cheese balls,,
8904304711605,Suggi green peanuts,,
8904063204127,Kadhi Chawal,,
8908007181093,Evergreen button mushroom,,
8903234621701,Pure whey protein blonde chocolate,,
8908000381438,Durga peanut ball,,
8902167000430,Panorama masala,,
8901161105431,Lal Qilla Basmati rice,,
8901042970554,Minute rasam,,
8905507000749,Pure burst orange candy,,
8901393015829,Alpenliebe gold (156g),,
8901063032804,Britannia treat (50g),Britannia,
8901719122637,Parle happy happy (400g),Parle,
8901719123894,Parle -G (800g),Parle,
8901063325883,Britannia Toastea (217g),Britannia,
8905507001425,First crop Suji bake Rusk(200g),,
8901719123276,Parle Hide&seek(250g),Parle,
8901063017696,Britannia 5050 jeera(260g),,
8901414008588,Bikano lajawab mixture 500g  (sys),,
8901414001640,Bikano all time mixture 250g,,
8905507002613,Tomato potato chips 50g,,
8905507000824,Full bloom strawberry 200g,,
8905507001166,First Crop Fruit & Nut Muesli,First Crop,
8901052000098,Tata tea gold,Tata tea,
8901111000861,Zaha 500,,
8901548145326,Stevia,,
8901161105424,LQ CLASSIC BASMATI RICE 1KG,,
8906082577053,Crusties,Cornitos,
8901088205740,Saffola Masala Oodles,,
8906020461239,Crem Treat,Bimbo,
8906075172623,Pineapple Chat,Madhur,
8906004620256,Kachi Ghani Mustard Oil,Dhara,
8906076278270,dubar,,
8906040374816,Basmati rice,Indian salaam,
8904063214799,Haldiram nimbu masala 220g,Haldiram's,
8908019150575,Bombay hot bhelpuri masala 130g,,
8908019150568,Bombay hot bhelpuri salted 130g,,
8904063214348,Haldiram navratan 220g,Haldiram's,
8904063260512,Haldiram lite mixture 250g,Haldiram's,
8906062861387,Brij roasted chana 400g,,
8908019150520,Bombay hot bhuna chana 500g,,
8906020491946,Lal Shahi mysore pak,,
8904067709369,Peanut Gud,Jabsons,
8901414001190,Moong Dal,Bikano,
8906047529547,Disano  peanut butter,Disano,
8901058902143,Nestl lactogen1,,
8902570806049,sc coffee,,
8901414000551,Bikano soan papdi 250g,Bikano,
8904319300368,Haldiram Agra petha 350g,Haldiram's,
8901414048201,Bikano besan laddo 400g,,
8904340503288,Pulse,Pass Pass,
8901512500601,ACT II Original,ACT II,
8901512507709,ACT II Original,ACT II,
8904073713367,Haricots rouges,,
8902901224054,Good life APRICOT 100gm,Good life,
8902901222685,Good life fennel,,
8906122262024,Wheat flour,Balaji,
8904071704572,Yellow banana chips,,
8908003059129,murli soyabean oil 1ltr,Unknown Brand,
8906090571180,Multigrain Chips Tangy Tomato,Unknown Brand,
8906002000883,Weikfield Penne,Dr. Oetker,Durum wheat semolina
8904049650016,Riz Basmati,Unknown Brand,
8905507000961,Pure Burst Dairy Whitener,Pure Burst,
8901552025416,milde Würzsauce mit Kokosmilch,truly india,
8901499008800,Kellogg's chochos,Kellogg's,chocos
8904132946026,liberato caramon,,
8905507017785,First crop almond 500g,,
8904004400922,Haldiram's mixture,Haldiram's,expiry date
8906149900213,Candy,,
8906037151437,Bail juice,,
8906003926557,noodles,,
8906015500967,keventer,,
8908012509219,Shreeji,,
8902901224252,yellow raisins,good life,raisins
8904112704295,Peanut ball,,
8908000233249,Iyer's papad long chips,Iyer's,
8906113441933,Peanut butter,Nutty,
8901063342491,Atta sandwich,,
8904013460023,Thurbo DARJEELING TEA WHOLE LEAF,Goodricke,tea
8901063325777,Britannia Rusk,,
8904408000179,Food gate mutton masala,,
8904408000360,Food gate tamarind,,
8904076000051,Nambisan's pure ghee,,
8906090574198,Namkeen Bikaneri Bhujia,Too Yumm!,
8906010367398,GRB Rasmalai Patty,GRB,
8906021560085,masala boondi,,"200
hii"
8901058890716,Nestle Optifast,Nestle,
8904112704394,Durga puffed rice rool,,
8906005500397,Bikaji aloo bhujia 1kg,Bikaji,
8904063216397,Navratan haldiram 1kg,Haldiram's,
8904083301813,Cow Ghee,Milky Mist,milk fat
8901440221883,Sweet paprika,,4
8904063253958,Rasmalai,Haldiram’s,
8901157045161,Musk,,
8901248451048,Emamo oils 7 in one,,4
8908019150469,lahsun chura,Bombay hot,
8904063214331,Haldiram aloo bhujia 220g,Haldiram's,
8901414010499,Bikano tasty 220g,,
8906158650123,Rabgrace chana dal 350g,,
8908019150438,Bombay hot Agra mox 400g,,
8906158650512,Rabgrace dite mix curry patta 350g,,
8908019150223,Bombay hot hing papdi 240g,,
8906158650376,Rabgrace Panjabi mix 350g,,
8906158650246,Rabgrace madrasi mix 350g,,
8906158650109,Rabgrace bhavnagri 350g,,
8906158650383,Rabgrace Panjabi tadka 350g,,
8906158650185,Rabgrace gathiya 350g,,
8908019150421,Bombay hot Panjabi mix 400g,,
8908016247018,Traya Health Tatva,Traya,
8901725104641,Sunfeast moms magic cashew almond,Sunfeast,biscuit
8901972062930,creme 4 fun,dukes,
8908019758337,zahidi dates,proV,dates
8901725000370,Sunfeast marie light active,,biscuit
8901095003018,Society tea 500 g,Society,tea
8901304269907,Rose milk,,
8901808003137,rolled oats,Eco valley,rolled oats
8906006722972,Lion Muscat Dates 500 gm,Lion,dates
8904124107510,Ananda milk,Unknown Brand,milk
8901719122781,Parle Monaco 700g,,
8901719128837,Parle happy happy cake 30g,,
8901063362376,Britannia gobbles fruit cake 90gm,,
8905507016986,First crop masala cashew 35g,,
8905507017006,First crop roasted almond 35g,,
8902901224627,GL chana dal 500g,,
8901063146426,Winking cow,,
8906005060044,cocojal pineapple,,
8902901133851,yeahi guava,,
8902979006415,Garden Cruncho Big,Doritos,
8904132932999,unpolished masoor whole,Good Life,
8906055440179,Cowpea white 500g,,
8906055440124,Organic chana dal 500g,,
8904043926322,Tata Sampann Moong Dal,,
8904043926421,Tata smp unpo green moong 500g,,
8904043926629,Tata Sampann Unpolished chana dal,Tata Sampann,chana dal
8904117900081,Pro Nature org moong yellow 500g,,
8904117900104,Pro Nature org urad blk split 500gm,,
8904043926520,Tata smp unpo moong dal chilka 500g,,
8906055440728,Organic tattva moong dal yellow split 1kg,,
8904043926704,Tata sampann unpolished kabuli chana,Tata sampann,kabuli chana
8904043926315,Unpolished Moong Dal,TATA sampann,
8902901221930,Best farms toor dal 1 kg,,
8902901221763,Best farms green chana 500gm,,
8902901221732,Best farms chana dal 1 kg,,
8902901224467,Best farms soyabean yellow 200gm,,
8904132932944,unpolished chana dal,Good Life,chana dal
8904132932913,GL unpo toor dal 1kg,,
8902901224665,GL moong dal 1kg,Good Life,moong dal
8902901224917,GL kabuli chana 1kg,,
8901725001094,Bansi Rava,Aashirvaad,durum wheat
8906012230102,Rice Flour,Vijay Gold,rice flour
8902901127027,GL soya bean yellow 200g,,
8902901127010,Hours gram 200g,,
8901648009474,MD pure ghrr 1ltr,,
8901648094746,Mother Dairy pure ghee 1 ltr,Mother Dairy,
8901262030878,Amul cow ghee 1ltr,Amul,
8904124117083,Ananda ghee 1ltr,,
8901262030700,Amul pure ghee 1 ltr,Amul,
8904422702233,cow ghee,Patanjali,
8908000911048,Gyan Desi ghee 1 ltr,,
8901262030175,Amul pur ghee 5 ltr,,
8901648031147,Mother Dairy cow ghee 1 ltr,Mother Dairy,ghee
8906001727149,Desi ghee,Paras,ghee
8906002091058,Anik ghee 1 ltr,,
8908000911055,Gyan Desi ghee 500g,,
8906002091034,Anik ghee 500ml,,
8901262030267,Amul pur ghee 500ml,,
8906002091027,Anik ghee 200ml,,
8904422700215,Patanjali cow ghee 500ml,,
8904132929111,GL pure ghee 1 ltr,,
8901537012127,Elina lng grn rice 1kg,,
8904146328108,Bong bhog rice 1 kg,,
8906008814095,Kohinoor ex lng basmati rice 1 kg,,
8906007287258,Jubli regular lng grn rice 1 kg,,
8906007283205,Fortune biryani spe basmati rice 1 kg,,
8906007282475,Fortune super basmati rice 1 kg,,
8906007287883,Fortune rozana basmati rice 1 kg,,
8906007289504,Fortune biryani classic prim basmati rice 1 kg,,
8902901034226,GL biryani basmati rice 1 kg,,
8901537077669,Devaaya biryani basmati rice 1 kg,,
8902901036114,Sona masoori rice 2 kg,,
8902901036251,Parmal raw rice 2 kg,,
8902901226867,GL dosa rice 1kg,,
8902901223156,GL idle rice 1 kg,,
8902901226959,GL Sona masoori rice 1kg,,
8902901034431,GL wada kolam rice 1kg,,
8902901223286,GL jeerasar rice 1 kg,,
8902901034424,GLambemohar raw rice 1 kg,,
8902901231014,GL surti kolam rice 1 kg,,
8901262090421,Amulya Dairy Whitener,Amul,
8901023022951,Good night gold flash liquid 2 refills pack,Unknown Brand,
8906032018605,Patanjali namkin biscuit 70g,,
8901499009661,Kellogg's corn flakes original,Kellogg's,
8906032018933,Patanjali dudh biscuits,,
8904422704770,Patanjali digestive biscuit,,
8906017670804,Shalimar coconut oil,,
8901781002622,Sunrise Sarsoo,,
8901781000109,Sunrise garam masala,,
8906125680023,Calcium lacted Chhana,,
8908012768043,R M Maharaj Kaka Jeera,,
8901781002257,Sunrise ajwain,,
8901781001137,Sunrise haldi,,
8901781001021,Sunrise pure panch phoran,,
8901781000055,Sunrise chat masala,,
8901560273144,Nilon's ginger garlic paste,,
8901781000376,Sunrise dhaniya powder,,
8904422700734,Patanjali kali mirch papad,Patanjali,
8901781000369,Sunrise jeera powder,sunrise,
8901781000352,Sunrise Lal mirch powder,,
8901058904987,Maggi Pichku,Maggi,
8906099360136,Green chilli sauce,,
8906099360150,Herald's Soybean sauce,,
8906136760196,Rose water,,
8901786140107,Everest Shahi biryani masala,,
8908017770010,Mala Chanachur,Halder's,
8901117252608,Cipla kids Levosalbutamol Levolin cough Syrup,Unknown Brand,
8904422701106,Patanjali black salt,,
8901314599476,diabetic 70g,,
8906060590029,Mango Pulp,Melda,
8902080001644,Sting,,
8906111540744,Fun Flips Puffs Cheesy Pizza,JK Foods,
8904380603481,Hit vanilla,,
8906081381668,Kara Boondi,Telugu Foods,
8906151420068,best chiwda,,
8906151420105,Potato Chivda,Laxminarayan,
8901441014019,Moong papad,Lijjat,
8901441011025,Lijjat udad papad,Lijjat,
8904304711568,red chilli peanut,,
8901207019005,Dabuur Amla Hair Oil,,
8906134971266,Samosa Chutney,Apna,
8908002915709,Manjistha,matxin singles,
8904063220134,pudina chips,haldiram,
8908005575023,Basmati Rice,India Crown,basmati reis
8904083506614,Kismis,24 mantra,
8903023269602,Jaggery,Papas,
8904083300656,Cooking Butter Unsalted Pasteurised,Milky Mist,
8901030553868,Lipton yellow label tea,Lipton,
8908013746064,Cravova kiwi mojito,,
8901542001659,"Glucon, d",,
8908000668263,EXTRA LONG TRADIONNAL BASMATI RICE,BANNO,
8908003876542,Whey protein,Unknown Brand,
8906036672292,Pasteurised Table Butter Unsalted,Nandini,milk solids
8904132949744,Campa cola 200ml pet,,
8901552025430,Tandoori Masala Würzmischung,truly indian,
8904064617704,Sojastücke Medium als Fleischersatz,ANNAM,
8908005151135,Korean Style Instant Noodles,Wang Ramen,
89008478,Milkybar,Nestle,
8904288612806,mixed pickle,tops,
8906042350689,pani Puri,naturals,
8904258703244,Raw mixed fruit,,
8906022620115,rice bran oil,healthy heart,rice bran oil
8904300201568,Cake rusk,,
8906091681215,Yuzu jpan citrus imp,SPR/G,na
8904043905730,Yumside Delhi Style Dal Makhani,Tata Sampann,
8906020470514,Besan Mehl,Besan,
8908005144052,multigrain energy bar,yogabar,
8906009011318,sugar,parry's,sugar
8904239603303,Gee,,
8904001801029,Sambandhi Sesame,Idhayam,
8901063363595,Muffills Choco Vanilla Flavoured,Britannia,
8906040411542,Jal jeera,,
8908007271091,Agasi chutney,Umadi's,
8906042150715,Happala No. 4,Anil,
8908007271077,Puthani chutney,Umadi's,
8901585862880,Paan Kharek,Unknown Brand,
8901117250352,oral rehydration salts,cipla,
8904132918818,Sweet Corn Insta Soup,Snac tac,
8908000137080,Nice Peanut Chikki Energy Plus,BMS Sweets,
8902579001681,Appy,Parle Agro,
8901725006341,Sunfeast smoothies Litchi with fruit chunks 300ml,"Sunfeast Smoothies,ITC",
8906015501315,Chaupati Aloo Tikki,Keventer,
8906015501827,Veg Nuggets,"Disney Delights,Keventer",
8901648092667,Cheese Cubes,Mother Dairy,
8901063146488,Britannia winking cow vanilla 180ml,"Winkin' Cow,Britannia",
8901725105181,B Natural Litchi Juice,"B Natural,ITC",
8906116958995,Whey,Muscleblaze,
8904064622623,Little millet,Unknown Brand,
8908010412092,Dark chocolate peanut butter,,
8908013674602,Peach Mojito,Cravova,
8901565001322,Cheese Balls,Peppy,
8901972073196,Chocolat Chip Cookies,,
8904112704103,Durga rosted peanut,Durga Agencies,
8908004691021,Manchurian Stick,Sun Shobha,
8904132943520,Good life miniket rice 10kg,Good life,
8901071732734,HERSHEY'S SYRUP,Hershey's,
8908005658214,Plain Dahi,Osam,
8906000921081,Badam Ghee Laddoo,Daadi's,
8900052890005,Macarrons Fontseca,,
8906034251963,BEST CLEAN ASTA,,
8906034251987,BEST CLEAN ALOE VERA,,
8906046934908,ICONA BABY,,
8907790000048,Mr. Bear,Ribbons & Balloons,
8903363007971,Bisky bites,Unknown Brand,
8903363006837,Real Elaichi Toasted Bread,Royal Toast,
8902433005398,Snickers Miniatures,Unknown Brand,
8902433005411,Snickers 13x Family treats,Unknown Brand,
8904051300367,Porotta,Instant Delight,
8904064672819,Masala Dosa,,
8904083312062,Shrikhand Mango,Milky Mist,
8906033661367,Soan papdi Nagpur Orange,Sur Dhenu,
8906014762465,Coconut Oil,Bajaj,coconut oil
8906017400104,Thandai,,
8904422700710,Patanjali Atta 10kg,Patanjali,
8906135091079,Himalaya Honey,apis,honey
8904982600055,Mango Shake,Storia,
8906030680408,Gold finger,Gurujee,
8901440201212,Berry hills white oats,Berry Hills,
8906130900239,Choco-Pie,"Choco-Pie,Orion",
8901512680204,Sundrop Heart blnd edbl oil 1ltr,Sundrop,
8901088155458,Saffola Gold,Saffola,
8904132949003,Independence Atta 10kg,Independence,
8906000212240,Multigrain Atta,Pillsbury,
8906000210314,Pilsbury fresh Atta 5kg,Pilsbury,
8901042967325,MTR POHA 60 g,MTR,
8906069400091,Marinara Pizza & Pasta Sauce,Veeba,
8906046761597,Harry syp 225ml,,
8908006217977,cereal,,
8906038783187,Gai Ka Shuddh Ghi,Shri Shri,
8906017815069,Gowardhan ghee,,
8901777410127,Paneer Onion Paratha,Vadilal,
8906078265353,Coconut Cookies,Mrs Bectors,
8908005543152,Nutricharge refresher 200ml,Nutricharge,
8904083315056,Dairy Whitener,Milky MIst,
8901058004786,Nestle classic (15g),Nestlé,
8906041846213,Satrin tablets,Unknown Brand,
8906086510001,WOW  laddus,,
8901058798487,nestle Nan pro formula milk,,
8901161104564,LAL QILLA BASMATI RICE,,
8901063092761,Good Day Butter Jeera,Brittania,
8902901223064,Good  life  pepper powder,Good  life,
8902901028003,Good life chakki atta 10kg,,
8904132912762,Snactac katta meeta,snac tac,
8904132919419,Poha Mix,Desi Kitchen,
8902901222326,Best farms mace,,
8906069720786,Kaju katlis,,
8901192221117,Chhole Masala,Catch,
8904109465246,Pachak Hing Peda,Patanjali,
8906069416092,Annardana Goli,Paansmith,
8904063240194,Bhujia,,
8901052087600,Tetley tea,Tetley,
8907003505117,Butter murukku,,
8904899923025,Poker,Lago,
8906004560163,Chips,,
8901806002651,Vegeta,,
8904064662124,Toor Dal,Annam,
8908003799285,Mineral Water,Ice,mineral water
8901063136915,BRITANNIA BOURBON CHOCO,,
8906004563454,YD potato chips,,
8906004563478,YD magic masala chips,,
8904132917330,Healthy chocos,,
8904067711263,Jabsons roasted peanuts,Jabsons,
8902901223248,Good life boiled kolar rice,,
8906009993225,Jackfruit Pudding Cake Sliced,Elite,
8902042300709,Avt leaf tea,,
8906069401388,peanut butter,veeba,
8906010369705,Sambar Powder,GRB,
8902269501200,ORS Orange Flavour,Alkem,
8902346012407,Electral,,
8908012692096,Daily greens,Wellbeing nutrition,
8902901108880,SHREE,,
8906098027245,Kaprika,,
8908001876018,Kesar,,kesar
8901088081184,Mayonnaise Eggless,Saffola,
8906168240086,Bread,,
8904064644175,Sugar coated fennel seeds,,
8906120586276,Coffieine,,
8901531300107,BOROLINE,Unknown Brand,
8901552025201,BENGALI Mango & Ginger Chutney,India,
8904004401066,Khatta Meetha,Haldiram's,
8902080002221,Tropicana,Tropicana,
8901542002090,DoodhShakti Ghee,Nutralite,milk fat
8901052005253,Tata Tea Agni,,
8908007271114,Coconut  chutney,,
8906024370643,Jeeru 1l,Unknown Brand,
8906024370186,Jeeru 500 ml,,
8908015961076,Basmati Rice,Mehnaz,basmati reis
8906157842178,mahima jeerakashala 1kg,,
8904422700123,Anardana Goli,,
8906100593317,Patanjali Divya jal 1ltr water,,
8906030680231,Mixed mixture,,
8906033530069,pnsta mix,Snapin,
8906033530816,Snapin,,
8906033530045,Snapin,,
8908019098051,Break shake,,
8904063223050,Punjabi  Sarson Da Saag,Haldiram’s,
8906036070838,Rajesh haldi paudar,Rajesh,
8901834001206,Maazza,,
8902080305025,7up 250ml can,,
8906035140686,Chipo,,
8901207043239,Real guva sip & win,,
8904132952645,Campa Orange 2ltr pet,,
8901440206309,Eastern  chilli chicken masala,,
8901063092754,Good Day Fruit &Nut,Bratania,
8901725111441,hi,Good Day,
8906080602832,Swing paper boat (lush lychee),,
8904132948174,Campa Cola 500ml,Campa,
8904132948273,POTATO CHIPS,Alan's,
8906070060192,Corn Mixture,Sharva's Snacks,
8904002500570,Badam Milk,MASQATI,
8904113522003,Agro fresh jaggery,,
8908000137035,Peanut Chikki,BMS Sweets,
8906050591852,Banjaras,,
8906005670427,Salted Peanuts,Charliee,
8908000137073,Peanut Chikki,BMS Sweets,
8902901225846,Good life rice flour,,
8902901130935,Good life raisin premium 200gm,Unknown Brand,
8902901069976,Good Life Munakka 200gm,Good Life,
8906062814451,Nutritin ultra,,
8906032010982,Nutrela Soya Chunks,Nutrela,defatted soy
8901595862658,Ginger Garlic Paste 5 MRP,Smith & Jones,
8906113441971,Beurre de cacahuète,Nutty,
8909099995858,Premium Saiwa,,
8901063410312,The Laughing Cow,BRITANNIA,
8901063401648,BRITANNIA - TLC,Unknown Brand,
8901719121432,Monaco Classic Biscuits,Parle,
8904004415971,Coconut cookies,Haldiram's,
8904130853340,boAt AIRDOPES 131 True Wireless Earbuds,,
8901595972128,Paneer Chilli Masala,,
8903241110090,Mixed Pickle,Pravin,
8903241110281,Lime pickle,,
8903241110045,Mango Pickle,Pravin,
8903241110021,Mango pickle,,
8904063220226,chips,Haldiram's,
8906142772923,SAYER DATES,Molsi's,dates
8901491001687,Doritos,Unknown,pork fats
8902901225983,Good life khichdi,,
8902901127058,Good life doublebeans,,
8902901225082,Good life rajma chitra,,
8904132933026,Good life masoor whl blk,gL,
8904001800244,Idhayam gingelly oil,,
8906000210628,Cooker cake mix,,
8906002006489,Sandwich spread,,
8906002005789,Tandoori veg mayonnaise,,
8904675029842,Milk chocolate,,
8902901227789,Best farms black cardamom,,
8906058610036,Gaia lite Sugur Free,,
8908012945420,Pink Harvest Pasta,Pink Harvest,
8901063344129,Whole Wheat Sandwich Bread,Britannia,
8908008374258,Thé bio,,
8902246003314,Haywards 5000 super strong soda,,
8904132924444,Snac tac masala  chips,,
8904132916067,Snactac khatta meeta,,
8904067703367,Jonson falari mix,,
8904335601883,oats,yogabar,
8901155122116,Gita RABDI,,
8901131170063,Brauner Rum,Old Monkeys,
8906380093605,cow ghee,Foods Pure,
8902901011241,Quinoa,Good Life,
8906112480544,Desi Ghee,Dairy Best,
8901030722059,Taj Mahal,Brooke Bond,
8901088884174,Soya Mini Chunks,Saffola,defatted soya
8903363004710,Kaju 240,"Premia,DMart",cashew nuts
8903363004697,Kaju 320,"Premia,DMart",cashew nuts
8903363010193,Bhagar,"Premia,DMart",
8903363004079,Bhagar,Premia,
8908003080437,Khari Sing,Santosh,
8901063363809,Gobbless Choco Chill Cake,Britannia,
8904258700243,Raw Valencia Orange Juice 250ml Imp,RAW Pressery,
8903363003980,Idli Rava,Premia,
8903363004222,Idli Rava,Premia,
8904320018245,Pasta,Di sano,
8906066201721,Pizza Seasoning,Keya,
8901725012731,yipee noodles,sunfeast,
8901786541003,Rajma Masala,Everest,
8904085900052,Ambika appala 325g,,
8908003648743,Junk tail leech tail,,
8903321258759,With Vitamin E,,
8904214804374,Blue haven faundation,,
8902433103643,Galaxy smooth,,
8901014003174,Nissan Top Ramen Curry,nissin,
8901905022987,Inspiration Collection,Monginis,
8908014602031,Ice pops,Skippi,
8902901030358,Good Life Black Raisins 500g,good  life,
8904064600669,Madras Papad,CHAKRA product of India,
8906012312679,gee,tapan group,
8901030962226,Lipton,Lipton,
8902579001438,Appy Fizz,Appy,
8901030877056,পন্ডস ইন্ডিয়ান ক্রিম,,ইউনিলিভার
8901012189177,ক্লিন ক্লিয়ার ফেসয়্যাশ,,
8901012116708,জোনসোন বেবি তৈল,,
8908008142017,হিমালয় ফেসয়্যাশ,,
8908008142000,হিমালয় ফেসয়্যাশ,,
8906000210307,Fillsbury chakki atta,,
8906000212233,Pillsbury multigrain,,
8901012116630,জনসোন সাবান,,
8908000794054,Pasteurised Cow Milk,Gokul,milk solids
8901552023368,Mint Chutney,,
8901552023641,Sweet Mango Chutney,,
8906090572149,Karare Noodle Masala,Too Yum,
8906116957530,Multivitamin,,
8901063151086,BRITANNIA,,
8906078260068,CASHEW COOKIES,,
8901571003648,biscuits eg,,
8901023028670,Godrej no 1,,
8904037212219,Well,,
8904073797992,Tasty crispy indi1n curry biscuits,,
8904103031935,(Avakay,,
8904132949782,campa orange flv 200ml,,
8904132949768,Campa Lemon 200ml pet,,
8906036672346,Nandini chaddar,,
8906010090296,Feta,D'lecta,
8901548100011,Nutralite Delicious,Nutralite,
8904053505777,Snack sause,,
8901262275408,Vasundhara ghee,,
8904300201209,Marie,,
8901071701969,Kisses milk choc,,
8902102230519,Margo,,
8901138500672,Gasex,HIMALAYA,
8901848001087,Rasna orange,Rasna,
8908013746019,Cravova green apple mojito,,
8904258701714,Raw coconut water,,
8901725006556,B natural,,
8901030866111,deep moisture,,
8901552008150,Aeroplane Lemon pickle,,
8901440001133,Easterm COCONUT OIL زيت جوز الهند في ١٥ مل ١٣٥ سعرة حرارية و في ١٠٠ مل ٩٠٠ سعرة حرارية,,
8901745105000,RKG Pure Cow Ghee,,
8901560020649,Nilons,,
8902901008234,GL mixed dryfruits 500gm,,
8901725006150,Marie light,,
8904103031010,Ginger and garlic paste,swastiks,
89002681,Natural,,
8901719917189,BISCUITS,,
8904250604747,Utrojoy,,
8906150210264,Soan papadi,,
8906009993072,La' Elite Premium Plum Cake,Elite,
8908016958440,Raisins,Madhuban,raisins
8906037691933,Vanilla Culinary Essence,Bajaj Savory,
8906037692251,Almond Culinary Essence,Bajaj Savory,
8906070020462,Sharvas khara boondi,,
8906084690774,OM BHUJIA,,
8906084690798,OM NAVRATTAN,,
8906084690767,IM ALOO BHUJIA,,
8906084690828,OM KAJU MIXTURE,,
8904045801092,ROYAL CINGELLY BALLS,,
8906021125192,Tamarind paste,,
8901414048485,Shahi mixture Bikano,,
8901595972562,DATE OF MFG: USE BY:,,
8902433005336,Milk Chocolate,Galaxy,
8906006050778,Vijay Puliyogre,,
8901414000094,BIKANO BADAM LACHHA,,
8904109401589,patanjali honey,patanjali honey,
8902901223354,Rice flakes,Good Life,
8901499008411,Muesli With 21% fruit & nuts,Kellogg’s,
8906016490977,Elite rusk,,
8906113490856,Tata soulful,Tata Oata,
8906113490818,Tata soulful,Tata Soulfull,
8906113490825,Tata soulful,,
8906113490849,Tata soulful,,
8901088194839,Saffola masala oats 1 kg,,
8901499011220,Kellogg's oats,Kellogg's,
8901088171755,Saffola masala  oats,,
8904335600770,Yoga  bar oats veggie magic,,
8901088724036,Saffola karra crunch,Saffola,
8901088746526,Combo saffola crunch,,
8901042968827,Garam Masala,,
8901725105150,B Natural Apple juice 180ml tpk,b natural,
8906017291443,Limonta,,
8902080504084,Water,Pepsico,
8901131721715,JUL23,,
8904422700833,Patanjali  Honey,,
8904132922211,Snactac pineapple,,
8904422700840,Patanjali,,
8901552021203,Ginger Garlic paste,Ashoka,
8902201294078,Good life mixed dry fruits 200gm,,
8906019770052,Nutraj walnut kernuls 200g,,
8902901224085,Good life dry fruits combo pack 300g,Good Life,
8902901226362,Good life Magaj seeds 500g,,
8902901227567,Good life walnuts in shell 1kgs,good life,
8901764012938,Coke 8 pack,Coca-Cola,
8904132954786,Campa,,
8906027912001517,Green pista,,
8906082522480,APPLE CIDER,,
8901063092730,britannia,Britannia,
8904004400649,Haldiram lemon bhel,Haldiram's,
8904004404210,Mini samosa,Haldiram's,
8906005500885,Bikaji navaratna mix,,
8904004402834,Panchathanthra mix,Haldiram's,
8904132909953,Natural honey,Healthy Life,honey
8901512545909,ACI 2,,
8901030887932,sampu,lokal,
8902901049701,Gl pista 200 gm,,
8902901224061,GOOD LIFE APRICOT 200 g PP,,
8904137412519,Dry Coconut Whole,,
8901063004016,GOOD DAY CHOCO COOKIES,BRITANNIA,
8901063030022,BRITANNIA BOUR BON,,
8906054210971,Garlic bread,,
8906071103218,Lemon Yellow,,2 pcs
8902901001778,Broken Wheat,Good Life,
8902080002078,Pineapple Delight,Tropicana,
8902901030556,Atta,Good Life,
8906066180347,Rehmat,,
8901725005863,Magic Masala Noodles,Yippee,
8906009070445,unibic choco kiss,Unibic,
8901719129186,monaco pizza,Parle,
8906140201623,Nature choice dates,,
8902901034356,Pl Bolar cashew 500gm,,
8902901224184,Pista,Unknown Brand,
8902901231991,Black raisins 100gm,,
8902901224214,Raisince green,,
8902901224245,Good Life Raisins yellow 100gm,,
8902901223903,Good life almond,,
8902901069969,Good Life Mixed dry friut 400gm,,
8906016014708,Gourmia rosted almond,,
8906134670183,Ajmi pathiri,,
8908006779086,Ajmi pathiri spl,,
8908006779093,Ajmi idiyappam,,
8906009079899,UNIBIC Choco Hazelnut Cookies,Unbic,
8906125670420,Jaggery Powder,Gula's,
8908000655140,Agmark Ghee,Udhaya Krishna,
8906010265403,Filtered Groundnut Oil,Cardiac Advanced,
8906010268602,Cold Pressed Gingelly Oil,Cardiac Advanced,
8906042150036,Roasted Short Vermicelli,Anil,
8904001801067,Sambandhi Sesame,Idhayam,
8906006720015,Qyno Deseeded Dates,Lion,dates
8904011311051,Agmark Ghee Special Grade,aavin,ghee
8904132948235,alans bugles,,
8902292004440,Poudre adulte,,
8906127550072,Peanut butter,,
8906006720138,Lion Qyno Dates 500gm,Lion,dates
8906027999001,Green Pista,,
8902901224153,WALNUTS,,
8908011380093,Long Seedless Raisins,Mahafruit,long raisins
8901058898545,Special masala,Maggi,
8901192213112,MEAT MASALA,Catch,
8901042968926,Spicy Sambar Powder,MTR,
8901262010085,Butter Unsalted,Amul,
8906097402395,Black Mustard,Zoff,
8902433005688,Galaxy Fusions Dark Chocolate,Galaxy,
8901725004262,Choco double,,
8906000151174,Aastha atta,,
8901030752841,DARJEELING,Lipton,
8902901222319,Best farm kalonji,,
8904045850045,Royal palada,,
8901725117085,Sunfeast  yeppi 240g,,
8903799000508,Bonne maman fraises,Bonne maman,
8906105612075,WOwskinscienceindia,,
8901088076050,Saffola IMMUNIVEDA,,
8901030960536,Majestic Kesar Pista,Kwality Walls,
8901262173599,Amul Rajbhog,Amul,
8905507020402,pulses,First crop,
8902838100094,Betatop Carvedilol 25 mg,,
8901030876974,Red Label 500 g,,
8906007280693,Rice Bran Oil,Fortune,rice bran oil
8901052034604,AGNI,tata,
8901552001908,عنبة جمل,,11/12/2024
8901725120399,Bingo mad angles,,
8904132950641,Alans salsa,,
8901030795848,Horlicks,,
8901088150712,CocoNUT,,
8901030820038,Junjor Horlicks,,
8901719127465,PARLE CHOCO CHIP,Parle,
8907003508637,Seedai,,
8906044006690,Alo fruit litchi,,
8904132912793,Snactac bel,,
8904132913240,Sun crush,,
8901414010475,Bikano navaratna,,
8904132912908,Snactac tasty peanuts,,
8904067709499,Jonson sabudana,,
8904004404760,Chatpat dal,,
8904004414158,Haldi katta meeta,Haldiram's,
8906113441964,Nutty Beurre De Cacahuete,Nutty,
8904248940024,Prostokare,Lords Care Better,
8904004440300,Cocktail Samosa,Haldiram's,
8901117078284,Gupill.,,
8901030993381,Horlicks classic Malt 1kg Pet,,
8901440203544,Eastern meat Masala100g,,
8908009082091,shareat jalballs,,
8901552023344,Koriander Chutney,Ashoka,
8906044992351,Alo Frut Guava Juice 1ltr,,
8906064280438,CHEVALIER,,
8908010310077,Pure cow ghee,,
8904004440041,Tandoori Plain Naan,Mopplleey,
89008706,Rahul kumar,,
8901262071307,Amul milk chocolate,,
8907003504998,A2B pakoda,,
8907003505049,A2B ompudi,,
8901719129254,Parle wafers,,
8904132956070,Alans,,
8901138821845,The Himalaya Drug Company,,
8902579002596,Smoodh Toffee Caramel,Parle Agro,
8902579002565,Smoodh Chocolate,Parole Agro,
8906058612023,Gaia Protein Cookies,Gaia,
8908000097575,Gaia Multigrain Cookies,,
8904287001243,pasta shott,bambind,
8908009116154,Craft bakery butter cookies,,
8901018018297,Bread,,
8903329093253,lindor,Lindor,
8906010369842,Soan papdi,,
8906069721967,Anand ribbon pakoda,,
8904132919372,D K Rava idli,,
8904132917262,Masala boondi,,
8901030743047,Fresh Tomato Ketchup,Kissan,
8906077360448,Chana Jor,Jaimin,
8904221695668,Whey protein,Asitis,
8906009502021,SHRIKHAND,,
8901058905656,Cerelac,Nestle,
8906004562884,Chulbule,yellow diamond,
8904209302755,Butter chicken masala,,
890582780009607500006605,Jamón mercadona,Unknown Brand,
8908014602048,Ice Pops,Skippi,
8908020473021,Grapefruit Mint,Hippo,
8904063205667,Bhakarwadi,Haldiram's,
8904063205650,Methi Puri,Haldiram's,
8901414034853,Bhakar Badi мини-рулеты с начинкой из нутовой муки с солью,Bikano,
8901414000674,Bikano Gathiya,Bikano,
8904132972339,Green Cardamom,Good Life,green cardamom
8904132917682,Green Tea Honey and Lemon,Aarambh,
8901262080040,Amulspray,,a
8901817671499,Honig Madu,,
8908018177115,Roasted Pistachio,LGN,
8906009070926,Unibic choco rs 5,,
8906097970108,Rasam Powder,JPF,
8906054110721,Good Bread,,
8901888004833,Real Mosambi fruit juice,,
8901393024234,Juzt Jelly Strawberry,Alpenliebe,
8906003210731,Zinfandel Rosewein,Sulawesi Vineyards,
8906069610247,Jolliz Salty Chunks Moong Dal,Anand,
8908002105117,Brown Bread,BakesFresh,
8904063204202,Khatta Dhokla,Haldiram's,
8906154300329,Aloo Bujia,,
8901888008008,Real masala mixed fruit juice,,
8901207024542,Real masala Pomegranate fruit juice,,
8906112661332,Chia Seeds,True Elements,chia seeds
8901030932069,Kissan squeeze,,
8901220600136,Baidyanath HONEY ASLI AYURVED,,
8906005611178,Lite bite,,
8902710501513,Chocolate Whey Protien with Almonds Muesli,Baggry's,
8901741000910,wai wai noodles,Wai Wai,
8901848000059,Rasna,,
8906072430016,Kanwal turmeric powder,,
8906021123624,Garlic Tomato Thokku,Aachi,
8906035141737,Chipo,,
8906019350032,Amalas,,
8906019350254,Amalas,,
8906035141522,Chipo gathiya,,
8904132949751,Campa Cola 1ltr pet,,
8904132949775,Campa Lemon Flv 1ltr,Reliance,
8904132949799,Campa Orange Flv 1ltr pet,Reliance,
8906013183223,Dr. Vaidyas - Dr. Vaidyas Plant Protein Chocolate,,
8901414026421,Besan Burfi,,
8906002660704,Coconad Edible Coconut Oil,KLF (https://coconutboard.nic.in/),
8901393017212,SOUR BELT,CHUPA CHUPS,
8901725016890,B Natural Chatpata Jamun juice,,
8901888007780,Real Mixed fruit juice 180ml,,
8906080600784,Paper Boat Delicious Low Sugar Anar,,
8908001705196,Paper Boat Jaljeera Drinks 200ml,Paper Boat,
8908001705806,Paper Boat Chilli Guava,,
8906133401375,Little Joys NutriMix Nutrition,Little Joys,
8902080514045,Gatorade lemon flavour 500ml pet,,
8901088081306,Saffola peanut butter,Saffola,
8906067029812,Fish oil,,
8906001056416,Mother's Recipe Kesar Mango pulp850 gr,Mother's Recipe,
8902121000520,presto mixed pickle,,
8908007766030,Train Marka Mustard Oil,Train Marka,
8905795000339,Multigrain Health Drink Mix,isha Life,
8906080600135,Peperboat,,
8908004963944,Mehnat Shaki fresh atta,,
8906097402593,Kala Jeera,Zoff,kala jeera
8905507023519,Matar Green,,
8904209305015,Gram flour,Aachi,
8904285504333,TAIYO,,
8906144491426,Intense Java Xpresso,Sleepy Owl,
8904293704374,Garlic,Unknown Brand,garlic
8904293703353,Onion,Unknown Brand,onion
8902979035170,Garlic pickle,,
8901030725814,100 g TK 185,,
8904250601029,Pilo go medicine,,
8901030780004,HONEY LEMON 100 tea bags,,
8901063142442,Nutri Choice Seeds,Britannia,
8901058003734,Maggie korean noodles,Maggi,
8901030899355,Mayonnaise,,
8901063338593,100% Whole Wheat Brown Bread,Britannia,
8901030876943,Brook bond  red lebel,Unknown Brand,
8900201371294,Arumbu murukku,,
8901030624230,Brooke Bond  taj mahal tea,Brooke Bond,
8906112580183,KIMEA DATES,AMS,dates
8906102210069,YELLOW Since 1994,,
8906021122429,Pepper Chicken Masala,Aachi,
8901063029248,Jamhljam,,
8906161500682,Nutri Binge California Almonds,Nutri Binge,almonds
8906007611602,Kreamy magic,Kwality,
8901725113186,Paneer Makhni,ITC Master Chef,
8904132943704,Water with Minerals,Sure,water
8906020461055,Harvest Gold White Bread,Harvest Gold,
8908013328000,Choco Almond Cookies,Open Secret,
8906012160423,White Slice Bread,Perfect,
8901491002950,Herby cheese Instant oats Quakers,Quakers,
8902167000348,Fisch Curry Gewürz,MDH,
8901117280915,Omnigel,Cipla,
8904272600062,Storia Banana Shake 180ml,,
8903363010230,Chana dal 1 kg,Premia,
8901207037955,Odomos Naturals,Dabur,
8901296049136,Revital H,Revital,
8901014000425,nissin noodels,Nissin,
8906144634380,Xfin,250,
8906080602672,Paper boat Slurpy Mango 750ml pet,,
8902080524044,Gatorade orange flavour 500ml pet,Gatorade,
8902080534043,Gatorade blue bolt flavour 500ml pet,Gatorade,
8904006307342,Wild ston,1,
8908001158305,فوق,مالك النزلة,
8904109610011,curry leaves,greentech,
8904013451229,Symphony GREEN TEA HONEY & LEMON,Goodricke,
8904013451243,Goodrick  Symphony GREEN TEA GINGER AND TULSI,,
8901052087778,Tetley Immune GREEN TEA Classic,,
8901052087785,Tetley GREEN TEA Immune with added Vitamin C Lemon & Honey,,
8901023023675,Godrej Cinthal,Godrej,
8901014012213,NCODIES SEA FOOD CURRY 70g,,
8904063214560,Mexilla sweet thai chilli,Haldirams,
8901063401525,BRITANNIA,,
8901719125775,Mix berries milano,1,
8901719128882,Nutri crunch DIGESTIVES,,
8906009071732,Unibic Choco nut Cookies,Unibic,
8901063007826,Britannia 50 50 potazos,,
8903459071732,UNIBIC choco nut,,
8901719127212,JAM-IN 495g,,
8906009072685,Unibic shortbread,,
8901972055161,Dukes Waffy chocolate,,
8901719130045,Parle happy happy 396,Parle,
8901972056960,Dukes bourbon buy3 get2,,
8901042970660,Upma,1,
8901719130151,Parle hide &seek milano 125g,Parle,
8904013460016,Goodricke Thurbo DARJEELING TEA WHOLE LEAF,Goodricke,
8904013460191,Goodricke  ROASTED DARJEELING TEA,Goodricke,
8906009011301,White Label Sugar,Parry's,sugar
8906097402180,Black Pepper,Zoff,black pepper
8907790000031,winny Vanilla,Ribbons & Balloons,
8901972060189,Dukes bourbon,,
8901063017535,Britannia gol maal,,
8904083302070,MilkyMist Fruit Yogurt,Milky Mist,
8904063205070,Aloo Gobhi Paratha,Haldiram's,
8901440205647,Super garam masala,Eastern,
8901030882593,Natural Care 1kg,hul,
8906027120382,SAMS NOODIES VEG HAKKA FAMILY PAC,,
8906108530062,Inchi  veg  chow mein noodles,,
8906108530048,Inchi multigrain hakka noodles,,
8906108530055,Inchi  rice hakka noodles,,
8906108530000,Veg Hakka Noodles,Inchi,
8906013033115,wai wai noodles,Wai wai,
8901030820021,Junior Horlicks Vanilla flavour,Horlicks,
8901030954665,Horlicks Vanilla flavour Diabetes Plus 400g Cbd,,
8904004408911,Yellow Banana Chips,Haldiram's,
8901030985812,3 Roses Tea,Brooke Bond,tea
8901030954733,Horlicks Protein+ Chocolate Flv 400g cbd,,
8901030976087,Horlicks Classic Malt 200g Pet,,
8906069402675,Veeba mayonnaise,,
8901030986048,Chocolate Delight flavour,Horlicks,
8901030949661,Horlicks Women+ Caramel Flv 400g pet,,
8901030976032,Horlicks Classic Malt 500g pet,,
8906013030688,WAI WAI x press Delighting India,Wai Wai,
8904369300301,Garlic Paste,MDS,
8901725100537,Atta with Multigrains,Aashirvaad,
8906064701155,Special Murukku - Kozhikoden,,
8906027821258,Achar Masala,Parrot,
8906059636639,Epigamia turbo protein shake,Epigamia,
8901030795879,Horlicks Classic Malt 2kg Jar,,
8901030795855,Horlicks Classic Malt,Horlicks,
8901030825712,Horlicks Chocolate Delight flavour 1kg CBD,,
8901030825705,Horlicks Chocolate Delight flavour 500g Cbd,,
8901030985980,Horlicks Chocolate Delight flavour,Horlicks,
8901542000072,Complain New Royal Chocolate Flv 500g Cbd,,
8901030949678,Horlicks Women+ Chocolate Flv 400g pet,,
8901030915857,Junior Horlicks Vanilla flavour 400g Cbd,,
8901023022968,Good knight GOLD flash,Unknown Brand,
8901365995920,prestige electronic gas lighter,prestige,
8906021072281,crunchy peanut,kaldini,
8904063211460,Hot & Spicy Samosa,Haldrams,
8906117363538,Makhana,Country Delight,
8901414000872,Dal Moth,,
8906010501228,Scoopitos Masala Flavour,Balaji Wafers,
8904221698997,Whey Protein Concentrate,"Asitis, as·it·is",
8901414014343,Patisa,,
8904132925731,Snactac 950g,,
8904132950757,Campa Club Soda 200ml pet,,
8901058900118,Nescafe Sunrise 50g pp,,
8904132917545,Kaffe Instant coffee 50g po,,
8901058004748,Classic,Nescafé,
8901071702102,Hershey's Cocoa,Hershey's,
8906001050704,Mango pickle,Mother's Recipe,
8906009533148,Max Protein GrainBreakfast Cookie,RiteBite,
8901652140637,Puff,Unknown Brand,
8904344620462,Cinnamon & Brown Sugar Biscuits,LaVida,
8907316009357,Bhelpuri chutney 85g,,
8901725017903,Mad angles achaari masti,Bingo,
8901860010302,Fevikwik Gel,Pidilite,
8901262030564,Cow Ghee,Amul,
8908000097568,Gaia Oatmeal Cookies,Gaia,
8903754000123,Gluco+ Strawberry Jelly Energy Drink,Tata,
8901719130724,parle 2020 gold,Parle,
8904300201018,Coconut crunchy,,
8901725013004,Marie light family pack,"Sunfeast,ITC",
8906009073729,Big & Bold Fruit Blast,Unibic,
8901719123948,Parle g gold 500g,Parle,
8901719126123,PARLE magic ORANGE,Parle,
8901928272703,BISK FARM Chatpata,Bisk Farm,
8906009073736,UNIBIC BIG BOLD choco blast,,
8901719128264,PARLE ALOO BIKKI,Parle,
8901719128271,Parle aloo bikki,Parle,
8901719127359,Parle milk shakti,Parle,
8904064662537,Mohnsamen,Transfood,
8904064619906,Schwarzkümmel,Transfood,
8906077362060,Double methi masala khakhra,,
8904132919440,Badam drink mix 200g,,
8903996006372,Osteo Gel,L'Amar,
8901138819965,DS Group Pulse,DS Group,"Sugar, liquid glucose, tamarind, salt, spices, acidity regulators, colours"
8906059636004,Greek yogurt,Epigamia,
8906076132602,Choco Chip Cookies,the Baker's Dozen,
8901725001612,Sunfeast all rounder chatpata masala,,
8906167243873,Panchmeva Dry Fruits Mix,Whole Farms Everyday Essential,
8906064655700,Garlic sauce,1,
8904132919464,Dk khaman dhokla,1,
8901453045926,Sualin,Hamdard,
8904004412956,Navratan mix,Haldiram Snacks Pvt. Ltd.,
8906077361872,Roasted chana,Jaimin,
8906009078014,Butter cookies,Unibic,
8906009072012,Pista badam,Unibic,
8901052003471,Kenvan Devan,,
8904972833595,Tomato Local,Unknown Brand,
8901030985997,Horlicks chocolate Delight flavour 750g pp,,
8901262153287,Amul tru lychee 180ml tpk,,
8901725006594,B Natural select coconut water 200ml pet,B Natural Select,
8906160930862,Lavian festivities,1,
8906023641010,Ghee,Thirumala,milk fat
8901063163348,Tiger rs 10,Britania,
8901725003074,Bounce 10 choco,Sunfest,
8901063155466,Tiger crunch 20,Brita,
8901063138469,Britannia Thin Arrowroot,Britannia,
8901063163355,Tiger 25,Brota,
8901719121661,2020 blue,Parle,
8906010367602,Soan Cake,,
8904293705074,Cowpea Beans,Unknown Brand,beans
8906135070258,ISO Ripped,Primabolics,
8901242111504,Bambino Pasta,,
8906048501900,Protinex diabetes care,,
8901058826784,Nescafe classic,Nescafé,
8904300201520,Pistachio biscuit,Mario,
8908003473031,Chekku Groundnut Oil,Ras,groundnut oil
8901848001094,Rasna Insta,Rasna,
8903363001948,Coffee,House,
8901848002275,Jaljeera,Rasna,
8904106400455,Ghee,Modern Dairy,milk fat
8906021122719,Vermicelli Payasam,,
8906048502242,Protinex 400g,,
8904132912731,Snactac vermicilli 900 g,,
8904132916074,Snactac vermicilli 450 g,,
8904132912991,Plain snactac vermicilli 450 g,,
8906001050650,Manngo pickle,500g,
8908019874020,Goli soda Orange,Unknown Brand,
8901058004700,Nescafe classic Coffee,Nescafé,
8901542000003,Complain royale chocolate Flv 200g cbd,,
8902167001161,Karahi Paneer Masala,,
8901725110123,Moms magic  50,Sunfest,
8902188801115,Chiily powder,Ramdev,
8904082761007,Del Monte Ketchup,Del Monte,"Tomato paste, sugar, salt, spices, acidity regulator (INS 260), preservative (INS 211)"
8906013030138,Hakka noodles,Wai wai,
8906010502508,Crunchem Peri Peri Flavour,Balaji,
8906039390100,Besan,Magic Cook,
8901722066355,Frozen sweet corn,Safal,
8904293703148,Chilli Green,Unknown Brand,
8904422702417,Amla Chatpata Candy,Patanjali,
8904132975316,Campa energy drink 200ml,,
8901808004516,Pasta Sauce Red Tangy Salsa,WeiKFiELD,
8906036572431,corn flour,prime,
8904004400410,Ratlami Sev,Haldiram's,
8908001347471,Milma strawberry,Milma,
8901207020070,Anmol Gold,Dabur,coconut oil
8904037225127,Chawanprash,Dabur,
8901120143139,Sugar free mature 300 p pet,Sugar free,
8906031933602,Instant Coffee Strong,Levista,"coffee,chicory"
8904150503638,Pillsbury gold atta 5kg,Pillsbury,
8901725110833,dark fantasy Choco Fills 600g,,
8901262020268,Cheese amul 1 kg,,
8904145912070,Ensure chocolate 400g,,
8905532000332,Chana Dal,Bharat Dal,chana dal
8906155440130,Cashews,Om,cashews
8904970589574,Papaya Raw,Unknown Brand,papaya
8904132949386,Good Life ALMOND value pack 500gm,Good life,
8906095121397,Value pack,Wonder land,
8904395001036,California almond,,
8902901100723,Cashew Broken,GoodLife,cashew
8902901223972,Good Life W320 Cashew 200g,GoodLife,cashew
8906158700842,The nuthouse raisins,the nut house,raisins
8906095121519,Black Raisin,Wonderland Foods,dried grapes
8905599699067,Pain de campagne 100% épeautre,Ölz,
8902901224078,Good Life Mixed Fruit 200gm,Good life,
8902901011593,Dry dates,Good life,
8902901224047,Dry dates chuawara,Good life,
8906019649594,Cremaffin Plus,Abbot,
8906010500221,Balaji Wafers Mung Dal,Balaji,
8904132934559,Utsava,GoodLife,
8901071732796,soya drink,sofit,
8906078180724,Dnv red chilli sauce,,
8908003623856,Dnv tomato chili sauce,200 g,
8906048501894,Protinex diabetes care 200g cbd,,
8906005670243,Charlie laddu,,
8901719127434,Parle Monaco salted,Parle,
8902901034400,Gobindbhog atap rice,,
8901399190223,Giffy,Unknown Brand,
8903227023055,Agmark Chilli Powder Grade: Standard,Sanchay,
8904209301048,Millet Dosa Mix,,
8904132916982,Snac tac wafers,,
8901542000225,Complain royale chocolate Delight 1kg,,
8901712321075,Green Tea loose,,
8901888006578,Cranberry,Real,
8901207038648,Pomegranate Mini Goodness,Real,
8904221699529,One whey protein concentrate,Asitis,
8906021072274,Mantequilla de Maní Untable,Kaldini,
8906017863169,Soan Papdi,Indiaah,
8901689031175,Kiwi Crush,Mala's,
8904004402421,Halke Fulke Salted Potato Chips,Haldiram's,
8906108306254,Zahidi Dates,Popular,dates
8901030634451,Kissan Lemon Squash,Kissan,
8906017291542,Rev,Bisleri,
8908003133003,Sat-Isabgol,Laxmi Brand,
8906018540915,Gopaljee Thandai,Gopaljee,
8904335600732,Dark Chocolate Peanut Butter,Yogabar,
8904085900137,Appalam Papad,Ambika Appalam Depot,
8908004896013,Pepper pappadam,Guruvayoor,
8908004896419,Mulak pappadam,Rohini,
8908004896129,Aanamark pappadam,Guruvayoor,
8908004896068,Aanamark Pappadam,Guruvayoor,
8908004896204,Rohini pappads,Rohini,
8902905422418,Pepper Black,Best Farms,
8906142950963,Pavakka Vattal,Kanchana,
8906142950956,Rice pappad,Kanchana,
8906081500465,Honey,Apis,
8906001025559,Govardhan ghee,Nandini,
8904011506716,Garlic Pickle,Double Horse,
8904011503258,Fish Pickle,Double Horse,
8902082000669,Hot & Sweet Lime Pickle,Grandma's,
8902082000430,Garlic Pickle,Grandma's,
8904011506693,Dates Pickle,Double Horse,
8904422702998,Giloy Juice,Patanjali,
8903071005337,Apple cider vinegar,Golden crown,
8901030926457,Orange marmalade,Kissan,
8908017808003,Pro health,,
8906030061535,Sliced Black Olives,Romera,
8901246004963,Pizza and Pasta Sauce,Del Monte,
8908000231016,Mozzarella,Choudhary cheese bazar,
8905110006954,Nimyle,Unknown Brand,
8906078720890,Masala Ponga,Gopal Namkeen,
8904132919198,Garlic paste chutneys,,
8901719123092,Hide&Seek Black Bourbon,Parle,
8905507002729,Peanut butter Crunchy,First Crop,
8904329100835,Rainbow Hearts,Rainbow Hearts,
8904145912650,Similac Advance,Abbott,
8902901027990,Good Life Mp Wheat Chakki atta 5kg,Good Life,
8904132948563,Filtered Groundnut Oil,Independence,
8906058611569,Gaia Dark Chocho Chip,Gaia,
8901023018411,Aer Spray,Godrej,
8901207040450,Roghan Badam Shireen,Dabur,
8906072845483,Roasted peanut,Jack & Jill,
8904132968813,Roasted & Salted Cashews,Snactac,
8902979042987,Mango thokku,,
8901207024856,Chat Cola,Hajmola,
8904132918214,Besan Ladoo,Snactac,
8906010070144,01 Apr 2025 to 30 Apr 2026,Ganesh Mummy's Own,
8905507035567,Maida,First crop,
8905507025087,Rajma red,First crop,
8902042113439,AVT premium tea bage,AVT,
8901120143214,Sugar free,,
8901120143771,Sugar free gold,Sugar free,
8901548431009,Sugar free green 10gm,Sugar free,
8901548430033,Sugar free natura sweet drops,Sugar free,
8902042300501,AVT premium leaf tea,AVT,
8904132917675,Green Tea,Aarambh,
8901030781063,Green tea Honey Lemon,Lipton,
8904132946323,Masti Oye Poha,Masti Oye!,
8901058904338,Nescafe Classic,Nescafé,
8906032010616,Refined Sunflower Oil,Sunrich,
8901052005086,TATA AGNI TEA STRONG LEAF 1KG,,
8906111540492,Chips Mix Masala,Fun Flips,
8902080002214,Tropicana Guava Delight,Tropicana,
8901063401198,Cheese Block,Britannia,
8904042306019,Corn flour,Blue bird,
8901719125263,Parle-G Kismi Dal Chini Cinnamon Biscuits,"Parle-G,Parle",
8906115883809,Roundy,Marino,
8902901001808,GL lapsi rawa,Good  life,
8901786410507,Kashmirilal,Everest,
8908002295344,Amar,,
8906143890411,Hazelnut Protien Bar,Whole Truth Foods,
8908016716590,Protien Bar - Fudge,Fuelled,
8905110003687,Nimyle,,
8905110006572,Nimyle 2l +500ml,,
8901560053036,Green chilli sauce,Nilon's,
8902901222609,GOOD Life Chilli Guntur withstem,,
8901560274547,Nilons Ginger Garlic,NILIONS,
8901748001422,Ruchi Cumin Seeds,Ruchi,
8901030904554,Bru coffee 25g,,
8902102231042,Margo,Jyothy Labs,
8902901044454,Sure water 1ltr,,
8902901044447,Sure water,Thirsty Tales,
8904132972032,Campa runner energy lemon flavour,Campa,
8901414037540,Premium Almond Cookies,,
8901023018398,AER FRESHNER,,
8906165780660,Pre-workout WrathX - Voodoo Black Flavour,MuscleBlaze,
8901725012830,Yippee Noodles Magic Masala,Sunfeast,
8901052010318,Tea  premium 250gm,Tata,
8904132917071,Classic  dust tea,Aarambh,
8906009073965,Danish Coconut Cookies,Unibic,
8903664042480,IRIS,,
8908008820731,Coconut milk muruk,Crunchy snachs,
8908023922021,Jodhpuri Jeera,Unknown Brand,
8901542002014,Glucon D instant energy,Glucon D,
8904132917613,AWSOYUM Soya Sauce,,
8906165783890,Biozyne Whey PR - Molten Chocolate Cake,MUSCLEBLAZE,
8901440023395,Eastern Chilli Powder,Eastern,chilli
8906072845407,Peanut candy,Jack & jill,
8906019350049,Peanut ball,Amalas,
8906072845414,Peanut ball,Jack & jill,
8906019350339,Peanut masala,Amalas,
8908008820052,Masala peanut,Crunchy snacjs,
8906072845452,White peanut,All fresh,
8908008820533,Rice murukku,Crunchy snacks,
8908000385252,Ghee muruku,Dev,
8906108240299,Sweet kuzhalappam,Magic bite,
8908000385108,Pakkavada,Dev,
8904293704770,Mango Banganpalli,Unknown Brand,
8908000385054,Kadala mavu mixture,Dev,
8908000385184,Madhura seva,Dev,
8906013032613,Wai  xpress delight,,
8901670811076,Chana salted roasted gram with skin,SARAS flavors of Asia,
8901063021037,Tiger Brita Biscuits,Britannia,
8901888007353,Real Apple juice 1ltr tpk,,
8908016029997,Fritts,,
8901512556301,ACT II Movie Theater Butter Popcorn,ACT II,
8904573699437,nata cocinar,Hacendado,
8906007950022,Mix Seedless grapes,,
8906034814199,Peanut Butter Sugar Free,American Harvest,
8904132924390,Poha Khatta Meetha Mix,Desi Kitchen,
8904132925434,Besan ladu,,
8906078180854,Kala bori,DNV,
8906015540109,Soya sauce,,
8906027120023,Grreen chili sauce,,
8906001051343,mother's Red chilli,Mother's Recipe,
8906069400008,Veeba Olive Oil Mayonnaise,Veeba,
8904083512424,Organic Corn Dhaliya,24 Mantra,
8904051205532,Indian Lacha Parotta,Nilamels,
8906033742943,Tasties Rs. 10,Mcvities,
8906033742646,MEVities,Mcvities,
8906065458560,Choco Stick,Gone Mad,
8906000210611,Cake,Pillsbury,
8904150503843,Pancake Mix,Pillsbury,
8904132918856,Snack tak soup,,
8906010910389,Dairy day mini cone magic,Dairy day,
8908015422553,Bharat Atta,Bharat,whole wheat
8908009082084,Shareat foochka,1,
8906033744435,Digestives minis,McVitie's,
8904970596474,Sprouts Chana Brown,Unknown Brand,
8904050704067,MADE IN INDIA,,
8901493137711,Active dried yeast,Fruitomans,
8904293704077,Cucumber English,Unknown Brand,
8904293117747,Mango Totapuri,Unknown Brand,
8908016809087,Plant-based chicken seekh kebab,Blue tribe,
8904246910470,Priya tomato pickle,1,
8906001050117,Mother's Recipe Karnataka Cut Mango Pickle,Mother's Recipe,
8908012531609,Coconut Chutney Instant Mix,Khrishika,
8901393016628,Chupa Chups Strawberry flavour,Chupa Chups,
8904083533870,Organic Murukku,24 Mantra,
8904083512141,Urad Dal,24 Mantra Organic,
8904083512158,Organic Moong Dal,24 Mantra Organic,
8908003623955,DNV Masala Papad,DNV,
8908007323356,Shoestring Fries,Hungritos,
8901849285004,Sale iposodico iodato,,
8908008103469,Peanut Butter Unsweetened,The Butternut Co.,
8901144312009,Tilda Basmati Rice,,
8901764022302,Fanta,Coca Cola,
8908010012452,Sudarshan Agmark Cow Ghee,Sudarshan,
8906086110027,conitenental vegetables sauce,N--pure,
8904042812657,Gaijjak & Rewri,,
8906125981403,4700BC Popcorn,4700BC,
8906144590068,FRENCH ESSENCE 200 ml,,
8901030877124,Brooke Bond Red Label,Brooke Bond,
8901030930966,Comfort,,
8901440203421,Palada mix eastern  India.,,
8908014587031,Rice Cakes,Grainic,
8903363002853,Poha Jada,DMart Premia,rice flakes
8906126820022,NAMAN,,
8906120100151,Pumpkin Seeds,Farmley,pumpkin seeds
8902102230472,Margo shop,Margo shop,
8906067026392,Fuel One,MuscleBlaze,
8901030841095,Essential Healing,Unilever UK Magnum Freepost ADM3940 London SW1A 1YR. Careline 0800 731 1507 Unilever Ireland Ltd,
8906120106849,Flax Seeds,Farmley,raw flax seeds
8901023020353,Cinthol,Godrej,
8906112662766,Muesli,True Elements,
8904043905655,TY pepper masala,1,
8904043905686,TY veg biryani,1,
8901042967349,MTR khatta meetha poha 60g,MTR,
8906151420235,Laxminarayan mix farsan,1,
8904033601871,Glory,,
8901719125799,Parle hide and seek milano jazelnut,Parle,
8904132948631,Independence Sunflower oil 5l,Independence,
8906113441988,Beurre de cacahuète,,
8906058610234,Digstive Cookies,Gaia,
8901491502016,Classic Salted Potato Chips,Lay's,
8906145191561,Keva Acai,Keva,
8906113490627,Tata soulfull,1,
8906049670636,Masala,Masala,
8901719125638,Parle Rusk Real Elaichi,Parle,
8902433005763,70%coCÓA,Galaxy,
8901777082669,Vadilal moth dew bean sprouts,Vadilal,
8908008225888,Premium Assam Leaf Tea,Parry‘s,
8901670294404,Banarasi mix paan,Aekshea,
8906065795153,FRUIT DRINK,PRAN,
8901719258619,Bourbon,Parle,
8904067700519,Roasted Chana Chickpea,Jabsons,
8904293590442,Mango Dasheri,Unknown Brand,mango
8901088718554,Soup,,
8906009077420,Pineapple cookies (sugar free),UNIBIC,
8904117510112,Pizza bread,Super pizza bread,
8901207045035,Chyawanprash,Dabur,
8904064618466,Malabar porotta,Anam,
8901777308080,Dal Makhani,Vadilal,
8901052000807,TATA GOLD,,
8901414034884,Methi matthi,,
8906034814304,ساڤۆری زجاج ٢٨مل,,
8906081581778,Bakery cookies,,
8908000276512,Vegetable Cutlet,Viswas,
8901512548504,Golden Sizzle,Act II,
8906078180908,Mosur bori,,
8906048501627,Protinex Chocolate Flavour,Protinex,
8906078160061,Bhut jolokia,ENE,
8906078160078,Bhut jolokia,ENE,
8904132921283,Snac tac   ver micili,,
8904004404692,Peanuts,Haldiram's,
8904132970670,Good life 10kg aata,,
8901207038389,Dabur Amla hair oil  3 HAIR BENEFITS,Dabur,
8908019118100,Elephant Dates,Elephant,wet dates
8906116820452,Almond Praline,,
8906133472320,024B007/023218,Carmel Organics,
8904004444018,Dal Tadka,Minute Khana,
8901512924209,Yumpasta,,
8902080404179,Slice,,
8906004620485,Dhara Refined Sunflower oil 5l,Dhara,
8901777967171,Premium Kesar Pista Kulfi,Vadilal,
8901499011176,kellogs froot loops,Kellogs,
8901248240314,KESH KING ayurvedic hairfall expert,Emami,
8908003623887,Dnv green chilli sauce,,
8901542000508,Glucon D,zydus wellness,
8904150127353,Cinnamon Whole SriSri,,
8904150127360,Cloves Whole SriSri,,
8904150127346,Cardamom Whole SriSri,,
8906038784306,Rasam Powder SriSri,SriSri,
8901399000065,Softouch pink2L,,
8901207006869,Dabur Sat Isabgol,,
8901571012459,Iodex,GSK,
8901207035623,DABUR ALOE VERA JUICE,Dabur,
8904109467615,Giloy Juice,,
8906151150545,Zeera Masala Soda,Mr. Fresh,
8901058007435,Nescafe Classic Black Roast,Nescafe,
8901719129018,Marie,Parle,
8901414042124,Tandoori Naan,Bikano,
8904082780350,Idli,Uttam,
8906151910330,Sweet Bread,Haiku Tastes Like Home,
8906112663046,Pumpkin Seeds Roasted,True Elements,
8906078160047,Ene bhut jolokia,ENE,
8901670150229,Soya Tikka Achari,Dev,
8904293704848,Sapota Chikoo,Unknown Brand,
8906112667068,Californian Almonds,True Elements,
8904063224101,Millet Cookies,Haldirams,
8901721000251,Prabhuji AIO 400g,Prabhuji,
8904293463243,Mango Sindhura,Unknown Brand,
8902167000164,MDH Peacock Kasoori Methi Dried Fenugreek Leaves,Mahashian Di Hatti Pvt. Ltd.,
8906033261642,Ripple Iced Green Tea Premix,,
8906119860028,Mango - Swaras,,
8906102430641,Omega 3 Fish Oil Supplemeny,Neuherbs,
8908002192018,Endura Mass Chocolate Flavour,Endura Mass,
8908008674785,Wafer richeese,Nabati,
8906032019466,Patanjali Marie biscuit 10 MRP,,
8906117090786,Rice Popped Chips,Brb,
8904063204134,Minute Khana Upma,Haldiram,
8901782335064,Horlicks Classic Malt,Horlicks,
8901138500757,PILEX TAB,himalaya,
8903726208847,Quetiapina 100 mg (Hetero),,
8906010750114,Premier Paper Handkerchief,Premier,
8904117400734,Tulips Cotton Buds,Tulips,
8904004400861,"Nagpur, Maharashtra,",Haldiram,
8904109624261,Patra,Niks Cuisine,
8901552018913,Punjabi Mango Pickle,Ashoka,
8901542001307,Nycil Germ Expert Classic,Nycil,
8901552028134,Mint Chutney,Ashoka,
8904145933525,Eptoin,Unknown Brand,
8904150503836,Pancake Mix Chocolate Flavour,Pillsbury,
8906001052784,Mother's Recipe Mixed pickle,Mother's Recipe,
8901138824037,HIMALAYA BABY POWDER,,
8901030898457,jasmine,Jasmine,
8908010238609,Pro skin deep cleansing,,
8901848000134,Rasna,Rasna,
8904474000530,BONN Prime Time Brown Bread,bonn,
8904089318242,Choco Brownie Cone,Hawmor,
8904327600436,Peanut butter - Chocolate,MyFitness,
8904083533412,Pearled Barley,24 Mantra Organic,
8901652142174,Cheese Cracklng,Priyagold,
8901399001819,Max Kleen,,
8904335602323,Cashew,Yogabar,
8906119644994,Sel rose cristaux,,
8906045636278,revital,complément alimentaire,
8901277018939,PARK AVENUE cool blue,,
8904132919679,Freshener orchid bloom,My home,
8904132919709,FRESHNER lavender trail,My home,
8904132920415,Freshener,My home,
8908017808058,Sel de roche,,
8906055440001,Organic Tur dal,Organic,
8901786551002,Everest hingraj powder,Everest,
8906055440018,Organic moong green dal 500g,Organic,
8906010720018,Aava Mineral Water,Aava,
8908003317878,Pani Puri masala  Net Wt.:100g for the pecket once opened,,
8904258701547,Almond Milk,Raw Pressery,
8901030900129,Sweet Corn Vegetable Soup,Knorr,
8906002489480,Extra,,
8901030949647,Horlicks,Horlicks,
8906070280033,Chips kerala 4 sr,,
8906070280163,Piri murukk,,
8906070280132,Garlic murukk,,
8901484010962,Tapioca stick,,
8904132927018,Enzo,,
8908000738270,Meriba,Meriba,
8906111540515,Chips Classic Salted,Fun Flips,
8904250303831,CAMFLORA Champa and camphor,shubh kart,
8906080601583,fanta,,
8908012926894,Fitspire aspire to fitness,Whey,
8906078180823,Sabundana Papad cumin flavour,DNV,
8901499010469,Kellogg's muesli nuts delight,Kellogg's,
8901512929907,Oats,,
8901042967875,Badam,,
8906022660029,Jalan Chana Sattu,Jawan,chana (gram)
8901483112995,burger pickle,Tify,
8901023028519,Cinthol,Godrej,
8901248428286,Emami handsome,,
8904474000257,Sandwich Bread,Bonn,
8901088129848,Masala oats,Saffola,
8908013080373,Coco mama,Organic coconut powder,
8906145150377,Fudgesicles,NOTO,
8904089927338,Badam milk,Heritage,
8904011503654,Avalose Podi,Double Horse,
8901414042117,Garlic Tandoori Naan,Bikano,
8904132943476,GL Matta vadi rice 10kg,Good Life,
8901207032936,Honey tos 100 ML,,
8901207026492,Ashwagandha teblets,Dabur,
8901207030482,KABZ OVER,Dabur,
8901725016258,Dark fantasy bourbon,Unknown Brand,
8902080001521,Slice,"Slice, Pepsico",
8906044992290,Alo Frut litchi 300ml pet,,
8906044993112,Alo Frut anaar 300ml pet,,
8906044992498,Alo Frut mixed fruit 300ml,Alo Frut,
8904300200844,INSTANT NOODLES CHICKEN Flavor - TRDP Mario - TRDP Mario,,
8908005459941,Jumbo Rolled Oats,Nourish You,
8901052002474,Lank Basmati Rice 1121 - 30KG,Lank,
8906009075600,Swaadesi shahi kaju katli,UNIBIC,
8906111540799,FUN FLIPS ( HOT & SAUCY ),Terrestrial Foods Limited,
8906111540775,FUN FLIPS ( CHEESY PIZZA ),Terrestrial Foods Limited,
8901725112776,Sunfeast Caker 23gm,Sunfeast,
8901777019665,Frozen Bottle Gourd Dudhi,Vadilal,
8901719130014,Happy happy biscuit - Parle - Parle,Parle,
8908014100360,Riz basmati - Rosana,India Gate,riz
8904041744133,Granola,Sante,
8906093850343,Xtra charge,Sprey,
8906037210103,Sindhi Papad,Krishna,
8906021121149,garam masala,,
8901542000218,Complain,,
8902328013613,Ors,Galpha's,
8906030580029,Rice flour,,
8906001028444,Go Supremo Cow's Milk,Go,milk
8901719127069,Nutricrunch Honey And Oats Digestive Cookies,Parle Platin,
8906019772018,Chia Seeds,Nutraj,
8906078180397,Kalai bori,Dnv,
8901207048470,Dabur Chyawanprash,Dabur,
8901071731072,Chocolate Syrup,Hershey's,
8906150345812,Bevzilla Hazelnut Coffee,Bevzilla,
8904405884000,Spari,Spari,
8901192114105,Catch black pepper 100gm,,
8901777186091,Chili Garlic Chutney,Vadilal,
8906010500481,Crunchm,Balaji,potato
8906075530096,Oval papad,Pinkio,
8906074952462,xinng Schezwan chutney,,
8904327601921,Peanut Butter Crunchy Dark Chocolate,MYFITNESS,
8901725013691,Bingo mad snack,,
8901648026013,Mother Dairy Masala Chach,Mother Dairy,
8908000233096,Iyer's fryme papad,Iyer's,
8901058012415,Munch max,Nestle,
8906063130512,Table grapes,,
8901552024075,Vada Pav,Ashoka,
8904083504870,24 Mantra Puffed Rice,24 Mantra,"rice, salt"
8908000420144,sil Soya sauce,,
8901117249998,Prolyte ORS Apple Flavour,Prolyte,
8906057954124,Mikis Growth Formula,Mikis,
8904137482055,Tutti Frutti,Herman,
8901063166233,Britannia Teat,,
8901652142044,Priyagold butter bite,,
8906097331749,Parliament pis,,
8908006646289,Mr. Makhna podina party,Mr. Makhana,
8906097331725,Parliament cashew crunch,,
8901652140187,Priyagold,,
8901652140217,Club Creme Orange,Priyagold,
8906109110195,haldiram cookie  heaven,,
8906032018926,Soya Chunks,Nutrela,
8908001631013,Milk aroma HOMOGENISED STANDARDISED PASTEURISED,,
8902167007941,MDH Soyatein,MDH,
8904063257215,Haldiram fatafat bhel,Haldiram,
8901725121228,Aashirbaad 5kg select aata,Aashirvaad,
8904132949010,Independence aata 5kg,,
8906010070151,Ganesh ata 5kg,,
8901030985829,3roses,Unknown Brand,
8901453000802,शरबत  ROOH AFZA,Hamdard,
8909060040754,Yogurt cheese cake and strawberry 3%,Yoplait,
8904063224125,Haldiram carom seed,,
8901262202015,Amul Masala Buttermilk,Amul,
8901063160293,Britannia pure magic,,
8901207041679,Dabur MESWAK PURE MISWAK EXTRACT FAMILY SAVER PACK,,
8908002720037,அரசு உப்பு,அரசு,
8906024650844,CHOCO FLAKES,Shanti's,
8902579103354,Frooti,Frooti,
8904132970663,Good life aata 5kg,,
8904132919778,Mopz Aqua Fresh,,
8901399435744,Max Kleen 1.25 L,,
8906127551178,Alpino Super Muesli,Alpino,
8901103101316,Fem,Fem,
8908003249544,Cheddar Slices,Ak,
8906017675212,Shalimar coconut oil,Shalimar's,
8904132937482,get real coconut oil,Get real,
8906001722502,Masala chhaach,Health ways,
8906027540043,Amina mhendi,,
8908019333008,Chocolate Flavour Collgen,Inja Fit,
8904132948624,Independence Sun flower oil,Reliance,
8906090572132,Munchy masala,,
8904083522249,Sona masoori organic,24 mantra,
8906088861378,Achari Sticks,Current,
8908003398006,Tofu,Pro Plant,
8906064651702,Honey Mustard,Wingreens Farms,
8908011692172,Mig. Date Mfg Date Mfg. Date,,
8906104694652,Rice Bran Oil,Zama,
8904256728256,Pure Cow Ghee,Fresho,
8906160650708,Cheezy Peezy,Mr Makhana,
8901725118891,Sunfeast MOMS MAGIC Butter,Sunfest,
8902710500752,Nutty Fruity Muesli,Baggry’s,
8901058000276,Maggi 2 Mins Noodles 30 MRP,Maggi,
8904035016512,Joy,,
8906013200104,Chicken masala,Dilbahar,
8906093520475,Baccirub,Baccirub,
8908016538024,CHILI CARLIC,Charlie,
8906011812507,Tikka Masala,Food Earth,
8908013479887,"Nuts, Fruits & Seeds Muesli",The Whole Truth,
8901058870008,Koko crunch,Nestle,
8901499010445,kellogg-s,Kellogg's,
8904335600794,Yoga Bar Masala Oats+,Yoga Bar,
8901512916600,Sundrop Cocoa Nut Almond Chocolatey Spread,Sundrop,
8907771000029,Jindal Cocoa Hazelnut Chocolate Spread,Jindal Cocoa,
8906002000111,Pizza Topping Dr.Oetker,,
8906069402699,VEEBA SANDWICH SPREAD,VEEBA,
8906069400022,Thousand Island Dressing,Veeba,
8906069400114,VEEBA AMERICAN MUSTARD SAUCE,VEEBA,
8906021122160,Vadu mango Pickle,Aachi,
8900139007071,Penne ziti rigate,Garofalo,
8906131951810,Opal basmati rice,Crown,
8906000920022,DD JRA KHKR,,
8901719129223,Parles wafers,,
8901512681201,Sundrop heart oil,,
8908013161928,Madrasi Mixture,Haldiram's,
8902181300264,Godfather 500ml,,
8902246000337,KnockOut 500ml,,
8904304501770,Vimalagro,,
8903163041731,HK Vitals Omega 3,HK Vitals,
8901248103251,Boroplus health skin,Powder,
8901537075832,Dawat rice,Dawat rice,
8906004971044,Milk food rich ghee,,
8901207035500,DaburHommade green chutney,Hommade,
8904132917637,Aw so yum green chilli,,
8904132925441,Desi kitchen dosa mix,,
8901148251830,Zedex,,
8908000863460,Oleev active,Fssai,
8901531700327,Suthol,,
8901207050374,Real Frutors,Real,
8906127700002,Talod Nylon Khaman Flour,Talod,
8906102210595,Tea,Marvel,
8904063213822,Bombay Mix,Haldiram’s,
8904221694715,Whey,Atom asitis,
8904054724818,chilam pharmacy,zeelab pharmacy,
8904011503487,Jaya rice,Double horse,
8908016501097,Tempeh Cubes,Hello Tempayy,
8908008374555,Liquorice,,
8904089253017,Rusk,Milkmade,
8908006267392,Dark chocolate 55%,2m CocoA,
8904017013867,Mix Chikki,Uttam,
8903023005903,Vedaka Red Chilli,Vedaka,red chilli
8906078180120,Dnv papad 180 g,,
8908003623382,Dnv papad  180 g,DNV,
8904258703541,Raw pres mango,3541,
8904258703527,Raw pineapple,Raw Pressary,
8906078180403,papad,,
8906078180885,Sabundana Papad Garlic flavour,DNV,
8906027120511,Sams  black bhakka noodles,Sams,
8906027120535,Hakka noodle,Sams,
8906013030145,Wai wai hakka,Wai wai,
8904305607518,Tandoori Chicken Whole Legs,Fresh To Home,
8901023018688,Godrej n.bs sampoo hair colour n.b,,
8904043926223,Tata sampann toor daal,Tata sampann,
8904043926308,Kala chana,Tata sampann,
8901030954726,Horlicks Protein Plus Vanila Flavour,Horlicks,
8904162939852,Good  life chana dal,Good  life,
8904132966963,Good  life Whole moong,Good  life,
8904132932951,Good Life Unpolished Masoor dal,Good Life,
8901058890860,Milky bar,Nestle,
8901058009422,munch,Nestle,
8906116956571,Muscleblaze Biozyme Whey,Muscleblaze,
8906001052777,Mother's Mango,,
8908003623757,Dnv mango pickle,,
8901719131219,Parle g 800 g,Parle,
8901719123290,parle,Parle,
8906069651738,BRAVO,SR25,
8901595972555,Sehezuan masala,,
8906078180717,Dnv red chilli sauce,,
8901542000126,Complain 🍫 500,1932,
8902346050454,Enerzal Zero Orange Flavour,Enerzal,
8901725961176,Nimyle 2l + 500ml,,
8906087010418,Chiwada masala,Pradeep,
8904120401384,Barbecue Sauce,Abbie’s,
8908002400021,Shreeji Gulab Jamun Mix,Shreeji,
8904055906336,Chicken Seekh Kebab,Meatzza,
8906006510630,Butter Chicken Masala,S.R.R.,
8906167242951,Tamarind Whole,Whole Farm,tamarind
8906009453019,Face pack,Bioteque,
8901030976742,Knorr,Knorr,
8905110003700,Nimayl,,
8901262120005,mithai mate,Amul,
8906010261047,Gold Winner,Unknown Brand,
8902167001284,KASHMIRI CHILLI POWDER mdh,Mdh,
8901030520198,Taj mahal tee bag,1,
8901063032828,Treat,Britannia,
8901058005424,maggie koriean spicy cheesy,nestle,
8904150195246,choco naranja,Ladobar,
8908004997857,Smoked Chicken Sausage,Prasuma,
8901030083068,Black Tea,Brooke Bond,
8901030704093,Pears,Pure and gentle,
8903363007384,Grace,Gentle Touch,
8901030886126,Lux,International,
8901399001666,Santoor skin softening,Sandal& almond milk,
8901030844799,Liril,Lime&Tea tree oil,
8903363007377,Grace,Lime Fresh,
8904293725539,Flipkart Grocery Kasuri Methi,Flipkart Grocery,kasuri methi
8901063016934,BRITANNIA 5050,BRITANNIA,
8901719131141,Parle 20-20 Cashew Cookies,Parle,
8908015401213,Virgin Sunflower Oil,Chekko,
8908015401060,Virgin Groundnut Oil,Chekko,
8908015401077,Virgin Sesame Oil,Chekko,
8908015401084,Virgin Mustard Oil,Chekko,
8908015401121,Virgin Coconut Oil,Chekko,
8908015401176,Virgin Sunflower Oil,Chekko,
8908015401190,Virgin Roasted Sesame Oil,Chekko,
8908015401206,Virgin Roasted Sesame Oil,Chekko,
8908011214008,Indian natural honey,Indocan Honey,
8908011214015,Natural honey,Kami,
8908011214022,Natural honey,Kami,
8908011214039,Natural honey,Kami,
8908011214046,Natural honey,Kami,
8908011214053,Natural honey,Foresters,
8908015401008,Virgin Mustard Oil,Chekko,
8908015401046,Virgin Mustard Oil,Chekko,
8908000573055,Virgin Sesame Oil,Chekko,
8908000573062,Virgin Coconut Oil,Chekko,
8908000573086,Virgin Castor Oil,Chekko,
8908000573246,Virgin Sesame Oil,Chekko,
8908000573253,Virgin Groundnut Oil,Chekko,
8908000573260,Virgin Coconut Oil,Chekko,
8906011815539,Organic Indian Split Lentil Curry,Food Earth,
8906011815546,Organic Indian Chick Peas Curry,Food Earth,
8904150900260,Organic Cumin Seeds,Farm Organic,
8904150900918,Organic Yellow Mustard,Farm Organic,
8904150901007,Organic Red Chilli Whole,Farm Organic,
8904150901168,Organic Coriander Powder,Farm Organic,
8904150901366,Organic Black Pepper Whole,Farm Organic,
8904150901861,Organic Moringa Powder,Farm Organic,
8904150901878,Organic Ashwagandha Powder,Farm Organic,
8903662011181,FESTIVA Basmati Rice,Dunar,
8903662011273,ELONGA Extra Long Sella Basmati Rice,Dunar,
8903662011280,ELONGA Extra Long Sella Basmati Rice,Dunar,
8903662011327,ELONGA Extra Long Golden Sella Basmati Rice,Dunar,
8903662011334,ELONGA Extra Long Golden Sella Basmati Rice,Dunar,
8904150900031,Organic Turmeric Powder,Farm Organic,
8904132917248,Snac tac tomato soup,,
8903105010313,LONDON,YARDLEY,
8901595853908,Chings noodles,,
8904300200035,Mario masala noodless,Trdp,
8908002974508,Peanut Barfi Chikki,Arcot Mani Mark,
8904003202039,Spice,Sanjeev Kapoor's,
8906143891654,Cocoa Whey Protein,The Whole Truth,
8906072610166,Shree hari,,
8906122500720,Moong tawa chilla,GM Foods,
8908009059246,Zero Maida Protein Bread,The Health Factory,
8902080364077,Salu,,
8904132927025,Enzo,,
8906137050029,Pasteurised Homogenised Toned Milk,Milma,
8906133403966,Active mix,Little joy,
8906067025371,Proteni dar,Muscle Blaze,
8904057396968,Yogurt shake,Hatsun,
8901512915603,Nutrify Honey Roasted Oats,Sundrop,
8901030900280,knorr,Knorr,
8906008813845,Long Grain Rice,Charminar,rice
8901648181866,dahi,Mother dairy,
8906078720418,Salty Punch,Gopal,
8901552025560,Jalfrezi Sauce,Truly Indian,
8906059636622,Protein shake,Epigame turbo,
8901725114039,aashirwad,,
8903363002778,Dmart Premia Raisins Indian (Golden),Dmart Premia,raisins
8904120401360,Barbecue sauce,Abbie’s,
8901246007162,Thousand Island Dressing,Del Monte,
8908016793409,Chilli Oil,Master Chow,
8906032019336,Masala Oats,Patanjali,
8901491982351,Lays ONION 20rs,Lays,
8906120100847,Makhana,Farmley,
8906061490656,Frozen Mixed Vegetables,Bombaywalla,
8904406194702,Chocolate wafer roll,Craveto,
8904406194726,Strawberry wafer roll,Craveto,
8902618012265,Eva,Sweet,
8908000589254,bindu,,
8906143891791,Mango Whey Protein,The Wholetruth,
8908010150000,Free Range Eggs,Farm Made Eggs,
8906001953807,Chicken chunks in gravy,,
8901012100561,Gohnsons,Powder,
8904083505532,Organic green mong whole,,
8908012731030,Dr brand mishri dana,,
8906055440278,Organic besan,,
8904083506188,24 mantra jowar flour,,
8906165780868,Biozyme Performance Whey,MuscleBlaze,
8901537075764,Indian Basmati Rice,Rozana,basmati rice
8906079110126,Mysurpa,Sri Krishna Sweets,
8901512500403,Act butter popcorn,Act,
8906105470095,kimia dates,kimia,dates
8901777410622,Whole Wheat Paneer Onion Paratha,Vadilal,
8901777164075,Quick Treat Whole Wheat Phulka Roti,Vadilal,
8906018143949,عجينة سمبوسة,Switz,
8901262020671,Cheese Sauce Green Chutney,Amul,
8901725013738,Chips,Bingo,
8908007127060,Sugar Free Strawberry cookies,De Best,
8908022697159,Freeze Dried Mango,Unknown Brand,
8908022697272,Jamun freeze dried,Cafune's,
8906080604133,Protein Crunch,Paper Boat,
8906131681212,Banana choco chip millet pancake mix,Mille A Supergrain Co.,
8904083511410,Organic sonamasuri brown rice,24 mantra,
8902710500028,Crunchy Museli,Baggry’s,
8906116958919,Biozyme Iso-Zero Whey,MuscleBlaze,
8904474001490,Burger Bun,Bonn,
8906045141352,Nutrabay Pro Testosterone Booster,Nutrabay,
8902710508680,Choco,,
8901725132804,Dark Fantasy Sandwich Crème,Sunfeast,
8906039953077,dclainlol,dclainlol,
8908012605096,Heinze Beans,Kraft,
8901565000738,Cheese And Chives,Pops,
8908008683060,Multi Grain Cookies,Weleet,
8904063219664,Aloo Masala Chips,Haldiram's,
8904132974111,Campa energy drink 330ml,,
8904145912445,Pedicure chocolate flavour 200g,,
8901030951114,Horlicks women plus 1kg,,
8906009320281,Kohinoor Packaged Drinking Water,Kohinoor,
8901248240284,Kesh King emami anti hfl,Emami,
8904063259356,Haldiram Amritsari  kulcha,Haldiram,
8904004440119,Chilli Garlic Coriander Naan,Haldirams,
8906129221178,Kajubadam lassi,Chass wala,
8901063343450,Brown Bread,Britania,
8904335601296,Musli,Yoga bar,
8906001023449,Sawarna pur 🪴 gow chee,Gowardhan,
8908008213007,Tofu,A.V.K enterprises,
8906009700960,Ginger Garlic Paste,,
8906021925716,Select Dates,api's,dates
8901030807206,Horlicks,1,
8906133472436,Organic Flaxseed,Carmel Organic,
8908006989508,Peanut butter chikki,Nutritius,
8904209303561,Mutton masala,,
8908022656071,Biryani basmati rice,Aliza,
8904083307112,Cheese Cubes,Milky Mist,
8906130901038,K Snack Rings Kimchi Flavour,Orion,
8906003927875,Kishlay,Kishlay,
8907093004354,Light Meat Tuna Chunks In Extra Virgin Olive Oil,Tasty Nibbles,
8906142021182,Super garcinia,Plix,
8906091148480,GXN Peanut butter,GXN,
8903363001108,Badam,Premia,
8909081001567,Aashirvaad Superior MP Atta,Aashirvaad,whole wheat
8906097590368,Instant Electrolyte,Fast&Up,
8901058869293,Nestea,Nestle,
8903363009708,CHANDAN SPARSH GOLD  With pure sandalwood oil,,
8901287101010,Mysore Sandal GOLD,,
8901023012235,NO. 1  sandal turmericnatural oils,,
8901399011016,SANTOOR Skin Softening Sandal & Almond Milk,,
8908001158381,Whitelone Soft & Smooth,,
8901023019739,Good knight gold flash,Unknown Brand,
8901207027383,DaburRED PASTE FOR TEETH & GUMS,Dabur,
8901207033483,Dabur MESWAK PURE MISWAK EXTRACT,,
8904145912346,Ensure Diabetes Care Chocolate flavour,Ensure,
8904293725881,Tomato Ketchup,"Delish, Flipkart",
8904123515088,Macroons,A1,
8901414000292,Khatta meetha,Bikano,
8906001023050,Gowardhan pure cow ghee,Gowardhan,
8902080001354,Pepsi Black,Pepsi,
8904064628922,Semoule de riz pour idly,,
8906099980297,Roasted Garlic And Chilli Dip,Saucery,
8904113522386,Agro fresh chiroti rawa,,
8901262110235,Whey Protein,Amul,
8904132953581,Independence besan,,
8902167000034,Deggi mirch,MDH,
8901262031059,Amul ghee,Amul,
8906001025146,Avvatar Alpha Whey Belgian Chocolate,Avvatar,
8901803001503,Amrutanjan back pain roll,,
8906008814385,Raaa gold ( R.oil ),,
8906027773441,Nylon Til Dal,AGRIRICH,
8901246007360,Penne Rigate (100% Durum Wheat Semolina),Del Monte,
8904132950771,Campa cricket lemon 250ml,,
8904132949027,Independence Water with Minerals,Independence,
8904132949034,Independence Water with Minerals,Independence,
8906123581261,Peanut Butter,Scrunch,
8908019726220,Nova nova Waffle Cookies,Nova Nova,
8901030681950,Knorr chilli gravy mix,Knorr,
8908019726107,Nova Nova Waffle Chocolates,Nova Nova,
8901576010108,Modern potato wafers,1,
8906009079684,Unibic choco,1,
8904132956049,Alans potato,1,
8908013479368,Coffee cocoa mini,The whole truth,
8906014920025,Kundan namkeen sev,,
8904132973091,Raskik mango flavour 200ml,,
8901088206921,Nihal Shanti amla,,
8904132917217,Hot and soursoup,Snaefae,
8904132917224,Italian veg soup,Snactac,
8902268008748,Anmol,,
8901030922770,For PKD. Use By & Batch No. (see side seal),,
8902901027921,Good life atta,good life,
8902089010043,Mustard 🛢️,Tez,
8906069721288,Badam Hawla,Anand,
8906017815632,plain chaach,Madhusudan,
8904132912854,snacttac,reliance,
8906131681137,Multigrain macaroni,Slurrp,
8904064616592,Besan,Annam,
8906002661169,Coconut milk coconãd,,
8908000729513,Masala Jeera,Kashmira,
8903363002662,Kaccha Mango Flavour Sugar Boiled Confectionery,Gula Gula,
8906053840858,Special Misal,,
8906136650008,Brown rice cakes,Pintola,
8901725013769,Mad Angles Tomato Madness,Bingo,
8906116950005,Biozyme Whey Protein,Muscleblaze,
8906116959589,WrathX Preworkout,MuscleBlaze,
8906013033337,Noodles shrimp flavour,RinTin,
8901552018852,Punjabi Samosa,Ashoka,
8906164010065,Lemon Ice Tea,Good Trip,
8901512563002,Actii Salte Popcorn,Actii,
8906005509130,Bikaji badam halwa,6 pcs,
8904325100600,Himalayan Pink Rock Salt Crystal,,
8906013030312,X press noodles,Wai wai,
8906085460192,Jeera papad,Yash,
8903236700305,No Nonsense Plant Protein,Cosmix,
8906087120582,Sams black hakka moodles,,
8908017808065,Himalayan Pink Rock Salt,Pro Health,
8905604000178,Wheat grass,Jivo,
8906021127066,Gulab Jamun Mix,,
8906118210855,Vanilla Sandwich Creme Cookies,Bickies,
8908006779000,Steam made Puttu podi,Ajmi,
8901860010005,Fevi kwik,Pidilite,
8906022690262,Chicken cordon bleu,,
8904120006282,Dhootapapeshwar Swamala Compound Chyavanprash,Dhootapapeshwar,
8901595864041,Dark soy sauce,,
8908019882209,Tapioca Crisps,Dobra,
8908007022099,Tortilla Wraps,Habanero,
8908001017077,Tikka masala nacho crisps,Cornitos,
8901117008199,Foracort inhaler 200,,
8906078180458,DNV SABUDANA PAPAD KASURI METHI FLAVOUR,DNV,
8902580616676,Smart Choice Moong Punjabi Papad 200gm,"Smart Choice,Spencer",
8901777001660,Green Peas,Vadilal,
8901414004481,Spicy Coated Peanuts,Bikano,
8901207504006,Odonil Lavender Mist,"Dabur,Odonil",
8904132956100,Alans tomato,1,
8906116957844,"Biozyme Performance Whey, Blue Tokai Coffee",Muscle Blaze,
8906116958797,Biozyme Performance Whey - Blue Tokai Coffee Flavour,Muscleblaze,
8906108530550,Red chilli sauce,Inchi,
8904132917620,Red chilli sauce,Aw So Yum,
8906742027492,Isabgol orange burst,Plix,
8908001487092,Chilli Powder,Cookme,
8901777338087,Veg Jaipuri,Vadilal,
8901393016635,Sour belt,Chupa chups,
8904063220622,Tandoori Patty Plant Based,Haldiram,
8906001727026,Desi Ghee,Paras,
8906001051183,Gujarati Gor Keri Pickle,Mother's Recipe,
8906064452439,Elements wellNess,,
8906013642546,طجين الجراندم المالح,جاقديش,
8904405961190,Pure coconut oil,Malabari,
8901725013820,Madangle Chaat Masti,ITC,
8906004565373,Yellow Diamond sizzling cheese,Yellow Diamond,
8906090574396,Bhoot Chips,Spencer,
8906131681663,Chocolate Millet Flakes,Mille,
8901399004124,Glucovita,,
8904063205018,Bread Pakora,Minute Khana,
8906152182040,Mango pickle,,
8906081122520,Toasted and Salted Sunflower seeds,Happilo,
8901058010701,Nestle Munch Vanilla Flavour,Nestlé,
8902570812965,Smart Choice Moong Garlic Papad,Spencer,
8902570812941,Smart Choice Chana Masala Papad,Spencer,
8908005767473,KT TREASURS Puttu Podi,,
8904011508109,Semolina Roasted Rava,,
8906091681345,KT TREASURES Instant Easy,,
8904011504217,Wheat Puttupodi,,
8906091687057,KITCHEN Corn Puttu Podi,,
8906091685008,KT TREASÚRES Brken Wheat,,
8906126550240,TOLINS Steam Puttu Podi,,
8906091684667,KT TREASÚRES Matta Aval Thin,,
8906091684643,KITCHEN White Aval,,
8906091684070,KT TREASURES Roasted Semolina (Roasted Rava),,
8901123005236,LOTTE Seasons Greeings,,
8901123005700,LOTTE Season's (Greeings,,
8901063032927,treat burst,Britannia,
8908007140502,Sandwich bread,Aabad,
8901725003036,Bounce,Sunfeast,
8901725015480,Bounce Day&Night,Sunfeast,
8901928370706,Cheese licks,Bisk Farm,
8901725002237,Digestive,Sunfeast,
8906017861769,Ruskit,Bisk Farm,
8901928221756,BISK FARM erbs,Bisk Farm,
8901725006167,Marie light,Sunfeast,
8901928302509,Top Gold 189 g,Bisk Farm,
8901719119903,Parle Top,Parle,
8901725016159,Dark Fantasy Choco Fills,,
8901719132025,PARLE PREMIUM RUSK 291.2 gm,Parle,
8901725113551,Sunfeast Glucose Biscuits,,
8901719784040,PARLE COCONUT,Parle,
8901725017552,Sunfeast Nice,Sunfeast,
8901719130038,PARLE Hapry Happy,Parle,
8906158360138,ARROWR THIN,,
8901719123993,PARLE Krack jack250g,Parle,
8901719126598,PARLE Krack Jack,Parle,
8906009075952,UNIBIC maámiul 25% Date-filled,,
8901063142626,BRITANNIA nutri choice,,
8901725001735,Darkfantasy) Vanilla Creme,,
8901725001728,Dark Fantasy Sandwich Crème,,
8901725019341,Sunfeast MOMS MAGIC,,
8901719120787,PARLE top,Parle,
8901058015409,Milk Chocolate,Milkybar,
8901396040408,VANISH oxi action,,
8901552020213,panipuri omacka,,
8904045800996,Andra mar9ou9,Royal,
8906009073286,UNIBIC Biscott Caramel Cinnamon Flavou,,
8906009078687,UNIBIC Pista Badam Cookies,unbic,
8906009077321,UNIBIC Choco Chip Cookies,,
8906009068886,UNIBIC Choco Nut Cookies,,
8901063012738,BRITANNIA Milk Bikis,,
8901063012721,BRITANNIA MiIk Bikis,Britannia,
8901063012653,BRITANNIA Milk Bikis Cassic,,
8906009070483,UNIBIC Choco Ripple Cookies,,
8909081001536,Sunfeast SUPER EGG & MILK,"Sunfeast,ITC",
8901063018334,BRITANA TIME PASS,,
8904004442823,Punjabi Kadhi Pakoda,,
8901725004996,Sunfeast Thin Arrowroot,"Sunfeast,ITC",
8908016501172,Hello tempay,Hello tempay,
8901725015442,"Sunfeast all, rounder sweet",Sunfeast,
8901725016302,Dark entasy Bourbon,Sunfest,
8906009070490,UNIBIC Milk Cookies,,
8906046143119,Black Bean Salty Papadum,Pride Of India,
8901719922169,Choco Rings,,
8902188407096,Soja déshydraté,Ramdev,
8901571007752,Horlicks,Makelt s8ar 8adi,
8905507001227,500 g,,
8901972054560,Biscuits,,
8901063166257,Chocolate Bar,Britannia Tiger Kreemz  Choco,
8906001384069,Crunchy Mini Crackers,Adora,
8906001388531,Crunchy mini crackers,Adoro,
8906009077024,Fruit And Nut Cookies,UNIBIC,
8906078266046,Glucose Biscuit,Adoro,
8901719101021,Biscuits Parle-G,Parle,
8901030893575,Red Label tea,,
8906078266602,Chocolate Biscuit,Adoro,
8906078266626,Strawberry Biscuit,Adoro,
8901063146716,WINKIN BOURBON SHAKE,,
8901123001795,Lotte Pie,Lotte,
8901842333566,Dairy whitener,Nova,
8908013746026,Cravova peach mojito,,
8906097402579,Premium Whole Spices Indian Bay Leaf,Zoff,
8906167242937,White Sesame Seeds / Til,Whole Farm,
8903363010995,Udid,Dmart Premia,
8906010367879,Soan Papdi,GRB,
8904063251060,Soan cake,Unknown Brand,
8904064672994,Lal mukhwas,,
8901741001139,Quick Noodles,Wai Wai,
8904064601826,Rock Salt,Chakra,
8901440021032,Coriander Powder,Eastern,
8901440209423,Curry Powder,Eastern,
8901440209393,Sambar Powder,Eastern,
8901440021131,Kashmiri Chilli,Eastern,
8901440223849,Chilli Powder,Eastern,
8901440021056,Turmeric Powder,Eastern,
8901440011248,Garam Masala,Eastern,
8906009075273,Millet Pop Crisp Sweet Chilli,Unibic,
8906055100028,Rajdhani besan,,
8904319303703,Besan Laddoo,,
8901107038526,Aptivate,LUPIN LIFE,
8906009820415,DALIYA,Silver coin,
8908016763150,AATA,ENERGY MAX,
8901560120219,INSTANT IDLI MIX,NILONs,
8906080603914,Swing pomegranate,Paper boat,
8906005504449,Pudina treat chips,Bikaji,
8904063209689,Punjabi mixture,,
8902102126980,Ujala supreme,,
8902102194934,Ujala,,
8906064705610,Banana chips,Malabar delights,
8902102194910,Jyothy Labs Ujala Supreme,Jyothy Labs Ujala,
8901786390151,Hot & Red Chilli Powder,Everest,
8901786401017,EVERES Coarse Ground ChilliPowder,,
8901725007492,Bingo,ITC,
8901725009892,Natural Litchi Fiber,Natural b,
8901725009861,Natural Mixed fruit Fiber,Natural b,
8901192216014,Garam masala,Catch,
8901192214010,CHICKEN MASALA,Catch,
8901192214119,CHICKEN MASALA,Catch,
8901192204011,CHATPATA CHAT MASALA catch,Catch,
8901192202116,SAMBHAR MASALA,Catch,
8901491003681,PLAYZ PUFF BaLS Kurkure,20rs,
8901491990226,SWEET CHILL Dorites,10rs,
8901968335659,Vegetable cutlet,,
8906069850049,Batch No,,
8901095000475,Sweet and spicy mango pickle,,
8901063166653,Biscafe,Britannia,
8901063364462,Britannia Time pass Funsticks Tomato Twist,Britannia,
8901030923395,L Green Tea PURE LIGHT,Lipton,
8901440209355,Meat Masal,Eastern,
8901440011446,Mutton Masala,Eastern,
8901440209348,Chicken Masala,Easteen,
8901440222118,Spicy Chicken Masala,Eastern,
8901440000211,Asafetida Powder,Eastern,
8901440021292,Black Pepper Powder,Eastern,
8901440221890,Onion Powder,Eastern,
8901440219323,Curry Powder,Eastern,
8901440223887,Chill Powder,Eastern,
8901440000402,Tamarind 200g,Eastern,
8901725018917,Yippee noodles magic masala goat,Sunfeast,
8904256715492,Protein Bar,BB Good Diet,
8904256721745,High Protein Mixture,BB Good Diet,
8901058003802,Nestle Everyday Dairy Whitener 15g,Nestle,
8908008742583,Conditioner,,
8903363001764,Dmart Premia Sabudana small,Dmart,sabudana
8908010213514,MAKINO NACHO CHIP ROASTED MASALA,,
8901177101502,Moov spray,,
8901248349055,ayucare,,
8901030829062,"Men,s glow & Handsome",,
8901248428712,emani Smart and handsome,,
8901526006328,Turbo bright,,
8901030945687,Glow & Lovely,,
8901138819637,Natural glow,,
8901200200110,Coconut & lemon Gold,,
8901526207473,Garnier,,
8906055445686,Rava upma,,
8901542000843,Nycil Germ Expert,,
8908001158961,FOOG,,
8902901028324,Good life mustard oil 5ltr,,
8904132953598,Independence mustard oil 5ltr,,
8906099701564,Pansari BESAN,,
8901192107626,Haldi powder,Catch,
8906115730110,Kashmiri Kahwa Tee,The Tea Haven,
8906005501271,Onion paratha,,
8906033424412,Kanha Tutty Fruity Cookies,Kanha,
8908005767312,SPRIG SWEET PAPRIKA imp,,
8908005767329,SPRIG SMOKED PAPRIKA imp,,
8904083301578,Milky Mist Butterscotch Milk Shake,Milky Mist,
8901138833534,Himalaya Moisturizing baby oil,,
8906005504524,Chips mast masala,,
8906070000075,Soan papdi,,
8904043904061,Tata Sampann Poha,Tata Sampann,poha
8901088062435,Set wet,,
8904063224088,Choco Makhana,Haldiram,
8904083512189,Masoor Dal,Laxmi,
8901725006518,sunfeast caker,,
8906006430594,All Out Ultra,All Out,
8908003392219,Peanut Butter Crunchy,Happy,
8904063218162,Haldiram's Punjabi tadka,Haldiram's,
8904063218414,Haldiram's BHUJIA,Haldiram's,
8904063218124,HaldiramS ALOO BHUJIA,Haldhiram,
8904063218155,Haldhiram ALOO BHUJIA 410g,Haldiram's,
8904063218407,Haldiram's bhujia,Haldiram's,
8901725011017,Bingo Tedhe Medhe Chatpata Twist,Bingo,
8901396625100,Strpsils,,
8901030987342,3 Roses Natural Care Tea,3 Roses,
8908011201145,Brown Rice Cakes,Waffle Mill,
8904004440003,Tandoori Roti,Haldirams,
8904045812364,زيت الخردل,Royal,
8904132973107,Raskik,Raskik,
8904364600000,Empire Basmati,Shrilalmahal,
8908017808034,Sel himalayan,,
8906045945691,Ortilab,,
8906085404301,Star Golden hot sauce,,
8901595864034,Schezwan Chutney,,
8906085401461,Indo Garden white Vinegar,,
8904405857325,Jannati white vinegar,,
8901725001063,Aashirvaad Double Roasted Suji Rava,Aashirvaad,wheat
8904011516500,Double horse corn flour,,
8906133020002,Whey Protein Isolate Unflavored,Nakpro,
8906023416373,Coffe milk shake,Milkshake,
8901207045400,Dubar SAT ISABGOL 90g,Dabur,
8906119080518,Custard powder,,
8901030631009,Tea Bags,"Brooke bond,Taj Mahal",
8901262153355,Amul Kool,Amul,
8908000655201,Udhaya Krishna Ghee,Udhaya Krishna,
8906001024712,Whey Protein Belgian Chocolate,Avvatar,
8904063220295,Somosa,Trader Joe’s,
8904120400745,Peanut Butter,Abbie’s,
8906016414904,Juice,Jersey,
8906002080311,Sambar powder,Sakthi,
8901242103004,Soya,Bambinno,
8906115883120,Marino Magic Byte Orange,Marino,
8908006646722,Pudina Party,Mr Makhana,
8906130970140,Walnut,,
8906118210732,Graham Cracker,Bickies,
8901030891847,Kwality Wall's Cornetto - Butterscotch,Kwality Wall's,
8901030792168,Kwality Wall's Choco Cone,Kwality Wall's,
8901149001243,Ocupres e,Sunshine,
8901117098817,Rosulip 5,Hemas,
8903241110038,Mango Pickle,Pravin,
8904124113108,Paneer,Ananda,
8908001697675,Tortilla wrap,Fresh go,
8907316000088,Khattimeethi Chutney,Mothers Recipe,
8908004415313,Crunchy PENUT BUTTER,5STAR,
8908004415399,Crunchy PENUT BUTTER,5Star,
8908004415726,5Star PENUT BUTTER 500g,5 Star,
8904358326442,American Harvest PENUT BUTTER,,
8906111323552,Jannati Orange Jam,,
8906111323545,JANNATI PINEAPPLES JAM,,
8906009534664,Fruits And Nuts Granola,Max Protein,
8906111323569,Jannati Strawberry jam,,
8906015741513,BCOOL mix fruit jam,,
8906015742367,BCOOL Kiwi Jam,,
8906015742350,BCOOL apricot jam,,
8906015741469,BCOOL Mango jam,,
8906069723084,Amand,Royal gulab,
8902901222845,mustard,,
8906015520385,sambhar powder,thillai,
8901440031055,Lime pickle,Eastern,
8901042955957,MTR Pongal,MTR Foods,"Rice, moong dal, salt, spices, edible oil, curry leaves"
8906000610176,Mecam  crazy fries,McCain,
8906130900451,Turtle chips tangy tomato,,
8901207036712,Dant Rakshak,Dabur,
8901063017887,5050 Golmaal Butter Garlic,"Britannia,5050",
8906116955505,High Protein Muesli Muscleblaze,Muscleblaze,
8901030976056,Horlicks Classic Malt,Horlics,
8906044999282,Alo Frut Kiwi,Alo Frut,
8904132973077,Ras Kik Mango,Ras Kik,
8901248707398,Triphala Churna Emblica officinalis,,
8906015741032,BCOOL Orange Food coloring,,
8906015740042,BCOOL Vanilla flavoring essence,,
8906015741018,BCOOL Red food coloring,,
8907885001509,BuSH LEMON YELLOW POWDER,,
8907885001516,BUSH ORANGE RED POWDER,,
8906143891838,Protein Bar Almond Millet Cocoa,The Whole Truth,
8901063033412,britannia treat,,
8901719129094,Parle fab 300g,,
8901719129087,Parle fab 300g,,
8906009079462,Unibic oats digestive600g,Unknown Brand,
8902268013537,Anmol Marie 234g,,
8901719130069,Parle millano250 g,,
8901719127519,Nutricrunch ginger snap cookies,,
8901719130168,Parle hide&seek125g,,
8904063200075,Nimbu msala mou9armichet kif il kaki,Haldiramis,
8901719127120,Parle hide&seek,Parle,
8901063158078,Britannia Good day,Britannia,
8901047065026,Basmati Rice,Kohinoor Foods Limited,
8901719120985,Parle krack jack700g,Parle,
8901063142213,Britannia nutri choice 75g,Britannia,
8906020937079,ENGINE FILTERED GROUNDNUT OIL,ENGINE,
8901928412505,Biskfram zero suger free,,
8901719129964,Parle hide seek,,
8901719129957,Parle hide seek,,
8908009918079,Nutritional meal oziva,Oziva,
8901047816185,Rajma Masala,Kohinoor,
8904132929135,Good Life Fard Dates 500gm,Good Life,dates
8901205027668,The vert,,
8904042309010,Blue bird,,
8901042955964,Bisibele Bhath,MTR,
8906117090007,Potato Popped Chips,Brb,
8906117090342,Cheese Potato Chips,Brb,
8906078263298,Biscuit,,
8908006989249,Hazelnut Butter Chikki,Nutritius,
8901670813612,Mango Candy,saras flavours of asia,
8906007292146,Mk Soya Chunks,MK,
8906065169534,Itc master chef,,
8906064705863,Madras Mixture,Malabar Delights,
8901058897838,Maggi,Nestlé,
8901764022906,fanta,fanta,
8901262178693,Milk Cake,Amul,
8904065212397,Wonder Cake,Milka,
8901552014083,Okra (Cut),Ashoka,
8903664052175,IRIS home freshnar,,
8908011491218,California Almonds,proV,almond kernels
8902579002091,B Fizz,Parle Agro,
8906086920510,White Bread,Vaishali,
8904076000020,Nambisan's pure cow ghee,,
8906116956946,Protein Peanut Butter,Muscleblaze,
8906064651030,Garlic Dip,Wingreens,
8901725121174,Ashirvaad whole wheat flour,,
8901444060365,Malabar Taste,,
8904287000178,Vermicelli,Bambino,
8908006000074,Aavin Chocolate Milk Shake,Aavin,
8906018140047,Sambosa leaves,Switz,
8901058014839,maggi PAZZTA Cheese Macaroni,Maggi,
8906165630828,Wafeez Chocolate Flavoured Wafer,Pepe,
8906165630842,Wafeez Vanilla Flavoured Wafer,Pepe,
8906004650925,Matta Rice,Pavizham,
8906117090274,Salt Pepper Chips,Brb,
8906125982103,Butter popcorn,4700bc,
8906067025159,MB Isozero Low Carb Whey Protein,Muscleblaze,
8906042380211,Preotic z,Sachet,
8906001387046,Bread 🍞,Oven,
8906135620965,Cocktail Mix,Kakaji,
8906069400046,Caesar Dressing,Veeba,
8904082785225,Banana Chips Pepper,Kemchho,
8906038788526,Arroz Basmati,SriSri,
8906066200076,Travancore Nutmeg Powder,Keya,
8901719122194,krackjack,Parle,
8904093600043,Sesame oil,pavithram,
8901063032866,Britannia Treat croissant 225gm,,
8906117000327,Classic Basmati Rice,Zeeba,
8901071732444,Hershey's cookies 'n' creme flavor milk shake,Hershey's,
8906509095634,Plain Parotha,,
8906138980493,Kaju Cornflakes,Bishanlal Babulal's,
8901357000083,Hi Tea,,
8901357000489,Hi Tea 450g,,
8901741000309,Wai Wai Instant Noodles,,
8905694508240,Sid's Farm Cow Milk,Sid's Farm,cow milk
8906165781896,Protein powder,Muscleblaze,
8908012241607,Davat Orange,Davat,
8908016501165,Tandoori Tempay Thins,Hello Tempayy,
8901552012492,Malabari paratha,Ashoka,
8901063166493,Potazos,Britannia,
8904091128556,Candid Prickly Heat Powder Menthol Cooling,Candid,
8901042956015,Mixed Vegetable Curry,MTR,
8906109110508,Chat Papdi,Haldiram’s,
8901058817652,Bar One,Nestle,
8901741000279,Wai wai Instant Noodles,,
8901741000262,Wai wai Instant Noodles,,
8901030976063,horlicks,Horlicks,
8902756340152,Chicken Burger Patty,Yummiez,
8902082807268,Torchi laymoun,Grandma's,
8906130900246,Orion choco pie Real Mango,1,
8906064701124,Kerala Mixture,Kozhikodens,
8904084504657,Baidyanath Chyawanprash,Baidyanath,
8906104540218,PAPAD,,
8902579000264,Parle Bailey One,"Parle,Bailey",
8901030898440,Surf Excel,Surf,
8906152620535,Sawan Achari Masti Khakhra Bites,Sawan,
8901777328088,Punjabi Chhole,Vadilal,
8906033744084,Digestive Minis,McVities,
8906149711079,Room freshener,,
8906021400640,Super Dahi,Super,
8906021071000,55peanut butter,5 Star,
8901123000439,Lotte Jellies,Lotte,
8901155129214,Sandwich dhokla,Fits,
8904063226389,Momos,Haldirams,
8906082760349,Frozen Strawberry,,
8906082760004,Mango pulp,,
8906040370016,India salaam Basmati Rice Classic,,
8906129220171,Buttermilk masala glass,Chhaswala,
8906129220164,Special masala,Chhaswala,
8906129220188,Buttermilk bottle,Chhaswala,
8906129220003,Dahi,Chhaswala,
8906129221239,Mango lassi,Chhaswala,
8906129221215,Strawberry lassi,Chhaswala,
8906129221246,Gauva lassi,Chhaswala,
8906129220454,Butterscotch lassi,Chhaswala,
8906129221161,Makhaniya lassi,Chhaswala,
8906129221208,Chocolate lassi,Chhaswala,
8906129221260,Paneer,Chhaswala,
8906129221277,Paneer,Chhaswala,
8906129220348,Cold coco,,
8906129220355,Kaju anjeer shek,,
8906129222038,Elaichi milk,,
8906129220393,Mango milk,,
8906010395407,PASTA MACARONI,True,
8904406185076,SAMABA RAVVA,Dhanusu,
8906030580111,Idiyambam flour,Nalaas,
8906002080144,CHILLI POWDER,Sakthi,
8906002080342,Sambar,Sakthi,
8906002080243,Coriander,Sakthi,
8906002080045,Turmeric,Sakthi,
8906019772735,Nutraj Dried Figs,Nutraj,
8901063012554,Milk BIKIS CLASSIC,Britannia,
8904045812548,Potatoes chips,Royal,
8903363006820,Almond Kernels,DMart Swaad,almond kernels
8906131682219,Jowar Puff chatpata treart,Mille,
8901512103901,sundrop oil,sundrop,
8903363002181,Methi,DMart Premia,fenugreek seed
8903363000040,Poha Jada,DMart Premia,rice flakes
8908002396805,Gingelly Oil,Mr. GOLD,gingelly oil
8906144470490,Soya chunks,Nutroya,
8906035050671,Mehndi,Neha,
8906027946180,Spanish Style Rice,Eat Regal Gourmet,
8904063252517,Chiwda,,
8906107170238,Momos Vegetable & Paneer,Prasuma,
8903023305058,Mango Pickle,Kitchen's Promise,
8908016002150,Full Moon Ghee,Two Brothers,
8901063028821,Nice time,Britannia,
8908000537019,Kalyani Nature Pure,,
8906007284042,KINGS REFINED SOYABEAN OIL 1L,,
8901537050518,Pasadena,,
8904124107442,Family Milk Pasteurised Homogenised Standarised Milk,Family Milk,
8908020170005,Siddipet Poultry Eggs,Siddipet Poultry,eggs
8901207039911,Dabur HAIR OIL Coconut,,
8906163270620,Pista biscuiy,,
8904293726925,Flipkart Grocery Classic Suji / Rawa,Flipkart Grocery,suji / rawa
8904293728653,Flipkart Grocery Classic Bansi Rawa,Flipkart Grocery,bansi rawa
8906142025920,Plix Super Multi Vitamin,Plix,
8906040375226,Salam Bashmati Rice,,
8906040375240,India Salaam Basmati Rice,,
8904045800095,Royal Jaggery,,
8902433000232,Snickers Almond Chocolate 40g,Snickers,
8901537079595,White basmati rice,Daawat,
8906009709437,Mango Pulp,Kesar,
8906058610708,gaia crunchy muesli,gaia,
8902901223378,Poha,Good Life,poha
8903967000002,Spicy Stick,Brijwasi,
8908015480645,KHUSHPOO,,
8908005144182,20G protein bar cranberry blast,Yoga bar,
8906002082315,SOMBU PODI,Sakthi,
8908016809414,Afghani Soya Chaap,BlueTribe,
8906032010364,Ruchi NO. 1 Vanaspati,Ruchi No. 1,
8906111322487,Pineapple لب مجمد,Dad's farm,
8901414038486,Bikano karake peanuts,bikano,
8901248268592,He Perfume,Emami,
8906081923233,Product burner,Carbamide,
8906081921581,L glutathione,Carbamide forte,
8904250602781,Isotretinoin,Acnetoin,
8901207900723,Shilajit,Dabar,
8906011331091,Hydramoist,Aaryaanveda,
89004401,PROstyle,Prostyle,
8908005103059,Moong punjabi papad,,
8906094877851,Roasted Chana Butter Chili,Akshar,
8904442611980,Snack kabanossi,Duda,
8906137370493,Pollen Honey,Last Forest,
8904063254566,Methi Crisp Puffs,Khaki,
8901161107404,Matta Boiled Rice,Brother’s Choice,
8906001055709,Hot Mango Chutney,Mother's,
8906064651146,Chipotle Dip Spread,Wingreens,
8902901224634,Good Life Kabuli Chana,Good Life,
8908023653079,Aditi Elaichi rusk,Aditi,
8906083301190,gluten-free Quinoa Pasta,Naturally Yours,
8901138501327,serpina,himalaya,
8901414040496,Chana Almond Bite,Bikano,
8906042150524,SAMBA RAVVA,Anil,
8906119620196,Brown bread,,
8901012100813,Orsl Plus Orange,Orsl,
8906014011242,Papad,420,
8906090572972,To yumm,,
8908013910083,noni,,
8901888006028,real pinapple juice,real,
8908003867175,Nalen Gur,Banchharam's,
8901242103608,Soya Granules,Bambino,
8901047619274,Bombay Masala Curry Sauce,ナーナック,
8901688120733,Sumeru Fries,Sumeru,
8901552016391,Method Malai Matar,Ashoka,
8901648923138,Mother Dairy Super-T Milk,Mother Dairy,
8906043440037,indisches Brot,Micha,
8906090574488,Twisties,Karare,
8906140970819,Punjab Sindh White Butter,Punjab Sindh,
8908004238479,Origin nutrition protein,Origin nutrition,
8901117255258,Cipla Levolin Inhaler,Cipla,
8906013032781,Chicken flavour,RinTin instant noodles,
8906094750444,Fruit Yogurt,Muralya,
8901725018993,Yippee,Sunfeast,
8901725005979,Yippee,Sunfeast,
8901808006275,Pasta Macaroni,Weikfield,
8901537075733,Chefs Secretz Basmati Rice,Daawat,
8901036151129,Instant Bohnenkaffe,Lack,
8906116957356,Plant Protein,Muscleblaze,
8901030900136,Mixed Vegetable Soup,Knorr,
8904358326435,American harvest peanut butter,Américan harvest,
8901030979927,Horlicks Classic Malt,Horlicks,
8901371090046,Royal,,
8904132972476,flax seed,gl,
8906125982431,Devil popcorn,4700bc,
8906014904179,Fruit rings,Kwality,
8906014902786,Fruit rings,Kwality,
8906014903936,Choco rings,Kwality,
8901396116004,Lizol floral 2l + 500ml,,
8904132949287,My home floral 2l,,
8904271200935,Mr muscle 1l,,
8901399435249,Max kleen 1.25l,,
8901030803598,Comfort anti bacterial action 860ml,,
8901414016392,All Time Mixture,Bikano,
8904077202409,Black Pepper Bhakri,Maniarr'ss,
8902901171310,Good Life Unpolished Kabuli Chana,Good Life,
8904067701554,Roasted Peanuts Classic Salted,Jabsons,
8902269254687,Paraboost,,
8904327600689,Rolled Oats,My Fitness,
8906068351639,Pachranga's Garlic Pickle,Pachranga's,
8906145150629,Noto Hazelnut Crunch Bar,Noto,
8902761200236,バスマティライス（炊き上がり前）,アンビカ,
8904109489211,Honey,Patanjali,
8901262110266,Whey Protein,Amul,
8902710100600,Rolled Oats,Bagrry's,
8901648920120,Cow Milk,Mother Dairy,cow milk
8904124100115,Ananda Pure Ghee,Ananda,
8904063258151,Tandoori Garlic Naan,Haldiram's,
8906069405102,Cheesy Melt,Veeba,
8901542001796,Explore Knowledge world,Complan,
8906117360216,Whole Wheat Atta,Country Delight,
8901058005509,Nescafe Sunrise,Nescafe,
8906021910200,dates,royal crown,
8906131680291,slurrp farm Cereal,slurrp farm,
8906043347923,360 All In One Nutrition,Supply6,
8901088110259,زيت جوز الهند,Coconut oil,
8904258703466,Raw Pressery Raw Power,Raw Pressery,
8906095126651,Arabian Dates,Wonderland Foods,arabian dates
8904063222848,Mix Veg Paratha,Haldirams,
8908004238462,Vegan Protein Vanilla,Origin,
8906019777709,Pista,Nutraj,
8906009534725,Max Protein 7 Grain Breakfast Cookie,Max Protein,
8901719123917,Parle-G GOLD 1kg,Parle,
8906090572903,Too Yumm! chips classic salted,,
8908005175124,OxyGrannd Drinking Water,OxyGrannd,
8904043552644,Modern Sandwich Supreme Bread,Modern,
8906017815656,Madhusudan Curd,Madhusudan,
8904004443585,Chilli Paneer Wrap,Mo'plleez Wrappo,
8901777069660,Frozen Lotus Root,Vadilal,
8904132973541,Brew House Brewed Tea,Brew House,
8901262080279,Amulspray,Amul,
8901037034544,Eternal moments black tea,Eternal moments,
8904474000004,Bonn Brown Bread,Bonn,
8908017962316,Wicked Gud Popped Chips,Wicked Gud,
8901499010537,Granola - chocolate and almonds,Kelloggs,
8901440001171,Coconut milk powder,,
8901393024814,Center Fresh Mints,Center Fresh,
8908024057333,Chocolate Almonds,Eat Better Co.,
8904132974753,Raskik Coconut water,Raskik,
8904025998200,Matta Vadi Rice,Palat,
8906044999244,Alo Fruit mixed fruit,,
8906078265926,Daily White Bread,English Oven,
8906131682196,Cheese balls,Mille,
8901491003537,Cheetos Masala Balls,Cheetos,
8904118101432,TRiMEX,,
8906021122542,Aachi Rasam Powder 109g,Aachi,
8908013746231,Caravova Classic Mojito,CRAVOVA,
8906144570497,High on peach,,
8906004750021,Rossogolla,,
8901042956039,MTR lime pickle 500g,,
8901371090022,حنة شعر,رويال,
8908015978289,Zeba,,
8901030882586,Red Label Natural care,,
8906058610982,Gaia Muesli Mixed Fruit,Gaia,
8908012692065,Wellbeing Nutrition Apple Cider Vinegar,Wellbeing Nutrition,
8905507001050,Imli Tree Red Stuffed Chilli Pickle,Imli Tree,
8906060310023,Deluxe Sliced White Sandwich Bread,Deluxe,
8908010819044,Vastu Ghee,Vastu,
8906048501887,Nutricia Aptagrow chocolate 400g,Nutricia,
8904258703572,Raw Pressary classic lemon,Raw Pressary,
8904293732704,Chilli Bajji,Unknown Brand,
8904293733893,Premium Orange Nagpur,Unknown Brand,
8904293733815377,Orange Nagpur,Unknown Brand,
8901719122316,parles's potato piri piri chips,parles's,
8901314717429,Papadopoulos caprice,Papadopoulos,
8908019319804,Bhadang,Chakote,
8904063526007,Nutcrackers,,
8901764112911,Coke Zero,Coca Cola,
8906165782664,Whey Protein,Muscle Blaze,
8902901011685,Good life toor dal,Good Life,toor dal
8904059150209,Kottakal Dasamula Rasayanam,Kottakal,
8906005502742,Bikaji falahari mix,1,
8901246006660,Del Monte,Del Monte,
8906146850078,Dry Figs,JandB,
8906095121434,Cashew Nuts,Wonderland Foods,cashew nuts
8904250601043,Elosone,Unknown Brand,
8906108530765,Indi green chutney,,
8906036712196,Badam Milk Mix,Asha,
8908008011474,Milk,,
8901396146001,Lizol All in 1,Reckitt,
8901207032493,Re real fruit power ping guava,,
8908002974959,arcot mani mark black sesame burfi,arcot mani mark,
8906078180359,dalchini,DNV,
8901138509941,Himalaya Rumalaya Gel,Himalaya,
8907316008817,Garlic&ginger paste,,
8904355400756,Apollo Pharmacy Compressor Nebulizer,Apollo Pharmacy,
8904355402309,Apollo Life Aloe Litchie,Apollo Life,
8904355402286,Apollo Life Aloe Mango,Apollo Life,
8904103070255,swastiks strong hing,swastiks,
8904355402293,Apollo Life Aloe Guava,Apollo Life,
8906012830012,Alkem Health Care Jeevanprash,Alkem Health Care,
8904109465239,Patanjali Shodhit Harad,Patanjali,
8906036846846,ger. fadennudeln,subash,
8906036673947,Nandini Good Life,Nandini,
8901207029912,Odonil Jasmine Mist,Dabur,
8906166572110,1800-8904-204,,
8904076000013,Namibians Pure Ghee,,
8906111320117,Pappadam,,
8906007280068,Fortune Soya bean 5ltr,,
8906069721066,Benne murukku,Anand,
8901719910418,Salted peanuts namkeen,Parle,
8908015743269,Breeze tea,,
8906110591198,Extra long 1121 premium basmati rice,,
8901512558206,ACT II Butter Delight flavour popcorn,ACT II,
8901161107275,Lal qilla,Quinao,
8906107170214,Spicy Chicken Momos,Prasuma,
8904117900005,pro nature whole wheat flour,pro nature,
8906032490210,vsr bansi rawa fine,vsr,
8908006587070,vsr bansi raw,vsr,
8904300201025,Butter Biks,Trdpmario,
8906052807425,🧅 onion powder,حصه,
8906133402556,Hair gummies,,
8906115881379,Biscuit darshan's,Darshan's,
8901030117022,kissan mixed fruit,Kissan,
8901030117213,Kissan pineapple jam,Kissan,
8906015741476,BCool pineapple jam 450g,BCool,
8906111320124,Chukku kappi,,
8901440209386,Fish masala,,
8901440223863,Kashmiri Chili Powder,,
8901440221999,Eastern Garlic Powder,,
8901440221906,Ginger powder 2yrs prod,,
8906014080972,Chutney powder,,
8906014084543,Samber powder,,
8908013252237,Muesli high protein 450gm Fit&Flex,Fit & Flex,
8901063019171,Little Hearts,Britannia,
8901095001465,Masala Flavour Instant Tea Premix,Society Daily,
8906078260181,Marie Classic,Cremica,
8906090573047,Too yummy Chips green,,
8904082786772,Turmeric And Salt Chana,Kemchho,
89000253061021,Tangine di pollo al miele,,
8901063033306,Britannia Treat Orange Creme,Britannia,
8906010088514,Fair and fairy,VI john,
8906020580374,iD Instant Filter Coffee Liquid,iD,
8904380404040,Mancode,Mancode,
8906163830640,Farmley Makha Shaka Masala Stix,Farmley,
8901047610998,インディアンビブダールカレーソース,Nanak,
8906054210018,Jeera Cumin khakhra,SHANTA G,
8904004444049,Pav bhaji,Haldiram's,
8908017781283,Chikki,Aazol,
8907885000151,Bush,,
8908012214106,Adya Chana Sattu,Adya,
8901058011128,Maggi,Maggi,
8904045800811,حوت شايح زغلول,Royal,
8904300201698,Trdp mario crackem,Biscuit Mario,
8902433005824,SNICKERS BERRY WH,Snickers,
8902433007828,SNICKERS BUTTERSCOTGH,Mars International,
8902479201464,Saqar zahabi,",,",
8904300201032,Trdp mario,Mario cashew bikes,
8906001090885,Nasr,",,",
8901058012149,sunrise coffee,Nescafe,
8901063166714,Gol Maal Crackers,Britannia,
8908007029012,Burger Bun,English Oven,
8908445752954,Azadrice,,
8901088213004,Coconut oil,,
8903754000840,Tata Coffee Grand Cold Coffee Belgian Chocolate,Tata Coffee Grand,
8906020580541,Dosa Batter,ID,
8908007808587,Vanilla Hazelnut Spread With Belgian Cocoa Butter,Liso,
8906073782046,DOMS Drawing Pencils,DOMS,
8901023008221,Nupur,,
8904474000431,Bonn Multi Grain Bread,Bonn,
8901030882548,Brooke Bond Red Label NaturalCare,"Brooke Bond, Unilever",
8902102163732,Exo,,
8906163270347,Jaggery/Gur Atta Biscuits,Karachi Bakery,
8906069725934,Anand Dry Fruits Laddu,Anand,
8904083535171,Chia Seeds,24Mantra Organic,
8906007286039,Fortune Chana Dal,Fortune,chana dal
8904293704701,Ladies Finger,Unknown Brand,
8906097402913,Zoff Cumin Seeds,Zoff,cumin seeds
8904293731189,Daily Pour Gold Tea,Daily Pour,tea
8901192205001,Chat Masala,Catch,
8906034822828,Rajo green Cardamon,,
8904277802041,Face foundation,BB,
8901246003492,Del monte,Del Monte,
8901360237018,perfume spray,Jass,
8906115410036,Soan Papdi,Brijwasi,
8904004407624,taka-tak,Haldiram Snacks Pvt. Ltd.,
8901537077614,Rice Kramer Peanut Mix,Kari Kari,
8904004400243,Soya Sticks,Haldiram's,
8906067024930,Ultra Omega-3,Truebasics,
8901058006124,Maggie chicken noodles,Nestle,
8908016793867,Street Style Momos Chutney,Master Chow,
8908010900094,Pintola peanut butter,Pintola,
8906117090205,Potato Popped Chips,BRB,
8906054031668,Roasted Makhana Coriander,Popmak,
8904004400021,bhujia sev,Haldiram's,jjkk
8906066701115,Potato Chips,Kettle Studio Sweet Chilli With Lime & Basil,
8906009073484,Unibic Cubz,Unibic,
8904327600320,Peanut Butter,MYFITNESS,
8906018140061,Switz mini,,
8901548310182,complan,,
8901058011371,Nestle Cerelac,Nestle,
8906077360134,Jeera Puri,Jaimin,
8906077360042,Banana Chips Masala,Jaimin,
8906067028440,Super Gainer,,
8906009993997,Elite Sweet Bread,Elite,
8901030712012,Boost,Boost,
8906044542631,Muscle Whey Isolate ( Whey Protein Hydrolysed + Isolate ),Healthfarm,
8906068765702,Peanut Butter,Pean’up,
8901192225115,Shahi Paneer Masala,,
8901192224118,Dal Makhani Masala,,
8901662024583,Butter Chicken Mix,,
8901777557167,Alphonso Mango Rasmalai,Vadilal,
8901242227403,Khatta Meetha Savoury Snack,Bambind,
8906037152397,Krishna's Digestive Care Juice,Krishna's,
8906014085540,Pathiri podi,Brahmins,
8906014080491,Turmic powder,Brahmins,
8904293733817,Orange Nagpur Small,Unknown Brand,
8904293732995,Papaya Raw,Unknown Brand,
8906001387978,Mrs Bectors Fruit Bun,Mrs Bectors,
8906003381066,Honig,little bee,
8908010271040,Dry Fruit Biscuit,Cafe Older,
8901414042254,Veg Dum Biryani,Bikano,
8904063216540,Spinach Paneer Cocktail Samosa,Haldiram's Minute Khana,
8904067709826,Wasabi Roasted Peanuts,Jabsons,
8904340700137,Pulse Shoots Kacha Aam,Pulse,
8906064603312,Wingreens Veg Mayo,Wingreens,
8901662024606,SHAHI PANEER MTR,,
8906014640190,KACHI GHANI,,
8901171021059,Sea code,,
8901030971945,Cocoa glow,Vasline,
8901777872536,Malai Kulfi,Vadilal,
8901595863594,Schezwan Chutney,,
8901138820336,Himalaya aloe and cucumber,Himalaya,
8906009079707,Fruit And Nut Energy Bar,Unions,
8906058211387,Galway Nutriflow Galvita,Galway,
8906183980288,Pro Concentrate Rich Chocolate,Beastlife,
8904221699277,Micellar Casein,AS-IT-IS,
8904287000345,Roasted Vermecilli,Bambino,
8906047001463,Chutney Powder,Pure & Sure,
8904293723443,Flipkart Grocery White Peas,Flipkart Grocery,white peas
8906071430772,Long Grain Basmati Rice Dry,Little India,
8906014080583,Brahmins Red Rice flakes,,
8906067020840,100% Micellar Casein,MuscleBlaze,
8908007344405,Mango & Jalapeño Sauce,Sprig,
8906094750550,Whole Milk,Muralya,
8906037624658,كريم ماما افريكا للرضع,ماما افريكا,
8906037620131,زباد كريم,,
8908003151588,حنة الخنساء,,
8901052003839,Tata Salt Iodised,Tata Consumer,"Vacuum evaporated iodised salt, anticaking agent (INS 536)"
8901719907555,"Süßes, Kekse mit Zitronencreme",Magix,
8906112552654,MADE IN INDIA,,
8906142774934,Bolas Panchmewa Dry fruit mix,Bolas,
8904132917101,kadak tea,Aarambh,
8906081923172,Whey Isolate Matrix,Carbamide Forte,
8901052006243,TATA TEA Gold care,TATA,
8901334038993,Suhana masala,Suhana,
8906037624856,GOMINA,,
8906091723199,BeeYogi Honey,BeeYogi,honey
8904282300136,Mahesh Indian Masala Pasta,Mahesh,
8906090591621,Rice Pasta,Chef Urbano,
8906032882718,Keya seth gold facial,,
8906113491235,Choco And Nut Crunchy Meusli,Joyfull Millets,
8901414016484,All In One Crunchy Spicy Mix,Bikani,
8906078780436,Crinkle Cut French Fries,HyFun,
8901233024981,Cadbury Zip Chocolate,Cadbury,
8901138500801,Himalaya Septilin Syrup,Himalaya,
8906004652653,Vadi Matta,Pavizham,
8901030976094,Horlicks,Horlicks,
8901777411629,Tandoori Naan,Vadilal,
8904245201302,حنة مريم,,
8906077760118,زيت قرنفل أسنان,,
8906133027735,Nakpro Wheyzyme,Nakpro,
8908012811947,mint choco chip mini,minus thirty,
8907316000835,Red Chili Garlic Chutney,Mother's Recipe,
8906083362474,Arroz basmati 4.54,Arabito,
8906083362832,Arroz basmati 2kg,Arabito,
8906083362467,Arroz basmati 9kg,,
8901648921332,Toned Milk,Mother Dairy,
8908011566022,Rishta Idli Dosa Batter,Rishta,
8904043926728,Tata Sampann Besan 500g,Tata Sampann,besan
8901192204110,Catch Chatpata Chat Masala,Catch,
8906131681847,Penne Protein Pasta,Mille,
8906095290062,Instant Kesari Bath Mix,Adukule,
8904258703640,Coconut Water,"Raw Pressery,Swig",
8909106015364,indulekhả DANDRUFF,,
8906100500124,"Nveda Calcium, Magnesium, Zinc, Vitamin D3 & B12",Nveda,
8906021972284,Matta Aval,Major,
8901071733007,Almond Chocolote Flavor Drink,Sofit,
8906005502155,Masala Boondi,Bikaji,
8906005671691,EXTRUDED SOYA SNACKS,Charlie,
8906139071756,AgroPure Besan,AgroPure,
8901030739033,Magnum Brownie,Kwality Walls,
8901414042308,Punjabi Samosa,BIKANO,
8901719101458,milk power biscuits bolacha parle 56gm,,
8901071704670,hershey's kisses,hersye's,
8906006789890,WINN Soy Sauce,,
8901972076647,Creme 4 fun,Dukes,
8906081120007,Happilo Turkish Apricots,Happilo,dried apricots
8901058006025,Maggi Masala CUPPA Noodles,Maggi,
8904109489228,Honey,Patanjali,
8906044541511,Isopro Zero 100% Premium Whey Protein Isolate,Healthfarm,
8901595934683,Chowmein,Chings Secret,
8901047000140,Green Chilli Pickle,Kohinoor,
8901414042209,Dal Makhani,Bikano,
8908008313400,ONS FOR USE:,,
8901063004221,Good Day Chocochip cookies,Britania,
8901225785043,Preethi Genie Jar,Preethi,
8906035030567,Freedom Refined Sunflower Oil,Freedom,
8901030623769,Peras,,
8906028790218,8ll906028790218ll,,
8902850020301,Traditional Whole Oats,Berry Hills,
8909408020806,"alcium Phosphate, Aqua,",,
8906116951736,Fish Oil Gold - 3x Strength,MuscleBlaze,
8908000870529,Moong Dal,Jaimin,
8908001327015,Bee Natural almond caramel Sea Salt imp,,
8901030900143,Sweet Corn Chicken Soup,Knorr,
8904064687950,Frozen Green Peas,Sri Murugan,
8906113491334,Corn Flakes,Tata Soulfull,
8901719922626,Sugar free soda cracker by parle,,
8906170350230,Malai paneer,,
8906119261030,Seedless Oman Dates,Lagom,
8904104775128,Jk radhuni,Jk,
8901192223111,catch Rajma masala,Catch,
8906027990435,Mark premium groundnut seed,Mark premium,
8906128673114,Jeera Soda,Tapre,
8908003623412,Dnv kasuri methi,DNV,
8901781000536,sunrise Aloo dum masala,"Sunrise,ITC",
8908003623498,Badshahi garam masala,Dnv,
8906078180984,Jeera,Dnv,
8908003623269,Red chilli powder,Dnv,
8906010070113,Ganesh Atta,Ganesh,
8906136650657,Pintola Rice Crackers,Organic,
8908013080809,Coconut Milk,Coco Mama,
8901138512576,Himalaya,,
8906119261078,Lagom Seedless Safawi Dates,Lagom,
8904109401268,Toothbrush,Patanjali,
8908003452296,zoopy masala,zoopy,
8901058007060,Milkmaid Mini,Nestle,
8901071704199,HERSHEY'S choco tubes,,
8906002666041,KLF coconad Desiccated Coconut,KLF,
8903553103292,Rambandhu  BIRYANI MASALA,,
8903553125294,Ram Bandhu  SHAHI PANEER,,
8903553124297,Rambandhu  JALJIRA POWDER,,
8903553136290,Ram Bandhu GARAM MASALA,,
8901448902449,5much Chocolate Coated Wafer,,
8901393019360,Alpenliebe,,
8901448902463,Milk More MILK WAFER,,
8904477300385,Bambino Soan Papdi Orange Flavour,Bambino,
8906021922760,Himalaya Honey,Apis,
8903553851377,Temptin  TOMATO KETCHUP,,
8904083303152,Milky Mist CurD,Milky Mist,
8904057395831,HATSUN Table Butter,,
8909081000300,Dark Fantasy Sandwich Crème Vanilla Flavoured Crème,Sunfeast,
8906117000884,Basmati Sella Ris,Midyat,
8901491002363,Doritos,Unknown Brand,
8906009533131,RiteBite Max Protein 7 Grain Breakfast Cookie Nuts & Seeds,RiteBite,
8907524014648,KABEL Stainless Steel Dinner Set,KABEL,
8903553537431,Rambandu  Moong Papad,,
8902901045437,Maida,Maida,
8901972081443,Milk Short Cake Cookies,Castellum,
8901207001772,Dabur roghan badam shireen 100ml,Dabur,
8906079111475,just mix sesame powder instant rice mix,sks,
8904320007751,DiSano Penne,DiSano,
8903241710092,Mango Chutney,Pravin,
8904083518150,Brown Rice,24 Mantra Organic,
8906082760325,Spinach,,
8904067705156,Chikki Til Gud,Jabsons,
8901058008944,KitKat Cookie Crumble,Nestle,
8906065794613,Mr.Noodles,PRAN,
8901512933805,Pops,,
8906117090052,Potato Popped Chips - Bhel,Brb,
8906070439868,Masoor Dal,Organik,
8906010081171,COBRA,,
8904043552484,Modern milk 300gm 35/-,Modern,
8901777135068,Vadilal Panner Makhni Kathi Roll,Vadilal,
8906133026783,Nakpro Plant Protein Powder,Nakpro,
8906070132653,Premium Roasted and Salted Peanuts Khari Shing (Without Husk),Sikander,
8906077362312,Sweet Thai Chilli Bugels,Jaimin Foods,
8901001556003,pappadums,Midas,
8906061300467,Tastee Khakhra,,
8906061300504,Khakhara Garlic,,
8906117090359,Potato Popped Chips - Pasta Cheese,BRB Chips,
8901396062417,Nonfiod,Cherry,
8901777636978,Tara Veggie Jumbo Puff,Vadilal,
8904238408930,Whole Wheat Parotta,Haiku,
8906014762830,Bajaj coconut oil,,
8906011815355,Black Gram Lentils Curry,Fazlani Foods,
8901071702898,Exotic Dark Californian Almonds,Hershey’s,
8908005461579,Smackers Lollipop Happy Pack,LuvIt,
8904090906667,Schezwan,,
8901786281008,Kasuri Methi,Everest,
8904214501877,Chana dal,Raju,
8908007192976,Kabuli Chana Vacuum Fried,Fruit Treat,
8906033744312,MEVities Hobnobs,mc vitiesHobnobs 75G,
8906117090045,Potato Popped Chips - Spicy Chipotle,Brb,
8904051300114,Idiyapam,Instant Delight,
8904082760086,Gaay Besan,Gaay,
8904082760208,Rava,Uttam,
8904082760277,UTTAM RAVA,Uttam,
8906026390076,Singada aata,Five star,
8906061776422,Rajgira,Flour,
8904082760109,Sooji,Uttam,
8904082760987,Rava,Uttam,
8908002937633,Rock salt crystals,Heem,
8903363010155,Besan,Premia,
8903363010162,Besan,Premia,
8903363010742,Rava,Premia,
8906026390038,Moraiya,5star,
8908003448329,Spaghetti,Gustora,
8901968333600,Pork Steaky Bacon,Buffet,
8908018963459,Cornflakes Chiwda,Laxmi Narayan,
8908003448220,FUSICLI,,
8901725018788,Hot & Spicy Korean Style,Bingo,
8906112995406,high protein burger buns,protein chef,
8906059636752,epigamia TURBO 50g protein yogurt,epigamia,
8908012945130,Green Dal And Edamame Spaghetti,Pink Harvest,
8904256732536,Sliced Black Olives,Happy Chef,
8906010502171,Gathiya,Balaji,
8906078782294,French Fries,Hyfun,
8906117251323,MADE IN INDIA BeYOUtiful Life Is BHARAT 202306/2028 10-15min,,
8906108530888,Inchi Momo sauce,Inchi,
8906117001867,Brnj safra,",,",
8906009072692,Unibic - bánh quy bơ vanilla,,
8906077362398,Puff Bites - Lemon Chilli Chatka,Jaimin Foods,
8901512918208,Salted And Caramel Popcorn,Act II,
8908013172207,Mocha Nut Fudge Protein bar by Phab,Phab,
8904109449291,Patanjali Drishti Eye Drop,Patanjali,
8901537077638,Rice Cracker Peanut Mix,Kari Kari,
8904083302346,Greek Yogurt,Milky Mist,
8904052506089,Paneer,Dinshaw's,
8906090575263,Too yumm bhoot karare 20rs,,
8901207034893,Dabur tulsi,,
8901262172400,Two In One. Strawberry And Vanilla,Amul,
8906116954119,Zinc complex,Healthkart vitals,
8901071706841,HERSHEYS,,
8906083200325,Pan aromas(lemon grass),Room freshner,
8902246014457,Budweiser,,
8904145954384,031 MN2D ONTACT CONSUMER EXPIRY DATE (EXP) / NET WEIGHT New Pack NET WEIGHT 375 g NTACT CONSUMER 5OR CALL J.S.A. 2024 Abbott a@abbott.com Old Pack EXPIRY DATE,,
8906151234498,Baked Pizza Sticks By Snackible,Snackible,
8908003249834,Organic Plain Buttermilk,Akshayakalpa Organic,
8906104590329,High Protein Paneer,Farm Connect,
8901725018764,Hot & Spicy Korean Style,Bingo,
8906088541454,Chicken 65,Nandus,
8901648095163,Nandini Goodlife Skimmed,Nandini,"Skimmed milk, vitamins A & D"
8906107173635,pizza minis loaded chicken,prashna,
8901023018244,AIR MATIC violet*valley*bloom,Godrej,
8901023018237,AERMATIC petal crush pink,Godrej,
8906083202251,Pan aromas,Air freshner,
8901157045116,Godrej AER Cool Aqua,Godrej air freshner,
8901157045147,Aur spray,Godrej,
8901023018114,Air matic surf blue,Godrej,
8906083202268,Pan aromas (wonder series oceanic),Air frshner,
8903664007632,Air kampure,Air freshner,
8903664007649,AIR KARPURE citrus camphor,AIR KARPURE,
8903664058177,AIR KARPURE camphor pouch,AIR KARPURE,
8902565658967,Şahənşah düyü,,
8908017962248,Instant Noodles,Wicked Gud,
8901242226604,Bambino Soan Papdi Badam,Bambino,
8901440013792,Eastern Mutton Masala,Eastern,
8901030986307,Horlicks Chocolate,Horlicks,
8908005080305,Manpasand Tarka Dal,Manpasand,
8908019758344,Prov select Fard Dates,Prov,
8906159660589,Dehaat Honest Cumin jeera whole,Dehaat Honest,
8901207039348,Dabur Cow Ghee,Dabur,
8901063365070,Britannia gobbles,,
8906159660633,DeHaat Honest Clove,DeHaat Honest Farms,
8908005080220,Manpasand Sooji,M. P.,
8901063032729,Treat coconut wafers,Britannia,
8901719126130,PARLE MAGIX choco,Parle,
8909106014572,Red label natural care,Brooke bond,
8901747000341,Mili strong leaf tea,Wagh Bakri,
8906144800020,Suffa,Nafees,
8908018906678,Millet Coconut Bites,Troo Good,
8904132928503,corn flakes,,
8903363006608,Honey lemon green tea,Teacountry,
8901747003854,Shudh kahwa green tea,Wagh Bakri,
8901042954721,Sambar Powder,MTR,
8901747002246,Instant elaichi tea,Wagh Bakri,
8901747002529,Loose green tea,Wagh Bakri,
8901747000426,Navchetan,Wagh Bakri,
8903363007278,Tulsi green tea,Teacountry,
8906017790106,Mohanlal Chai Supreme Dana,Mohanlal Chai,
8906058611439,Fruit And Not Granola Bar,Gaia Sport,
8901207001826,Nature care isabgol,Dabur,
8906125981717,"Corn Chips, Salt And truffle",4700 BC,
8901786391004,cilih,,
8906001367253,MOHANI Red Tea,MOHANI,
8904073797541,Ponni riz etuvé,,
8908003623962,DNV Special Masala Papad,DNV,
8903023005569,More Sunflower Seeds,More,
8901058838008,Nescafe,Classic,
8906107175424,Everyday Herb & Lime chicken Breast By Meatigo,Meatigo,
8906014905374,Fruitrings,Kwality,
8901207047169,Dabur Honey,Dabur,
8904288612868,Tops Gold Stuffed Red Chilli Pickle,Tops,
8906117090847,Popcorn Chips,BrB,
8908014250355,Almond Brittle Gold,Looks,
8901719125072,Parle Happy Happy,,
8901719128325,Milk Shakti,Parle,
8908009918239,Plant Protien Unflavored,Oziva,
8904004540208,All in one,,
8906010071028,Wheat Dalia,"Ganesh,Mummy's Own",
8903023289266,More Life Kodo Millet,More,kodo millet
8906019340262,Sweet Corn,Trimurti Kings,
8906010079215,Rajgira Atta,Ganesh,
8906010079062,Buckwheat Kuttu Atta,"Ganesh,Mummy's Own",
8906010077914,Little Millet Shyama Rice,"Ganesh,Mummy's Own",
8904083512226,"Rajma, Raw",24 Mantra,
8906165785016,Fuel One Whey Max,Fuel One,
8906033744862,Tasti,Mcvities,
8904057395763,Arokya milk 1ltr,,
8906030581835,Jaggery Powder,Unknown Brand,
8906165781889,Biozorb Whey Isolate,Biozorb,
8901052000722,TATA Tea Premium,TATA Tea,
8906154300220,Navratan Mixture,Patanjali,
8904132976351,Energy Drink Berry Kick,Campa,
8904132953413,Campa Cola,Campa,
8906117090519,Popcorn Chips - Cheese & Olive,BrB,
8908008563003,Tofu,Briyas,
8901138833527,HimAlaya baby Oil 2yrs prod,,
8903363003096,Royal khari,D Mart,
8904011504828,Easy Pathiri Powder,Double Horse,
8904011505009,Chemba Puttupodi,Double Horse,
8906033235391,khan's,,
8906117090830,Popcorn Chips - Garlic Bread Flavour,BrB,
8908022254659,Phab Choco Berry Crunch,Phab,
8908007541088,Jasmine Incense Sticks,Narashima,
8908013172443,Mini Chocolate Brownie Bar,Phab,
8901537078215,Devaaya,,
8906020930124,ENGINE BRAND KACHI GHANI MUSTARD OIL GRADE 1,ENGINE BRAND,
8906125982561,Cheese And Caramel Popcorn,4700 BC,
8904300201667,Mario yez tadka noodles,Mario,
8901058823974,Maggi 4 pack,Maggi,
8901014000548,Top Ramen(masala noodles),Nissin,
8902901027938,Good life chakki atta 5kg,Good Life,
8906020490994,Mysore Pak,Lal,
8906022070347,Organic honey,Nature's Nectar,
8901414001503,Bikano rasogolla,Bikano,
8901414003057,Bikano patisa,Bikano,
8906158700040,Khapli atta flour,Deccan Organic,
8908003249049,Ghee,Akshayakalpa,
8904083505501,Organic green moong dal split,24 mantra,
8904083505549,Moong dal,24 Mantra Organic,moong dal
8904083505334,Brown chana,24 mantra,
8906055440643,Organic brown sugar,Organic tattva,
8906055440858,Masoor dal,Organic tattva,
8904083505808,Tur dal,24 Mantra Organic,
8906055440513,Poha,Organic tattva,
8906055440056,Urad black whole,,
8906055440094,Kabuli chana,Organic tattva,
8906055442012,Cumin whole,Organic tattva,
8902901222951,Good  life Coconut dry powder,Good  life,
8906067027634,Whey Protein Isolate,MuscleBlaze,
8906066701467,Lime And Chili,Kettle Studio Chips,
8906098000569,Schezwan Sauce,admor,
8901440011262,Tandoori Spice Mix,Eastern,
8906150770546,Chanachur,Chanoni,
8904063224699,Bhatura,Haldiram’s,
8902901011500,Tetali,Tamarind,
8902901223385,Good Life Popcorn maize,Good Life,
8901786392018,Everest Tikhalal,Everest,
8908017778832,PL Walnuts In shell 1 Kg,,
8906019772032,Pumpkin Seeds,Nutraj,
8908017778863,PL Anjeer,Unknown Brand,
8901928081381,HALF,,
8902901227178,Good Life W240 Cashew 500g pp,Good Life,
8906068764842,Peanut Butter,,
8908019386462,Protein Bar Choco Fudge,Whey91,
8906033740024,Digstive,,
8906009075204,Unibic Dates & Carrot cake 140g,Unibic,
8902268001848,Anmol Fruit cake 35g pp,Anmol,
8900201376190,Mango Pulp,Kesar,
8908013172245,Classic Chocolate Protein Shake,Phab,
8904132972056,Campa energy drink 250ml,,
8901246007711,Del Monte Spaghetti,Del Monte,
8904063223517,Dum Aloo,Haldorams,
89086016849118,Channa Burfi,Gulab,
8901777201664,Alphonso Mango Slices,Vadilal,
8906059637285,Turbo Protein Milkshake,Epigamia,
8906133020293,Protein Powder,Nakpro,
8905002004006,Kingfisher quarter strong 650ml ~ 68. Asia Pacific 66062,,
8901552020152,Ashoka mini potato schezwan samosa,,
8908013252107,Granola,Flex Fit,
8906067024503,Whey Gold,Muscleblaze,
8906010502119,Chataka pataka,Balaji,
8908003249025,Curd,Akshaykalpa,
8906046143706,Whole Brown Flax Seeds,India Pride,
8908012692010,Grandma's kadha,,
8903553651465,Ram Bandhu Lime Chilli Pickle,Ram Bandhu,
8903553601460,Mango Pickle,Ram Bandhu,
8908018023337,Patanwala Cow ghee,Patanwala,
8908018023320,Patanwala Pure ghee,Patanwala,
8908018023054,Patanwala Dahi,Patanwala,
8908018023061,Patanwala Dahi,Patanwala,
8908018003445,Patanwala Chocolate shake,Patanwala,
8908018023009,Patanwala Malai lassi,Patanwala,
8904063206329,All in one spicy blend of chickpeas flour noodles pulses & rice flakes,Haldiram's,
8906014140157,Electro rehydrate-Apple,"Amrutanjan,fruitnik",
8903553112102,Ram Bandhu Punjabi Chole Masala,Ram Bandhu,
8903553121104,Ram Bandhu sambar Masala,Ram Bandhu,
8906010365592,GRB Mango Soan papdi,GRB,
8906010367312,GRB Orange Soan Papdi,GRB,
8901689100765,Whole Strawberry Crush,Mala’s,
8903553601439,Ram Bandhu Mango pickle,Ram bandhu,
8903553649431,Ram Bandhu Lime pickle,Ram bandhu,
8901030538018,Horlicks classic malt 750g,,
8906009071183,Chocokiss,Unibic,
8908004963098,Basmati Rice,Mehnat Crown Special,
8901058011401,Nescafe Ice Roast,Nestlé,coffee beans
8904004409260,Potato Lite,Haldiram's,
8904159715001,Peanut butter,Captain Kid,
8901725012878,Sunfeast caker Swiss roll with choco 115g,Sunfeast,
8908023783059,Taste Box Tutti Fruity Slice cake 200g,Taste Box,
8908023783035,Taste box Orange Muffins cake 140gm,Taste Box,
8906055442630,Organic Amaranath Flour,Organic Tattva,
8904132919631,Expelz cleanmatic,My home,
8903363002051,haldi,dmart,
8901262174565,Punjabi Samosa,Amul,
8904132973121,Raskik 2ltr,,
8904192221095,Garlic Mixture,Think Snack,
8904463100128,Creatine,Well core,
8901440011453,Eastern Vegetable Masala,,
8908015676017,Mixed Sweet Potato Chips (Rock Salt & Pepper),To Be Honest,
8902901217261,Good Life guntur chilli,Good Life,
8904083518143,Organic Basmati Rice,24 Mantra,
8901207051517,950g,,
8908006989515,Chocolate Chikki,Nutritius,
8908018385282,Chailatte Americano,Trice Insta Bev,
8906003656089,Three Mango Tomato Pickle,Three Mango,
8904117510044,Super White Bread,Super,
8908013194391,Ginger Ale Sparkling Ice Tea,Borécha,
8901014000500,cup noodles chilli chilli chilli super hot,Nissin,
8901440221708,Chicken Masala,,
8904043926803,besan,,
8906009200811,Chocolate Chip Cookies,Express Foods,
8908021946005,Hydros,Hydros,
8906009071954,Choco chip cookies,unbic,
8904067709871,Bar-B-Que Roasted Peanuts,Jabsons,
8906002080038,Sakthi Turmeric Powder,Sakthi,turmeric
8906175500036,fundaaz mango,fundaaz,
8901764385926,Apple Maid,,
8904320059651,DiSano Peanut Butter Crunchy,DiSano,
8906040480272,Sezwan Sticks,National,
8906000610893,Smiles,McCain,
8902901037166,Popcorn maize,Good Life,
8908009275059,Chemba Puttupodi,Ponkathir,
8901709023111,Ribeye steak,Allana,
8901123004758,lotte,,
8906033741366,Digestive Biscuit,"McVities, Mc",
8908001920018,Tofu,Chetran's,
8906034047795,povidone iodine oinment usp,,
8906151407045,Sesame Seeds Black,Down To Earth,
8906001052630,Kerela Chicken Roast,Mother’s Recipe,
8904305606672,Cajun Chicken Breast Fillet,Fresh to Home,
8908011746363,Gluten Free Delicious Soft Kulcha,Sprinng,
8901058004816,Nestle class,chocolate,
8906112662285,Dark Chocolate Granola,True elements,
8906112665521,Dark Chocolate Muesli,True Elements,
8902268012547,Anmol Fruit cake 35g,Anmol,
8901030929489,indu lekh hair oil,,
8906016100814,warana long life milk,warana,
8902281606792,tuspel ls,tuspel,
8908013172450,Mini Mocha Nut Fudge Protein Bar,Phab,
8906009993737,Brownie,,
8908005204442,Alma,Ganraya,
8904063211095,Punjabi Samosa Haldirams,Haldiram’s,
8901552028189,Coriander Chutney,Ashoka,
8904063222091,Cheese Balls,Minute Khana Haldiram,
8906144331753,respi rub,smartway wellness,
8902979050890,Cavin's Strawberry Milkshake 180ml,Cavin's,
8902901049718,Good Life Pista Roasted & Salted,Good Life,
8901725019761,Sunfeast Sitaphal Smoothie,Sunfeast,
8902013358210,the menshlne,local,
8902901015508,Makai flour,Desi kitchen,
8901491003193,Instant oats mixed berries,,
8906059705236,Tikka Masala,Taste'l Fine Food,
8904063226051,Kaju katli,,
8901262201162,Misti doi,amul,
8903023305607,surja bhujia plain,surja,
8902901221800,moong whole,BF,
8901725112646,Dark Fantasy Desserts Choco Chunks,Sunfeast,
8901725116828,Dark Fantasy Desserts Choco Nut Dipped,Sunfeast,
8906009079417,Oats Digestive,Unibic,
8904053502493,Goldiee Mixed Pickle,Goldiee,
8906001950516,mackerel chunks canned in oil,gitioako,
8906107170726,Butter Chicken Bao,Prasuma,
8908001697927,lulu tort,,
8901207004582,Tamarind Paste,Dabur,
8906009804699,Waferz,Dynas,
8906000610688,mecam potato cheese shotz,,
8901063325708,Britannia Toastea Butter Rusk,Britannia,
8901063325753,Britannia Toastea Premium Bake Rusk with Real Elaichi,Britannia,
8901138510039,Himalaya,,
8901905017471,stripe tease chocolate cake,monginis,
8903023305690,surja green matar,surja,
8906002488193,boomer,Pepsi,
8906001023012,Gowardhan Ghee,Gowardhan,
8901725018658,bingoi original style,,
8904150501818,Betty Crocker Triple Choco Brownie Mix,Betty Crocker,
8906090572941,too yummi chips,,
8901719129247,parle wafers classic salted,chips,
8906111540751,fun flips sizzling chinese,,
8906111540539,fun flips puffs tango,chips,
8901725004576,bingoi hashtags,,
8901719129582,parle fultoss baked,,
8901512557308,Act nachoz cheese,,
8901719129575,parle fultoss baked,,
8901721002934,prabhuji rosogolla,prabhuji,
8903023305591,Suraj snakes masala muri,,
8908000295285,mukharochak nimki,,
8908000295063,mukharochak salty,,
8901512558503,act movie theatre Butter,,
8901058001433,Rich Tomato Ketchup,Maggi,
8904193411600,grand masters,,
8901030686726,Mixed fruit jam,kissan,
8902080000203,Nimbooz,7up,
8906015741506,BCOOL Strawberry Jam,,
8901808000457,Weikfield Jelly Crystals Mix Strawberry Flavoured,Weikfield,
8901808000525,Weikfield Jelly Crystals Mix Raspberry Flavoured,Weikfield,
8904132949249,dhania power,independence,
8901725121136,Aashirvaad Chakki Atta,Aashirvaad,
8904109499036,patanjali shamp alovera 180ml,,
8906066993855,Roasted Chana,Bam Bam,
8901512925206,Sunfeast Popz Hazelnut Crunch,"Sunfeast,Popz",
8906082580084,Protein Max Eggs,Henfruit,
8901030540882,Red label,Brooke bond,
8906009440569,Saras Chhach,Saras,
8908011746240,Pav,Sprinng Gluten Free,
8906111540768,fun flips hot saucy,,
8906015655131,bhikararam chandmal bhujia,,
8903023305577,surja agra dal moth,surja,
8903023305546,surja chanachur plain,surja,
8901262020558,Diced Cheese,Amul,
8901777502143,Vadilal malai paneer,Vadilal,
8906003511722,Jalani Pudina Aam Paani,,
8906070438465,Moong dal,,
8904083512127,brown chickpea,24 Mantra Organic,
8906112663671,9-IN-1 MIX,True Elements,
8907316008220,Appalam,,
8901774001038,Kasuri Methi,,
8908006024926,Bombay Rava,,
8901042969503,8901042&quot;969503&gt;,,
8901972080040,Galletas de Mantequilla,La Gran Diosa,
8906032019794,Noodles,Patanjali,
8906137050005,Pasteurised Toned Milk,Milma,
8906046472271,cc stick,,
8901111045398,aquasoft max,,
8906089153489,Premium Basmati Rice,Zaara,basmati rice
8906143890282,Coffee Protein Bar,Whole Truth,
8908016809438,Achari Chaap,Blue Tribe,
8906059703614,Spinach Dal,Taste'l Fine Food,
8901262261425,Amul A2 Gir Cow Fresh Milk,Amul,milk
8906090575607,Smoking hot Bhoot Wafers,Too Yumm!,
8906009990262,Rich Plum Cake,Elite,
8906071103225,red& white food color,soldier,
8902850011170,Sambar powder,Eastern,
8902618000934,Good Home Scrubber,Good Home,
8906021128414,Aachi Mixed Fruit Jam,Aachi,
8908000000155,Roasted Channa,Hello Ja,
8901088065559,Masala oats veggie twist,Saffola,
8904221695682,Whey Protein,Atom,
8901396602316,Detol Icy cool,,
8901058005776,nestle masala millet,Nestle a+,
8901248101110,Boro Plus Crm,,
8906007289146,aata,fortune,
8908021755072,Oat MILK 25G Protein,TOATS PVT LTD,
8901058002676,Maggie,Maggi,
8906108530789,Indi green chutney,Indi,
8902181333385,godfather 500ml,,
8902181333323,godfather 500ml,,
8902901027129,fine mustard,GL,
8908007022006,habenero salsa chunky tomato,habenero,
8908000452275,Falcon Uae Dates With Seeds,Falcon,dates
8901652141511,Magic Fruit Cake,Priyagold,
8904004407266,HAL.TIL LADDO,,
8906059461361,Chocolate Cake Mix with Dark Chocolate Shots,Unknown Brand,
8908010443010,Pohe,Dixit Foods,
8906113261890,Himalayan Organics Multivitamins,Himalayan Organics,
8908008806100,suji,neelkamal,
8906090573689,Aloo Bhujia,Too Yumm!,
8901052006151,Kadak Assam Chai,Tata,
8901786422012,Kurkuma Pulver,Everest,
8904327602027,Peanut Butter Chocolate Crispy,MyFitness Junior,
8906144566247,Pure Peanut Butter Powder,MyPB,
8906012870056,pureheart,,
8906133406035,Pure Himalayan Shilajit Gold Gummies,Be Bodywise,
8901090213726,Tata Coffee Gold,,
8906145880083,Lost In An Orange Haze,Bon-fiction,
8908004804919,Cranberry Soda,Catch,
8901725141363,Paneer darbar,,
8908007022181,Spicy Pasta Sauce,Habanero,
8901117245709,SPASMONIL,,
8907233278232,Mee mee An No MM-33016D,,
8906078262017,Butter Cookies,Adoro,
8906145880090,The Cranberry Chilli Chase,Bon-fiction,
8904043552095,cake wow vannila,modern,
8904305602391,Peri Peri Chicken Wings,Fresh To Home,
8906004563539,Pipes - Salted Crunch,Yellow Diamond,
8906046143423,Gelbe Chickpea lentiks,,
8900500184106,Yippy party peach,,
8901777873038,Choco Shot,Vadilal,
8908023404077,Salted Cashew Nuts,Tong Garden,
8906115423531,Crunchy Nippattu,We’ll be,
8904064634930,Dried curry leaves,Chakka,
8901777445945,Malabar Paratha,Vadilal,
8906010363482,"salted cashew rs, 50",,
8906000610053,Mc Cain French Fries,Mc Cains,
8908002026733,Navratna Mix,BTW,
8906021125284,Rice Puttu,Aachi,
8906042151088,Idiyappam (String Hopper Flour),Anil,
8906033533015,Hoi Momo Sauce,Hoi,
8901063365063,Britannia butter blast 30g,,
8903059609922,bajra,more,
8906005618061,winkies layer choco cake 15g,,
8906005618054,winkies layer orange cake 15g,,
8901063365537,choco chip orange cake 140g,,
8904043554815,Modern crem Bite,,
8904452211699,Vegan Cheese Balls,Planck Foods,
8904043551616,Modern Sandwich Bread,,
8902929000463,Bockshornkleesamen,Raaj,
8906010851798,TURBO,CAMPCO,
8908003366227,Khajurico,Khajurico,
8906130900598,Orange Choco-Pie,Orion,
8902850027416,Coconut Milk,Eastern,
8904250626527,Debistal GM 2,Leeford,
8906007287029,fortune every day basmati rice full grain,fortune,
8904104752488,pani puri masala,jk,
8902346008134,medicine,flunarin 10,
8908009477897,Vitamin K2 Mk-7,Healthy Hey,
8906113900348,Potassium citrate 730mg,Healthy hey,
8901052087891,Green Tea,Tata Tetley,
8901719121425,parle monaco,parle,
8901063035133,BRITANNIA MiIK Bikic,bratina,
8901719130885,Hide n seek vanila,,
8908010643540,TONE MILK,,
8906019561049,Real Bites Bhavnagari Ganthiya,Real Bites,
8904327601334,My Protein Bar,My Protein Bar,
8901548310595,everyuth rejuvenating flora 500ml,,
8903105010436,yardley london rose powder 250g,,
8904132937468,jive lavender powder 100g,,
8906107171044,Signature Lamb Burger Patty,Meatigo,
8902901031218,crystal sugar,GL,
8906055440162,mix dal,organic tattva,
8908010571188,Roasted Chana Lemon Pudina,Happy's,
8906010503277,Punjabi tadka,,
8906173701244,Nitric whey protein,,
8906021120104,asafoetida,achi,
8901888008039,real litchi,,
8903622002679,many poko plants,,
8908013746002,Cravova classic mojito,,
8909106025646,horlicks classic malt 500g pet,,
8906066700880,Kettle-cooked Gourmet Potato Chips,Kettle Studio,
8904427501084,BLACK,,
8908007499105,Garlic Bread,Brown Bear,
8901670152407,Sesame Balls,Rasmi,
8904180001708,Mango chutney,Viks,
8906133025816,Impact Whey Protein,Nakpro,
8902188601012,Garlic Paste,Ramadev,
8908023943026,choice unniyappam,,
8906019779048,Nutraj Snacks Rite Crnbrry &nuts trio 1500g,,
8906205138482,frutop ανανας,,
8906019779062,Nutraj Snacks Rite Rosted Sltd Cashew 150g,,
8906019779017,Nutraj Snacks Rite Nutty corn mix150g,,
8906057472215,goodies Groundnut Sweet,,
8906057472413,Goodies PEANUT SWEET,,
8906158590009,Daily Protein Plant Based,Ace Blend,
8908014062385,Mixed Seeds,Saffron Home,
8901063033368,Treat Choco,,
8908000315273,Chai tea mix Cardamom,Jaipur,
8906112995642,Gluten Free Zero Sugar Cookie,Lo,
8901972054980,Dukream,Dukes,
8903300180071,ginger Paste,,
8904063207371,haldiram patisa 200g,,
8906083930048,DMB RAJ BHOG,,
8904319300238,haldiram Besan Ladoo 200g,,
8901071704915,jolly rancher lollipops,,
8909135400421,Сиркові батончики злагода з ароматом карамелі,,
8904064664609,MULTANI MILLI,ANNAM,
8906035050411,MEHAMDI CONE,NEHNA HERBALS,
8906074201454,Mini Bhakharwadi,SGB,
8901895009005,Cashew Nuts,AK Nuts & Dry Fruits,
8901414001961,Fruit Cake Rusk,Bikano,
8906002084036,Tandoori Chicken Masala,Sakthi,
8904384818027,Mocha Cold Coffee,Blue Tokai,
8901074000236,Kokron Plus,Ultima's,
8908001679121,Sarvottam Rice Bran Oil,Sarvottam,
8908012692508,Plant Protein Belgian Chocolate,Wellbeing Nutrition,
8906064283194,Butter cookies,Traditional Danish recipe,
8908013705009,xhandam powder,GOKUL POOJA,
8901071732512,Almond Milk,Sofit,
8908019040395,Clear Whey Protein,Protyze,
8901155418318,Suji Halwa,Gits,
8904063227232,Takatak,Haldiram,
8906002661381,Nirmal Virgin Coconut Oil,,
8906026460007,James Regal,,
8906143620483,Millet Dosa Mix,Prolicious,
8902519002075,clASSMAte,,
8908005587477,Lush sweet heart,,
8906066930379,City snacks CASHEW BISCUIT,,
8908008820472,Crunchy Snacks TOMATO MURUKKU,,
8906009993232,Elite Dates Pudding Cake,,
8906130900048,Orion choco pie,orion,
8908540013042,Lupini Beans,Habash,
8908001658607,O'ceans Strawberry And Lime Flavour Fruit Drink,O'cean,
8901808000181,weikfield custard powder vanilla flavoured,weikfield,
8908013328109,Choco Almond,Open Secret,
8906069841191,Masala Instant Chai,,
8906045949729,clear beauty,u.s.p,
8901747003687,Black Tea,Wagh bakri,
8909081001161,Bounce chocho,sunfest,
8906076272407,Basmati Rice,Hod Hod,
8902188683070,Sweet Rusk,Ramdev,
8906020581012,Coconut Chutney,ID,
8906090573658,Too Yumm Moong Dal,Too Yumm,
8906064232833,معجون التندوري,,
8903241860049,معجون التندوري,,
8906038710411,Nutrilife pomegranate juice 160ml,Nutrilife,
8901648002468,Mother Dairy Lassi 180ml,Mother Dairy,
8908022254048,Double Chocolate Granola,Phab,
8901648002475,Masala chach,Mother Dairy,
8904089974820,Heritage milk shake,,
8908003623184,methi,DNB,
8904406298202,Beef Sirloin,Tryst,
8901537080607,Devayya Sona Masoori,Devaaya,
8901012162033,o.b. pro comfort,,
8906067022028,Raw Whey Isolate 90%,Muscle Blaze,
8906082577619,Crusties,,
8906107175417,Everyday Harrisa Chicken Breast By Meatigo,Meatigo,
8901552028226,Indisch Brot,,
8906107174915,Everyday Chicken Breast,Prasuma,
8908005312598,Popcorn Caramel,4700 BC,
8901440210788,coriander powder,,
8901262260138,Taaza Milk,Amul,
8906162360445,Peanut Chutney,Chutnefy,
8901440222576,Kashmiri chilli,,
8901440011026,Biryani masala,,
8901440011460,chiken Biryani,,
8901440011477,mutton Biryani,,
8904084900077,Surimi Crab Sticks,Gadre,
8908000159266,Chinese Flat Noodles Plain,Leong,
8908021441043,Vegan Belgian Chocolate Protein Powder,Karaki Origins,
8903236700138,No Nonsense Plant Protein Indonesian Cacao,Cosmix,
8901491002356,Sizzling Hot Nacho,Doritos,
8904319301242,Panjeeri Ladoo,Haldirams,
8906059700507,Dal Tadka,Taste'l Fine Food,
8904063214249,Cheese Naan,Minute Khans,
8901725009489,dark fantasy,,
8901595972654,Chicken 65 Masala,Chings,
8904188610124,Everyday Basmati Rice,Basanti,
8906107170207,Original Chicken Momos,Prasuma,
8901393018769,Candy,Alpen Leba,
8906090572897,Potato Chips,Too Yum,
8906084415346,Himalayan Salt N Pepper Makhana,MOM,
8906020588639,Idly & Dosa Batter,iD,
8904118400559,Tuna Chunks in Spring Water,Oceans Secret,
8901552028592,Paneer Pakora,Ashoka,
8904071700895,Cornflakes Chivda,Chhedas,
8904085600068,Jeera Cookies,Harish,
8906111441171,Kashmir Rogan Josh,Tata Raasa,
8904055904868,Boneless Chicken Breast,Meatzza,
8901262060028,Spicy Garlic Cheese Spread,Amul,
8906000610770,French Fries,McCain,
8906088704231,Colombian Brew 3 in 1 Assorted Instant Coffee Premix,Colombian Brew,
8902433007354,chewing gum,orbit,
8904085900038,Papadam,Ambika Appalam Depot,
8901874131215,Green Peas,Kitchen Xpress,
8908013108428,Saaral Gulkand with Honey,Saaral,
8906095125111,Mamra Badam 200gm,Wonderland Foods,
8904150208526,Medjool Dates,Nutty Gritties,
8906046811889,Silken Tofu,Voila,
8909081002991,Popped Chips,Bingo,
8904270008013,sundar,biscuit,
8908012926184,Protein Bar - Chocolate Fudge,Fitspire,
8901012320440,Benadryl cough syrup,Benadryl,
8901542012839,Regular instant energy,Glucon-d,
8908001017350,Sliced Jalapeño Peppers,Cornitos,
8906107210644,Sublime Strawberries,Flyberry Gourmet,
8906020580312,Freshly Frozen Chickoo Pulp,ID,
8906064700035,Kerala Mixture,Kozhi Koden's,
8901512916501,Sundrop cocoa nut almond,Sundrop,
8906059636721,Epigamia Turbo - Strawberry,Epigamia,
8906059639005,Greek Yoghurt With Oats And Seed Mix,Epigamia,
8906001020394,Go cheese,,
8901058012118,Greek Yoghurt Alphonso Mangoes,Nestle a+,
8901725015428,Sunfeast marie light Vita Orange,sunfest,
8908020854752,Dark Chocolate Whey Protein Isolate,Wellbeing Nutrition,
8906076131971,Zero Maida Country Sourdough,the Baker's Dozen,
8901058016116,KitKat 50,KitKat,
8906142773968,Anjeer Dry Fruits Barfi,Bolas,
8901725007775,Malabar Paratha,Aashirvaad,
8906088860715,Current 현재 국수 Noodles (5 Pack),,
8908001105149,The On1y Oregano You Need,On1y,
8901526204731,Garnier color naturals,Garnier,
8906001090137,Premium Basmati 1121,Golden Grain,
8904025933102,Instant Palappam Mix,Palat Taste Of Kerala,
8901440201182,Eastern Garam Masala 100,100g,
8906005618498,English Tea Cake,Winkies,
8903023287699,More Kasuri Methi 25 gm,,
8908006223206,Bhadran Moong,Opera Namkeen,
8901030623790,Pears,Pears,
8908016790644,BEVZILLA coffee,BEVZILLA,
8901207099106,Red,,
8906009010854,Gold Premium Brown Sugar,Parry’s,
8906165781575,Protein Powder,MuscleBlaze,
8906088702930,Cacao Powder,Didier & Frank,
8901088069120,Saffola Honey Active,Saffola,
8904264000627,Sparsh Lime Pickle,Sparsh,
8906012844361,100 ml,SKIN GARE,
8906095290857,Methi Kodubale,Adukale,
8906184010144,Chia Seed,Unknown Brand,
8904208600241,Chana Masala Spice Mix,Rasoi Magic,
8906015500486,Keventer cheese corn,Keventer,
8906172180002,Masti Packaged Drinking Water,Masti,
8906032019855,Patanjali atta doodh rusk,Patanjali,
8906152260182,Sundar coconut cookies 30 MRP,,
8906152260205,Sunder jeera salt biscuit 50 MRP,Sunder,
8901138502065,confido,,
8908002735321,High Protein Bread,Golden Bite,
8906151601696,Choco Chip Brownie,Cookie Man,
8906007283106,Soya Granules,Fortune,
8908020017195,deconstruct sunscreen,deconstruct,
8906068764347,Peanut Butter,NutBerry,
8904043906508,Tata sampann Daliya,Tata sampann,
8908005587514,Lush mixture,,
8906069404419,Veg Mayonnaise Smart,Veeba,
8906020461062,Harvest Gold Nashta Brown Bread,Harvest Gold,
8901207045165,Odomos Attack Mosquito Racket,Dabur,
8901030739552,Rin bar,Rin,
8901030978555,Horlicks Chocolate Delight flavour,Horlicks,
8904004405712,Haldiram's Rasagulla,Haldiram's,
8904132975408,campa cola,Campa,
8901083012145,Allegra Suspension,"Allegra,Sanofi",
8901207005541,Ashwagandha,Dabur,
8904336808007,Portronics Wired Mouse,Portronics,
8901161107688,Basmatireis,Rozan,
8901023001208,goodrej,,
8906169990058,Peanut Chikki Bites,Sweet Kaaram Coffee,
8908002188691,Ring Papad,Noble,
8906021922845,Honey,Shafi,
8908022918018,Umami Flavour Instant Ramen Noodles,JIFY,
8906170520602,Good Gut Daily Fiber,Nutrabay,maize dextrin
8906021073455,PEANUT BUTTER Americana,,
8909081001901,all rounder sweet and salty,sunfeast,
8906033531271,snapin garlic powder,snapin,
8906033530205,snapin ginger powder,snapin,
8901192106223,red chilli powder,catch,
8901063325920,Britannia Toastea Premium Bake Rusk with Real Elaichi,Britannia,
8906034903213,Crust & Crumb cocoa powder,Crust & Crumb,
8901030003066,dove,,
8908016207012,Zero Sparkling Water,Polka Pop,
8908014463007,Deepak Bhagar 500 g,Unknown Brand,
8901030877179,Red Label tea,Red Label,
8904004417524,papad chavanu 200g,Haldiram's,
8904043927282,Tata sampann chicken masala 10 MRP,,
8906055780510,savji mutton masala 10 MRP,savji masale,
8904004411119,rusky classic toast 10 MRP,Haldiram,
8901393025798,CHEWY Chupa STRAWBERRY FLAVOUR SOFTand CHEWY,,
8906020732773,Fuoride) Mini CHoco Balls,,
8904304389637,Boondi,Amirtham,
8906081380692,Coriander Leaf Spice Mix Powder,Swetha,
8906078180465,DNV GREEN CHILLI FLAVOUR,DNV,
8901071733052,hershyys kisses,,
8906033533008,hoi momo sauce classic green,hoi,
8902762862747,foundation,,
8908013241385,Grain Free Pancake Mix,Atmosphere Studio,
8906043347985,Supply 360,Supply 360,
8906165781599,BIOZORB PERFORMANCE WHEY,MUSCLEBLAZE,
8904027305815,Cetaphil baby saop,,
8908004655290,uv doux,,
8901063344495,High Fiber Bread,Britannia,
8906078262215,cremica,,
8908019622959,Novruz zer,,
8908019622782,Novruz zer balaca,,
8906088700493,Ultimate Dark Chocolate,Didier & Frank,
8904004400625,Lemon Bhel,Haldiram,
8901030901614,dove pink,hul,
8901030439537,taaza dust,Brooke Bond,
8901023021015,Rich Creme N/black,,
8901552024068,Baked Pav Bhaji,Ashoka,
8904206218196,boisson lemon bora 400ml btl,495,
8908000175099,boisson citron 350ml zen btl,600f,
8904077202058,Ginger Garlic Bajri Khakhra,Maniarr’s,
8906059636745,Turbo 17g Greek Yogurt,Epigamia,
8901571007356,Crocin,,
8906020010536,Chocolate Protein Shake,Just,
8904098970240,Joyo Clean Max Cotton Mop,Joyo,
8908012945703,Red Lentil Crisps,Pink Harvest Farms,
8901662029151,Paneer chilli mix,Suhana,
8904135584348,Coffee Almond Laddoos,Eat Better Co,
8901972161565,Eclairs,Dukes,
8904017007446,Lotus zuckerstücke,,
8901777169124,Paneer Kulcha,Vadilal,
8908006646241,Makhana Butter Tomato,Makhana,
8901063401778,Britannia,,
8906143890121,Dark Chocolate Peanut Butter,The Whole Truth,
8906094750253,MURALYA GHEE 500 ml,,
8906027998820,mark premium,Mark premium,
8904327600948,MYFITNESS Chocolate Peanut Butter Crunchy,MYFITNESS,
8904051203972,Malabar Restaurant Porotta,Nilamels,
8904063000453,Softesh Square Food Container,Steelo,
8901719128608,parle G Royale,parle,
8906007280310,fortune sun lite sunflower oil 15 litre,fortune,
8908000546851,Swad groundnut oil,Swad,
8906159410634,croissant sabaho,Bauli,
8906159410627,sabahoo,,
8904083301585,Honey & Fig Yogurt,Milky Mist,
8901030718854,lifbuoy,,
8906113491372,Masala Oats With Millets(Dal Shakti),Tata Soulful,
8901808000419,Drinking Chocolate,Weikfield,
8906095123872,Wonderland chilean inshell walnut 1kg,,
8901207051005,real lemon,real,
8904362534055,Rosemary champi oil,,
8908009059314,Garlic Bread,The Health Factory,
8902901227147,Good Life cashew 2 pieces 500gm,,
8906170520411,Citrulline Malate (Cola),Nutrabay Gold,
8906005911360,Chana dal,Aakash,
8901414000728,Moong dal,Bikani,
8903023005644,more walnut whole 500 gm,,
8906059160646,Regency California Pistachios 200g,,
8902901223569,murmura,Good Life,
8901262110259,Whey protein,Amul,
8904327602003,MYFITNESS Junior Chocolate Peanut Butter Smooth,MYFITNESS,
8906101980215,"Bengal Gram, Roasted, Salted",Royal Chana,
8901207043208,real guava vitamin boost,real,
8901138513573,Himalaya Baby Powder 2yrs prod,,
8906001055044,Avakaya Pickle,Mother's,
8906112662735,Basil Raw Seeds,True Elements,
8904063255501,cheezi balls,haldiram's,
8906001405665,Ginger Paste,Mother's Recipe,
8906159660749,DeHaat Himalayan pink salt,,
8902080002801,tropicana fratz mixed fruit magic,tropicana,
8901888005427,real activ,real,
8906112995673,Protein Roti,Protein Chef,
8906032011613,refined soyabean oil,mahakosh,
8908000870031,Jeera Khakhra,Jaimin,
8906020580367,Tender Coconut Pulp,ID,
8906017290071,Bisleri 5L,,
8901207044328,Soya Milk,Real Health,
8900185245208,SGP Rava 500g,SGP,
8900185245178,SGP maida 500g,,
8908000658042,Swad chai 100 g,Swad,
8908000658035,Swad  chai 250g,Swad,
8906021240024,Suraj masala 45g,,
8906009079677,unibic multigrain,,
8909081002380,Tiramisu Minis,Fabelle,
8901542001888,Complan Nutrigro,Complan,
8901063012752,BRITANNIA MiIk Biscuits,,
8904355405546,Calcium + Vit D3,H&B,
8908003623122,DNV Souff,DNV,
8901071704847,Exotic Dark Turkish Hazelnuts,Hershey's,
8901035056951,Thé victoria Cocktail,,
8901035055923,Thé Victoria Ananas,,
8901035062068,Thé Victoria WaterMelon,,
8901035054070,Thé Victoria Orange,,
8901035060149,Bte Thé Victoria Poudre 200g,,
8901035062426,Bte Kdo thé Victoria 6 variété,,
8904355401814,Apollo Life Chyawan Health Gold,Apollo Life,
8906097597794,Reload,Fast&Up,
8904043927299,Tata sampann Coriander Powder,Tata sampann,
8901552026314,Paneer Kulcha,Ashoka,
8909081005046,Dark Fantasy Choco Fills,Sunfeast,
8907316003294,Mother Recipe Garlic Chilli Sauce,Mother Recipe,
8904132974258,campa orange,,
8901220600686,honey,Baidyanath,
8906005060020,cocojal mango,cocojal,
8903023006009,Vedaka Roasted Chana,Vedaka,roasted chana
8906016511702,gruhini custard powder,gruhini,
8906016511856,gruhini baking powder,,
8904417301762,www.mamaearth.in,,
8904362515832,ROSEMARY,,
8904132965676,masoor black whole,Simply Smart,
8901361403948,"Scotch-,Brite Scrub","Scotch-,Brite",
8906051112148,Sweets Puff,Sartaj,
8901207046728,Sanifresh,Sanifresh,
8906036550804,Olivia Herb Bleach,,
8909081000218,Sunfest Dark Fantasy Vanilla Fills,Sunfest,
8906003926649,Zing Munchy Masala POTATO CHIPS,Zing,
8901393025804,chupa chups Tubes,,
8901393024623,mentos rainbow,,
8901777967133,Kesar Pista Kulfi,Vadilal,
8906021927079,apis seeded dates,apis,seeded dates
8908009080295,Sirop Toux Grasse,Mucinal,
8901595522101,sauce,,
8901030962219,LIPTON GREEN TEA 10 PIC,Lipton,
8901848020668,Cal c,1,
8904107305919,GRINDER,,
8902314001280,Epiklin,,
8901296053492,FBC Vitamins,,
8904123503146,Tapioca Chips,A1 Chips,
8909876543210,Swastik 20 MRP,Swastik,
8908019882124,"Cotton Candy, Strawberry Blast",Dobra,
8901030649905,fair& lovey,,
8908021242015,marcoz gel,,
8906008680645,Chicken Burger Patty,SFP,
8901662027034,Chicken Gravy Mix,Suhana,
8904043901060,TATA Salt,,
8904043901268,TATA Salt,TaTa,
8901777553107,Premium Milk Cake,Sweets Of India,
8902756800212,fried chicken wings,godrej,
8904083300595,Butter Cup,Milky Mist,
8906099980280,Roasted Garlic & Onion Dip,Saucery,
8908016793027,Bang Bang Sauce,Master Chow,
8906161391310,Boondi,Let’s Try,
8901063017870,BRITANNIA 50-50 Gol Maal,britania,
8901860010142,fevi kwik,pidilite,
8904174000052,Masoor dal split red lentils,Kashish,
8906055440155,organic masoor malka split,organic tattva,
8906055440131,organic kala chana,OT,
8909081001130,Bounce,Sunfest,
8909081001208,Bounce DAY & NIGHT,Sunfeast,
8909081001154,bounce pinple crem,sunfest,
8901725016289,Dark Fantasy Bourbon,Sunfest,
8901725019419,mom magic,Sunfest,
8901725000646,Mom magic,Sunfest,
8902901222357,phool makhana,Good Life,
8901155301443,gits gulabi jamun,gits,
8904022915835,Bourbon Chocolate Biscuits,Holland Park,
8906125461332,orasore mouth ulcer tablet,orasore,
8908014250003,Almond Brittle,Loyka,
8906131682691,Oats Multi Grain,Mille,
8908002117059,рис басмати sarah,,
8908010213392,ROASTED MASALA,makino,
8908010213408,peri peri,,
8908010213064,Cheese,makino,
8908010213309,GARLIC ONION,makino,
8904132965812,moth whole,Simply Smart,
8904132965768,lobia red,Simply Smart,
8904132965836,rajma sharmili,Simply Smart,rajma
8904132965720,chat chana,Simply Smart,
8906167310742,moong dal small,Mark premium,
8904132965898,toor dal,SS,
8906005671646,CORN CHips,Charlie,
8906005671332,SALTED YELLOW BANANA CHIPS,Charlie,
8906005671677,SOYA STICRS,Charlie,
8906005671660,TOMATO STICKS,Charlie,
8908016538017,CHEESE,POP s,
8906064701148,Pineapple Drops,Malabar Delights,
8906018140023,Spring Roll Dough Sheets,Switz,
8904198500033,vixpenim 500,,
8901233037288,halls max,,
8904293707535,Kabuli Chana,,
8902901225150,urad dal,gl,
8903023306048,more Turmeric powder 500g,,
8906027031855,Kolhapuri Thecha,Prakash,
8906078180175,dhaniya powder,DNV,
8906112994591,High protein Madras mix,Protein chef,
8901512564900,ACT 2 INSTANT POPCORN,,
8901552028486,Plant Based Lamb Curry,Ashoka,
8906111441249,Chickpea Tikka,Rassa,
8906001025252,Whey Protein,Avatar,
8901725012977,Sunfeast marie light,Sunfest,
8901725016166,Choco Fills,sunfest,
8909081000256,Dark Fantasy Sandwich Crème,Sunfest,
8909081000317,Dark Fantasy Sandwich Crème,sunfest,
8906074825544,methi khari,karachi bakery,
8909081000232,Dark BISCUITS,Sunfest,
8906080604669,Paper boat orange 250ml pet,,
8902167000263,MDH cuury powder 100gm,,
8906080604652,Paper boat lychee 250ml pet,Paper boat,
8908022521102,Hydration I.V.,Evocus,
8906154300138,Patajanli Allo Bhujia,,
8906041816209,Eclair,Oshon,
8906161170717,Bevzilla Classic Coffee Powder,Bevzilla,
8902269007641,Lyophilized PANIV For IV Use only 40 mg ALKEM,PAN IV,
8904132965805,moong chhilka,Simply Smart,
8904132965713,chana mausmi,Simply Smart,
8904132965928,chana kala whole,Simply Smart,
8906009071107,UNIBIC Choco Chip Cookies,unbic,
8906009077437,UNIBIC Daily Digestie,Unbic,
8901063032958,BRITANNIA Treat Creme Wafers,BRITANNIA,
8901063164406,TIGER Creem orange,bratina,
8901063164376,BRITANNIA TIGER CREME,bratina,
8901063164390,TIGER elachi,bratina a,
8901262221375,Amul BUTTER AND WHOLE WHEAT ATTA,Amul,
8901262221368,Amul BUTTER CASHEW,amul,
8901725102517,Sunfeast MOMS MAGIC Fruit & Millk,sunfest,
8909081005107,Sunfeast MOMS MAGIC Ghee Roasted Nuts,sunfest,
8909081000294,Dark Fantasy Sandwich Crème VANILLA FLAVOURED CREME,sunfest,
8908012692201,Marine Collagen,Wellbeing Nutrition,
8906068762572,Peanut Butter Chocolate,Nutberry,
8908016501011,Tawa Masala Tempayy Cubes,Hello Tempayy,
8902579002312,Smoodh chocolate hazelnut,,
8901262072465,Dark Hazelnut Chocolate,Amul,
8906180200013,Matcha Mint Tea Artisanal Chocolate,Everything Chocolate And White,
8906127551451,Overnight Oats Dark Chocolate,Alpino,
8901512935403,sundrop peanut butter,sundrop,
8906006783065,Surabhi - no onion no garlic original tomato Ketchup,,
8906016790046,Ready Tamarind,Ready,tamarind
8901063165793,good day,,
8901552027861,Green Chilli Pickle,Soul,
8904063224668,Mirchi Pakoda,Minute Khana,
8908019040180,Clear Whey Protein Mango Peach,Protyze,
8901262030250,amul pure ghee,,
8904076002031,Nambisan pure cow ghee 200 ml,,
8901088788359,Saffola Oats,,
8904300203104,glucose,,
8901719107320,PARLE Fab JAM-In With Mixed Fruit Jam,Parle,
8906127550386,High Protein Super Muesli But Delight,Alpino,
8906136791534,carrot pickle,,
8904023013127,маска для волос тричап,,
8906028939501,Papergrid,,
8906115980430,Cow Ghee,Himalayan Natives,
8906034820626,FONTANA,,
8904004443561,Paneer Tikka Wrap,Mo’plleez Wrappo,
8901144000760,Tilda Pure original Basmati,Tilda,
8903553132292,Ram bandhu kichen king,,
8903553535109,ram bandhu udad papad 10/-,,
8901042970486,Badam Drink Mix,MTR,
8906001023128,Govardhan pure cow ghee 1ltr,,
8901832000157,Annapurna Cow Ghee 1ltr,,
8908002753035,Red cow ghee 500ml,,
8901262030540,Amul pure ghee 500ml,,
8901262030519,Amul Cow Ghee,Amul,
8901832205002,Annapurna ghee 500ml,Annapurna,
8908003463018,Jharna Ghee 250ml,,
8908004203026,Morton brand Ghee 200ml,,
8901262030533,Amul pure ghee 200ml,,
8904084511396,Baidyanath prm Cow Ghee 200ml,Baidyanath,
8901725100339,Svasti pure cow ghee,Aashirvaad,
8908002753028,Red Cow Ghee 200ml,,
8908003463025,Jharna Ghee,Jharna,
8904084511372,Baidyanath premim Cow Ghee,Baidyanath,
8906144490634,Cold Coffee,Sleepy Owl,
8901047512100,kohinoor atta 10kg,,
8908003135786,Al douha Salt,,
8906012890436,CHOCO CHIPS,BAKERS,
8906012890412,Badam drink mix,bakers,
8906012960078,Mango Powder,Bakers,
8906012961143,Mandi masala,Bakers,
8908013172214,Chocolate Brownie 21g Protein Bar,Phab,
8906012890085,Caramel Pudding Mix powder,Bakers,
8906012892065,Payasam mix,Bakers,
8906012890375,Crystal Jelly Orange,Bakers,
8906012890160,Crystal Strawberry jelly,Bakers,
8906012961174,Chicken Lollipop Mix,Bakers,
8906012961198,Chicken Manchurian,Bakers,
8906012960245,Tandoori Chicken,Bakers,
8906012960160,Kasuri Methi,Bakers,
8908009559074,Soya Sauce,Bakers,
8908009559036,Tomato Sauce,Bakers,
8908009559098,Red Chille Sauce,Bakers,
8908009559081,Green chille Sauce,bakers,
8908009559104,Vinegar,Bakers,
8908009559142,Rose sharbat,Bakers,
8906057021840,Durum wheat fusili pasta,Chef's basket,
8904089994361,Heritage Buffalo milk,Heritage,
8906081385611,Corn Samosa,Swetha Telugu foods,
8908016501035,Hello Tempayy Peppery Szechuan Chilli Soyabean Tempeh Cubes,Hello Tempayy,
8906143760196,Cookie Dough Delight Layered Protein Bar,Freely,
8901552027885,Shredded Mango Relish Pickle,Soul,
8901440208457,kabsa spice mix,eastern,
8904406364969,Boondi Laddu,Oris Foods,
8902286020302,Batch No.,,
8906002340040,Stone Ground Wheat Flour Atta,Rajdhani,
8901063160347,Pure Magic,bratina,
8901725017828,Sunfeast marie light Vita Orange,,
8909081000331,Dark Fantasy VANILLA FLAVOURED CRÈME,sunfest,
8906033740130,Mcvities Marie,,
8901058845693,Chilled Latte,Nescafe,
8906092170015,sooji,swastik,
8908002635010,krutika gur,Kritika,
8904137454861,summit roasted chana,,
8901652141801,Priya gold snacks zigzag,,
8901652142051,Priya gold cashew cookies,,
8908003972848,Mario cake rusk,,
8904082785256,kemchho methi puri,,
8904082785287,kemchho sev,,
8904082785263,kemchho tea time puri,,
8904082785065,kemchho Bombay bhel,,
8904082785201,kemchho dry fruit kachori,,
8904082785447,kemchho manglori mix,,
8904082785362,kemchho sakkarpara,,
8904082785096,kemchho Indian mix,,
8904082785348,kemchho papdi,,
8904082785355,kemchho Bombay puri,,
8904082785324,kemchho boondi,,
8901414015333,bikano papad amritsari,,
8901414044487,bikano papad jeera,,
8908016501189,Thai Chilli Tempayy Thins,Hello Tempayy,
8906078267708,crisp n lite,,
8906143760219,Cocoa Peanut Pleasure,Freely,
8906033744428,MEVities TASTIES CASHEW ALMOnds,,
8906033744411,MVities Butter Cookies,mcvities,
8906033742158,Mcvities  Marie,,
8906033741618,Mcvities WHOLEWHEAT Marie,,
8906080601477,paper boat till chakki,paper boat,
8901063017900,Gol mal BUTTER GARLIC,,
8906010367350,Chum Chum,GRB,
8906151940122,Cranberry Cashew And Almond Chocolate Bar,Wild Date,
8904071700949,Golden Mix,Chheda's,
8901777132067,Kathi Roll,Vadilal,
8901063004177,BRITANNIA Good day CHOCOCHIP chocolaty,britania,
8906001025771,Whey protein,Avvatar,
8901063094253,BRITANNIA Good day PISTA BADAM COOKIES,Britannia,
8906033744329,MEVities Hobnobs,mcvities,
8906099095366,ACIFRESH,,
8906033740215,Mcvities TASTIES CASHEW ALMOND,mc vities,
8906033740208,MVities TASTIES BUTTER COOKIeS,mcvities,
8908001551007,KOKANRAJ KOKUM SYRUP,KOKANRAJ,
8901117283497,Skoodle DRAWİNG,,
8902268013261,Anmol Hit & Run Choco Chip Cookies,Anmol,
8901537076938,Every day bamti rice 5kg,,
8904132948860,Ind tibar bamti 5kg,,
8904132948808,ind super bamti 5kg,,
8904132948822,ind rozana bamti 5kg,,
8904132948907,ind dubar bsmti 5kg,,
8906133407124,shilajit gummies,root labs,
8906112662438,Quinoa,True Elements,
8908035141038,Sarkara varatty,Quality bakers,
8902167001413,MDH Sunflower power 100gm,,
8906131680512,Date Powder,Slurrp Farm,
8908008818721,Gingelly oil,,
8906015741452,Orange Jam,,
8904406393297,Manha soan papdi,,
8904406393136,Manha soan papdi,,
8906150471023,Hazelnut Spread Chocolate Crunchy,The Butternut Co,
8904132974098,snactac chocofills,,
8901595972531,chings paneer chili masala mix,,
8904104732022,JK Hing 50g,,
8904053501397,Goldiee hing 5star,,
8901491003919,Lay's Mexican Salsa Flavour Potato Chips,Lay's,
8906168970525,ABIS GOLD,ABIS,
8908011916018,Vidyashree Chakki Atta,Vidyashree,
8908017962095,Wicked Gud Noodles Schezwan,Wicked Gud,
8906071103249,red &white,,
8901088770354,safola masala ots  3classic masala,,
8908010213699,MAKINO NACHO CHIPS ROASTED MASALA,makino,
8908017962231,instant noodles,wicked gud,
8908017962354,wicked gud masala noodles,wicked gud,
8908023783004,Taste Box Tutti Fruity Muffins 140gm,,
8906013960299,bioline,,
8906143180147,Non Stop Hara Matar,Non Stop,
8906097591594,Lean body l-carnitine,Fast & Up,
8908011479117,Calcium + Vitamin D3,Tata 1mg,
8906151940047,Choco Hazelnut Butter,Wild Date,
8906069404723,Green Sauce,Veeba,
8901440021094,Eastern cumin powder 100gm,,
8901709023128,Sirloin,Allana,
8906069403443,garlic chilli chutney,wok tok,
8904061111595,Sparking fruit punch,Ka,
8908005485117,Xacuti masala (Dry),Regos,
8901030976148,horlicks 1 kg,,
8906087773566,mama Earth toner,mama Earth,
8901095800112,societv,,
8902082801532,ginger coffee,,
8906064651764,burger mayo,wingreens,
8906064651733,barbeque mayo,wingreens,
8901052002078,tata tea 400g,,
8901052009633,tata tea jar400g,,
8906064651665,sriracha mayo,wingreens,
8906119080587,GRAN,,
8907316008510,spicy tomato,mothers,
8901058009002,Choo Strawberry Flavour,Milkybar,
8904004403053,Udad Papad,Haldirams,
8906002000135,garlic chilli sread and dip,,
8904258703350,Green Iced Tea Jasmine,Raw Pressery,
8906019080083,Chilli Chicken Seasoning,Banne Nawab,
8906144680110,Dark Chocolate Chips,The Select Aisle,
8904364600024,Basmati Rice,Shrilalmahal Empire Basmati Rice,
8908019758276,proV Almonds,proV,almond kernels
8901030966156,green chilli souce,Knorr,
8906058710255,Hoppits,schmitten,
8906058710309,Hoppits nougat,schmitten,
8906058710262,Hoppits nuts,schmitten,
8901030539916,apricot in wonderland,Kissan,
8906059636905,Strawberry Yogurt Everyday,Epigamia,
8901088206303,Revive liquid,Maricos,
8906069403436,cheesy melt,veeba,
8904209303806,pickle,aachi,
8906016492162,jeera rusk,elite,
8906016492223,ELAICHI RUSK,elite,
8906016491370,wheat rusk,elite,
8901063325906,Toastea,britannia,
8908009419347,saNdwich,bauli,
8906064654079,Crisp Baked Multigrain Flatbread,Wingreens Farms,
8902268011304,amul mixed fruit cake veg,amul,
8906001050629,Garlic Pickle,Mother’s Recipe,
8906069404877,Tandoori Pizza Pasta Sauce,Veeba,
8906143760189,Double Chocolate Duet,Freely,
8904057397859,fruit drink orange,,
8908024057067,Orange Chocolate Laddoos,Eat Better Co,
8900740451594,Blueberry protein powder,onescience,
8906047004273,Sonamasuri Brown Rice,Philadelphia Pure&Sure,
8908054879172,Honey Darna,,
8906009075464,Unibic coconut,,
8901719130892,HiDE &SEEK CHOCOLATE FLAVOURED Creme Sandwiches,Parle,
8904335604204,High Protein Muesli Fruits Nuts And Seeds,Yoga Bar,
8901662031017,Suhana paneer butter masala mix,,
8901662027010,Suhana mutter paneer mix,,
8908001105422,the only pasta mix 30 g,,
8908001105859,the only piri piri mix,,
8901192000200,Catch table salt,,
8908001105316,The On1y pizza oregano mix,On1y,
8901192226556,Catch hing 25g,,
8904132932883,urad dal,gl,
8901725013752,Mad angles,Bingo,
8904132965690,chana green,,
8906111441225,Rich Coconut Lentils,Tata raasa,
8901595961405,Manchaw Soup Manchow,,
8901088746755,Coconut Milk,Coco India,
8901662031031,Veg Biryani Mix,,
8906122540658,Seviyan,,
8903363001092,Soyabean,,
8903363003300,Alsi,,
8902717020918,Sabja,,
8906044461048,Hing,Vandevi,
8901662002017,Kanda Lasoon Masala,Suhana,
8904018604545,Paan Mix,,
8906022670929,Appu Papad,,
8901058018950,MuchBites,,
8904255704091,Jeera Crisp,KIRTIRAJ,
8904132919181,Desi kitchen ginger paste,,
8904132926356,Desi kitchen tamarind paste,,
8901192205285,Catch Garlic paste,,
8901414030244,Chana Dal (Snack),Bikano,
8906001052043,mother's recipe chicken biryani masala,Mother's Recipe,
8901786071005,pavbhaji masala,Everest,
8904104725512,jk kashmiri lal mirch,,
8904104717050,jk black pepper powder,JK,
8901781000598,sunrise chicken curry,,
8901781000789,sunrise Sahi garam masala,,
8901781000659,sunrise kashmiri mirch pwd,,
8901192107121,Catch hadli,,
8908024066380,Schezwan Noodles,Kook By Pluckk,
8901499011824,𝙝𝙖𝙧𝙨𝙝𝙚𝙮𝙨 𝙘𝙝𝙤𝙘𝙤𝙨,𝙠𝙚𝙡𝙡𝙤𝙜𝙨,
8902710510027,HIGH FIBRE MUESLI,Bagrry's,
8902710200010,WHEAT BRAN,Bagrry's,
8901745110509,RKG AGMARK GHEE 50ML,RKG,
8908003714011,kanaka,kanaka,
8908003714097,Besan ladoo,kanaka,
8906020494053,almond stick,lala,
8906010365936,ghee pineapple halwa,grb,
8906010090784,Cheese Slices,D'lecta,
8908024057043,Orange Ginger Laddoos,Eat Better Co,
8906166361868,Chocolate Daily Plant Protein,Open Secret,
8906002661022,Coconut Milk Powder,KLF,
8901189606668,aafi mixed pickle,,
8901450000744,pour home,,
8906095290390,RASAM POWDER,adukale,
8908006646388,Makhan (S&P),Indigo,
8901030861994,Active Wheel,Hindustan Unilever limited,
8901052087716,Elaichi,,
8906019080106,Tandoori Chicken Seasoning,Banne Nawabs,
8901414058392,Assorted Biscuit Selection (Jeera),Bikano,
8907316000651,Fried Onions,Mother’s Recipe,
8904051200780,Nilamels Tapioca Chips,Nilamels,
8908017962088,Wicked Gud Noodles,Wicked Gud,
8903553810497,Nashik chivda,Ram Bandhu,
8908010245133,Pee Safe,Pee Safe,
8902901224979,masoor malka,GL,
8909106025653,Horlicks classic malt 500g,,
8902901225044,B.Gram Roasted split,Good Life,
8902901224535,white peas dry,,
8904132981560,Urad whole,,
8902901225013,Chana brown small,Good Life,
8906009071015,Unbic Wafer Biscuit RICH CHOCOLATE,,
8906009071022,UNIBIC WAFER YUMMY STRAWBERRY,,
8901491003186,Quaker otas,,
8901721009995,prabhuji chana Barfi,,
8904132964129,Masoor malka,,
8906095126873,Wonderland dry fruits combi,Wonderland,
8906059638596,Greek Yogurt Smoothie Strawberry,Epigamia,
8901808004769,weikfield falooda Rose,Wiekfield,
8901808003069,Jelly Raspberry,,
8907065118683,Puramate vanilla essence,Puramate,
8904406102172,Chocolate Brownie Fudge,Get A Way,
8901262202220,Dahi Yogurt,Amul,
8901439000215,Morton pineapple slices,Morton,
8907083113028,Makhana,Snack Factory,
8901721000718,aloo bhujia,prabhuji,
8908003206363,NAGRAJ,,
8904335604358,Power Up Choco Peanut Butter Bar,Yoga Bar,
8908003206196,hajmola,,
8906167310704,masoor dal small,,
8906003210601,Shiraz 2022,Sula Vineyards,
8906113491204,Fruit Nut Muesli,Joyful Millets,
8909177000023,ATTA,Daily good,
8903363001481,Sabudana,DMart premia,
8908017962484,Wicked Gud Desi Manchow Noodles,Wicked Gud,
8904422707252,honey,Patanjali,honey
8904055904585,Chicken Seekh Hot And Spicy,Meatizza,
8906006170339,Manchurian Puffs,Oyes,
8906046143454,Whole Green Mung Beans,Pride Of India,
8901220448134,Baidyanath Triphala Churna,Baidyanath,
8906009820118,maida,,
8901058010572,Maggi,Nestle,
8901578003764,pure and best instant kappi ginger coffee,,
8904221695859,Atom Whey Protein Mango,Atom,
8901670811533,Chana,Saras,
8904406102226,Chocolate brownie fudge,Get-A-Way,
8908005485056,Chicken Vindaloo Paste,Regos,
8908012365723,purbi,,
8908012365716,Purabi flavoured milk mango,Purabi,
8908022918025,Chilli Flavour Instant Ramen Noodles,JIFY,
8901719135521,PARLE MARIE,Parle,
8901719129179,PARLE COCONUT,Parle,
8901262201933,Masti Curd,Unknown Brand,
8902433007712,snikers,,
8902171000068,Chittchore Teekhi Halchal,Chittchore,
8908000273276,sambar powder,,
8901689703737,Mint mojito,Mala's,
8906002001613,burger mayonnaise,Dr.oetkars,
8906002004355,tandoori sauce,Dr. oetker,
8906082373693,Alphanso Mango Kulfi,Grameen Kulfi,
8906022901542,Safed,,
8908007323141,Herb Potato Patty,Hungritos,
8901030959257,Sunlight,,
8906078780405,frozen fries,hyfun,
8901262224130,amul kool,,
8901689031038,Mala's Lime Cordial,Mala's,
8902102163633,Exo Round,,
8908003853031,sarso tel,lal kila,
8902102163671,Exo Round Rs 86,,
8908007029319,Multigrain Sub,English oven,
8906022902013,Sparkle Bar Rs 35,,
8906022902327,Sparkle Bar Rs 60,,
8904132919983,Scrubz Rs 47,,
8902102163664,Exo Round Double Pack,,
8906145150346,Pancake Syrup No Sugar,NOTO,
8909106000230,Vim Bar Rs 30,,
8904109498855,Patanjali Bar Rs 10,,
8904109498848,Patanjali Bar Rs 24,,
8904132945470,Dozo Bar Rs 15,,
8904192205392,A2 Paneer,Dairy Tales,
8908010213521,MAKINO NACHO CHIPS PERI PERI,,
8908016538192,Pop butter pop corn,,
8906002005222,tomato ketchup,dr oetker,
8908010213934,MAKINO CORN MUNCH TOMATO,,
8906008815511,poha,fortune,
8908010213231,MAKINO SUPER Nachos - INDIAN CHAAT-,,
8906153091662,Blue Tea Butterfly Pea Ginger Herbal Tea,Blue Tea,
8906019730445,ghee,Prabhat Dairy,
8906074827777,Masala khari,,
8901058006643,Maggi 2 Minutes Noodles Masala,nestle,
8906077740172,mix aachar,neeraj,
8908018568067,corn starch,silver star,
8906021510707,maida,gangwal,
8906021510592,besan,gangwal,
8906021510721,rawa,gangwal,
8906078263786,Sub Footlong Bread,English Oven,
8901023010415,CINTHOL,,
8906117363903,ALMONDS,,
8906067023216,Whey Gold Isolate,Muscle Blaze,
8901233031736,Fuse,Cadbury,
8901595873548,Manchurian Stir Fry Cooking Sauce,China’s Secret,
8906015501421,KEVENTER PANEER STEAK,KEVENTER,
8902433008979,Boomer Lollipop,Wrigley's,
8906013811591,5 Grain Mix 100% Roasted Pudina Punch,Roasty Tasty,
8908002854749,Roasted Soya Snack,PROMUNCG,
8906021510035,Gangwal Dosa / Uttapam Instant Mix/Premix,Gangwal,
8901138818111,Himalayan,,
8906120100106,California Cranberry Dried,Farmley,
8901088752794,Cheesy Italiana Masala Oats,Safflower,
8904150208403,Nutty Gritties Omani Dates,Nutty Gritties,dates
8906069402767,Veeba Veg Mayonnaise Tandori,Veeba,
8906025502012,Vijaya Doodh Peda,Vijaya,milk & sugar
8906125981724,Corn Chips,4700 BC,
8902049000657,Kesar Mango Pulp,Soghaat,
8903023010075,Vedaka Raw Chia Seeds,Vedaka,raw chia seeds
8901648092612,cheese slices,mother dairy,
8908011883273,beer,ginsberg,
8905002004020,beer,kingfisher,
8902027006060,bread,,
8906064705788,Plum Cake,Malabar Delights,
8901157045109,Godrej AER Lush Green,,
8901207033735,Odonil Citrus Fresh,,
8901207033711,Odonil Jasmine Fresh,,
8901207034046,Odonil Sandal Bouquet,,
8901207033704,Odonil Rose Garden,,
8904132926738,My Home Air Freshener Lavender Trail,,
8904132926721,My Home Freshner Jasmine Drapes,,
8901396465003,Colin 250ml,,
8902710100648,Rolled Oats,BAGRRY'S,
8906034571849,Mango Pulp Alphonso,Mulackal,
8906125982424,Cheese Popcorn,4700 BC,
8908003872315,Poha,,
8901826601209,Verka Shakti Milk,Verka,milk solids
8906005618177,marble cake,,
8901399017902,Santoor 3×125g bar,Unknown Brand,
8901030849305,lux Soft Glow 8 pack,,
8904132908796,Good life mustard oil 1ltr pet,,
8906008815993,Fortune rice bran oil 3ltr,,
8909177014815,Rice Flour,Daily good,rice flour
8904011504903,Soya Chunks,,
8902167101946,MDH paneer 65 masala 50 gm,,
8908006217915,Millet,Slurrp Farm,
8909106022034,Comfort Morning Fresh,,
8909106022041,Comfort Lily Fresh,,
8909106022089,Comfort Morning Liquid 2L,,
8901781000772,sunrise sambar masala,"Sunrise,ITC",
8901781000550,sunrise biryani masala,"ITC,Sunrise",
8906010090906,Dlacta cheese,d lecta,
8904043926650,Tata Sampann masoor whole,Tata Sampann,
8901781000796,sunrise shukto masala,"Sunrise,ITC",
8901781000802,sunrise tadka masala,,
8901781000680,sunrise meat masala,,
8901781000628,sunrise machher jhol masala,,
8902319040932,Orange Cool Flavour Orofer Xt OroferXt Oroferx IRON TONIC,EMCURE,
8908000275034,tea premium,City gold,
8901781000758,sunrise sabji masala,"Sunrise,ITC",
8904053501861,goldiee dry mango/amchur pwdr,Goldiee,
8904053507146,Goldiee Dal Makhani,Goldiee,
8904053503667,goldiee dal masala,Goldiee,
8904053507184,goldiee rajma masala,Goldiee,
8904053505685,goldiee chana masala,Goldiee,
8904053502196,goldiee meat/mutton masala,Goldiee,
8904053500420,goldiee chat masala,Goldiee,
8904053501779,goldiee kashmiri mirch masala,Goldiee,
8904053505579,goldiee Sahi paneer masala,Goldiee,
8904053501953,goldiee kitchen King masala,Goldiee,
8901207043192,Real fruit litchi Vitamin boost,Real fruit power,
8904221697662,Whey Protein,Atom,
8902779000217,Jasmin Ris,Indian Queen,
8901552007870,Kala Chana,Ashoka,
8906097549991,Eeeallius,,
8908013439300,premium,,
8906103930355,batch 9,batch 9,
8904109430022,AYURVED LTD.,patanjali,
8902433008467,Galaxy milk chocolate 110g,,
8906069400237,white cheese sauce,veeba,
8906133027339,Micellar Casein protein,NAKPRO,
8901063362734,Britannia Treat Cake Pineapple,Britannia,"Refined wheat flour, sugar, edible veg oil, eggs, pineapple pulp, raising agents, preservatives (INS 202), colours"
8901262040518,Food,Ferreo,
8906055440612,Organic Jaggery Powder,Organic Tattva,
8906083700290,HF Super Brown Bread,HF Super,
8908003623801,DNV Mixed pickle,,
8907316010919,Mother's Mixed pickle,,
8906001050667,Mother's recipe Mango pickle,,
8907316010902,Mother's recipe Mango pickle,,
8906141780066,"Zero Sugar Seeds, Nuts & Coconut Cookies",Artinci,
8906001052531,Mother's Mixed,,
8906097540998,coffiairs,,
8906064656707,wingreens pizza and pasta sauce,,
8904027302296,Doy Shop 500g,,
8904132922204,Snactac pineapple jam,,
8901030930355,kissan mango jam,,
8904132922181,snactac mixed fruit jam,,
8906075910034,ghee,shreedhee,
8906014019026,papad,420,
8906014019064,papad safed,420,
8904063258144,Tandoori Naan,Haldiram’s,
8901719131073,20-20 Nice,Parle,
8906019778386,Nutraj walnut 1kg inshell,,
8906130900604,Orion choco pie,Orion,
8908017853232,Sidr Honey,Barosi,
8902901196467,Date Bites,Curate,
8904293105690,tilapia fillet,Shera,
8906118210992,Cheese Baked Snack Crackers,Bickies,
8908003113050,peanuts butter,super nutri,
8901725135423,Mom's Magic Rich Butter,Sunfeast,
8901747002697,"Green Tea Bags, Green",,green tea
8906112995895,Coated Peanuts,Lo! Foods,
8903023012147,More Select Masoor Dal Red,More Select,
8906036849779,Foxtail Millet (Thinai),Spicelands,
8906036848017,Basmati Rice,Spicelands,
8901525354536,Emperor's Rice,Vaahaa,
8906036849786,Pearl Millet (Kambu),Spicelands,
8901626364762,Finger Millet,Vaahaa,
8906036843760,Maida Flour,Spicelands,
8901242114406,Bambino Vermicelli,Bambino,
8901042965451,MTR Seviyan vermicelli,MTR,
8901242107101,Bambino roasted vermicelli,Bambino,
8901042971469,Akki Roti,MTR,
8908005103141,VISHAL PAPAD MOONG SPECIAL,VISHAL,
8901030834868,glow and handsome,glow and handsome,
8908005103226,Rozana Papad Chana Chatpata papad,Rozana Papad,
8906001058151,Panjabi m p,Mother's Recipe,
8901138513061,himalaya,,
8901138513085,himalaya,,
8901138513078,himalaya,,
8908003115184,Almond Cake Rusk,Karachi Bakery,
8906153562957,Dharwad Peda,Nandini,
8906059842054,Diet Chivda,Sonal Foods,
8906069403375,veeba mayonnaise,,
8901808006282,weikfield pasta Macaroni,,
8901246006653,Del Monte Penne pasta,,
8901058005790,Maggi special masala,Maggi,
8901042970684,MTR Khaman Dhokla,,
8904132919433,Desi Kitchen gulab jamun,,
8908004316054,panda  veg Hakka Chow,,
8904132912113,Masti Oye masala noodles,,
8908014658007,The Theatre Project Gourmet Popcorn,The Theatre Project,
8901491003933,Chips - Mediterranean Pizza Flavour,Lays,
89012994,Red Velvet Cup Cakes,Kirkland,
8904063229670,Punjabi Choley,Haldiram’s,
8901560030549,pical,nilon,
8901125015165,Sunfeast Farmlite Digestive,"Sunfeast,Farmlite",
8908004316207,panda treats,panda treats,
8906045948371,amicadon,,
8904067713212,Whole Wheat Khakhra (Pizza),Jabsons,
8906090575553,too yemm,,
8906167310827,Jammu Rajma,,
8906167310810,Rajma,,
8906167310803,Moong chilka,,
8902901221848,masoor dal,,
8902901221879,masoor malka,,
8901526101061,Loreal P dark chocolate,,
8904132965799,Matar white,,
8904132965867,Soyabean,,
8902901221978,UUrad Whole,,
8901526100576,loreal Natural brown 4,,
8904132965959,Moong chhilka,Simply Smart,
8904132965935,Kabuli Chana,,
8906167310773,Urad dal,,
8906001055471,Mother's APPALAM,Mother's Recipe,
8902901221817,Moong whole,,
8902901221756,Kabuli Chana,,
8904132965751,Kabuli Chana,Simply Smart,
8906167310780,Kabuli Chana,,
8904132953802,Kabuli Chana,,
8902901224603,gl chana Brown small,,
8906023888292756,LAL Chana,,
8906027990152,LAL Chana,,
8902901221725,Chana Brown,,
8904132981478,Kala Chana,,
8902901221749,Chana dal 500,,
8906167310667,Chana dal,,
8904132949058,Chana dal 1kg,,
8904132949164,Moong chilka 500,,
8902901251128,Moong chilka 1kg,,
8902901225105,Dal Mix 1 kg,,
8901777674130,Rajbhog Kulfi,Vadilal,
8906006854758,Funwich - Choco Vanilla,Baskin Robbins,
8906006855335,Funwhich - Butterscotch & Caramel,Baskin Robbins,
8904395003795,Tulsi nuts &dry fruits 400g,,
8903236700459,No Nonsense Plant Protein - Malnad Arabica Coffee,Cosmix,
8906167310681,Masoor dal 500,,
8902901221909,Masoor dal 1kg,,
8904132981270,mustard whole big,BF,
8904132964112,Masoor Malka 1kg,,
8904132969391,Masoor dal 1kg,,
8906008815214,Masoor dal 500,,
8902901224726,Toor dal 500,Good Life,toor dal
8906009820323,silver coin  suji,,
8906167310643,Arhar dal 1kg,,
8902901224733,Toor dal 1kg,,
8904132953840,Moong dal 1kg,,
8904132965904,Moong dal 1kg,,
8904132928558,Muesli,Aarambh,
8904132949041,Chana dal 500g,,
8908017753082,soya stick,bhujialalji,
8901414057920,boondi,bikano,
8904022909711,jeera biscuits,Bonn,
8904258703312,Iced Green Tea,Raw Pressery,
8906088861507,current,,
8904132980648,Best Farm cashew 100g,,
8901155112117,Gita Kheer,,
8901440000419,Eastern Tamarind,Eastern,
8906111323415,Jannati tamarind 150g,Jannati,
8901155128217,Gita Dhoka,,
8901808000464,weikfield jelly orange,,
8901808003816,weikfield custard,,
8904132918801,snactac hot and sour,,
8901030681936,knorr Manchurian gravy mix,Knorr,
8901595961429,ching's Tomato soup,,
8901719135088,Monaco,Parle,
8901037010333,Masala Chai,Girnar,
8906010361594,town bus chakhli,town bus,
8905532000493,Masoor Dal 1kg,Bharat Dal,masoor dal
8901130012005,Mfg. Lic. No.: MB/O4/87,,
8906063970156,Diet Methi khakhra,Daily Dose,
8906064654062,Baked Pita Bread Crusts,Wingreens Farms,
8906159680068,Almond Butter With Pecan Granola,Snacq,
8908014100124,Indian Gate BASMATI Rice,Indian Gate,
8906005670250,Peanut Laddu,Charliee,
8906019566143,Mango Jimjam Cookies,,
8906010260422,Dheepam Parijit Lamp Oil,,
8906010260118,Dheepam Lamp Oil,,
8906001460800,Aroma Khaas Long Grain Biriyani Rice,,
8901161102065,Golden Daily Meal Basmati Rice,,
8901123006141,Lotte Choco Pie Choco Brust,,
8901123001559,Lotte Choco Pie Real Orange,,
8904004442984,Cheese And Onion Paratha,Haldirams,
8906064655656,wingreens premium Veg mayo,,
8904256704229,Roasted Pumpkin Seeds,GoodDiet,
8906074829191,Fruit Biscuit,Kaju Badam Biscuit,
8906159410313,Sweet Cheese Creme,Bauli Moonfils,
8902433007217,Boomer Krunch Strawberry Flavour,Boomer,
8901777253113,Tandoori Paneer Jumbo Grilled Sandwich,Vadilal,
8901071702638,HERSHEY'S Kisses Moments Assorted Chocolate,HERSHEY'S,
8908018651516,Moong Dal Chips,Troovy,
8904117211026,Soyfit Tofu,Soyfit,
8901725177317,gold flack,star,
8904132981553,Urad Dhilka,,
8906059635229,Crunchy Cup Natural Greek Yogurt With Granola,Epigamia,
8906005508102,tata power,,
8906082760844,5 Star green peas Wallas fridge,,
8908000770942,Aditi Pure coconut Oil,,
8904408000575,Dosa Podi,Food Gate,
8906016579986,Homelites,ITC,
8906136651029,Peanut Butter Crunchy,Pintola,
8904150196984,Jim jam,,
8906019778676,Nutty Date Bites,Nutraj,
8901747002987,Instant Sugar-free Elaichi Tea,Wagh Bakri,
8906112660120,Rolled Oats,True Elements,rolled oats.
8902901131178,jaggery block,gl,
8906071430949,Basmati Rice,Ameenah,
8906082371606,Alphonso Mango Kulfi,Grameen Kulfi,
8901216713031,KS perfume,,
8901262020169,Gouda Cheese,Amul,
8901725135232,sunfeast yippe,Sunfeast,
8901721000442,prabhuji moong dal,prabhuji,
8901512564801,classic salted,,
8901725005924,sunfeast yippee,Sunfeast,
8906064231232,Garlic Paste,Suhana,
8906064231218,Ginger Paste,Suhana,
8908004997918,Spicy Baked Chicken Wings,Prasuma,
8901030927966,rexona deodrant,rexona,
8901207020001,Dabur Glucoplus orange,,
8906028841064,kasuri methi waghmare,sufalam,
8901207053634,Real Coconut water pet 1ltr,,
8901192300546,Catch kasuri methi 25g,,
8908004539125,Corn,Merci,
8906141780691,Zero Sugar Seeds And Nuts Protein Laddoo,Artinci Cookies,
8906081120182,Happilo Walnut,Happilo,
8908015136429,Rajgira Ladoo,Mom's Surprise,
8906008351248,dates rich,Manna,
8906008351088,banana rich,,
8901777023662,Frozen Kantola,Vadilal,
8904408000469,food gate chukku kappi,,
8908013252183,Muesli Fruity Crunch,Fit & Flex,
8901023009006,Abha natural black,,
8901023003868,Godrej Nupur henna,,
8906064919925,Zahidi Dates,Candor Dates,dates
8906141780806,Zero Sugar Millet Oats Cookies,Artinci Cookies,
8906012890863,Baking soda,Baker's,
8906015741025,Yellow Food colouring,BCooL,
8901688121709,Indian Palak Paneer Gluten Free,Amy's,
8906013030206,Wai Wai Quick,CG Corp,
8906054110691,Bhel puri,Good morning,
8906141780820,"Zero Sugar Seeds, Nuts & Coconut Cookies",Artinci Cookies,
8906014903462,SPECIAL OFFER CORN,,
8906009536620,Berry Delite - Single Pack,RiteBite Wellness,
8904258703480,Cola Energy Drink,Raw Power,
8901537075900,Rice Cracker Peanut Mix,Kari Kari,
8901052002061,TATA Premium Chai,,
8901063401143,BRITANIA CHEESE SLICE,,
8906000680056,URBANS Cashews,URBANS,
8906116959107,Pre Workout 200,Muscleblaze,
8901808006190,Baking soda,Weifield,
8904340700656,Pass pass,,
8904006305638,wild stone,,
8901725116668,Aashirvaad Svasti mango Lassi,"Aashirvaad,Svasti,ITC",
8906075080515,Khari - With Pure Ghee,Agree Bakers,
8901357000014,Hi-Tea Tea bags,,
8901357000021,Hi -Tea 50 bags pack,,
8901357000052,Hi-Tea Loose Tea,,
8901357000038,Hi-Tea 100 bags pack,,
8908018499002,Golden Tree Zahidi Dates,Golden Tree,dates
8902167101939,MDH Chicken 65 masala 50 gm,,
8904063228055,Paneer Cutlet,Haldiram’s,
8903023005736,Vedaka Toor dal,Vedaka,toor dal
8904082786697,Methi khakha,Kemchho,
8901725007447,Original Style Potato Chips,Bingo,
8906125980017,Butter Popcorn,4700 BC,
8904340700670,pass pass,,
8904340700649,pass pass,,
8904340700663,pass pass,,
8906004565953,Puffcorn Cheese Flavour,Diamond,
8904180001104,Korma Curry Paste,Vuk’s,
8908024361393,High Protein Milk,Provilac,
8906021921312,Al Shafi Natural Honey,,
8906021922678,ALTAYYAB Natural Honey,,
8903241710078,Brinjal Pickle,Bravin,
8906015750034,Bcool Proper Pineapple,,
8906015750027,Bcool Marvelous Mango,,
8906015750003,Bcool Awesome Orange,,
8906015743005,Bcool Orange,,
8906015742183,Bcool Mango,,
8906013032910,wai wai atta noodles,,
8906000594117,basmatiris,maharani,
8901719129193,parle pari pari  (311.04 g,,
8901063004061,brit Good day coco,,
8901246007513,Del Monte Red Chilli Sauce,Del Monte,
8906150344235,Moringa Leaf Powder,BetterAlt,
8904076000006,Nambisan`s,,
8908000275775,City gold pyari chai 1kg,City gold,
8906010360368,pure ghee,,
8904063220233,Chips,Haldiram’s,
8906027941543,Chaap Makhani,Regal Kitchen,
8904258703565,Raw Pressary masala lemon shikanji,Raw Pressary,
8906133401399,Little Joys Protein Mix,Little Joys,
8906031931554,FILTER COFFEE,levista,
8909340000232,Cosmix Plant Protein,Cosmix,
8908022776168,Propox animal wound powder,,
8908019694260,Otilac ear cleaning solution 125ml,,
8908022776335,Proline flea spray 100ml,,
8908019694833,Proline flea spray 250ml,,
8908019694727,Piokill 75g,,
8906040376728,Rice,Preemas,
8906001241102,equal low calorie sweetener,,
8901542001635,glucn d,,
8908003452593,zoopy,,
8909106014558,red label natural care,,
8906055440285,dalia,organic tattva,
8904083519997,rock salt,24 Mantra Organic,
8902901223361,poha mota,GL,
8906036300089,Rajgira,,
8902433007699,Snickers miniatures,,
8908003249339,Organic Set Curd,Akshayakalpa,
8904064684393,Whole Wheat Chappathi,Chakra,
8904042304022,MAIDA ALL PURPOSE FLOUR,Blue Bird,
8904042305012,Blue Bird Self Raising Superfine flour,Blue Bird,
8906064652228,Mexican Salsa,Wingreens Farms,
8906078720609,Khatta Meetha Sev Murmura,Gopal Namkeen,
8901453040815,SAFI. NATURAL BLOOD PURIFIER 100ml,,
8908020616534,akhoi,ynot,
8906002488520,doublemint,Wrigley s,
8902901224023,Good Life cashew broken 200gm,,
8901052007332,Tetley Black LEAF TEA,Tetley,
8906005110626,Sales De Rehidratacion Oral,Unicure,
8906133025939,Malai Kulfi Platinum Plus+ Whey Protein Isolate,Nakpro,
8905110001805,Savlon Glycerin Bathing Bar,Savlon,
8903023006283,Vedaka Thick Poha,Vedaka,thick poha
8901808004790,weikfield Falooda mix kesar pista,,
8901246004420,Chifferi Rigati Pasta,Del Monte,
8906020591714,Chilli Garlic Marinade,Cambay Tiger,
8906112669253,Protein Muesli,True Elements,
8901155304222,Soan Papdi,Gits,
8901262010498,Lite Butter Spread,Amul,
8908024066946,Frozen Mixed Berries,Pluckk,
8906163074990,Basmati Rice,Arabian Garden,
8906001053811,Ginger Garlic Paste,Mothers,
8908020440191,Tortilla Wrap,Habanero,
8908013429585,sugar,,
8908013429578,sugar,,
8906111322791,malabar,,
8901023009891,Godrej Cinthol pack 4,,
8901399005992,Santoor 3nx 150g,,
8901725005955,sunfeast yippe,Sunfeast,
8901030976940,horlicks ĺ,,
8906145150308,Noto Mini,Noto,
8901719101144,Biscuits,Parle-G,
8901030781643,close up,close up,
8906125980079,Barbeque Popcorn,4700 BC,
8906009075884,Swaadesi Mysore Garlic Mix,Unibic,
8906010504359,Balaji Snack'em Masala Masti,Balaji Wafers,"Wheat & corn grits, edible vegetable oil, seasoning (spices, salt, sugar, flavour enhancers)"
8904067712628,chocolate peanut spread,jabsons,
8904463100111,Creatine Monohydrate,Wellcore,
8904265411873,Kaju Corn Flakes,Amdavadi,
8906033746033,Hobnobs Oat Cookies,McVities,
8904304501503,Tandoori Currypaste,SWAD,
8901117289963,prolyte ORS Nimbu Paani Flavour,CiplaHealth,
8904083304036,Natural Cheddar Cheese,Milky Mist,
8901777871034,Kewra Kulfi,Vadilal,
8906082372603,Chocochips,nic,
8905002043012,UB Export,United Breweries,
8901030891854,Choco Vanilla Cornetto,Kwality Walls,
8901262176767,Bombay Kulfi Dry Fruits,Amul,
8906059636325,Mixed Berry Yogurt,Epigamia,
8908023404183,Mint and Lime Cashews,Tong Garden,
8906125982042,Protein Pops Hawaiian Barbecue,4700 BC Gourmet Snacks,
8901491003025,Dinamita Sizzling Hot,Doritos,
8904043906942,Cold Pressed Mustard Oil,TATA Simply Better,
8906042120329,Extra Light Olive Oil Spray,Hoffman,
8906043348067,Salts Blue Raspberry,Supply 6,
8906001020202,Go Cheese Slices,Gowardhan,
8906021510875,sattu gangwal,,
8904132948662,independence superfine besan,,
8904132948679,independence super fine besan,,
8906165788666,Biozyme Whey PR x Singha,MuscleBlaze,
8902433007989,Miniatures,Bounty,
8906080232459,Instant Upma Mix,Induben,
8908022173202,jaggery,just gud,
8902901127218,nutmeg,gl,
8904132972285,mace,GL,
8904132981287,mustard big,BF,
8902901223606,bajra,Good Life,
8902901223798,sava rice,,
8908005459002,Black Chia Seeds,NourishYou,
8901440206859,Beef Ularthu Masala,Eastern,
8908003981185,Murukku,Krishna,
8908023404176,Italian Cashews,Tong Garden,
8901130028075,Ceflox-Dee Optic,Laborate10ml,
8908018729673,Sourdough Bread,Suchali Artisan Country Sourdough,
8902167101908,MDH dal. tadka mashala 50 gm,,
8901012166512,pads,stayfree,
8906082372313,Belgian Chocolate,Nic,
8906133021832,Calcium Caseinate Protein Vanilla Flavour,Nakpro,
8901414015517,Shahi Mixture,Bikano,
8909177014730,Daily Good Sugar,Daily Good,sugar
8908002332018,Jumbo Sandwich Bread,Kalory,
8909106021396,Taj Mahal 100 g,,
8901030877513,Red label,,
8906102180751,Radicate spot on dog's 40-60kg,,
8906102180577,Radicate dogs 10-20kg,,
8908009308269,whiskey,teesta valley,
8906102180584,Radicate spot on digs 20-40kg,,
8908019694079,Doxy forte doxycline hyclate usp 100mg,,
8908019694239,ciprovet eye ointment 5 gm,,
8908022776533,Cephamox Cephalexin tabs 600mg,,
8904008410224,Proactin syrup cyproheptadine hydrochloride,,
8902290165235,Chloroheniramine 4mg,,
8904134900941,Sucrafil suspension 200ml,,
8906041742140,Troncil plus,,
8906102700126,praziquantel 50mg,,
8906041744694,Shwanmelox Meloxicam injection 5mg/ml,,
8906078360126,cyclosporine ophthalmic ointment 2mg/gm 5gm,,
8908019694734,Meloxvet Meloxicam 2.5mg tabs,,
8906025962472,Fluoro Touch fluorescein sodium ophthalmic strip,,
8908004711002,Reis,Shazia,
8901030671685,baby dove massage oil,,
8904083321569,Raspberry Ice Candy,MilkyMist,
8906065031442,Karachi,Karachi Biscuits,
8906095291199,Benne Muruku,Adukale,
8906168750813,Madras Chicken 65 Masala,777 Brand,
8905950001645,Bhelpuri Chowpati,Bikaji,
8906145880267,The Cranberry Chilli Chase,Bon-Fiction,
8906006532403,Cashews Cheese,DCC,
8906075910614,Plain Butter Milk,Shreedhi,
8907093061043,Canned Tuna In Water,Tasty Nibbles,
8908017962101,Penne pasta,Wicked gud,
8906099980105,Tomato pesto,Saucery,
8901058011630,(MAGGI) Rich Tomato Sauce 970Gram,Maggi,
8906065169329,Chicken Breast Strips,ITC,
8906095143955,Magnesium Glycinate,Unived,
8908001697811,Garlic Naan,Fresh 2 Go,
8906118211272,Cheese Crackers White Cheddar,Bickies,
8906027947552,BROCCOLI & CHEDDAR RICE,Eat Regal Gourmet,
8906082577008,Crusties Puff Korean Chilli,Cornitos,
8906125980062,Belgian Coco Caramel Popcorn,4700 BC Gourmet,
8904395005256,Dry Figs,Naturoz,
8901012189535,Clean&clear,,
8906167310766,Moong whole,,
8906038231077,Chicken Malai Tikka,Zarabian,
8906081031549,karam basmati rice,,
8906001090113,basamathi rice,,
8908005469155,Cinnamon Infused Honey,Honey Twigs,
8906010366797,Town bus moong dal,,
8906133028008,Daily Fiber Supplement,Nakpro,
8906078265766,cookies - potato thins,Bectos Food Specialities LTD.,
8906066700378,kettle corn salted caramel,Kettle Studio,
8908024066007,Roasted Tomato & Basil Soup,Kook By Pluckk,
8904063220608,Plant Petty,Haldiram,
8906128674050,Grass Fed Whey Protein Isolate,Food Strong,
8908001658492,Orange & Lime,Ocean,
8907931000487,SENSIBLE PORTION BLUE SMALL,,
8906019779208,Nutraj kitchen essentials cashew nuts,Nutraj,
8906183980301,Pro Concentrate Whey Protein - Mango,BeastLife,
8908000738515,Meriba Paneer Drink,Meriba,
8904071703315,Peanut Chikki Bar,Chedda’s,
8904132906600,Gluco energy,Raskik,
8906095124633,Raw california Independence Almonds By Wonderland,Wonderland,
8904067711461,Roasted Unsalted Peanuts,Nut-raja,
8906019771066,California Pistachio Inshell Roasted & Salted,Nutraj,
8904188607933,Green Chana Frozen,Saurbhi,
8904340700397,Pulse LitchiFlavor,"pass pass, Pass Pass",
8904340700359,pulse orange,pass pass,
8906172543807,Black Forest,Hocco,
8909081003905,Rich Chocolate Cookies,Sunfeast,
8906088700523,Sweet Dark 50% Chocolate,Didier & Frank,
8908017962156,Wicked Gud Hakka Noodles,Wicked Gud,
8901826601506,Milk (low Fat),Verka,
8901063166684,treat green,,
8901777627662,Kesar Mango Slices,Vadilal,
8906033746101,Biscuits,McVities Digestive,
8906057903276,Sauce,,
8906165785733,Muesli Dark Chocolate,Muscleblaze,
8909106040151,Classic Malt,Horlicks,
8904132924512,Chatpata Sauce,Snactac,
8904120400820,Pancake Syrup,Abbie's,
8901063032712,Britannia treat,Britannia,
8906185240076,Concentrated Whey Chocolate Chip,Deep Impact,
8906071265756,yum vainilla,amulya,
8904209311986,Garlic Kulambu Rice Paste,Aachi,
8901777418642,Methi Thepla,Vadilal,
8906107170405,Chicken Breakfast Bacon,Prasuma,
8906067022806,creatine,Muscleblaze,
8901393029574,Chupa chupa tennis,,
8906059160080,walnut,,
8906076132879,Multigrain Loaf - Zero Maida - Sourdough,The Baker’s Dozen,
8901396513704,mortein 2in1 insect killer,Mortein,
8901262120081,Sweetened condensed Milk Gold,Amul,
8901552022279,Tandoori Naan,Ashoka,
8901058020281,Munch Brownie Max,Nestle,
8906095290642,Maddur Case,Adukale,
8901030971266,fair lovely vinter,,
8908013252121,Crunchy Granola Happy Berries,Fit And Flex,
8901721012896,kaju Barfi,prabhuji,
8902433004001,Snickers,Snickers,
8908018045063,choco Flakes,,
8904220003938,Trauben Mix,,
8906157330378,Chilli Cheese Bhujiya,Bombay Sweet Shop,
8906161220009,RICE NOODLES,JVAPA,"rice, water"
8908001105668,Onion powder,,
8901972079020,european,,
8904063220370,Chilli Gobhi Wrap,Haldiram’s,
8901012320211,Benadryl,Benadryl,
8906083931496,Chana Burfi,DMB,
8901036391730,PERCOL EXPRESSO NOIR COFFEE POWDER,PERCOL,
8901207039973,Pineapple Juice,Real,
8908015543173,Tangy Orange Flavoured Pea Protein,Green Protein,
8908656123550,teranga,,
8901103110233,Fem,,
8901063012882,Britannia milk bikis,Britannia,
8902433008283,Snickers Mini,Mars International India Pvt Ltd,
8904061400163,Gokrunchee Wafer,Gokrunchee,
8904018604460,Kashmiri Mukhwas,Chandan,
8901725005030,Hazelnu5 Creme Wafer Rolls,Dark Fantasy,
8902188349204,poha thin rice,,
8906095290307,Chakkli Plain,Adukale - Sankethi,
8906117091233,Peanut Butter Shortcuts,BRB,
8902901221831,Masoor Whole,Good Life,
8902901224689,Moong Dal Chhilka,Good Life,
8901144002849,tilda,,
8901571001415,Horlicks,,
8906177260006,Choco Hazelnut Spread,Notta Sin,
8901262020022,Amul Cheese Block,Amul,
8906183980004,ISORICH BLEND WHEY PROTIEN,Beast Life,
8901709023135,Rib Eye Meat Slices,Shabu Shabu,
8901709023142,Blade Slices,Shabu Shabu,
8904109613012,greentech Bhindi Whole,,
8901777549643,Plain Puri,Vadilal,
8906125982011,Crunchy Corn,Gourmet Crackers,
8901719921995,Guava Chilli Flavoured Candy,Parle,
8902268012080,Shortbread Cookies,Anmol,
8906020588462,Plain Paratha,ID,
8901030912092,Deep moisture,,
8908025531023,Dhaniya Mirchi Aur Woh,Kilrr,
8904206218158,boisson orange 400ml bora btl,,
8908000175068,boisson orange 350ml zen btl,,
8901262220798,Coconut Cookies,Amul,
8904083534945,Organic Low GI Rice,24 Mantra Organic,
8904004401950,corn flakes mixture,,
8908023404022,Spicy Lime Flavoured Coated Peanuts,Tong Garden,
8908004643082,gm food moong bhajiya pakodi,,
8906008813869,Charminar kohinoor rozana 5kg,,
8906001056447,Green chilli pickle,,
8906021510639,rajgira atta,,
8906014013031,khaman dhokla agrawal 420,,
8901662041184,Cuppa Schezwan Fried Rice,Suhana,
8901552027113,Green Thai Curry,Ashoka Indo-Thai,
8908020854257,Triple Magnesium Complex,Wellbeing Nutrition,
8906085401355,Indo Garden Hot sauce 88ml,indo garden,
8906001056423,lime pickel,rabee,
8901552027311,Mixed Vegetable Paratha,Ashoka,
8901393025743,chupa chups play tennis,,
8908018651561,Penne Millet Pasta,Troovy,
8901063162532,Marie gold,Britannia,
8906005665904,Narasu's Insta Strong,Narasu's,
8906044350816,Toned Milk 3% Fat,Aditya Milk,
8906176800340,lacy,,
8906079461501,Kosher Whole Dill Pickle,Mints Farms,
8904335604679,Mighty Strong Coffee Crush,Yogabar,
8906078264899,Cremica coconut 🥥,Mrs. Bector's,
8904384801470,Cold Brew Coffee,Blue Tokai,
8904132981690,Power Up,Campa,
8905110004301,nimyle lemongrass 2L,,
8905110001263,Fiama shop 125g x3,,
8901207006845,pudina Hara active,Dabur,
8904094400161,auto flow,,
8908005144441,Breakfast protein Bar,Yoga Bar,
8906002005956,Pesto Italian basil,Dr.Oetker,
8901030948244,Lux glow shop,,
8906064651566,Peri Peri ketchup imp,,
8908000668522,Sella XXL Basmati Rice,Banno,
8904150195338,barra a base de dátiles castaña de caju y cacao. sabor a menta libre de gluten,laddubat,
8906070181231,Masal Tea,Tweak,
8908022521614,Evocus,Evocus,
8901414001039,Synthetic Rose syrup,Bilcano,
8906069411202,Dried Kiwi,Jewel Farmer,
8901030023804,Pepsodent,,
8906088058389,Bispari,Bispari,
8908020047529,Chunky Hazelnut,Brawny Bear,
8901088760454,saffola oats,,
8906038230834,Chicken Malai Tikka,Zorabian,
8901747005599,Instant Saffron Tea,Wagh Bakri,
8906108530543,inchi noodles,,
8904209303455,Coriander Thokku,Aachi,
8901542000775,nycil,powder,
8904180000688,Tandoori Curry Paste,Vik’s,
8906044653108,Tomato paste,Ahlan,
8906153880310,Gulkand,Two Brothers - Organic Farms,
8906029140944,Cut Mango Pickle,Mambalam Iyers,
8908013673216,Spirit 750 Ml OLD,,
8908013673278,Spirit 250ML New,Amaanza,
8901088783170,Cuppa oats,,
8904422700222,Cow's ghee,Patanjali,milk fat
8901440021087,Black pepper powder,,
8906059635120,Crunch Cup Mango Greek Yogurt,Epigamia,
8901719135729,Biscuit,Parle G,
8901826601308,Milk (6% Fat),Verka,
8904083310228,Cheese,MilkyMist,
8901808006619,Elbow Pasta,Chef’s Basket,
8903363010452,Maida,Dmart,
8906064651573,Tandoori Sauce imo,,
8908021228163,Makhana,NEEVAS,
8904083513841,Coriander Chutney,Fyve Elements,
8901058020021,Munch Nut Max,Nestle,
8904155707079,Bevon Suspension,Bevon,
8901741070029,Chicken Crackers,Kwiks,
8906069010146,cocosutra cookie dough mix,cocosutra,
8906163831029,Chia Seeds,Farmley,
8908005281016,Tofu,Soyamrut,
8906020491649,Bombay halwa,lal,
8906138741216,Kaaralu,Vellanki Foods,
8904132972049,campa energy drink lemon kick,,
8909599440001,Chocolate,Mon Chéri,
8908016029973,Simply Salted Potato Chips,Crax,
8906157900571,sun scoop,sun scoop,
8906006855472,Doublet Bar Choco Fudge,Baskin Robbins,
8906097590238,Reload Electrolytes,Fast&Up,
8901484013895,vinegar,,
8901088897655,Muesli,Saffola,
8906020589353,Filter Coffee,ID,
8901161105974,Indian Basmati Rice,507 Gold Lal Qilla,
8901774002196,Mélange De Thandai Masala,Badshah,
8902901222296,small fennel,gl,
8908013252565,Tropical Fruits Granola,Carrefour,
8901719120077,parle krack jack 700 3 pis,,
8906103580277,True Instincts Pre Workout,Grizzly Nutrition,
8906073148217,pond's,pond's dream flower,
8901725019198,Ready To Cook Chapati,Aashirvad,
8901721000947,prabhuji murukku,,
8906065034665,Chocolate Chip Cake,Karachi Bakery,
8908024977211,Multigrain Chips,Superyou,
8905507095509,pista 250grm,fc,
8901117285620,For paediatric use only 11g/15ml Flavour Peppermint DRY SYRUP 100mg Azee,,
8901207003868,Dabur Tail AYURVEDIC BABY MASSAGE OIL,DABOUR,
8904166701820,AOGRA Freshener Air Freshene,AERO CARE,
8904319400006,SESA Ayurvedic Medicine Proprietary REDUCES HAIR FALL & SUPPORTS HAIR GROWTH Actives,SESA CARE,
8901725141240,ultra mintz,mint o,
8901148262478,BRO-ZEDEX Expectorant 100 ml,WOCKHARDT,
8902281604781,Citrate Liquid Hydrogen Sucralose with cita|® FREE Mumbai 400 098,INDOCO,
8902269000604,CLAVAM BID DRY SYRUP For Paediatric use ALKEM With Water for Reconstitution 5g/30 m CLAVA M BID,ALKEM,
8902269517850,ALKEM CLAVAM 625,ALKEM,
8901088157667,Tel. FİGARO DeeleO goodness of olives. Deeleo oil loaded with FIGARO,,
8901088069076,HIMALAYA BABY POWDER 200G,,
8908001753807,Dr. Ortho 100% Ayurvedic Capsules ASIA'S MOST 3x10 Capsules PROMISING BRAND NO.1BRAND,Divisa,
8908000151017,HIO740 10 mL Vial 40 IU/mL BIPHASIC ISOPHANE and 70% Isophane Insulin 30% Soluble Insulin,LILY,
8901207048005,Odonil Lavender MeadOws,DABOUR,
8901296055526,2x14 Tablets OXRA &quot;Dapagliflozin Tablets &quot;Dapagliflozin Tablets,SUN,
8901296055533,&quot;Dapagliflozin Tablets OXRA 2x14 Tablets,SUN,
8901148204805,nise Sprains Muscular Pain nise gel Deep & Targeted Pain Killing nise gel EE,GLENMARK,
8901082053712,M2-TONE SYRUP Charak),CHARAK,
8901023014291,HIT 700ML KILLS AND FLIES MOSQUITOES EASY TO HOLD SLIM CAN EASYTO HOLD DENGUE & MALARIA,GODREJ,
8904192601361,FLORITE DELUX POWDER PUFF,FLORITE,
8904026636699,Aloe Vera Littles Soft Cleansing MORE Vitamin E Jojoba Oil Extra,LITTLES,
8901220448684,Churna Mild Laxative Triphala NAGPUR,TR,
8902901221954,urad dal best farms,,
8906124051190,Premium Nail Clipper NAILCUTTER #ILIVEASY No. of unitsj- 1 itILIVEASY,LIVEASY,
8904055105913,Made in Inda Made in India STAINLESS Super-Max FREE 50+5 SUPERIOR QUALITY,SUPERMAX,
8901296110669,Zole-F SKIN OINTMENT,ZOLE F,
8902269002059,TAXIM-o Dry Syrup ALKEM TAXIM-0 TAXIM-O 2 and Lemon With Sterile Water for Reconstitution,TAXIM O DRY SY,
8907661003925,THROMBOPHOB -Gel 20 g zydus Heparin Jelly for topical application zyd@s Limited,THROMOPHOB GEL,
8908020774029,ARNOPEN 1LNMENT IAyunvedic Proprietary Medicine,ARNOPEN LINIMENT,
8901138503994,Cystone TABLETS,HIMALAYA,
8901138711849,Liv.52 DS Protects the liver against Promotes appetite and growth. various hepatotoxins. SINCE I930 SINCEI9 30,HIMALAYA,
8901138845742,Pilex forte OINTMENT 30g,HIMALAYA,
8901138110666,Liv.52,HIMALAYA,
8901207004681,DABOUR HONITUS SYRUP,DABOUR,
8901082054245,CALCURY TABLETS 40 Tablets Charak),CHARAK,
8906124052432,CORN PLASTER For Quick Removal of Corn & Callosity 4 strips Callosity,LUVEASY,
8903855091686,SHELCAĽ500 Your Daily Dose Calcium,torrent,
8901030838217,Dove,UNILEVER,
8908006704088,Maltoz,Maltoz,
8904026642669,Pants Comfy Baby Littles Upto EX PERT BABY CARE SINCE 1980 Líttles EXPERT BABY CARE SINCE 1980,PIRAMAL,
8901117250468,Cuts CIPLADINE Wounds Multipurpose Antiseptic Skin Ointment Cipla Effective Effective agains,cipla,
8901177103407,Krack EXPERT happy feet Specialist Heel •MOISTURISES •HEALS •S00THES,SCHOLL,
8904455000306,CiplaHealth OMNIGEL:,CIPLA,
8904029410111,Compound Benzoic Acid Ointment 20 g. WHITFIELD'S OINTMENT I.P.,REDDY,
8902167102509,MDH poha masala 50 gm,,
8906136652033,Pintola High Protein Oats Dark Chocolate,Pintola,
8901052006045,Tata Agni elaichi chai,,
8904132981508,moong chilka best firm,,
8901207053467,Dabur Glucose D 1kg pet,Dabur,
8906019773008,California walnut inshell,Nutraj,
8908001540025,Flavoured tea mix,Hyvita,
8904053505401,seviya,Goldiee,
8906071974641,Dhaniya powder,satwik,
8903553000843,Ginger garlic paste,Temptin,
8908017523142,California almonds,yumleys,
8904238411817,peanut candy,peanut paradise,
8902901224818,Urad Dal Chhilk,Good Life,
8901023019388,RAT GLUE PAD,HIT,
8901023030802,Anti Roach gel,HIT,
8904132948211,jaggery cubes,gl,
8906067026897,Joint Ease,True Basics,
8906021120401,Aachi 65,chicken,
8906095290055,Khara bhath,Adukale,
8904063209825,Masala Dosa,Haldiram’s,
8901117280908,"CiplaHealth OMNIGEL For Fast For Fast Relief From Pain, Spra For Fast Relief From Pain, Spraki",CIPLA,
8901177103704,WITH COOLING MENTHOL TRIPLE Kills Fungus Works 4X Faster Stops Further Spread ItehGuard-,RECKITT,
8902281320094,SENSODENT KF odium Monofluorophos NSODENT KF edFoaming Dental Gel),INDOCO,
8906071140275,Gram Flour,15,
8906083911320,mor tomato sauce,mor,
8906003650094,chilli powder,swastik,
8906003650186,swastik haldi powder,swastik,
8906003650162,Haldi powder,swastik,
8906002991068,mix garam masala,Gharkul,
8906053010053,kesaryellow,BLUE STAR,
8906053010039,lemon yellow,BLUE STAR,
8906053010015,apple GREEN,BLUE STAR,
8906015655995,bikaram chandmal besan laddu,,
8908019567786,Red Chilli powder,VEMICA,
8908019567748,MENTHYA SEEDS,VEMICA,
8908019567779,JEERA,VEMICA,
8908019567601,INSTANT COFFEE,VEMICA,
8908019567311,kadak chai,VEMICA,
8906008812237,fortune chana sattu,fortune,
8902901222302,small fennel,gl,
8904132981331,poppy seed,BF,
8906010360016,GHEE,GRB,
8906051579934,AASHIRWAD,,
8904137451044,chukde Kali Mirch Sabut,chukde,
8906019777051,Nutraj Laung Clove,Nutraj,
8906115425221,Crunchy Khara Ompudi,WellBe,transfat
8906125982813,Sweet and salty popcorn,4700 BC,
8906013421110,clear,,
8906044542815,Healthfarm Nitrawhey protein,Healthfarm,
8901790698229,Pan,,
8906081381811,Telugu foods,setha,
8901138822231,Keeps baby's skin cool & fresh.,HIMALAYA,
8901296024690,VOLINI SPRAY,,
8901063160361,Britannia pure magic choco frames,Britannia,
8906080602818,Paper boat pomegranate 600ml,paper boat,
8904042351033,Red Velvet Cheesecake Chocolate,Ditch The Guilt,
8909081003349,marie light evening,sunfeast,
8906107170382,Cheesy Spicy veg Momos,Prasuma,
8905107350169,SCHMIDT,,
8901721000961,prabhuji samosa,,
8904044808016,meat,,
8908024977051,SuperYou,SuperYou,
8908015543388,Vegan Vanilla Protein Powder,Green Protein,
8908001015646,Nadan rusk rs40,,
8908004804353,Green Apple Soda,Catch,
8906172541162,Cassata,Hocco,
8901552027168,Manchurian Balls,Ashoka,
8906054210025,Khakra,ShantaG,
8906133021696,Hydro Whey Coffee Flavour,Nakpro,
8908012692515,Superfood Plant Protein,Wellbeing Nutrition,
8901012111017,Johanson powder,,
8906078720913,Gopal Flour,Gopal,
8908003750187,Crane Betel Nut Pieces,Crane,
8901088735919,Oats Gold,Saffola,
8908012987574,Whey Protein Blend Pro Strawberry,Trunative,
8904132948341,independence,,
8904124700636,Massa Instantanio,,
8909081005558,Aashirvaad Salt,,
8906133880736,BLACK SALT,Unknown Brand,
8901138824303,Ashvagandha,Himalaya,
8906064651641,MINT,,
8903023004982,more cumin jeera 50 g,,
8901242115601,Bambino Pasta,,
8906169630114,Y Yash,,
8901725013707,bingo mad angles 5rs,,
8909340000287,No Nonsense Plan Protien Indonesian Cacao,Cosmic,
8909106043138,Boost Drink,Boost Drink,
8904208600234,Pav Bhaji Mix,Rasoi Magic,
8908016716576,Whey Protein Powder,Fuelled Nutrition,
8901058018943,Greek Yoghurt Mango,Nestle A+,
8905507095493,MUNAKKA,FIRST CROP,
8901058001051,BESAN,,
8901393024661,chupa chups,,
8908000791787,Chicken Sausage,Prasuma,
8905507016573,POPY SEED,IMLI TREE,
8908013172467,Phab Strawberries And Greek Yogurt,Phab,
8904132975750,chana sattu,GL,
8906010070663,ganesh sooji,ganesh,
8904049907011,بخور,عادي,
8904043604497,Chicken Nuggets,Venky’s,
8904132976320,mango  mood,,
8904004404418,haldirams boondi,Haldiram's,
8901058022087,Munch,Nestle,
8905507047720,Biscut,,
8906009234151,g derm,,
8906005503947,Pav Bhaji,Bikaji,
8906001055235,Pickled GARLIC,Mothers Recipe,
8906008350890,Rolled Oats,Manna,
8903023010693,vedaka bajra 1 kg,,
8903023000540,Pasta Penne,More,
8901262152181,Dark Chocolate Milk,Amul,
8908010639031,Potato Chips,Peekay,
8906168750851,Tandoori Chicken Masala,777,
8906059636318,Zero Added Sugar Greek Yogurt (Strawberry),Epigamia,
8909170000617,شاي اسود خشن ( الغزال الذهبي ),,
8905000000741,Punjabi Shakkar Jaggery Powder,Grain Market,
8906068356207,Sarson Ka Saag,Pachranga’s,
8902433008139,minhatures,,
8903553002335,udad coins papad,Ram Bandhu,
8906009010137,parrjs sweet Care,,
8906102211257,Yellow Premium Black Tea,Marvel Tea,
8902901219586,Siega Olive pomace oil,,
8906082370470,Belgian chocolate no Sugar,Nic,
8901058903843,Milkmaid,,
8904288603637,Vinegar,,
8901786762002,Everest Ginger Garlic Paste,Everest,
8904142401775,Arun Food Colour,,
8906072430405,Ginger powder,,
8906072431242,Kasoori Methi,,
8906072430962,Kitchen King Sabzi Masala,,
8906072430788,Meat Masala,,
8906072430559,Garam Masala,,
8906072430689,Chicken masala,,
8906072430702,Biryani Masala,,
8906072431259,Pudina Mint,,
8906072430368,Coriander Powder,,
8906072431037,Black Pepper,,
8906072430641,Cumin Seed Powder,,
8904250600121,Leeglys,,
8906060651928,Eleesa Geesol,,
8901571014026,Instant Energy Mix,Centrum,
8904132920972,snac tac tomato veggie noodle,,
8903553002465,moong papad,Ram Bandhu,
8903553002458,udad papad,Ram Bandhu,
8903553535208,Udad papad,Ram Bandhu,
8906022340556,Try Mi PAPPAD,Try Mi,
8906813003134,Snickers,,
8906072430108,Red Chilli Powder,,
8906072430221,Fennel Seed Powder,,
8906072430023,Turmeric Powder,Kanwal,
8906072431396,Bombay Biryani,,
8906027880057,Achar masala,,
8901157025033,Hit 200ml,,
8901058019872,Nestle Everyday,Every Day,
8906072432010,Lal Mirch Paste,,
8906072432034,Mirchi Quorma Paste,,
8901058905267,Lactogen,,
8901058008906,Lactogen pro 2,,
8906058611200,Gaia Oats,,
8901262090445,Amul T special whiten 1kg pp,Amul,
8906072431518,Kanwal Pickle,,
8904288612318,Tops Mixed Pickle,,
8906004620379,Dhara,,
8904250614531,Green Tea,,
8901390000088,Pataka Jar,,
8906007280044,Fortune Oil,,
8901796000583,Real Gold Oil,,
8901390534217,Pataka Tea,,
8906072431495,Kanwal Pickle,,
8901262030021,Amul Ghee,,
8908015937583,Sinjha Rose Water,,
8901390516220,Pataka Tea,,
8906143890046,Unsweetened Peanut Butter,The Whole Truth,
8906056792772,coco batter,,
8901030935213,coffee,BRU,
8906001026594,Performance Why,Avvatar,
8904288611465,Tops Pickle,,
8901786395002,Everest Tikhalal,,
8902901224559,best farms masoor whole,,
8902901221787,Best farms moong dal 1kg,,
8902901222142,Best farms Chana brown,,
8902901221961,Best farms UUrad dal,,
8906143620445,Penne - Durum Wheat Pasta,Prolicious,
8904204200124,Caredom,global vet care,
8901777579107,Danedar Kesar Peda,Vadilal,
8907316000637,Chicken Timma,Mother's,
8901777351086,Rajma Masala,Vadilal,
8906014086356,BRAHMINS EASY PALAPPAM MIX,,
8906014086318,BRAHMINS MULTI GRAIN PUTTU PODI,,
8906069400343,CHILLI OREGANO,,
8903553000447,Nashik chivda,,
8906013812444,Crunchy Munchy — Sweet & Spicy,Roasty Tasty,
8901262201889,Stirred Fruit Yogurt (Blueberry),Amul,
8907316009326,TAMARIND CHUTNEY,,
8909106034921,Almond Magnum,Magnum,
8908023404169,Coated Peanut Magic Masala,Tong Garden,
8906133880583,Pink Rock Salt,Crystal Pink,
8906038741255,Boiled sweet corn,tadaa,
8906064654178,Naan Chips,Wingreens,
8904188605366,Chakki Atta,Saurbhi,
8908019758832,California Almonds,Pov select,
8906125982059,Protein Chips,Gourmet Snacks,
8906078783116,French Fries,Hyfun,
8904067712833,Tikka Masala Coated Peanuts,Jabsons,
8906095290185,Nuchina Nunde,Adukale,
8906032010340,VANASPATI,RUCHI NO. 1,
8906032010357,VANASPATI,RUCHI NO. 1,
8906032010371,VANASPATI,RUCHI NO. Q,
8906032010388,VANASPATI,RUCHI NO. 1,
8901721003917,prabhuji besan laddu,,
8906001022848,Protein powder,Avvatar,
8906069570022,Satyendra sattoo,Satyendra,
8901725120290,B Natural Mango,B Natural,
8906018902614,Lotus Chaach Masala,Lotus,
8904221697624,Atom Whey Protein Enzyme Blend,Asitis Atom,
8906078722160,Gopal Chips Tomato Munchies,Gopal,
8908020208081,Jeeni Infants,Jeeni Infants,
8901063365933,Britannia gobbles fruit cake 100gm,,
8906125982844,Cheese And Caramel Popcorn,4700BC,
8905507014401,RAISIN,FIRST CROP,
8903023006351,moong dal,vedaka,
8904132980853,Best farms,,
8906023413464,Choco vanilla 35ml,,
8906080349355,Poha,Vijay mamra,
8908019726435,Choco Pockets,Nova Nova,
8901719135163,Parle Monaco,Chupa Chups,
8906081380265,Green Chilli Pickle,Telugu Foods,
8906161390719,Roasted chana,Lets try,
8906069400053,CLASSIC RANCH,Veeba,
8902901232387,GL Soya Chunks 1kg,,
8906075762268,I care Baqkyla 2,,
8906033533626,Snapin Pasta Masala Cheese,Snapin,
8908007167349,Makhana Wala’s,Makhana,
8906010366506,Town Bus Rice Kodubale,Town Bus,
8906009534367,Chocolate Peanut Spread Max protein,Ritebite,
8906036670106,Shubham,Nandini,
8904063218421,Moongdal,haldiram,
8905507002514,burbon,fullbloom,
8901063365889,gobbles,britannia,
8907093005702,Kerala Fish Curry,Tasty Nibbles,
8901030945359,Dove daily shine 650 ml,,
8901030672484,Dove Glycolic Hydration 650 ml,,
8909106001329,Tresemme Smooth shine 580 ml,,
8909106002142,Tresemme Hairfall defence 580 ml,,
8901030945373,Dove Hair fall rescue 650 ml,,
8901030945366,Dove Intence repair 650 ml,,
8901063365254,roll yo,britannia,
8905507002507,digestive,first crop,
8905507002576,marie,firstcrop,
8901030702051,Tresemme smooth shine 340 ml,,
8908010900971,High Protein Peanut Butter Dark Chocolate,Pintola,
8908025049016,vihan chakki aata 10kg,,
8908000106130,Tomato Paste,Indira Foods,
8906162360803,Spicy Onion Chutney,5 Second Chutney,
8901262202268,Whole Milk Yogurt,Amul,
8901001556409,Rogan Josh sauce,Mida’s,
8901063028234,Nice Time Biscuits,Brittania,
8908013388653,Cureveda,,
8906133026080,Unsweetened Cocoa Powder,Nakpro,
8906002000326,Eggless Cake Mix Dr.Oetk,,
8908000589889,Bindu fizza zeera,,
8908008674860,wafer,nabati,
8908008674921,wafer pink java,nabati,
8904132948761,jera,,
8904132981249,Best firms jeera 500g,Best firm,
8908008221156,Instant Ground Coffee,Blue Pearl,
8906010500818,Potato chips,Balaji,
8901719128226,Rol-a-Cola,Parle,
8903241230361,SCHEZWAN CHUTNEY,Suhana,
8906008351507,Banana Powder,Manna,
8901719135750,Parle G gold 475gm rs 67,Parle,
8903241110793,Pravin,Suhana,
8901786530120,Food,Unknown Brand,
8908007380717,Amar Lassi,Amar,
8906006330054,Gemini refined sunflower oil,Unknown Brand,
8901719121630,20-20,Parle,
8906078720029,Tomato cup,Gopal namkeen,
8901030677601,Choco Bar Mini,Unknown Brand,
8904422711365,Nariyal Biscuit,Patanjali,
8908000870277,Palak Chakli,Jaimin,
8906027714444,Govind Funzz Pista Flavoured Milk,Govind,
8908006989386,nutritius rajgira peanut chikki,nutritius,
8906029110015,WIBS BREAD,WIBS,
8901030953200,No onion no garlic Kisan,,
8908000703018,Oxycool,Unknown Brand,
8906010500863,Shing Bhujiya - Nimbu Chatka,Balaji Wafers,
8906008630046,Parivar Tea,Sapat,
8908019758917,proV California Pistachio,proV,
8909106000124,Real Mayonnaise,Hellmann's,
8906155681427,Rosted makhana & millet,Three sixty degree,
8906152240115,Punch Farsan,Shree Mahalaxmi,
8901063012868,Milk bikis biscuits,Britannia,
8906010500894,Chataka pataka,Balaji Wafers,
8909081005251,Yippee Noodles,Sunfeast,
8901063325791,britannia,Britannia,
8902979005326,cavins cold coffee 180ml,Cavin’s,
8908012207016,Chilli pickle,,
8901719115929,Black bourbon,Parle,
8906004561078,Peanut Snacks,Yellow Diamond,
8901652140309,Snacks Zig Zag,,snack biscuits
8901719136450,Parle -fab bourbon,Parle,
8901058017601,Nescafe 10 rupees,,
8901662037927,Misal Masala,Suhana,
8904270007559,Biscuits,Sunder,
8904071701212,Kachori,,
8901120143917,Suger free powder,,
8908007139056,Top Gold Jeera Masala,Top Gold,
8906000921548,Crisp wheat schezwab,Daad’s,
8906026600069,rio Wildberry,rio,
8904011504569,Jaggery powder,Double Horse,
8903363000064,8903363000064 jeera,,
8908012505273,Dark Chocolate,Nidz,
8904132976368,campa energy drink,,
8904304376972,Dhiraj surti,,
8906082570078,cornitos,,
8908015692338,Wow khow suey,,
8901719133695,Parle Rusk 1kg,Parle,
8908013252114,Crunchy Granola Mango Coconut,Unknown Brand,
8903241230224,Suhana Date Tamarind Chutnet,Pravin,
8906069852043,Cups Papad,Vasaya Foods,
8901662037903,Suhana PANEER TIKKA MASALA MIX,,
8901044608134,Mapro Lounge Mojito,Mapro,
8906027042059,Gajraj Papad Masala,Gajraj,
8908007009410,Vitthal Filtered Groundnut Oil,Vitthal,
8908010701288,Curd,,
8906005815200,Royal Palms Kimia Dates,Royal Palms,
8906078722122,Chips,GOPAL,
8901928692006,Bisk Farm Jeera Wonder,Bisk Farm,
8906009440088,Pasteurised Toned Milk,Saras,
8908019299076,Parivar Refined soyabean oil,Parivar,
8901719128530,Parle Happy Happy cake 100gm,,
8901719134548,Hinde and seek,,
8901063365285,Britannia roll yo cake 24g,Britannia,
8901063365896,Britannia cake pineapple 28gm,,
8904064603486,Skinless Chicken Breast Fillet,Tay,
8906006783515,Classic tomato ketchup,Surabhi,
8901063155534,Krunch ChocoChips,"Britannia,Tiger",
8908000716889,Rajhans Aqua,Rajhans,
8906010504908,Gippi Corn Curls,Gippi,
8906161170311,Bevzilla Assorted Coffee Sachets,Bevzilla,
8906118200115,Super Muchies Tandoori Corn,Super Muchies,
8901155123113,Basundi,Gits,
8906016102665,Varna Dahi,Unknown Brand,
8906031251140,Chakote Milk Toast,Chakote,
8906005503008,Gulab jamun,Bikaji,
8908009321992,NeutraLeaf Moringa Powder,NeutraLeaf,
8901063162631,Marie Gold,Britannia,
8906007830287,Habit Sweet Corn,Habit,
8904083301097,Pizza Cheese Mozzarella Diced,Milky Mist,
8901262071819,Dark compound DCO-18,,
8906005610867,winkls cake,,
8901044626961,Mapro Lounge Green Apple,Mapro,
8904004403572,Haldiram's Roasted Chana,Haldiram's,
8908007380199,Paneer,Unknown Brand,
8906020492400,Kau katli,Lal,
8906061711195,Mukunda Family Gold Milk,Mukunda,
8908013479436,Cocoa Cranberry Fudge,The Whole Truth,
8904150501504,Complete Pancake mix,Betty Crocker,
8904052503798,Dinshaw's Rajwadi Chappan Bhog,Dinshaw's,
8901499011992,Kellogg's Chocolate Muesli,Kellogg's,
8904042315011,Blue Bird Veg Jelly Crystals Strawberry,Blue Bird,
8905551341225,Dark Chocolate 60%,Volka,
8908011555194,Cake,,
8901090326723,Tata Grand Coffee,,
8904296900414,Fabsta Honey,Fabsta,
8901662001515,Mirchi Powder,"Suhana,Ambari",
8906044470361,Chikki,Khamang,
8901088882583,Saffola Honey,Saffola,
8904327601983,My fitness peanut butter,My fitness,
8906031251980,Chakote Rusk King,Chakote,
8906006310223,Pinch Jeera Masala,Pinch,
8908000502864,Sunpure Kachi Ghani Mustard Oil,Sunpure,mustard oil
8906009011004,Parry's Pure Refined - Sugar Sulphur Free Process,Parry's,
8901662036524,Suhana Paneer Masala,Suhana,
8906161390146,CRUNCHY PARTY MIX,Let's Try,
8906006720190,Lion DesertKing Dates,Lion,wet dates
8906080602825,Pomegranate,Paper boat,
8901044470694,Mapro Pineapple Fruit Crush,Mapro,
8901719135316,Krackjack,Parle,
8908004114070,Wonderland Pistachios,Wonderland,
8904320018252,Fusili Pasta,,
8908004010334,Butter Cookies,Karachi Bakery,
8908015845352,Gokul Shakti,Gokul,
8909081005077,Sunfeast Glucose Biscuits,"Sunfeast,ITC",
8908000173033,HOTEL KING CTC TEA,HOTEL KING,
8906018100157,Honey,Phondaghat Pharmacy,100% honey
8904296905396,Fabsta Digestive Biscuits,Tata,
8908000644427,Shrikhand,Kanhaiya,
8901719135330,Monaco Cheeslings,Unknown Brand,
8906005501844,Chatpata matar,Bikaji,
8906078890036,Kalyani pickle,Kalyani,
8906017815526,Madhusudan Dahi Lite,Madhusudan,
8904043904627,Tata Sampann California Almonds,Tata Sampann,almonds
8906172540868,Hazelnut Mudslide Cone,Hocco,
8901058017670,Maggi 280g,Maggi,
8901662036876,Pani Puri Masala,Unknown Brand,
8903363002693,Funnel seeds roasted,Dmart,
8906009532899,Rite Bite Protein Snack,Max Protein,
8908024057319,Peanut Chocolate Ladoo,Eat Better Co,
8906107175769,Mughlai Chicken Tikka,Meatigo,
8908011491799,proV Pumpkin Seeds,proV,
8901044670841,Mapro Rose Sharbat,Mapro,
8906006853119,Baskin Robbins Flavored Milk Vanilla Milkshake,"BR,Baskin Robbins",
8901719129049,PARLE Fabl,,
8906065169824,Chicken Nuggets ITC,ITC,
8906008630305,Parivar Sugar,Parivar,
8906019779659,Chia Seeds,Nutraj,
8901044476160,Mapro Pink Guava Fruit Crush,Mapro,
8904043902326,Poha Flaked Rice,Tata Sampann,
8906077361377,Thin Sev,Jaimin,
8901262060073,amul cheese,,
8901144100507,Rice Pure Basmati,Tilda,
8901399088124,Glucovita Bolts,Glucovita,
8906156483259,Idli & Dosa Batter,Khetika,
8906144680127,Milk Chocolate Chips,The Select Aisle,
8902901218954,Good Life refined soyabean oil,Good Life,
8905507060002,namkeen,,
8905507057187,tekha metha,,
8906009534534,Rite Bite Max Pro Peri,Rite Bite,
8904083312017,Milky Mist Shrikhand Elaichi,Milky Mist,
8908022315923,Ever Ready Fry Masala,Ever Ready,
8906078108803,AMITRIPTYLINE,,
8903241230248,Suhana Pravin Panipuri Mix,Suhana Pravin,
8901414028265,crunchy munchy,bikano,
8901414035027,chatak masala,bikano,
8901414035034,tangy tomato,bikano,
8901725013837,Mad angles,Bingo,
8903236700114,No Nonsense plant Protein,Cosmix,
8906006181625,CookWell Sabja seeds,CookWell,
8901560233117,Nilon's Szechuan Chutney,Nilon's,
8906009532875,Max Protein Protein Snack,Max Protein,
8904004440324,Samosa,Mo'ppleez,
8906186470267,Brown Rice With 5 Ancient Grains,Eat Regal Ancient,
8904296905419,Fabsta Digestive Biscuits,Fabsta,
8906006180352,Cookwell Custard Powder Vanilla Flavour,Cookwell,
8901042954769,Vang Bhati Masala,,
8901662040125,Suhana Misal Masala,Suhana,
8901719125577,Milk shakthi,,
8906065680275,falooda,kulfi falooda,
8901786380503,Everest Saffron,Everest,saffron
8906161960127,soya sauce,,
8905507047935,choco fill,first crop,
8901808006558,instant pasta,weikfield,
8901058014822,pazzta masala penne,Maggi,
8901808007340,Instant pasta,weikfield,
8904198802267,masala soya sticks,Euro,
8904083315049,DAIRY WHITENER,MILKY MIST,
8904083300304,DAIRY WHITENER,milky mist,
8901088783163,CUPPA OATS,Saffola,
8904064683006,Puliyogare Powder,Chakra,
8908012692553,Daily fibre | pina colada,Wellbeing Nutrietion,
8906045192415,HERBAL INCENSE STICKS,killer,
8904132981041,ajwain,BF,
8901542002410,INSTANT ENERGY,Glucon-D,
8901542002397,INSTANT ENERGY,Glucon-D,
8904335600329,Dark Chocolate And Cranberry Muesli,Yoga Bar,
8901030861673,MANCHURIAN GRAVY MIX,Knor,
8903553645464,mixed pickle,Ram Bandhu,
8908019567335,CUT MANGO PICKLE,VEMICA,
8901111074763,lucoz,ajantha,
8906066205019,Keya Spaghetti Pasta,Keya,
8904297801529,Balaji Bakers Pavbhaji Pav,Balaji Bakers,
8908012697015,Natural Aqua Plus,Natural Aqua,
8906070217299,baidar then,,
8902080334049,7Up Nimbooz,7Up,
8908007152000,Berry Almond Crispy Bar,CaliBar Protein,
8903023009864,Vedaka Sona Masoori Rice Steamed,Vedaka,
8901262030908,Amul Cow Ghee,Amul,
8906060311181,Deluxe Elaichi Rusk,Deluxe,
8906007780056,Vikram Kadak Dust Tea,Vikram,
8906071370245,Khandeshi rajgira peeth,Khandeshi,
8901440256298,TURMERIC POWDER,Shahi DAAWAT,
8901440256304,TURMERIC POWDER,Shahi DAAWAT,
8908019567762,MUSTARD SEED,VEMICA,
8908004469002,Shudh salt,Sagar,
8904199003144,Super Height Syrup,Unknown Brand,
8906070390343,Slice came,Royal,
8903236700503,Malnad Arabica Coffee,Cosmix,
8901444087850,viva salt 1 kg,viva,
8901725018146,Mad Angles Tomato Madness,Sunfeast,
8904335604266,Yogabar Whey Concentrate,Yogabar,
8908019147254,Soya Chunks,Unknown Brand,
8904011505818,Roasted Vermicelli,Double Horse,
8906010503499,Ratlami Sev,"Balaji Wafers, Makani",
8903363011992,DMart Swaad Kismis,DMart,
8904258703077,Raw Pressery Protein Milkshake Choco Mint,Raw Pressery,
8906116957134,Biozyme Performance Whey - Magical Mango Flavour,MuscleBlaze,
8906001025283,Whey protein Chocolate hazelnut,Avvatar,
8906111441157,curry,,
8906095126927,Zahidi Dates,WONDERLAND Foods,zahidi dates
8905604001373,Water,JIVO,
8904132919174,ginger garlic,DK,
8909106032385,Magnum pistachio,Magnum,
8906176320343,Tiramisu,Nik Bakers,
8904132913615,SnacTac Vanila Wafer,Snactac,
8906125982745,Cheese and caramel popcorn,4700 BC Gourmet Snacks,
8908011475003,Aqua Peya,Aqua Peya,
8902901223651,jawar,Good Life,
8904287001281,Pasta Macaroni,Bambino,
8901262300155,Aamras Kulfi,Amul,
8906066830952,kravour delicious chocho,kravour,
8901725002466,Ghee Organic,"Aashirvaad,Svasti",
8901063325654,Tosted,,
8901725018184,Sunbean Instant Coffee,"Sunbean,ITC",
8906036300348,Shree Rajgira Laddu,Shree,
8909081003394,WOWZERS,,
8909081001741,Candyman  rruitee fill,,
8901207044168,Dabur Glucoplus C,Dabur,
8901662038153,Suhana Instant Mix Khaman Dhokla,Suhana,
8908022656088,Basmatiris,Aliza,
8908022716003,Viiking Mushrooms,Viiking,
8908006024223,Grand Sweets Lemon Pickle,The Grand Sweet,
8906067028402,Advanced Multivitamin For Sports,Truebasics,
8905529000871,Forest Secrets Cold Pressed Amla Juice,Forest Secrets,
8906185240090,Isolated Whey Chocolate Chip,Deep Impact,
8906138160130,Agvit Diet Plain Khakhra,Agvit,
8906088861828,Current Phaparko Chips,current,
8901262173216,AMUL VANILLA ROYALE,AMUL,
8906095124473,Medjool dates,Wonderland foods,medjool dates
8903059606549,More choice green moong split 500,,
8906080603969,Zero Sparkling Water Green Apple,Paper Boat,
8901399900013,wipro garnet bulb,,
8904075600221,Dhaniya Powder,Unknown Brand,dry coriander
8904214504014,Garlic Mix,Raju namkeen,
8901670815654,Soya Chaap,Saras,
8901777637975,Jumbo Puff Cheesy Pizza,Vadilal,
8904335604280,Protein Minis,Yoga Bar,
8901014000531,Top ramen masala red cheruth,,
8906113440707,Peanut Butter,Nutty,
8906011145162,B-Protin DF,British Biologicals,
8901662042198,Egg Curry Masala,Suhana,
8906031251553,CHAKOTE JEERA PAV BUTTER,CHAKOTE,
8901741070616,Sodium,,
8908003115191,Osmania Biscuits,Karachi Bakery,
8906099093973,ORAWET ORS ORANGE FLAVOUR,ORAWET,
8908019567861,kadak chai,VEMICA,
8902967213429,McDOWELL'S No1,McDOWELL'S,
8906013960435,Bioline,,
8909106023307,Lux,,
8906064230549,Minced Ginger & Garlic Paste,Maharaje,
8908022656309,Basmati Rice,ALIZA,
8906165788109,Clean Whey Protein,Truebasics,
8903241230347,Suhana Soya Sauce,Suhana,
8901777205662,Banganapalli Mango Slices,Vadilal Quick Treat,
8901499011039,Kellogg's Corn Flakes  Strawberry Puree,Kellogg's,
8906009072135,Unibic orange,,
8904198802342,chips,Euro,
8906044996106,Coco Frut Stawberry,Coco Frut,
8908019567168,LEMON PICKLE,VEMICA,
8908019567175,CUT MANGO PICKLE,VEMICA,
8904104710525,jk tikka masala,,
8904104710716,jk curry masala,,
8901207049880,Khajurprash,Unknown Brand,
8901690323191,Utsav Sodium Bicarbonate,Utsav,
8905507092744,milk cookies,first crop,
8908019567717,MIX VEG PICKLE,VEMICA,
8908019567489,GONGURA PICKLE,VEMICA,
8901512917102,Date of Manutacture (MFD),,
8908019567380,MIX VEG Pickle,VEMICA,
8909081001758,ITC mint-o fresh,itc,
8908019567342,LEMON PICKLE,VEMICA,
8902433008146,Twix minis,,
8907931002962,SP GARDEN VEGGIES,,
8908019567359,CITRON PICKLE,VEMICA,
8901071702928,Hershey's guava mexican chilli flavour,,
8901725013516,yippee magic with mullets,,
8908019567854,GREEN TAMARIND (THOKKU ) PICKLE,VEMICA,
8901014000463,Nissan Hot and spicey korean chicken,,
8908013889143,AGVS Bandhu Jaggery Bytes,AGVS Bandhu,
8906008970111,Evita Popcorn,Evita,
8906009534657,Max Protein 7 Grains Protein Granola,RiteBite,
8906002730025,Chitale Foods Instant Gulab Jamun Mix,Chitale Foods,
8908024694033,High Protein Plain Yogurt,Athena,
8901262176569,Ice Lickz Orange Flavour,Amul,
8904258700489,raw guava,,
8906067025302,RAW WHEY CONCENTRATE,Muscleblaze,
8905507092737,orange cookies,firstcrop,
8905507059143,chocochips,firstcrop,
8905507041308,cashwe cookies,first crop,
8908010900148,Pintola Peanut Butter,Pintola,
8906051682207,Dark Chocolate Compound,Morde,
8906104381033,XLR8 Whey Concentrate,XLR8,
8906148690788,Baba Jadhav Red Chilli Garlic Chutney,Baba Jadhav,
8904132975491,Orange Flavoured,Campa,
8906078266558,Shortbread Cookies,Sables,
8906001052654,Kerala Prawns Fry,Mother's Recipe,
8909177008210,smart one sugar,smart one,sugar
8901058014761,Nescafé All In 1 Frappe,Nescafé,
8902080364060,Mountain dew,Pepsi,
8908011645024,Manikchand Oxyrich,Manikchand,
8908025350006,Imli (Tamarind) Chutney,Ruchira,
8901220905668,Baidyanath Aloe Vera Juice,Baidyanath,
8908006646715,Popped Lotus Seeds,Mr Makhana,
8906040412853,Pushp Soya Chunks,Pushp,
8904320007041,DiSano Honey,DiSano,
8908018963022,Riceflakes Chiwda,Babus,
8907316006370,Rose Syrup,Mother's Recipe,
8901777131060,Schezwan Paneer Kathi Roll,Vanilla,
8904083533887,Organic Hot Mixture,24 Mantra Organic,
8906031252314,Chakote Slice Cake,Chakote,
8901719113871,Parle Platina Hide&Seek Choco Rolls,Parle,
8906022281255,KeeKoo Instant Masala Noodles,KeeKoo,
8906010504199,Balaji Wafers Katak Batak,Balaji Wafers,
8904123501265,Red Banana Jaggery Chips,A1,
8906037690226,Vitamin C & Electrolytes,Hydralyte,
8904132953932,toor dal independence,,
8901764395161,Minute Maid Mixed Fruit,Minute Maid,
8901233025001,17001415 Zip Mini Chocolate Bar,Cadbury,
8904043926018,urad whole tata sampann 1kg,,
8906125982578,Sweet & Salty Popcorn,4700BC,
8906064651511,Cheesy Chipotle Sauce,Wingreens Farms,
8906090640992,Amul Noodles,Amul,
8906008134445,Super Tower Gulkand,Quality,
8901719123870,Parle-G 250g,Parle,
8906130500866,CRINOVA,CRINOVA,
8906013890695,Protein powder,Pedia Gold plus,
8906008811216,Fortune Rawa Semolina,Fortune,
8901719129285,parle krack jack 700g,,
8908002753523,Red cow ghee 200ml,,
8908009053015,NANI'S KHAMAN DHOKLA INSTANT MIX,NANI'S,
8901216812062,Kamasutra sent,,
8906009536217,Max protein daily,Ritebite,
8906067210258,Shree Siddhivinayak,Shree Siddhivinayak,
8906080601262,chikki,paper boat,
8906001026662,Whey Protein,Avvatar,
8908023883056,Bazana Pistachios,Bazana,
8904188607605,Split Mung With Skin,Saurabhi,
8901560030211,Nilson Mango Pickle,Nilson,
8906069762762,Ranch Dip,Jimmy’s,
8904238302511,real man,,
8901725112479,Dark Fanstasy Fantastik,Dark Fantasy,
8901414058255,bikano Rasgulla,,
8906020492943,lal horlicks burfi,,
8906020492752,lal Mysore Pak,,
8902901251555,murmura,puffed rice,
8906015654356,bikaram chandmal sattu laddu,,
8901721001500,prabhuji soan papadi,,
8906007780018,Vikram Kadak Dust Tea,Vikram,
8904067709321,jabsons chikki til gud,Jabsons,
8906084412918,M.O.M Nut Mix,M.O.M,
8901052024414,Egjkk,,
8906009502120,Chitale Shrikand,Chitale,
8904063225320,Masala Soy Chop Wrap,Haldiram’s,
8901552024877,Hot and Sour Kathi Roll,Ashoka,
8906016355719,Samrat MP Maida,Samrat,
8906006330665,Gemini groundnut oil,Gemini,
8901725013851,Mad Angles Pizza...aaaah,Bingo!,
8906133025724,Creation Monohydrate (Unflavoured),Nakpro,
8904463100241,Wellcore Creatine Monohydrate,Wellcore,
8908003723020,Frozen King's American Sweet Corn,Frozen King's,
8907892000601,jackpot,,
8901719134975,Parle Marie 800g,Parle,
8901220600372,Baidyanath Honey,Baidyanath,honey
8901552008143,Aeroplane Mixed Pickles,Aeroplane,
8903023005743,Vedaka Toor / Arhar dal,Vedaka,
8906014611589,Assam Golden,GS TEA,
8901808006640,Chef’s basket Macaroni Pasta,Weikfield,
8906164501686,Rustic Bell Fruit Slice Cake,Rustic Bell,
8906091301106,100% Soy Isolate,Nutrabox,
8901491003872,Lay's Korean Chilli Flavour,Lay's,
8908004944561,Chapatti,Lulu,
8901138505844,Himalaya,,
8906070132349,Premium Roasted Peanuts - Black Pepper,Sikandar,
8906010850753,Campco Dietier Dark Chocolate,Campco,
8908002854800,Cheese And Onion Soya,Promunch,
8908002584103,Export Quality flavoured tea,Lamsa,tea leaf
8906027790264,Gabaneuron 300,,
8906020490031,Besan laddoo,,
8901042971773,BESAN LADDO0,,
8901042971766,MYSORE,,
8906015500509,veg cheese finger,,
8908000718036,Fiber Powder,Up&up,
8901058018639,Milkybar,Nestlé,
8901262176521,Amul kulfi,Amul kulfi,
8908006989430,nutritius crush peanut chikki,nutritius,
8904374505463,Paneer Paratha,S. Motiram,
8908003115603,Sugar-Free Butter Cookies,Karachi’s,
8906082580794,Country Delight Protein White Eggs,Country Delight,eggs
8906010361105,Ghee Dry Fruit Halwa,GRB,
8901777325681,Curried Patra,Vadilal,
8902382100137,Gentamicina,Crema combinada,
8901090223749,Tata Coffee Gold,Tata Coffee,
8904063224903,onion samosas,haldirams,
8902167101892,MDH mushroom masala 50 gm,,
8906018303022,palmolein oil,,
8906011348808,palmdelite,,
8906001056294,Vindaloo Curry Paste,Mother’s Recipe,
8906029451965,Mrs Foodrite Tomato Ketchup,Mrs Foodrite,
8901719135170,parle monaco 700g,Parle,
8901058019841,Nestle Everyday Dairy Whitener,Nestle,
8901972060110,Dukes Bourbon Chocolate Biscuit,Dukes,
8906001055938,Madras Pappadum,Mothers Recipe,
8901719132674,Magix green Apple rs 10,,
8902901065824,Good Life Cardamom (Elaichi),Good Life,elaichi
8908000848030,Kirti Gold Refined Sunflower Oil,Kirti Gold,
8901719908682,Milk Power Biscuits,Parle,
8906149280797,Golden Bakery Majestic Bread Roll,"Golden Bakery,Majestic",
8906145151220,Mango Duets,NOTO,
8908020463008,Cruls By Crax,Crax,
8906009536736,ACTIVE PROTEIN.,Max Protein,
8906087770084,Baby massage oil,,
8906159660701,Dehaat Honest Farms Black Cardamom (Kali Elaichi) Whole,"Dehaat,Honest Farms",
8901786630509,chiken biryani masala Everest,Everest,
8906009532141,ULTIMATE PROTEIN.,,
8903363012937,Walnut,premia,
8904043500584,Cheer Cake,Modern,
8908010767918,Voll Pro High Protein Bar,Voll Sante,
8902710510034,CRUNCHY FRUIT &NUT,,
8904067712857,Cocktail Nuts,Jabsons,
8903754000994,Tata Lyfe+ Coconut Water,Tata Lyfe,
8906006723351,Buman Dates,,wet dates
8904119607049,Choco Chips Magic Cone,Top N Town,
8906019100477,Chirania Aam Swaad,Chirania,
8904147401022,Dhanajeera powder,Adani Spices,
8901725014476,Aashirvaad Shahi peda,Aashirvaad,
8901719129568,parle 2 in 1 eclairs,,
8906163833382,Date Bites dark choco orange,Farmley,
8906004565854,Pea Protein Puffs,7Diamonds,
8908017674080,Dates,Nick Mics,date (wet)
8906042150685,Sewayian,Anil,
8906013661431,Silver Soya Refined Soyabean Oil,Silver Soya,
8906185240205,Mango Vanilla Concentrate,Deep Impact,
8901365405986,Prestige Efficia,Prestige,
8906064705306,Banana Sweetened Jaggery,Malabar Delights,
8906033400058,milma ghee,milma,
8906067290496,Zestovit4G,Unknown Brand,
8908015298011,Gokul Mamra,Gokul,
8904022916221,Kiks cracker cheese,Bonn,
8904022916238,Kiks Cracker Italian Herbs,Bonn,
8901262177122,Tricone Butterscotch,Amul,
8906011141645,BSURE Vanilla Flavour,BSURE,
8906117361558,Country Delight Sugar,Unknown Brand,cane sugar
8902901127263,Curate Kimia Dates,Curate,
8904327600887,Peanut butter,MyFitness,
8906188960131,sugar free cashew cookies,Unibic,
8901719128127,Moong Dal,,
8908014744076,senetaigar,scion,
8906031171172,White Rice,Sarveshwar,
8901063338555,100% Whole Wheat Bread,Britannia,
8904300203296,Tez Tadka Masala Noodles,Trdp Mario,
8907316000804,samosa,,
8904063255075,Pista Burfee,Haldiram’s,
8906100592037,Vaveda Kiwi Aloe Vera Flakes & Juice,Vaveda,
8906160650258,Mr Makhana Pudina Party,Mr Makhana,
8902171000303,chittchore salted moongdal,chittchore,
8901314013392,Colgate powder,,
8906166220028,Unifit Whey Protein Brownie,Unifit,
8906015010046,Bail Kolhu Kachi Ghani Mustard Oil,Bail Kolhu,
8902979031523,Lemom Bhel,Garden,
8906127551642,Supernatural Peanut Protein Powder Kesar Mango,Alpino,
8908015543197,Green protein,Protein Powder,
8909177014990,Daily Good,Daily Good,
8906001026624,Malai Kulfi Whey Protein,Avvatar,
8906002081516,Sakti chicken masala 50,,
8908011776025,Moong Special Papad,Annkoot,
8906004561665,Classes penuts,,
8903363009319,DMart Premia Til Roasted,"premia,DMart",
8906001023807,Go pizza cheese,Go Cheese,
8906107154382,Almond Miracle,Nutty Affair,
8906117362302,Country Delight Instant Oats,Country Delight,rolled oats
8906135452351,Apple Cider Vinegar,Boldfit,
8906158360046,Crispy day,,
8907233388856,Bundle of Joy,Mee and Mee,
8906095126668,Arabia dates,,
8908008683145,Jackfruit & Millet Cookies,Weleet,
8902080002368,Gatorade 250 ml,Gatorade,
8901662042075,Suhana Veg Biriyani Mix,Suhana,
8908007009021,Vitthal Refined Soyabean Oil,Vitthal,
8908010029191,Smile Green Peas,Smile,
8906016016153,CHIA SEEDS,Tulsi,chia seeds
8906113491198,Honey & Nut Crunchy Muesli,Joyfull Millets,
8901963400017,Gamberetti,Cap,
8901042968971,3 Minute Breakfast - Kesari Halwa,MTR,
8901063142534,BRITANNIA nutri Choice,BRITANNIA,
8901512549518,Butter pepper,,
8906099200890,Gokul Mustard Oil,Gokul,
8908024409002,Cravve Momos,Cravve,
8901058894967,Polo candy,,
8906088701070,Wild Vanilla Instant Coffee,Colombian Brew Coffee,
8908022604713,Hex Juice,Hrx,
8906117090779,Rice Popped Chips,BRB,
8906021510608,GANGWAL BESAN,GANGWAL,
8906025890034,Shri Varalakshmi Double Dolphin Sabudana,"Shri Varalakshmi,Double Dolphin",
8901365740803,Prestige LPG hose,Prestige,
8906080604317,Sparkling Water Yuzu Orange,Paperboat,
8901552023795,Malai Paneer,Ashoka,
8906136651982,High Protein Muesli,Pintola,
8904067712284,Salted Sabudana Mix,Jabsons,
8904004407594,Taka tak,,
8908000275096,City gold elaichi 250&,,
8906069406079,veeba  tamato,,
8906144121644,Wheat Porotta,Ammachie’s,
8904071701144,Moong Dal Fried,Chheda,
8901138841010,himalaya puppy healthy treat,himalaya,
8903553601057,Mango Pickle,Unknown Brand,
8901719130762,parle 20-20 604.8g,,
8904049651938,alishaan basmati rice,Alishaan Super,basmati rice.
8906004560514,Chulbule Chatpata Masala,Chulbule,
8908002506495,Royal Peacock Emperor Dates,"Emperor Dates,Royal Peacock",
8901063408203,Britannia Come Alive Dahi,Britannia,
8906029452177,Mrs Foodrite Szechuan Chutney,Mrs Foodrite,
8908015845086,Gokul Dahi,Gokul,
8901552011969,Coconut Shreds,Ashoka,
8906055440483,Organic Sonamasuri Brown Rice,Organic Tattva,
8908005459026,Quinoa 100% Organic,Nourish You,
8901777572146,Sitafal Basundi,Vadilal,
8908024694019,20g Protein Blueberry Greek Yogurt,Athena,
8901030926587,Pepsodent 1.5gm +1.5gm,,
8902346012377,Electral Ready to Drink ORS,"Electral,FDC",
8906082833500,Rusk,POLKA,
8906095123865,Wonderland Chilean inshell walnuts,Wonderland,
8901044400745,Strawberry fruit crush 1ltr,,
8906052860147,Chilly Garlic Cashews,Zantye's,
8908013194308,Cuban Watermelon Mojito,Borécha,
8908006931965,Riz Étuve Lutik,,
8908006931958,Riz Basmati Lutik,,
8906069492539,Millets,Nitya,
8906009079714,Almond & Oats,Unibic,
8906054031347,Roasted Makhana Gorgon Nuts Black Pepper & Himalayan Salt,Pop Mak,
8901088759533,Masala Oats Classic Masala,Saffola,
8906081380609,Velluli Karam Podi,Telugu Foods,
8901719130090,PARLE HAPPY HAPPY,,
8904120400479,Jalapeños Sliced In Brine,Abbies,
8901063365131,BRITANNIA marble cake,,
8906064919819,PL Turkish dried Apricot 200gm,Unknown Brand,
8906027998790,Mark premium Nut Urge cashew special,"Mark premium,Nut Urge",
8909106024502,horlicks classic malt 1kg,,
8906020491342,Mysore pak,Lal sweets,
8906034161521,lido,,
8908003907598,Bennevis Bruxelles,Bennevis,
8904465000129,c'bon  crn flakes,,
8906008674262,Low Fat Paneer,Vatan Se,
8901107042486,Lupin Life Apptivate,Lupin Life,
8904071702189,potato chips,Chedda's,
8901719124853,PARLE HIDE AND SEEK,PARLE,
8901544064461,ICONIQ WHITE WHISKEY,ICONIQ WHITE,
8904198805534,sev mamra,Unknown Brand,
8901548100776,Probiotic Butter,Nutralite,
8906166220011,"Honey, Raisin & Almond Muesli",Unifit,
8906028552557,R pure anardana powder 100 gm,,
8906057330041,Dwarkesh Mango Slice,Dwarkesh,mango slice
8906092031989,Sunny's Foods Chakli,Sunny's Foods,
8906012280114,Cardamom Chai,GeeBees Chai Gold,
8906156483495,Sprouted Moong Chilla,Khetika,
8901262040211,Amul Amrakhand,Amul,
8906006170148,Rice Puffs,O’Yes,
8908021459024,Magna Orange,Magna,
8906009993645,Elite Carrot,,
8904004422108,Chips Haldiram's,,
8908005312604,Hawaiian Barbecue Cheese Popcorn,4700BC,
8908003115948,Pista biscuit,,
8906065030629,Classic tea-time biscuits,,
8901719132254,Black Bourbon,,
8906017861363,MILK RUSK RUSKIT,,
8904043552002,Wheat Rusk,Modern,
8908012987598,Whey Protein Choco Crunch,Trunativ,
8906125982653,Caramel Popcorn,4700 BC,
8908009192080,Jeera Pepper Rasam,Indira,
8906077360905,Jagger Powder,Jaimin,
8901786142002,Everest shahi biryani,,
8904221697471,L-Carnitine L-Tartrate,Aditi’s,
8901262150200,Amul Gold 500ml,,
8901719134999,parle 20-20 1kg,,
8901719135323,parle krackjack,Parle,
8901063365919,Britannia Gobbles cake butter blast 28gm,,
8902268012530,Anmol chocolate cake 30gm,,
8902268012554,Anmol pineapple cake 30gm,,
8902710510058,SWISS STYLE,,
8902080002689,APPLETINI,Tropicana,
8902080002061,POMEGRANATE,,
8902080002672,LITCHI LOVE,,
8906009990699,Elite CHQCO ORANGE,,
8906009990705,Elite DREAMS CHOCO PINEAPPLE,,
8906009993157,ORANGE FRUITY CAKE,,
8906009993164,DREAMS PINEAPPLE,,
8906009994161,FRUIT CAKE,,
8906009993829,Orange Elite,,
8906009993812,Cake Milk,,
8904043550213,Cake modeRn,,
8904320018351,DiSano Peanut Butter Crunchy,DiSano,
8902269516624,A to Z tablet,alkem,
8901063093607,8901063093607(565),Britannia,
8906009504186,Chitale Tup,,
8906000591826,rice,,
8904271201703,hhuu,ghg,
8902579003326,LASSI!,,
8901262201902,Amul Stirred Fruit Yoghurt Pineapple,Amul,
8906017861318,RUSKIT BISK FARM,,
8901719127977,PARLE PIRIPIRI 1ONACO,,
8901928041217,BISK FARM PARLE,,
8908008551017,Navdurga Flavoured Fennel,Navdurga,
8908000420120,Green chilli Sauce,,
8903363010544,DMart Premia Matki,DMart,
8906108305158,Pumpkin Seeds (RAW),Popular Fit - Eats,pumpkin seeds
8906016491738,MILK RUSK,,
8901063092839,Good day 5rs,,
8903386504730,Ajinomoto,,10
8906005618146,Winkies centre filled cake 30gm,,
8901030926600,pepsodent,hul,
8901396173502,harpic,,
8908014080174,Gupchup,,
8901262300544,Epic Almond Gold With Belgian Chocolate,Amul,
8904132919396,Dosa,,
8906081922090,Plant protein +,Carbamide forte,
8906075005730,Bun Pav,Atul Bakery,
8906041300296,frozen green peas,premier,
8906005502704,BIKAJI Gulab Jamun 500g,Bikaji,
8904063210425,Long Gulab Jamun,Haldiram's,
8906018562290,Tandoori Tikka Masala,Sputum,
8906081387479,Cow Ghee,Telugu,
8906169992748,Sweet Karam Coffee Madras Mixture,Sweet Karam Coffee,
8906133026264,Skimmed Milk Powder (Spray Dried),Nakpro,
8906183980011,Isorich blend whey protein,Beast Life,
8900000078738,Brownie Almond Crisps,Hueza,
8906133312305,butter shortbread biscuit,Karachi Bakery,
8906020461758,Baker’s Loaf Oatmeal Bread,Harvest Gold,
8908019314144,My name is brown bread,Callerio,
8904258703282,MASALA LEMON Shikanji,Raw Pressary,
8904287002189,Bambino Baliyan Seviyan,Bambino,
8908000596276,Budweiser MAGNUM,Budweiser,
8908004201060,Sri Trisul Idly Ravva,Sri Trisul,
8906078263526,Marie Cookies,Mrs. Bectors Cremica,
8908018251440,Artos,Artos,
8904221695941,Whey Protein Cafe Latte,Atom,
8904075602256,Bharat Masala Soyabadi,Bharat Masala,soya flour
8904327600443,Original Peanut Butter,My Fitness,
8906082370098,nic alphonso mango,nic,
8902080110001,Sting Gold,Sting,
8908009515360,GetKrrackin! Chikki,GetKrrackin!,
8901058021066,Munich choco fills,Nestle,
8901030713286,Nark Crowne Swas,Knorr,
8906009536460,RiteBite Max Protein  Jaggery Crunchy Spread Peanut Butter,"RiteBite,Max Protein",
8906009076843,Unibic Signature Cookies,Unibic,
8906049252481,Diwadakar's Ajit Sandwich bread,"Diwadakar's,Ajit",
8906008351545,Manna Black Dates,Manna,black dates
8902286051160,Visakha Dairy Ganga Special,Visakha Dairy,
8904038410416,Panda Garlic Pickle,Panda,
8904335602293,Yoga Bar Instant Oats+,Yoga Bar,
8901414004986,Mixture,,
8902133058144,Sangam Buttermilk,Sangam,
8906091900866,Sorghum Puffs - Peri Peri,Roast Foods,
8902901130003,Kadul seed,,
8901058019674,Ceregrow,,
8904089920629,Curd,Heritage,
8906005618603,Mini Swiss Roll (Choco-Vanilla) [10 Rs],Winkles,
8904335601326,Chia Seeds,Yogabar,
8906079010334,Luvit Pops!,Luvit,
8904004708356,Lora D,,
8901302053195,Fexofast 180,,
8901058020304,Munch max butterscotch,Nestle,
8901086130013,Metrandizol Inj,,
8908022254956,Phab 10g Protein Milkshake Coffee Tiramisu,Phab,
8901086040091,Dicloran,,
8906148420484,Hydrocortison sodium,,
8901155832213,Paneer Makhani,Gits,
8904103030396,It's a indian Pickle,,
8906095290635,Onion Kodubale Rings,Adukale,
8901041000597,Salty Salt Biscuits,Salty,
8906149260546,Banana Wafers,Raj Amrit,
8906017290095,Bisleri Water,Bisleri,
8906024481035,Dodla Curd,Dodla,
8901786761005,Ginger Garlic Paste,Everest,
8901719130380,parle platina,,
8901808007593,Green Chilli Sauce,Weikfield,
8906016415253,Jersey Toned Milk,"Jersey,Godrej",
8908004011324,MILK BISCUITS,,
8906038230162,Salami,Zorabian,
8906038230186,Spicy Sausage,Zorabian,
8906006787988,Surabhi Mango Pickle,Surabhi,
8906000598108,1121 XXXL Basmati Rice,Rawabi Gold,
8908022776588,otikee ear drops 30ml,,
8906102180263,auriko ear drop,,
8906006852297,Mississippi Mud,Baskin Robbins,
8906095290895,Masala Groundnuts,Adukale,
8907316007766,Garlic Chilli Sauce,Mother Recioe,
8906020491984,Milk Cake,LAL,
8906020492820,Horlick's Burfi,LAL,
8906174453197,7 Bazaari Chatpata Cranberry,7 Bazaari,
8901499009791,chocos Fills,Kellogg's,
8906001052807,Spice Mix For Kadai Paneer,Mother’s Recipe,
8901414048294,Panjeeri Laddu (Sweetened Wheat Flour Balls with nuts,Bikano,
8904327601976,Dark Chocolate Peanut Butter,My fitness,
8908013950362,Plix ACV,Plix,
8901030726590,Korean ramen gochujang chicken,,
8904132956896,independence,,
8906133020804,Creatine Monohydrate,Nakpro,
8901058017595,Ceralac,,
8901111046074,Creme mometasone,,
8906113370752,DiltiaRecto,,
8901725019266,Atta With Millets,Aashirwad,
8901444095930,Nurto plus peanut butter 340g,,
8906137330411,G2 Wheels,G2,
8901725105907,Fabelle Tiramisu Chocolate Bar,Fabelle,
8905507000930,vinegar,imli tree,
8908005879275,Panjwani,Panjwani,
8908022604676,25gm Protein Shake Chocolate Oatmilk,HRX,
8906103970047,Shree Jal Coconut Water,Shree Jal,
8905012345038,Rajwadi Haldi Powder,Rajwadi,
8907848001799,Vijaya Style Plus Arogya Lakshmi,Vijaya Telangana,
8904091105816,Canoio V6,,
8904057395169,Arokya Curd,Arokya,
8904462000054,Itrahof 100,,
8908003718439,Groundnut Oil,Gem's Gold,
8906045941815,Clinvag,,
8901095000031,Tea Powder,Society,
8908003331430,Tenali Double Horse,Maharani's,
8904100770110,Sweet Bun,Arani’s Bakers Fresh,
8908005698463,Far Far Mix Fryums,Balasa,
8901246001429,CLASSIC BLEND TCMATO KTCHUP,,
8901207028625,dabar aaula oil,,
8908000295797,Mukhoarochak Sweet & Sour Chanachur,Mukharochak,
8908000295384,Mukharochak special papri chanachur,Mukharochak,
8908000295780,Mukharochak special papri chanachur,Mukharochak,
8908000295124,Mukharochak kabuli chana,mukharochak,
8908000296336,mukharochak dhaniya peanuts,mukharochak,
8908000295261,mukharochak khatta mittha chanachur,mukharochak,
8906000210031,Pilsbry chakki fresh atta 2kg,Pillsbury,
8908000295902,mukharochak Lite chiwra,mukharochak,
8901138504564,Himalaya mud musk,,
8908000295278,mukharochak Chowkhas namkeen,,
8901721000107,Prabhuji  Chat Pata,,
8906009994215,Elite Black Raisin Cake,,
8901302059234,Nebilong,,
8906064654246,Naan Chips Butter Garlic,Wingreens,
8906008811483,Fortune Sugar,,
8906010502249,Chana Dal,Balaji,
8906141780684,Zero Sugar Millet Oatmeal Cookies,Artinci,
8904278593771,acyclogal,,
8901058019452,Milkybar,Unknown Brand,
8906069402682,BURGER VEEBA MAYONNAISE,,
8906041570019,Pride Of Cows Milk,Pride Of Cows,
8906027713645,Govind Dahi,Govind,
8906064654239,Naan Chips,Wingreens,
89080276,Sunrise Coffee,,
8901928371505,BISK FARM,,
8906009994185,Dates ELite,,
8906009994178,Elite sliced Pudding Cak,,
8901302051115,Amlong 5,,
8901302053904,Amlong 10,,
8908004997864,Pork Garlic Krakauer,Prasuma,
8901071700320,Nutrine Lollipop,Nutrine,
8906059636868,Turbo Yogurt - Mixed Berries,Epigamia,
8906123323366,شاي كرك شاي بدون سكر,,
8906123323342,شاي كرك زنجبيل بدون سكر,,
8906125980208,Cjeese Popcorn,1100,
8906143620278,Protein Thins Pani Puri,Prolicious,
8901058905090,naturo,Unknown Brand,
8904390600128,Atta Biscuits,Lyallpur,
8908009918048,Protein & Herbs,Oziva,
8901063301283,Atta Bread,Britannia,
8905507066875,full bloom instant coffee,full bloom,e coffee beans
8906041570125,Low Fat Milk,Pride Of Cows,
8901262020435,Pizza Cheese,Amul,
8901721000527,prabhuji tok jhal Misti spicy spin,prabhuji,
8901721000190,prabhuji khatta mittha,,
8901721000268,prabhuji all in one mixture,prabhuji,
8901662024798,suhana sambar masal,,
8901111051368,Lastavin Am 5/160,,
8901111051375,Lastavin Am 10 /160,,
8901111078013,Lastavin am plus 5 _160 _12.5,,
8904063254603,Tea Time Khari Original Crispy Puffs,Haldiram’s,
8901030966149,Knorr Red chilli sauce,,
8901440224167,Eastern Parippu Payasam Mix,,
8901440224044,Eastern Semiya Payasam Mix,,
8901042962252,BADAM MTR Badam Milk,,
8908016793416,Chili oil 2x,Master Chow,
8906009992594,CUPCAKE CHOCO,,
8904002504608,MINERAL WATER,MASQATI WATER BOTTLE,
8908020733088,Avolt Birthday Cake Flavour Protein Wafer Bar,AVOLT,
8906009994260,centoz cupcake,centoz,
8906088861279,Current masala noodles,,
8906088861736,Current veg,,
8906088860265,Current hot lemon,,
8906041271794,Rich plavex,,
8901302097304,Plagerine,,
8906019771974,Black Raisins,Nutraj,
8901302203484,Pantofage 20,,
8904187881426,Kwixium 40,,
8901111591215,Aprazole 40,,
8901111985113,Aprazole 40,,
8904091126309,Esoz 20,,
8904168783978,Edamame by Big Sams,Big Sams,
8906161742600,Vomirid,,
8906096001070,Novidox,,
8906148420897,Navixine,,
8906046083194,Levo 500,,
8906148421757,Farocol,,
8901111045718,Zaha,,
8906019647460,Digene,Abbott,
8906161741870,Apoxime,,
8901111084199,Fixim,,
8906136650596,Peanut Butter,Pintola,
8901777322086,Paneer Tikka Masala,Vadilal,
8904104737010,jk pav bhaji masala,,
8906159660732,Dehaat Tamarind imli,,
8903023306055,more coriander powder 200g,more choice,
8901725125165,Aashirvaad chilli powder 200g,,
8906159660565,Dehaat black paper whole 100g,,
8906159660602,DeHaat black mustard,DeHaat,
8904090903659,Khara Boondhi,Rajam Snacks,
8908002854442,Vama oil,,
8901248164276,with the double power of Neem & tulsi,dermi cool,
8901220004811,Isabgol,Baidyanath,
8906145631739,Mangopoint Vibe,Mangopoint,
8908012365730,purabi kesar,,
8904132965645,SS urad dal 500,,
8901414001015,Bikano Khus Syrup,Bikano,
8904090903680,Omapodi,,
8904323504608,Turmeric Chana,Megh,
8906067051073,Imli candy,Shree,
8906044905481,Markfil 100,,
8901560153316,NILONS mango pickle,,
8901560000016,NILONS (Green Chilli Pickle),,
8906085762487,Sheetal Foods Noodles,Sheetal Foods,
8906005912565,Aakash Potato Bite,Aakash,
8909081003332,Candman tadka,,
8901111051320,Lastavin 160,,
8908022803024,PR Golden Tea,PR Golden Tea,
8900602002506,Haritham semolina,,
8901440002253,Easter idli podi,,
8906014080033,Brahinins rice powder,,
8908016420091,Maida,Kalash,
8901689030451,Malas,,
8906071880188,Marvella Layered Strawberry Flavoured Cake,Lavina Exotique,
8906088702954,Chocolate milk,,
8901248126175,Boro plus 100 ml,,
8906183982114,Pro Concentrate Whey Rose,Beast Life,
8904004405064,soan Papdi Chocolate,Haldiram’s,
8901111071427,Vildaril M ** 50/1000,,
8901111071441,Vildaril M ** 50 / 1000,,
8901719918742,Nice Coconut Biscuits,Parle,
8906005911124,Sohan papdi,,
8904221699390,Soy Protein Isolate,Asitis,
8906036840042,Kurrakan Flour,Subash,
8901246007032,Rajajinagar reliance smart bazar,Del Monte,
8906073370014,Sweetcorn,Veggie Feast,
8904063213884,Bhanagari Gathiya,Haldiram,
8906116954041,Protein Powder,MuscleBlaze,
8904064600270,Roasted Split Chickpeas (phutane),Chakra,
8906193470236,Sea Salt And California Almonds,Carra,
8906077360660,Black Pepper Papad,Jaimin,
8901117232709,Prolyte o r s,,
8906020580770,Malabar Parota,iD,
8904462000016,Alben hof,,
8904462000023,Cyprohof plus,,
8908024694026,Mango Greek Yogurt,Athena,
8901302193334,Dolo 250,,
8906044900349,Profimark,,
8906081304353,Sirofen,,
8907003501485,Murukku,Adyar Ananda Bhavan,
8906063892298,Chicken Breakfast Sausages,Le Carne,
8901777886786,Chocobar,Vadilal,
8901721010205,prabhuji elachi patisa,,
8908019839234,Pistachio Praline Brittle,Cacao,
8901814001837,Signutra Groviva,Signutra,
8901063004238,CHOCOCHIP,,
8908003254579,Malpani's Bake-lite Fruit Cake,"Bake-lite,Malpani's",
8906145220735,Fucirays,,
8908000974180,Sunland Oil,,
8904063255303,nut,,
8906196240249,HRX Vanilla Protein Shake,HRX,
8901111002711,Aquasoft,,
8906159951366,Aq dexa,,
8901111008041,Unibrom,,
8906077361384,Pani Puri,Jaimin,
8901037221517,Girnar Royal Cup Tea,Girnar,
8901030404603,Brooke Bond Super Dust Tea,Brooke Bond,
8901324003369,Honey,Unknown Brand,
8901396139003,LIZOL 975ML,RECKITT,
8906097570056,Sunlily Refined Sunflower Oil,Sunlily,
8906165744655,Muscleblaze Micronised Creatine Monohydrate,Muscleblaze,
8901044117216,Mazaana Chocolate Almond Dates,Mazaana,
8906146150000,TMH Karapodi,TMH,
8901123002440,Pepero Crunchy Biscuit Sticks,Lotte,
8901123002433,Pepero Original Biscuit Sticks,Lotte,
8901888003713,Red,,
8901888003836,Red,,
8908905753965,Hawaban Harde Drakshol,Hawaban Harde,
8901246006967,Tandoori Mayo,Del Monte,
8901042971865,Badam Drink,MTR,
8908005890027,Gingelly Seeds,Godavari,
8904304715146,Pearl Millet Noodles,Shasta Foods,
8906143892231,Cold Coffee Whey Protein Isolate + Concentrate,The Whole Truth,
8901030718953,Horlick biscuit,,
8906108531236,inchi,,
8908024403154,Dates Diet,Kandoi,
8901512558404,ACT II popcorn butter delight,ACT II,
8901058018677,Rich Tomato Ketchup,,
8901595864300,Crunchy Fried Chicken Mix,Smith & Jones,
8901786172009,Everest Tandoori Chicken Masala,Everest,
8908014062262,Saffron Home Roasted & Salted almonds,Saffron Home,
8908021322007,Honest w180 Whole Cashews,Honest,
8901144102006,Tilda Basmati pure original 20kg,,
8906097599477,Reload Orange Rush,Fast&up,
8902027006619,Bunjoy,Bimbo,
8908010999579,Origin136g,,
8905507059136,cashew almond,first crop,
8908001327022,bn dark sea,,
8906036846631,Kardamom,Spicelands,
8902167001222,Sindhi Biryani masala,MDH,
8906004565847,PUFF,7 Diamonds,
8901414024731,Garlic Tandori Naan,Bikano,
8904084519156,Baidyanath Triphala Churn,Baidyanath,
8901958001793,Egg White Cube,Best,
8906011224485,Kaju masoor,Morano,
8906126100056,Chocolate Chips Gelato,Nomou,
8906020462038,High Protein Bread,Baker's Loaf,
8906064658848,Pizza And Pasta Sauce,Wingreens Farms,
8904398600267,Dimestil,,
8906120100496,Jumbo Irani Pistachios,Farmley,
8906030159959,Punjabi Rajma,Tirupati’s,
8906113370806,No plan emergency,,
8905887002937,Bondivas,,
8906069405317,Tasty Pixel Choco Bliss Syrup,Tasty Pixel,
8901058018400,Nestle Ceralac,,
8901393019766,Chupa Chups,Wires,
8906000610718,Chilli Garlic Potato Bites,Mcain,
8906116954171,Muscle Blaze Performance Whey Chocolate Hazelnut,Muscle Blaze,
8901719130854,Melody Chocolate,Parle,
8900185248339,ghee,krushna,
8902689681728,CHILLI GREEN,Reliance Retail,
8901719135859,Hide and seek,,
8901531300015,Exp. Date:3 yrs. from date of Mfg.,,
8907316006172,Mother's Recipe Panipuri Mix Paste,Mother's Recipe,
8906133026813,Impact Whey Protein,Nakpro,
8908024068339,Classic Millet Chikki,Troo Good,
8904077201730,Manchurian Khakhra,Maniarrs,
8906020490178,Besan laddoo,,
8908010525303,Maruti Bread 60/-,,
8906133024888,Perform Whey Protein Concentrate,Nakpro,
8901302097618,Divon sr,,
8906112840928,Peanut Butter,AL ZOHOUR,
8901708037737,Coriosurge xp 5000,,
8901708037744,Coriosurge xp 10.000,,
8906113370332,Betacen,,
8903703009467,Iron sucrose inj,,
8908040634464,国産長州どり 炭火焼き鳥,肉のハナマサ,
8909165897253,Fish cleanser,,
8906170520312,Whey Concentrate,Nutrabay,
8906107214482,Spiced chickpea crisps,Flyberry,
8906009993584,Dates Pudding Cake,,
8906014105903,Halosan,,
8901111083581,Fixim 200,,
8901111083598,Fixim 400mg,,
8906014105095,Vancosan,,
8901302124307,Bactoclav 1000,,
8901296111215,Enhancin 1000g,,
8901111210116,Calrithromycin 500,,
8901175021376,Koact 1000,,
8906165781612,"Biozorb Iso-zero, Low Card Tropical Mango",Muscleblaze,
8906108305134,Sunflower Seeds,Popular,
8906165781537,Biozorb Performance Whey,Muscleblaze,
8906117361275,Natural Cow Milk 2x Protein,Country Delight,
8903241850170,RED CHILLI SAUCE,Suhana,
8904209303424,Brinjal Thokku,Aachi,
8903023006184,Vedaka Cashews - Broken,Vedaka,cashews
8906177760780,Smoked Cheese Slices,Akshaykalpa,
8906107173598,Ham And Cheese Spring Rolls,Prasuma,
8908025531085,Paapi Pudina,Killr,
8906014643870,Gagan kachi ghani mustard oil,Gagan,
8906014643030,GAGAN VANSPATI,"Gagan,Bunge",
8904132974234,INDEPENDENCE DESI GHI,,
8904132968776,Independence,,
8904132966635,Independence desi ghi,,
8901262030892,Amul buffalo ghee,Amul,
8906014643047,Gagan vanspati,"Gagan,Bunge",
8906053120158,Amruta Tea Family Elaichi Chai,Amruta Tea,
8904405939953,Dolphins Tasty Lemon salt soda,Dolphins,
8902346035260,Electral ORS Pina Colada Punch,Electral,
8901302054246,Cefex 500 cap,,
8901220465148,Baidyanath Sitopaladi Churna,Baidyanath,
8901111256121,Apcycline 250,,
8906112661233,Oats,True Elements,
8901111827215,Loxim 15,,
8901848000769,Rasna Fruit Juice,Rasna,
8901111398128,Optifenac 25mg,,
8901111258125,Optifenac 50mg,,
8901063162464,BRITANNIA marie GOLD,Britannia,refin
8901117276192,Cipla Nicotex Mints,Cipla,
8901220905712,Baidyanath Siddhayu Karela Jamun Juice,Baidyanath,
8903241110557,Pravin Mango Pickle,Pravin,
8906108302768,Desicated Coconut,Popular Essentials,
8904057301467,Butterscotch ICone,Arun,
8908001948104,Kayam Churna,Kayam,
8908016927217,Japanese Wellnex Marine Collagen,Yourhappylife,
8906081922939,Carbamide Forte Fish Oil,Carbamide Forte,
8902901028300,GOOD LIFE PHYSICALLY RICE BRANOIL,,
8909340000072,Plant Protein Pro,Cosmix,
8906001051312,Mother's Garlic pickle,,
8902271682256,Kissan desi khand,,
8906020491243,Mysore pak classic,,
8902188818052,Ramdev Garam Masala,Ramdev,
8902188825050,Ramdev Chat Masala,Ramdev,
8902188861058,Ramdev Kitchen King Masala,Ramdev,
8902188210528,Ramdev Pavbhaji Masala,Ramdev,
8902188820055,Ramdev Tea Masala,Ramdev,
8902188822059,Ramdev Chhole Masala,Ramdev,
8902188824053,Ramdev Sambhar Masala,Ramdev,
8902188848059,Ramdev Shahi Paneer Masala,Ramdev,
8904430103763,Gajanand Aachar Masala,Gajanand,
8902188835080,Ramdev Idli INSTANT MIX,Ramdev,
8902188832089,Ramdev Khaman INSTANT MIX,Ramdev,
8902188836087,Ramdev Dhokla INSTANT MIX,Ramdev,
8902188843085,Ramdev Handvo INSTANT MIX,Ramdev,
8902188837084,Ramdev Dhosa INSTANT MIX,Ramdev,
8902188834083,Ramdev Dahiwada INSTANT MIX,Ramdev,
8902188833086,Ramdev Dalwada INSTANT MIX,Ramdev,
8902188839088,Ramdev Gulab Jamun INSTANT MIX,Ramdev,
8901725120139,Mom's music butter,,
8904082760406,Uttam MAIDA,Uttam,
8901719121647,2020 butter cookies,Parle,
8902901923957,Almond,,
8906095128068,Wonderland Cashew value pack,Wonderland,
8906095120727,Wonderland  Anjeer,Wonderland,
8908017778856,P L Pistachios R & S,,
8906081386298,Ice Apple,Telugu Foods,
8901396389705,Moov Spray,moov,
8904090906780,Nachni Mixture,Unknown Brand,
8901648003885,Probiotic Premium Chach,Mother Dairy,
8908021745363,Chana Papad,Buldhana Urban,
8906002528578,Nero water 1ltr,,
8908000502017,Sunpure Sunflower oil,Sunpure,
8908000502048,Sunpure oil 1 ltr pet bottle,,
8906033744848,Mc vities Tasties,,
8906005503725,BIKAJI Shahi Mixture,,
8906019564262,Farali Chiwda Tikha,"REAL,Bites!",
8901044431138,Mapro Orange Fruit Crush,Mapro,
8901044431121,Mapro Pineapple Fruit Crush,Mapro,
8906163830497,Farmley Makhana Munchies,Farmley,
8906010503222,BALAJI CRUNCHEM Simply Salted,,
8903241230286,GREEN CHUTNEY,"Suhana,Pravin",
8903241230330,GREEN CHILLI SAUCE,Suhana,
8903245430224,DATE TAMARIND CHUTNEY,Suhana,
8906002008551,Pasta & Pizza Red Sauce,"Dr. Oetker,Funfood",
8906021924627,Ginger Garlic Paste,,
8908003823041,Toofani Garlic Chutney,Satyavijay,
8908003823003,Mint Paste For Panipuri,Satyavijay,
8908003823089,Tamarind-Dates Chutney,Satyavijay,
8906002006496,Sandwich Spread (VEG Cucumber & Carrot,,
8903241230354,(Suhana) SCHEZWAN CHUTNEY,,
8909081006012,Yippee Noodles,,
8901262030182,Sagar Pure Ghee,SAGAR,
8906020971516,Cow GHEE,SARAS,
8906092040097,KUTCHHI DABELI MASALA,H.K. Gopal,
8904430111935,GAJANAND Premium Rajwadi GARAM MASALA,,
8906072540043,Shresth Butter Milk Masala,Shresth,
8906006786394,Ginger Garlic Paste,Surabhi,
8904300203388,Coconut Crunchy Biscuits,TRDP Mario,
8906020495098,Halwa Gheepista,,
8901242107675,Roasted Vermicelli,Bambino,
8908000277557,Thrissur Spicy Mixture,Viswas,
8908011751005,Neoskin,,
8903023287934,Dry mango (Amchur) Powder,"More,choice",
8901058905588,nestle munch 48g inner24,,
8901808000747,Baking Powder,Weikfield,
8906143891579,Cold Coffee Protein,Whole Truth,
8906069405997,veeba soya drizzle 25/-,,
8908000275591,Laddu,Viswas,
8906163070589,Basmati Rice,Al Amir,
8908017778849,Pistachios Roasted & Salted,Unknown Brand,
8906095120581,Pistachios Roasted & Salted,Wonderland,
8902133055297,Flavoured Milk Pistachio,Sangam,
8901648001744,Cold Coffee,Mother Dairy,
8906069405645,Chipotle Southwest Sandwich Spread,Veeba,
8901058008531,koko krunch,nestle,
8908024361249,Homogenized Cow Milk,Provilac,
8904482000409,Hamdard Sat Isabgol,Hamdard,
8906014018012,Moong Sada Papad,Desi Andaz,
8906014018050,Chana Papad,Desi Andaz,
8906161540183,Choco Almond Bliss Centre Filled Protein Bar,Stroom,
8906151141567,Omega 3,Tata 1mg,
8904083309178,LACTOSE FREE MILK,Milky Mist,
8906117400103,Almond Butter,The Butternut Co,
8908016773265,Bread,Yolo,
8906107172393,Asian Chicken Mince,Meatigo,
8901719109461,Nice Sugar Sprinkled Coconut Biscuits,Parle,
8907432025859,Refined Flour,Swaad,
8906001051169,ماذرز رسيبي( مدراس مسحوق الكاري ),,
8906165785061,Icy Orange,Muscleblaze,
8904045815808,royal dery fesh,,
8904188607698,Urad dal with skin (split),Saurbhi,
8904188607636,Split Chana dal,Saurbhi,
8904430111140,Daliya Roasted chana,Gajanand,
8906078671048,mango lice cake,swissyum,
8908003190839,Skimmed Milk Powder,Suruchi Dairy,
8906002485925,M and M,Mnm,
8904221699536,Whey Protein Concentrate Unflavoured,As It Is,
8908000284531,Burger Chips,Neo,
8908017366435,Protein Bhujia Mint Flavor,Shaka Harry,
8906027947644,Brown Rice With 5 Ancient Grains,Eat Regal Ancient,
8904090903758,Corn Mixture,Rajam Snacks,
8908013140459,Sparkling Water,Jimmy's,
8906008813913,Charminar select,kohinoor,
8906021651059,GANGBAL BESAN SADA,,
8906133027209,Impact Whey (Vannila),Nakpro,
8908019489521,Butter Masala Gravy,Cookd,
8907093005399,Kerala Fish Curry,Tasty Nibbles,
8901063142732,Nutrichoice Cookies,Britannia,
8904287931199,Naturaawell Premium Pasta - Spirali,Bambino,
8904258703442,iced green tea imp,,
8906004564710,Piri Piri Chips,Yellow Diamond,
8904137497929,Jaggery Rusk,Sanam,
8908014100292,Basmati Rice Classic,India Gate,
8908013950553,Plix,Plix,
8906057906796,potato chips,,
8906151420266,Special Cornflakes Chiwda,LaxmiNarayan,
8901063158085,Good day  Choco Chunkies,,
8901552023467,Mega Punjabi Samosa,Ashoka,
8909106013490,Horlicks Mother Plus,,
8906100220053,Brown Bread,Naran's,
8908004804278,catch clear,Catch,
8906005666536,Madras Filter Coffee,,
8904315300782,Desi Ghee,Shri Vallabh,
8904188605847,Black sesame seeds,,
8904188603133,Papad Khar,,
8902020109560,Yellow mustard seeds,,
8902020109096,Baking soda,,
8906085342313,Peri Peri fries Masala,,
8904281904670,Vegetarian Bytz,Gooddot,
8902756431157,Yummiez Chicken Nuggets,Godrej,
8906185460573,Indian Raisin,proV,
8906081940438,Rice Paper,Meishi,
8901719119842,Top biscuit,,
8906113491112,Soulful Millet Muesli,Tata,
8901440209379,eastern pickle powar,,
8906105101258,Horlicks,Horlicks,
8906105101265,Horlicks,Horlicks,
8906105101272,Horlicks,Horlicks,
8901063160422,Pure magic,,
8908000120020,Safal Oil,Kof,
8908010271071,Fruit Biscuits,Cafe Niloufer,
8908002979336,Rice Rawa / Vari Nooka,Srilalitha,
8906154530276,Amoxicillin250mg 2027 A HEALTH,,
8908014100391,Riz rozana,Rozana,
8904307703300,Dexmisole 1.5,,
8901963200730,Chicken Cutlet,Brillar,
8904067706863,Khari Sing - Nariyal Pani,Jabsons,
8906081924087,Plant Protein +,Carbamide Forte,
8901786330508,white pepper,,
8906013033474,wai wai x press instant noodles 🍜,,
8904110303476,Chana Jor Chick Peas,Kwality Maker,
8901662024552,Paneer Makhanwala,,
8906097599453,Reload (Orange),Fast & Up,
8904150197769,Frutos Secos Y Coco,Laddubar Protein,
8904305655311,Chicken Wings Pepper Fry,Fresh To Home,
8906074821454,Date Biscuits,Karachi Bakery,
8904063220288,Thepla (frozen Naan),Haldiramis,
8908024977228,Multigrain Chips,Superyou,
8904335603948,Yogabar Protein Muesli Fruit & Nuts,Yogabar,
8909177002775,Peanut,"Smart One,Kiranakart",peanut
8904045816485,Royal prawns chutney,,
8901725971281,savlon,,
8903081567894,Chase Protein Biscoff Cheese Cake,Chase,
8907316003324,Mothers CHILLI VINEGAR,,
8901719135576,parle marie,,
8906069404686,VEEBA BARBEQUE,,
8906069401166,VEEBA ZERO Select,,
8906002006830,FUNFOODS MUSTARD ENGLISH,,
8901088129831,Masala Oats,,
8901719127915,parle Monaco pizza 311.4,,
8902710508703,choco,,
8902710110036,OAT BRAN,,
8901088069106,Saffola Honey Sundarbans,Saffola,
8906002008810,Veg Mayonnaise,,
8909106029859,Posted garlic,,
8907892000502,Instant Noodle,Jackpot,
8904124107497,Pasteurized Double Toned Milk,Ananda,
8902618012272,Eva doll,TTK,
8901440220763,eastern bbq spices,,
8906081381682,Sakinalu,Telugu Foods,
8901063016941,Classic ( Britannia ),Britannia,
8906012160041,Brown Bread,Perfect,
8901757031311,Ginger Chai Premix (3 in 1),Jivraj 9,
8908019040258,Clear Whey Protein,Protyze,
8901440224297,Idli Ready Mix,Eastern,
8906005505798,Mini Bhakar Wadi,Bikaji,
8901262202077,Mango Yogurt,Amul,
8906107170061,Chicken Cheese & Chilli Sausage,Prasuma,
8909106037120,Boost,Boost,
8908010525150,Maruti Bread 80/-,,
8908010525198,Maruti Bread 30/-,,
8901063151970,Good day choco,,
8904238302238,Real man,,
8908000420137,sil red chilli sauce,sil,
8905604003025,Drink,Punjabi jeera,
8906019564286,REAL Bites Sev Mamra,,
8908004691007,Sun Shobha SOYA STICK,,
8902188725077,Ramdev Papdi,Ramdev,
8904004409185,Haldiram's INSTANT BHEL,,
8904004401875,Haldiram's CHANA NUTS,,
8908024773028,JALPOOREE,JALPOOREE,
8906069612111,GUJARATI CHAWANA,"Anand,Jolliz",
8906069611206,Anand BIKANERI BHUJIA,"Anand,Jolliz",
8906069611725,Anand FULWADI,"Anand,Jolliz",
8906069611763,KACHORI,"Anand,Jolliz",
8906069612128,Anand MINI SAMOSA,"Anand,Jolliz",
8906069612159,Anand MURUKKU,"Anand,Jolliz",
8906069612135,Anand METHI MATTHI,"Anand,Jolliz",
8906113230049,Empire Khari 200g,,
8906019565016,REAL Bites KHARI 200g,,
8906019565030,REAL Bites KHARI 400g,,
8906113230544,Empire KHARI 300g,,
8906069610353,Anand Jolliz TIKHA MITHA MIX,"Anand,Jolliz",
8906069610346,Anand (Jolliz) KHATTA MITHA MIX,Anand,
8906069610414,Anand Jolliz FARALI CHIWDA TIKHA,"Anand,Jolliz",
8906069610384,Anand Jolliz BHAKHARWADI,"Anand,Jolliz",
8906069610711,Anand Jolliz DAL MUTH,"Anand,Jolliz",
8906069610742,Anand Jolliz RATLAMI SEV,"Jolliz,Anand",
8906082503205,hezeland,shambhu,
8901777198124,Malai mini cone,Vadilal,
8903105032087,Yardly London Gentleman perfume,Yardly,
8901262072502,Truffles,Amul,
8901764372803,Minute maid,,
8901030819414,idhayam Sesame Oil,,
8906021123846,Brinjal Thokku,Aachi,
8908000498976,Aswini mini,,
8909106022010,Comfort,,
8908020997534,Badam Flavoured Drink,Nutrico Delight,
8908003249759,Organic Slim Milk,Akshayakalpa,
8901063363533,Britannia nut and raisin cake,Britannia,
8906069960861,Plain Curd,Sanchi,
8907316004543,Cumin Papadume,Mother’s Recipe,
8906113230032,Empire Khari 80g,,
8901595864287,Momo Chutney,Ching's,
8904196027556,ciocolată terravita,,
8901063032996,britannia Treat choco,,
8901719136702,parle jim jam 140g,,
8901414008519,Lajawab Mixture,Bikano,
8901537079854,indus valley,,
8904304502876,Butter Chicken Curry Paste,Swad,
8908014583248,Jowar Butter Biscuits,mibbles,
8906002008995,Kuppies Waffles Apple Cinnamon,Dr.Oetker,
8901725013899,Mom’s Magic Cashew & Almond Biscuits,Sunfeast,
8904083300748,Vanillla Milk Shake,Milky Mist,
8906082650732,Johar Chakli Sticks,Athawale’s,
8906001056355,Ginger paste,mother recipe,
8906092492292,khadi natural,,
8906006170155,O'Yes Khatta Meetha Delicious Puffs,Quick Eats,
8907093005849,Kerala Fish Curry,Tasty Nibbles,
8906089150631,Basmati Reis,Rahman Rice,
8901719135842,Parle hid strawberry,Parle,
8901719136719,Parle jam in,,
8906017291610,Bisleri spycl Jeera,,
8908001658652,Ocean fruit drink 1L,,
8901777415092,Whole Wheat Spinach Paratha,Vadilal,
8901248302173,boro plus,emami,
8901719127939,Parle Krack jack butter,,
8901277012647,Cool blue,park avanue,
8906081123688,Salted Cashews,Happilo,
8908023604132,Finger Millet Cookies,9NUTZ,
8901777316085,Malai Kofta (Frozen),Vadilal,
8903754000659,Himalayan Elevation,Tata,
8901207042447,Odonil Air Freshners,,
8908001658645,Fruit Drink,O'cean,
8908019558043,PROTEIN WATER,AQUATEIN PRO,
8904355700382,Pita Bread,Natuf,
8904004403169,Haldiram's,,
8904004420487,MIXTURE ENGALURU,,
8904004420418,SPICY MIXTURE,,
8908003714042,Mysone Pak Konaka FOODS,,
8906020495081,Ghee Laddoo,,
8906020490482,Boondi Laddoo,,
8901042960340,"Rasogolla,",,
8906108191334,Farm fresh Classic Eggs Pack Of 12,Licious,
8904459600335,Kodo Millet Noodles,Satvyk,
8908004415443,Orbix s,,
8908004415535,Orbix l,,
8904063226563,Mexilla Flamin’ Hot Tortilla Chips,Haldiram’s,
8908015450075,Steel Cut Oats,WeFeasto,
8902979011532,KESAR FLAVOURED MILK,Cavin's,
8901725013387,Chocolate Meltz,Dark Fantasy,
8906043348104,salt electrolytes,supply 6,
8906169990430,Kerala Tapioca Chips,Sweet Karam Coffee,
8906083020459,Assorted Nutri Bar,Mindful,
8906133880668,HIMALAYAN PINK ROCK SALT,Unknown Brand,
8901262153300,Try Nutrition,Amul,
8904137702597,Raw peanuts,,
8901719127755,Milk Candy,Londonberry,
8906086208717,HUGS wonder chocolate,,
8906086202692,HUGS Twist,,
8906122606187,Cheers,,
8906122606170,Cheers orange,,
8906122606194,Cheers,,
8906172401152,High Protein Pasta,The Lean Co.,
8904256721752,Roasted Peanuts Cheese 'N' Onion,"BB,GoodDiet",
8906151910347,Whole Wheat Bread,Haiku,
8904008100828,Fruit Bar,Naturo,
8906105100817,gluco max d,Unilever,
8906105101098,mother's plus,Horlicks,
8906086202920,Hugs Twist,,
8906019662708,GLUCOSE HIGH ENERGY BISCUITS,Britannia,
8908017962507,Korean Cup Noodles,Wicked Gud,
8902631001055,BATCH NO,,
8906015753035,Bcool 900 gm,,
8906080043161,Shortbread Cookies,27 Peaks,
8906010505530,Potato Chips Mint Pudina,Balaji,
8901786331000,everest white paper,,
8906065450175,Choco Stick,Gone Mad,
8906016490014,Elite original rusk 200g,,
8906016490038,premium elaichi rusk,Elite,
8904063254740,Moong dal,,
8901719132247,Bourbon Black,,
8908012811800,Coconut Mini,Minus Thirty,
8906014082372,Brahmins pickle,,
8906014082396,Brahmins pickle 350gm,,
8904083533757,Malabar Parantha,24 Mantra Organic,
8907316000644,Paneer Tikka Masala Spice Mix,Mother’s Recipe,
8906165783845,Micronised Creatine Monohydrate (Citrus Blast),Muscleblaze,
8907083131022,Popped Fox Nuts Makhana,Snack Factory,
8901777384169,Hydrebadi Onion Samosa,Vadilal,
8901262202473,Toned Milk Dahi,Amul,
8906169800272,Date Mewa Classic Cardamom Flavour,Royal Delight,
8908013516056,Packaged Drinking Water,Mantra,
8906105101227,Horlicks 400 gm,Horlicks,
8904374503667,Frozen Vegetable Puff,S. Motiram,
8906069610469,Anand (Jolliz) BHAVNAGRI GANTHIYA,Anand,
8906125982820,Protein Pops,Gourmet Snacks,
8906115531106,"Whey, Added Whey Isolate, Alpha Series",Absolute Nutrition,
8904004404029,Haldiram's Masala Kaju,Haldiram's,
8901777072660,Grated Coconut,Vadilal,
8906081382191,Roasted Wheat Rava (Brown),Swetha Telugu Foods,
8901242400592,Butter Murukku,Anna Bytes,
8909081008078,Knocking korean,Bingo,
8906131682042,Mighty Puffs Mild Masala,Slurrp Farm,
8901393024531,Экструдированный мармелад &quot;Чупа чупс&quot; &quot;Страйпс&quot; с фруктовым вкусом,ООО &quot;Перфетти ван мелле&quot;,
8901030831409,Sunsilk lusciously,hul,
8906033550340,Protein Puffs French Truffle,InsaneFit,
8901207053818,Latchi,,
8901063032941,Treat Creme Wafers,Britannia,
8906016413778,Mango Fruit Yoghurt,"Godrej,Jersey",
8909340000164,Indonesian Cacao,Cosmix,
8901414004733,Moong Daal,Bikano,
8904208600098,Paneer Tawa Masala,Rasoi Magic,
8904327600696,Chocolate Peanut Butter - Almond Crunch,MYFITNESS,
8906165788581,Biozyme 100% Whey Gold,Muscleblaze,
8901512915504,Nutrify,Nutrify,
8904057396821,hatsun curd,,
8906095126996,Wonderland Mamra Badam 5A 200gm,,
8901719905193,Hide & Seek,Hide & Seek,
8904198801116,getmore Tingling Tomato,Unknown Brand,
8901155304321,Soan Papdi,Gits,
8906022573886,Moong Dal,Angur,
8906112994607,High Protein Madras Mix,"Lo Foods,Protein Chef",
8901058022193,Maggi Noodles,Maggi,
8908014100421,Extra Long Basmati Rice Premium,India Gate,
8901414042384,Milk Cake,Bicano,
8908000716018,Rajhans Milk,Rajhans,
8904132907577,Maliban digestive,,
8901662043287,Chowmein Hakka Noodles,Suhana,
8906116959930,"WrathX Pre Workout, Cola Frost, Muscle Blaze",Muscle Blaze,
8906069610483,Anand (JOLLIZ) PLAIN PAPDI,Anand,
8901063190009,TIGER KRUNCH 10/-,,
8901123001283,lotte chocopie,,
8908005312307,Hawaiian Barbecue Cheese Popcorn,4700 BC Popcorn,
8906050850393,Dry Bhakhri Plain,Kemchho,
8906020460300,Multigrain Bread,Harvest Gold,
8904042302011,castard suger,,
8901242150107,soup,,
8906108531281,inchi soup,,
8901063060333,Tiger glucose biscuits,Britannia Industries Ltd,
8906160651019,Trail Mix,Makhana,
8901440214403,Chicken 64 Masala,Eastern,
8906165788772,Super GAINER XXL,Muscle Blaze,
8904132915169,Desi kichen mango pickel,,
8906107175066,Pulled Smoked Chicken,Meatigo,
8906007830904,Original Barbecue Sauce,Habit,
8904192201844,Salted Pistachios,Thoughtful - Namdharis,
8909081002199,Fantastik,Sunfeast,
8906000610916,Variety Pack,McCain,
8901071705387,Choco Tubes,Hershey's,
8901063142671,Britannia digestive 1.2 kg,,
8901725002268,sunfeast digestive high fibre,,
8901719127922,Parle monaco piri piri,,
8901725003142,dark fantasy combi,,
8906009073453,Qubz english strawberry,,
8901063033320,Britannia treat,,
8906002528318,raja swing biskut,,
8901037009986,Royal Cup Tea Premium CTC Leaf,Girnar,
8901810000698,Räucherstäbchen,Magnolia,
8901810000131,Räucherstäbchen,Strawberry,
8902276107754,Räucherstäbchen,White Magic,
8904245404284,Räucherstäbchen,Midnight bloom,
8904245400323,Räucherstäbchen,Vanilla,
8906051433113,Räucherstäbchen,Natures rose,
8904245404253,Räucherstäbchen,Golden sunrise,
8908005960812,Räucherstäbchen,Aura cleansing,
8904245400415,Räucherstäbchen,White sage,
8901810004498,Räucherstäbchen,wild orchids,
8901810006140,Räucherstäbchen,Rose Vanilla,
8901810001015,Räucherstäbchen,Citronella,
8901810001732,Räucherstäbchen,Honey rose,
8901810000513,Räucherstäbchen,Amber,
8901810000971,Räucherstäbchen,Eucalyptus,
8901810000025,Räucherstäbchen,Mogra,
8901810000230,Räucherstäbchen,Cinnemon,
8906002080823,Sakthi Daal Powder,Sakthi,
8901810003613,Räucherstäbchen,Feng shui,
8906027712235,Ghee,Govind,
8909081005756,B natural Guava Juice,B Natural,
8906067029867,Supermilk,Gritzo,
8901030901607,dove pink bar,hul,
8901207053801,Real Apple 125ml*8,,
8902979026093,Indica Easy color,Indica,
8901248254601,Emami Mantra Garam Masala,,
8901781000581,Sunrise Chana Masala,"Sunrise,ITC",
8906018302001,Vijaya Ground nut oil,Vijaya,
8904336700356,Morton Ghee,Morton,
8904010630016,White Putty Podi,Nirapara,
8908016029522,Craxast Mattar,Crax,
8908007714017,Mix Chhatua,Kasturi,
8901343810283,Starboy Play Perfume e100ml,,
8901052003600,Tata tea kanan Devan classic 100 pcs,tata tea,
8906001026716,Protein Wafer Bar,Avvatar,
8908007978273,Red Chilli Pickle,VSR,
8906009994109,Choco Brownie,Elite,
8906166087249,Cheese Corn Sandwich,Ingrano,
8906009992600,Elite TRANS FAT FREE,,
8906009537023,Max Protein Millet Wafer,RiteBite,
8904002500624,Toned Milk,Masqati,
8901725132903,Dark Fantasy Choco Fills Luxuria,Sunfeast,
8906021124225,lemon rice power,as hi,
8906021120593,aachi chilli powder,aachi,
8906002131204,fried gram,udhaiyam,
8906165785368,Biozyme PR Whey Protein,Muscle Blaze,
8904359404750,sabudana,,
8901774002127,Chana Masala,,
8906158590047,Intense Plant Protein,Ace Blend,
8906076133067,Zero Maida Donut Cake,Baker's Dozen,
8908005758525,كرك مع زعفران,المنيس,
8908000275652,City gold Tea,City gold,
8906087776215,mamaearth  bathing bar 75g,,
8901414060678,Bikano combo pack,bikano,
8906124370673,Egg,Eggos,
8906142010995,Chekodilu,Telugu Foods,
8906069612142,Anand Chakli,"Jolliz,Anand",
8906069610858,Anand Jolliz Bhakharwadi,"Anand,Jolliz",
8906163076666,Riz Étuvé Grains Long Sella Indien,Jovial,
8906182650007,BERRIES MIX,fabeato,
8904063226143,Milk Cake,Haldiram,
8906107173703,Pizza Minis,Prasuma,
8901058008494,Nestle koko krunch 150g,,
8901779062102,Saras,,
8901779900275,Biriyani masala,,
8901779052103,Saras sambar powder,,
8906030392776,Tamarind,,
8901779224104,Saras milk ada desert,,
8901779900404,Saras jack fruit cake,,
8901779452101,Saras coconut varutha,,
8904011505122,Palada Payasam,Double Horse,
8908015543661,Chocolate Vanilla Crunch,Crave,
8904089993968,Butter milk,Heritage,
8906002083725,sakti kasmiri chill powder 50 gm,,
8904255700284,Single mari Black Pepper Papadum,Kirtiraj,
8904011500608,Double horse white thick,,
8906010365950,GRB ghee dates halwa,,
8906005505941,Punjabi Samosa,Bikaji,
8901414024762,Tandoori Naan,Bikano,
8904384814005,Coffee,Blue Tokai,100% coffee.
8906143891630,Protein Bar,The Whole Truth,
8906044540231,Whey Protein,HealthFarm,
8904335605126,Protein Mini,YogaBar,
8901872004603,cebolla,,
8905950000860,BIKAJI COCKTAIL NUT MIX,,
8906005502049,BIKAJI Gulab Jamun 1kg,Bikaji,
8908014841041,Fresh Cheese,Spotted Cow Fromagerie,
8906158360107,Cardamom fresh,,
8906036670946,Nandini pure Ghee 1 Ltr,,
8904063225306,SHAMI KEBAB wrap,Haldiram's Minute Khana,
8906007131643,skore time less,,
8906041270704,gebedol,,
8904286204942,hello biscuit,,
8901414015258,Matar Masala,Bikano,
8906091300703,Casein Mango Flavour,Nutrabay,
8906133025793,Impact Whey - Chocolate,Nakpro,
8906077361353,Elaichi Para,Jaimin,
8908001705745,thandai papar,,
8904293710467,Wheat Pasta,Flipkart,
8908013470037,Ginger Ale,Gunsberg,
8908020854776,Swiss Chocolate Whey Protein,Wellbeing Nutrition,
8906161672402,Brittle,Loyka,
8901095001496,Masala Flavour Tea,SOCIETY,
8908024361171,Homogenized A2 Cow Milk,Provilac,
8908008988011,Idly Dosa Batter,Fresham,
8906066207006,Keya Sweet Chilli Sauce,Keya,
8902433030550,Snickers Mini,Mars India,
8909081005749,B natural Mixed Fruit,B Natural,
8901719135569,Parle m,Parle,
89080146,Nescafe classic,,
8908015543722,Chocolate Peanut Butter,Crave,
8906143892194,Raw Whey Protien Concentrate,The Whole Truth,
8901262173421,Moroccon Dry Fruit,Amul,
8901071705011,Chocolate Syrup,Hershey's,
8906165783166,Whey Max,Fuel One,
8906002009282,Strips (Mayo & Mint),Dr. Oetker,
8901058023329,KitKat Delights Hazelnut,Nestle,
8908020813193,Viggie Nuggets,Chill Fill,
8906133407735,Magnesium Gummy,Man Matters,
8908020463237,Chatpata Corn Ring,Crax,
8906143891449,Badam Chocolate,The Whole Truth,
8901560080551,Tooty Fruity,Nilon’s,
8901542002687,Glucon-D Tangy Orange,Zydus wellness products,
8901779092109,Saras chicken masala,,
8906081926067,Plant Protein+,Carbamide Forte,
8906001025290,Whey Protein Chocolate Hazelnut,Avvatar,
8904327600412,Smooth Peanut Butter,MyFitness,
8906030612485,Chicken Sandwich,Green Chick Chop,
8906005618849,Bauli moonfils vanilla fv 45gm,,
8906005618801,Bauli moonfils strawberry 45gm,,
8909081001475,Yippee Tricolor Pasta Masala,Sunfeast/ITC,
8909106029842,Knorr Tandoori Soup,Knorr,
8908013863136,Cranberry Almond Crunch Bar,Epiphany,
8906008351620,Barnyard Millet,Manna,
8901071704892,Choco Delights,Hershey's,
8901725019778,sunfeast Banana Oats smoothie with almond and seeds,sunfeast,
8906144491648,Sleepy Owl French Vanilla Cold Coffee,Sleepy Owl,
8906045141000,Tri Blend Whey - Double Chocolate,Nutrabay,
8908015284007,Swiss Chocolate Milk,Cocohigh,
8902901001785,Bansi Rawa,Good Life,bansi rawa
8908003714004,MILK PEDA,KanaKa Foods,
8904008410101,Colicaid drop,,
8906005503770,Dal Tadka,Bikaji,
8901063338838,Britannia Brown Bread 200 g,Britannia,
8906030612256,Roasted Malai Tikka,Green Chick Chop,
8908017078031,atta,Maurya gold,
8908015543715,Chocolate Coffee Almond Protein Bar,Crave,
8906168650687,Walnut Brownie,Cake Tale,
8901414054608,Garlic Tandoori Naan,Bikano,
8906183982091,Peanut butter chocolate crunchy,Beast life,
8908009530806,Teetoo stix salted,,
8908020253593,Teetoo cheese balls,,
8906172720642,Teetoo stix cheese,,
8901786010202,Keshar Milk Masala,Everest,
8902710511017,GRANOLA CHOCOLATE & ALMONDS,Bagrry's,
8901552017336,Sarson aka saag,Ashoka,
8901207038624,mixed fruit,,
8908005312567,Himalayan Salt Caramel Popcorn,4700Bc,
8908000863835,Spaghetti Pasta,Oleev Kitchen,
8908019267297,Peach Iced Tea,Guppy Moms,
8902042301850,AVT Tea powder jar 400gm,,
8906107179378,Chicken Chilli Salami,Prasuma,
8906143890039,Peanut Butter,The Whole Truth,
8901063166783,Jimjam pops,,
8901123000446,Vuja,,
8901777501689,Malai Paneer,Vadilal,
8906037694675,Yummy chocolate peanut Butter,Familt,
8906165785566,Pre workout Wrath X,Muscleblaze,
8906144100144,DESERT CROWN,desert crown,
8904083301110,Pizza Cheese,Milky Mist,
8906077361346,to Ready Eat Jaimin The Ethnic Taste of India SWEE,Jaimin,
8909106045071,Chocolate Feast,Kwality Wall's,
8908024977310,Fermented Yeast Protein,SuperYou,
8901440021353,Kashmiri Chilli,Eastern,
8904258703947,Raw,,
8906025503088,Milk,Vijaya,milk solids
8906095291465,khara chakkli,Adukale,
8906095291427,congress kadlekayi,,
8906109490280,Butter Chicken Curry Paste,Ferns' Fine Foods,
8908022254970,Double Chocolate Protein Milkshake,Phab,
8906002770229,Cold coffee bon bon,Cothas,
8909106065468,Protein Boost,Unilever,
8908020733095,Protein Wafer Bar - Chocolate Ganache,Avolt,
8901058019339,2 Minutes Noodles,Maggie,
8904043906393,Dry Fruit & Nut Mix,Tata Sampann,
8908018729659,Rosemary Olive Sourdough,Suchali,
8906099980044,Pesto Sauce,Saucery,
8907093006389,Prawn Mango Curry,,
8901063167124,Jim jam,,
8904132913608,Snac tac wafers strawberry,,
8908015676222,Crispy Beetroot,To Be Honest,
8904063222107,Railway Cutlet,Haldiram,
8906076131018,Pizza Base Sourdough,The Baker's Dozen,
8904256731706,barfi,,
8901595991402,Idli 65,Ching’s Secret,
8901888008404,Pomegranate Burst Juice,Real,
8909081005169,MILKSHAKE CHOCOLATE,,
8906001025535,Nitro Iso Whey - Malai Kulfi,Avvatar,
8906070219545,Organic Raw Acacia Honey,Little Bee,
8901512949905,Peanut Butter High Protein,Sundrop,
8901548310823,choco,,
8906010092528,Shredded Mozzarella Cheese,D’lecta,
8901777312087,AWADHI PANEER KORMA,Vadilal,
8904188602150,Thick Poha,Saurabhi,
89080481,Choco Latte,Nescafé,
8908022254949,Kulfi Caramel Protein Milk Shake,Phab,
8901058022872,Masala Veg Atta Noodles,Maggi,
8906133026240,Impact Why Protein Isolate & Concentrate,Nakpro,
8904063800022,Indian Snack All In One,Haldirams's,
8903023002186,Whole cardamom (elaichi),VEDAKA,
8908024977341,FERMENTED YEAST PROTEIN,Superyou,
8908024057074,Hazelnut Chocolate Laddoos,Eat Better Co,
8901719132797,FUSION,,
8906002340064,Dalia,,
8908004643785,Poha,,
8901928123005,Bisk farm just ginger,,
8901552028196,Date & Tamarind Chutney,Ashoka,
8908024977327,Superyou Pro Cold Coffee Protein Powder,Superyou,
8906069960441,Pineapple Flavoured Milk,Sanchi,
8908007029098,Bread,Oven,
8901161113092,Basmati Rice,507 Gold,
8908014062132,Roasted Pepper Cashew,Saffron Home,
8908009934437,Super Power Nuts,Sapphire,
8906000611487,Mini samosa,McCain,
8905950002864,Nut cracker rs10,Bikaji,
8902042111107,CTCDuSTTEA,,
8906063892489,Premium Pork Ham,La Carne,
8901058023558,KitKat Dark Chocolate Minis,Nestle,
8904319301617,MYSORE PAK Haldirams,,
8906020460942,Atta Rusk,"Harvest Gold,bimbo",
8906080604911,Aamars 600ml,,
8906135091963,apis Roasted seviyan,,
8906010367831,GRB badam Drink 10/-,,
8904335604327,Daily Energy Bar Mixed Fruit Flavour,Yoga Bar,
8906080603310,paper boat swing Lychee,,
8906077361902,Roasted black pepper chana,Jaimin,
8903023002254,Raisins,Vedaka,raisins
8906020495326,GHEE NO ADDED SUGAR,,
8904422670532,Patanjali Marie Biscuit,,
8904220103799,Memantine,Denigma,
8906007202404,Chamomile,KamoCare,
8901552017640,Mango Chutney,,
8906002008292,FUNFOODS Pasta&pizza white sauce,,
8901777970997,Chocobar,Vadilal,
8904477300941,Soya Chunks,Bambino,
8908010900346,Almond Butter,Pintola,
8901138002381,Himalaya GDC,,
8906020581494,Protein Idly Dosa Batter,ID fresh,
8902901063233,Best farms green peas,,
8906183430004,Dutasteride + Tamsulosin HCl,Dutimax,
8906118200139,Peri Peri Chickpeas,Super Munchies,
8908009059260,Burger Bun,The Health Factory,
8908007323851,Aloo Tikki Sliders,Hungritos,
8906028790034,Funtop Pickle,,
8901071702249,Hershey's Exotic Dark Raspberry And Goji,Hershey's,
8904305602407,Peri Peri Chicken Wings,Fresh to Home,
8906118934300,chill pp,Maya,
8906005508096,Nut cracker,Bikaji,
8901058017762,Maggi 48g,,
8904477300897,Bambino Ginger Garlic Paste,,
8901571004089,Sensodyne,,
8906160932088,Chokito 10,,
8901393017915,Mentos,,
8906163832453,Chia Seeds,,
8906158750113,Orange Frenzy,Hitkary,
8906028790287,Funtop Jam,,
8904057395664,Hatsun Milkpowder,,
8906103680403,Testo Vinegar,,
8906028791253,funtop Pickle,,
8904209300973,Fried Chicken Mix,Aachi,
8908000339491,Karak Tea Instant Premix,San Ramon,
8908018514132,Small marsh mallow 60,,
8906010090517,Feta,,
8904132975774,Campa Power Up,Campa,
8906108895178,DESİ POPZ,,
8904132949737,Campa Cola,Campa,
8906000921524,NACHOS Crisp Wheat,,
8904085500106,High Protein Paneer,Milky Mist,
8901071705684,Hershey's Special Dark Chocolate Bar,Hershey's,
8903363010506,Masoor Whole,"DMart,Premia",
8901777882030,Malai Rabri Kulfi,Vadilal,
8908010900353,Pintola almond Butter,Pintola,
8906119081157,Tandoori chicken mix,GRAIN GRACE,
8906119082062,Hyderabadi biriyani masala,Gran grace,
8906119082369,peri peri sprinker,gran grace,
8906002083466,super garam masala,Sakti,
8906002770366,Coffee,Cothas,
8908000863897,Fusilli Pasta,Oleev Kitchen,
8908017270480,Pumpkin Seeds,NUTPAC,
8906002081776,sakti Fish curry Masala 50 gm,,
8904063222930,Ajwain Paratha,Haldiram's,
8906048501948,Protinex,"Nutricia,Danone",
8904072001823,Peri Peri Style Potato Chips,Mota’s,
8908020813162,Aloo Tikki,Chill Fill,
8909106026186,Tea,Taaza,tea
8906008818611,Fortune refined soyabean oil,Fortune,
8906170520732,Whey Isolate Gold,Nutrabay,
8906021510677,GANGBAL RICE AATA 500 Gm,,
8906021510646,GANGBAL SINGADA AATA 200GM,,
8904327602331,High Protein Oats,Pro.Fitness,
8906064621354,Classic Cold Coffee,Theobroma,
8901058023305,Salted Caramel,Kit Kat,
8906001052067,CHICKEN CHETTINAD,MOTHER'S RECIPE,
8906014080309,Rasam powder,Brahmins,
8908009192691,Bitter gourd gojju,indiras,
8904011506600,Ginger pickle,,
8908016531049,Misal Family Pack,Kailas Bhel,
8901123001764,Pepero Original Biscuit Sticks,Lotte,
8906001388906,cremica digestives 400g,Cremica,
8908006274680,Pickled Small Cucumbers With Chili,Hugo Reitzel,
8901777313084,Paneer Lababdar,Vadilal,
8906001026631,100% Performance Whey,Avvatar,
8906173930606,Shoestring Fries,Pommetos,
8906190570007,Chyavanprash,Kerala Ayurveda,
8908009059208,Zero Maida Bombay Pav,The Health Factory,
8906009534343,Peanut Butter - Crunchy,Ritebite,
8904038109259,Aalo Bhujia,Babaji,
8908010525174,MARUTI Pizza Base  43/-,,
8908001105446,The Only Cinnamon Powder you need,Jayanti,cinnamon
8906004565342,Spicy Korean Chips,Diamond,
8906036674081,Toned Milk,Nandini,
8906113230117,Empires Toast 365g,Empire,
8906113230001,Empire Toast 200g,,
8906011853012,Taal Masala,Katdare,
8908024361508,High Protein Kesar Elaichi,Provilac,
8908019882117,pop goli,Dobra,
8904063213747,Minute Khana Aloo Pyaz Paratha,Haldiram's,
8906033592203,Tomato Ketchup,Suruchi,
8904132974722,Basmati rice good life,,
8906035572821,Plain Salted Potato Chips,Harish Namkeen,
8906119721626,Impact Whey,Osoaa,
8904063231574,Aloo Bhujia,Haldiram's,
8904214504922,Masala Boondi,Raju,
8901023007903,Mfg. Date please see on the side.,,
8906117091226,Peanut Butter Wafer,Brb,
8906001021087,Cow Milk - Gold,Gowardhan,
8904193800398,face  powder,hd,
8906172130045,Yellow Curry Paste,Thai Kitchen,
8906165789472,Clean Whey Protein,True Basics,
8901719130731,Parle 2020 Gold,,
8908024977280,Fermented Yeast Protein,Superyou,
8901722061053,Safal Frozen Mixed Vegetables,Safal,
8908012987611,Whey Protein,Trunativ,
8908008818462,Malabar puttu podi 1kg,,
8901058022162,Nestle Munch Pouch 160 g,Nestlé,
8906069404747,Tandoori Veginnaise,VEEBA,
8906019777112,Black Pepper,Nutraj,black pepper
8904132959392,snactac sauce,,
8901719122859,Happy happy chocolate cake 90gm,,
8901751803945,Pure Kumkum,Cycle Brand,
8908005459910,Dark Chocolate Muesli,nourish you,
8901777422649,Sheermal,Royal Cuisine,
8901063165601,Nutri choice,,
8901399017650,butter murukku,"Granamma,Wipro",
8904004404319,Haldiram mathri,Haldiram,
8904063224859,Golden Mixture,Haldiram,
8901542001949,Complan,Unknown Brand,
8908007050030,Avean chilli surprise peanuts 140g,,
8902756630017,Crispy Potato Starz,Godrej Yummiez,
8901414055124,Roasted Peanuts - Barbeque,Bikano,
8908015859021,White Bread,Am's Fresh,
8906133408114,Alphabet Gummies 10 In 1,Root Labs,
8906035030741,Freedom Kacchi Ghani Mustard Oil,Freedom,mustard oil
8904133700290,Masala Chai,Jaipur Avenue,
8906005910561,Punjabi Tadka,Akash Namkeen,
8901044951094,GULKAND,Mapro,
8908004197882,MARSHMELTS,,
8908024977242,Multigrain Chips,Super you,
8908010609362,Thai Mango Slices,Natch,
8906143040731,Cheese Squce Pqstq,Yu,
8906069610360,Anand Jolliz TIKHI SEV,Anand,
8906069610377,Anand Jolliz MORI SEV,,
8906069610759,Anand Jolliz ALOO SEV,,
8906069610452,Anand Jolliz FARALI CHIWDA MEETHA,,
8906069610865,Anand Jolliz SOYA STIK,anand,
8906069610735,Anand Jolliz KHATTA MITHA MIX 200g,Anand,
8906069610704,Anand Jolliz SING BHUJIA,,
8906069610391,Anand Jolliz SAKKARPARA,,
8906187060986,PACKING DATE,,
8901058022384,Dahi,Nestle,
8901030996139,Dove intense repair,hul,
8906078722443,Cristos Salted,Gopal,
8908015543098,Banana,Green protein,
8908024977273,Chocolate Fermented Yeast Protein,SuperYou,
8906007670111,jovees Herbal,,
8906137050258,Milma Elite Toned Milk Curd,Milma,
8906069610810,Anand Jolliz VANELA GANTHIYA,Anand,
8906155920625,Gokul Nylon Sev 500g,Gokul,
8906140084462,MAKHANA (Khatta Meetha),,
8906140084479,MAKHANA (Pudina),,
8904045414582,cough syrup,Multani Kuka,
8906140084486,MAKHANA (Desi Chat),,
8906140085278,FLAX SEEDS (Roasted),,
8904017005787,Poha,,
8904188610407,Popcorn Kernels,,
8904188614283,Chick peas,,
8904188614986,Mung Split dal,,
8904188604758,Maida atta,,
8906134530005,Almond Milk,Only Earth,
8904304508496,tea sachet,Karma kettle,
8903553186554,Kesar Milk Masala,Ram Bandhu,
8901063160408,BRITANNIA,,
8901552028622,Ras malai,Meethi baatein,
8906043521408,8ll906043521408,,
8906120108126,Peri Peri Makhana,Farmley,
8906009534350,Max Protein Peanut Butter,RiteBite,
8901247574908,INSTA,INSTA,
8901063341838,Britannia 100% Whole Wheat Bread,Britannia,
8906155921165,Gokul NYLON SEV,Gokul,
8906059372445,Milk Rusks,Bakers World,
8902188821052,Ramdev (Pavbhaji) Masala,Ramdev,
8902188823056,Ramdev Panipuri Masala,,
8906013315662,indian Basmati Rice,guatam,
8908012784005,RADHE KRISHNA POHA,,
8903241230316,Suhana Red Chilli Sauce,,
8902901223613,Matta vadi rice,,
8906020970571,Saras Cow Ghee 100ml,saras,
8906020970014,Saras Cow Ghee 200ml,Saras,
8901662029199,PALAK PANEER MIX,suhana,
8908000861589,Gopal  Nylon Sev 500g,Gopal,
8906070130161,Peanuts,Sikandar,
8902901066463,Best farm peas 1kg,,
8902433030147,Strawberry Snickers,Snickers,
8906091687064,Wheat Puttu,Kitchen Treasures,
8906021920247,SOYA Chunks,apis,
8906021921220,SHAHENSHAH BLACK DATES,apis,
8906060950144,Kesar Penda,Pelican,
8906165785085,Pre Workout Crea-Xtreme Berry Lime,MuscleBlaze,
8906038710268,Nutrilife pomegranate juice,,
8906038710299,Nutrilife cranberry juice,,
8906038710060,Nutrilife orange juice,,
8906038710077,Nutrilife Apple juice,,
8906038710107,Nutrilife Mango juice,,
8906038710121,Nutrilife Guava juice,,
8906001026488,100% Performance Whey,Avvatar,
8906068764439,Peanut butter,Rapid,
8906064654185,W-G TEZ TANDORI NAAN CHIP 150G,,
8906069404716,Indian Pickled Veginnaise,Veeba,
8904063218261,Paneer Pakoda,Minute Khana,
8903363010650,Moong Whole,Dmart,
8908023404060,Salted Almonds,Tong Garden,
8906001050490,Ginger Pickle,Mother's Recipe,
8904406397721,GrandS,,
8901652140057,Butter Bite - Cashew Cookies,,
8907003508835,Mini Thenkuzgal,A2B,
8908012784050,MAKAI POHA,gopi,
8906006720084,Milk,,
8906106300018,Paneer Bhurji,Bowl Ful,
8906132401222,Roasted Sesame Seed,KoMart,
8906038710398,Nutrilife Mango juice 160ml,,
8906038710312,Nutrilife Guava juice 160ml,,
8906038710367,Nutrilife Apple juice 160ml,,
8907525040189,Sprite 1 litre,,
8907525101163,Kinley strong soda,,
8906046145465,Dried Egg White Powder,Eggylicious,
8902579003616,Chocolate Milk,Smoodh,
8901777664100,Peda Mix,Vadilal,
8901058019438,Milky Bar Strawberry Flavour,Nestle,
8906122501130,Rice flour,,
8906006784475,Surbhi veg hakka,,
8906001051619,Mothers Sabudana,,
8906036520456,Apna shahi sev,,
8901242202608,Bambino instant Rava idli Mix,,
8906020495944,KAJU KATL,Lal Sweets (P) Ltd,
8901491003803,Wafer Chip Red Chili Flavour,Lays,
8906078267555,Twinnies,,
8905950001997,Khatta Meetha Tana-Bana,Bikaji,
8906113261678,Calcium+Magnisium+Zinc+D3+B12+K2,Vlados Himalayan Organics,
8906133020330,Whey Gold,Nakpro,
8906005506047,bikaji kaju katli,,
8901721015040,prabhuji kaju,,
8906015654226,bikaram chandmal  kaju,Chandlam,
8906182900430,Puffed Soya,Yogie Healthy Foods,
8908017415911,PEANUT BUTTER,GET,
8904089992510,Heritage cheese slices 100g,,
8906015651386,bikharam chandmal gon ladu,,
8908018729925,Suchali Sourdough Sliced Bread,Suchali,
8901063092884,britannia Good Day,Britannia,
8906188960483,cookiz dates & jaggery,Unibic,
8904427705123,Moringa Powder,Kapiva,moringa
8902433008504,galaxy fruit n nut,,
8901063035164,Milk Bikis,Britannia,
8904335605508,31G Protein Shake,Yoga Bar,
8906143892224,Light Cocoa Whey Protein,The While Truth,
8901777589106,Mango Burfee,Vadilal,
8907525040219,Sprite 1.75 litre,,
8906020580190,Tomato Chutney,iD,
8904250605324,dermiford,leefrod,
8906020010611,Vanilla Protein Shake,Just,
8906183980745,Peanut Butter,Beast Life,
8908017900028,Spanish Olive Cold Pressed Oil,Kaiser,
8906006720312,Kashmir Honey,Lion,bee honey
8903023006146,Kala Chana,VEDAKA,
8904084503551,BAIDYANATH PREMIUM COW GHEE,BAIDYANATH,
8906901033050,Pure Cow Ghee,Govardhan,
8906115410159,Milk Cake,Brijwasi,
8909081007255,ChocoRolls,Sunfeast Dark Fantasy,
8906020460539,Bread,Harvest Gold,
8906068330207,Fresh Frozen Mixed Vegetables,SPT,
8906078150185,indian mixture,,
8906064701032,Banana Chips,KozhiKodens,
8908014757113,Paneer Methi Malai,Hocco,
8908020047017,Peanut Butter,Brawny Bear,
8904239606861,Gandharvahasthadi,Oushadi,
8909106042216,Horlicks milkshake,Horlicks,
8906010277857,Piloral,,
8908014016500,Meniphib,,
8906188960124,Unb ot,,
8901968333563,Chicken Bockwurst,Buffet,
8906150344372,Lion’s Mane Capsules,Boost,
8901777539248,Basmati Rice (Extra Long),Vadilal,
8904390200427,Dr Rhazes b1g1,,
8901207043475,Odonil gel froral valley,,
8901207043482,Odonil gel wild forest,,
8901207043468,Odonil gel citrus,,
8907234013757,CELLO GRIIPPER PEN,CELLO1,
8909106002180,Tresemme hair fall defense,hul,
8908015551468,Basmati,Heavens Harvest,
8906188400262,Roasted Rice Crackers Peanut Mix Sesame Soy,Karikari,
8901138817060,Partysmart,,
8904091150441,Deriva,,
8906106300025,Dal Makhani,Bowl Ful,
8904296901084,Roasted Vermicelli,Fabsta,
8904049650610,Riso Basmati Alishaan,Alishaan,
8904004410631,Orange Burfee,Haldiram's,
8908020463022,Natkhat Classic,Crax,
8906138740943,Kakarkaya Chips,Vellanki Foods,
8906005503190,Kesar Mawa Peda,Bikaji,
8906133312275,Almond Shortbread Biscuit,Karachi Bakery,
8906085277806,Flax Seeds,Swetha,
8906058330279,Salyzap,,
8902901026917,Cane jaggery powder,Good Life,
8901063151413,Jimjam,,
8904208600227,Palak Paneer spice mix,Rasol Magic,
8901777554104,Kaju Katli,Vadilal,
8901063121164,nutroʻ8901063121164,nutro,
8901719135194,PARLE MONACO,PARLE,
8906191630069,phabulous millet wafer bar,phab,
8901764231254,Soda Water,Schweppes,
8901054005329,Maggie chicken noodles,,
8901058003727,Maggie korean BBQ chicken noodles,,
8906143890114,Dark Chocolate Peanut Spread,The Whole Truth,
8904055200069,chikki,Sun,
8906005671400,Rajgira Chikki Bar,Charliee,
8904335604198,Protein cookies,Yoga Bar,
8901414004566,All Time Mixture,Bikini,
8909106039469,k pot,hul,
8904063231765,Haldiram's Minute Khana Punjabi Tadka,Haldiram's,"Frozen paratha/meal: refined wheat flour, vegetables, edible oil, spices, salt"
8906059638510,Epigamia Greek Yogurt,Drums Food,"Pasteurized milk, live cultures, fruit prep (for flavoured variants: sugar, fruit, natural colour)"
8906165784804,Whey Iso-Max Cafe Mocha,Fuel One,
8902979051927,Milk shake,,
8902979051965,Milk shake strawberry,,
8904043551784,Burger Supreme,Modern,
8904073191462,gulab jamun,,
8901262173537,Probiotic Frozen Yogurt Wild Berry,Amul,
8906005503084,Sandbar,Nikki,
8908000589421,Bindu,Bindu,
8908015970177,SF Roasted Hazelnut Syrup,GOOD&MOORE,
8901063093614,Good day 905g(2),,
8908010213989,Nacho Chips Salted,Makino,
8909106042872,Red lebel,hul,
8901063092846,Good Day,Britannia,
8906188960032,unibic fruit and nut cookies,unibic,
8906188960100,UNIBIC pista badam cookies,,
8901982358504,googly,bisk farm,
8904067709314,CHIKKI PEANUT GUD,jabsons,
8901719136498,FAB burbon chocolate,paele,
8901721003122,soan papdi,prabhuji,
8904132981140,best farm coriander whole,,
8904132963658,kuti chilli powder,good life,
8906020580343,Frozen Mango,ID,
8902901222586,chilli guntur stemless,Good Life,
8906188960452,unobic cookiz,,
8906188960469,Unobic cookiz,,
8906188960476,unobic cookiz,,
8901537070288,رز دعوات 4.5 كيلو غرام,,
8908003419374,رز احمد 4.5 كيلو غرام,,
8901161108418,رز الملكي 4.5 كيلو غرام,,
8906064679331,Wingreen org mayo,,
8902901224757,urad dal chhilka,,
8906089932244,Hydrolyzed Collagen,INLIFE,
8906010365967,Ghee Bombay Halwa,GRB,
8901552025300,Tikka Masala,,
8904256706469,fresho,,
8906063434115,Prabhat,,
8906084416497,M.O.M,M.O.M,
8905604001861,grass,,
8901440222798,Chili Pulver,,
8904234000329,snacks,,
8901499010018,Kellogg's,,
8904067712918,Potato Chips,Jabsons,
8902901251623,Cashews 400g,,
8902269509305,Zukacold,,
8902579002084,B fizz malt flavoured sparkling drink,,
8908015543210,Banana Flavoured Pea Protein By Green Protein,Green Protein,
8904043907239,Classic Salted & Roasted Almonds,Tata Sampann,
8906133021689,Whey Hydro Hydrolyzed Whey Protein,Nakpro,
8901262050074,Gulab Jamun,Amul,
8901248306010,fast relief,herbal pain relief ointment,
8901719921124,Biscuits,,
8901777033661,Green Chilli,Vadilal,
8906112662643,Flax Seeds Raw,True Elements,
8906081923073,Micronized Creatine Monohydrate,Carbamide Forte,
8906038230995,Chicken Kheema Parathas,Zorabian,
8906045581264,lalji sona papdi,,
8904083300755,milky chocolate,,
8901262030458,Ghee,Amul,
8906117254867,MADE IN INDIA,Dr rashel,
8908008660207,JJ Jeera rice papad,,
8908008660115,JJ Potato Fryms,,
8906036673138,Nandini,Special,
8902979043991,Tomato Garlic Pickle,Puchi Magic,
8908014493646,Kerala Whole Wheat Paratha,Rusingo,
8908015543418,green protein,sport,
8902710508901,High Protein Oats,Bagrrys Dark Chocolate Oats,
8906041570200,Paneer,Pride Of Cows,
8908026538083,Protein Powder Unflavoured,Wellbeing Nutrition,
8901262070928,Choco Cracker,Amul,
8901063033818,Pure magic 84g,,
8901719135866,Parle Hide&Seek,Hide & Seek,
8906138980615,salted chips,,
8906065031138,karachi cookies,,
8908018802086,Malaysian Curry Instant Noodles,Sakaza,
8906082371552,Kulfi,Grameen Kulfi,
8906066201295,Black Pepper Grinder,Keya,
8902710511024,Granola,Bagrry's,
8906000921968,Namak Para,Daadis,
8904327602348,Peanut Butter Unsweetened,Myfitness Zero,
8906010368340,town bus Avalakki mixture,,
8904083302445,Blueberry Greek Yogurt,Milkmist,
8901738200385,Badhusha Mithai,Vaigai,
8906030392752,Saras tarmarind 500g,,
8906030392745,Saras tarmarind 200g,,
8901779901104,Saras kashmir chilli,,
8901779022106,Saras corinder,,
8906159971241,Kerala Cashew & Pepper Chocolate,Paul and Mike,
8904132901681,sun crush,,
8904132904187,sun crush mango,,
8904018600769,Peru Papd,Chandan,
8908018802079,Thai Fire Blaze Instant Noodes,Sakaza,
8901030764332,dove anti dandruff solution,hul,
8904150206461,Mix Dried Berries,Nutty Gritties,
8906078150161,Star fries ring murukku,,
8906078150147,Star fries tapioca chips,,
8901491002905,Kurkure,Unknown Brand,
8904494100487,Butter Cookies,Danish Style,
8901537081062,Roasted Rice Cracker,Kari Kari,
8908009918215,Plant Protein,O’ziva,
8901220004736,chyawanprash,Baidyanath,
8901207050060,Chyawanprash,Dabur,
8901928710007,Rich Marie 1kg,,
8906121210101,Calcutta Elaichi Chai,Chérise,
8901157025200,Hit 400 ml,,
8908020440252,Tomato & Herbs Tortilla Wraps,Habanero,
8904063204073,Instant meal Dal Kichdi,Haldiram's,
8906125982721,Buttter popcorn,4700BC,
8904256720168,Eggless chocolate cake,,
8908001039703,MRP Rs.80,bun,
8906195000004,Cooked Rajma (Kidney Beans),FreshCon,
8904150197783,Laddubar Protein Frutos Secos Y Cranberries,Sumeru Ayurveda,
8908000863880,Oleev kitchen pasta,,
8906067529350,Metabolic Fiber Boost,The GoodBug,
8906026013876,Sri Murugan Ghee,Unknown Brand,
8904132973718,Desi Ghee,Independence,
8901832000027,Annapurna desi ghee 1L,,
8906020588455,Plain paratha,,
8908012648451,Рис басмати,Indian basmati rice,
8906011772238,Paneer,Unknown Brand,
8908004270523,Garlic paste,Choki Dhani,
8901071701945,Hershey's kisses almonds,,
8903553402494,Chakli,Rambandhu,
8906082391062,Tapioca Sticks Masala,Malabar Treat,
8901030653957,Lux flaw less glow jasmine,hul,
8906079956847,Zimtstangen Cinnamon Bark,Bio K.D.M,
8906079956434,Lorbeerblätter,Bio K.D.M,
8906089153052,Basmati Rice,Zaara,basmati rice
8908015284168,Energy Drink Xtreme,Coco High,
8904083508601,Organic Virgin Coconut Oil,24 Mantra,
8908015543081,Wild Strawberry,Green Protein,
8901576010344,Modern corn mixture,,
8901777449769,Wholewheat Homestyle Paratha,Vadilal,
8906058330002,Cleovera,,
8906040980604,Cold pressed coconut oil,Hareena,coconut
8906005505859,Bikaji soya sheekh kabab,,
8901047001031,カルカッタジャルフレイジーカレーソース,ナーナックフーズ,
8901014000418,Geki Spicy Korean Ramen,Nissin Geki,
8904004416817,Haldiram's Indian Sweets - Dodha Burfee,Haldiram's,
8908023883568,Cashews,Bazana,
8904281502005,COCO NUTTY CLUSTERS,Gopala,
8904063203229,Patisa,Haldiram's,
8901725017958,Yippee Noodles,Sunfeast,
8906113901659,JointRelief Collagen,Healthy Hey Nutrition,
8901058014341,KitKat Delights dark,Nestlé,
8908005080565,Manpasand Malda,,
8906079530443,Mutton Mince,Daanish,
8903023003503,More selecta,More,
8908011301043,Instant Noodles Oriental Hot Chicken Flavoured,Zim tak,
8904335604471,yogabar multigrain,,
8901725014339,Aashirwad aata with millets,Ashirwad,
8901725101053,Aashirvad atta,Aashirwad,
8908018651486,Troovy Ketchup,Troovy,
8906010079123,Ganesh chawal atta,Ganesh,
8904304337461,Gingin,,
8908013098552,Plant Protein Real Strawberry,POD NUTRITION,
8906140085568,MAKHANA (Tomato Achari),,
8906140085575,MAKHANA (Peri Peri),,
8901721001548,Prabhuji Namkeen,Prabhuji,
8906107175936,Salad Chicken (Herb And Pepper),Meatigo,
8906107175929,Salad Chicken (Chilli And Garlic),Meatigo,
8904406390623,Oat Drink,Alt,
8901414004474,Navaratan Mixture,Bikano,
8906001050476,Mother's recipe Andhara ginger pickle 20gm,mother's recipe,
8904422707504,patanjali nooddles,,
8906015651362,bikharam dry fruit laddu,,
8901721002941,prabhuji rossogolla,,
8904340701462,pass pas delights,,
8901721000701,prabhuji,,
8906066201882,Keya ginger garlic powder,,
8901399102011,santoor royal sandal,,
8901030996498,Dove,,
8901088772419,saffola masala millets (1),,
8906143610491,Peanut butter,Flex Nuts,
8906113491051,tata soulfull,,
8908024707023,Pumpkin Seed Bite,Zealo,
8906069405614,Burger Vegginaise Sauce,Veeba,
8903553646430,RB sweet lime pickle,,
8907122002986,Vlcc skin whitening facial kit 25g,,
8908020733439,Mint Chocolate Chip Wafer Bar,Volt,
8904063220196,Paneer Mint Fingers,Haldirams,
8906089080242,ctrl sun sundcreen gel spf 38,,
8906014904643,pani puri kit,kwality,
8908012365792,Purabi milk 200ml,,
8906016412870,Badam milk,Jersey,
8906179300144,Date check,,
8908024801011,Vanilla Protein Shake,Nuvie,
8908012692980,Superfood Plant Protein,Wellbeing Nutrition,
8904358314661,Unifresh organic panner 125g,,
8901958001991,Egg White Liquid,SKM,
8904335604112,Mocha Bliss 10gms Protein Shake,YogaBar,
8904319302621,haldiram besan ladoo,,
8904319302492,haldiram kaju,,
8904335605102,Protein Mini Coffee Crunch,Yoga Bar,
8908020889174,Rasam powder 100gm,IHP leyngars,
8908020889150,IHP leyngars samber powder 100gm,,
8901719128295,20-20,,
8906032360339,Cashew Biscuit,,
8908005459828,Chia Seeds,Nourish You,
8906002080427,Sakti curry powder 100g.,,
8901719137044,Hide and seek milano,,
8908008556654,Cookies man,,
8901612003385,Brown sugar,,
8906177080062,Twinings classic tea,,
8906183980028,Creatine Monohydrate,Beast Life,
8906044542235,Whey Protein Choco Crunch,HEALTHFARM,
8904281907541,Swechha coconut biscuit,,
8904405902513,Milk,Karminnagar Diary,
8906111541260,Fun Flips Puffs Chatpata,Fun Flips,
8909106048553,Cup-a-Soup Tomato Chatpata,Knorr,
8908009193025,Power Eggs,Yojana Poultry,
8904004442281,Baingan Bharta,Mo'plleez,
8908017366428,Indian Masala Protein Bhujia,Shaka Harry,
8906059636769,15g Blueberry,Epigamia Greek Yogurt,
8908014265274,DARK  SOY SAUCE,,
8908014265168,HOP HOP TOMATO KETCHUP,,
8906069405133,wok tok momo chutney,,
8906069406048,Wok tok all in one chowmein sauce,,
8906069405171,WOK TOK CHILI VINEGAR,,
8906069405164,WOK TOK GREEN CHILLI,,
8908014265380,HOP HOP FIERY SCHEZWAN KETCHUP,,
8906069405157,WOK TOK RED CHILLI SAUCE,,
8908014265182,HOP HOP DARK SOY SAUCE,,
8907316003263,MOTHER'S RED CHILLI SAUCE,,
8901058014044,MAGGI RICH TOMATO KETCHUP,Maggi,
8906029450579,MEAL TIME GREEN CHILLI SAUCE,,
8906113441827,Urak peanut butter sugar free,,
8908006561230,Groundnut Chikki Crunchy Bite,Wilson’s Sweets,
8906095124497,Wonderland mabroom date 200gm,,
8906112995994,High Protein Wheat Rusk,Protein Chef,
8901552023801,Date & Tamarind Chutney,Ashoka,
8906001023876,Isorich Health Supplement,Avvatar,
8906095125104,Wonderland walnut 500gm,,
8906060950670,Fruit Shots,PELICAN,
8906176680171,Green apple,,
8904281904656,Swechha jeera biscuits,,
8906078260785,Pista almond cookies,Cremica,
8904022909704,Bonn jeera,,
8904477300453,Telangana Spicy Mixture,Bambino,
8904281904397,Rcm salt,,
8904281906650,Swechha Tomato 🍅  ketchup,,
8904422707498,Patanjali noodles,,
8906097400070,Zoff red chilli 🌶  5rs,,
8906097400056,Zoff turmeric powder 5rs,,
8904067702506,Roasted Chickpeas,Jansons,
8901044100430,Sparky,Mapro,
8901071704229,Hershey's Kisses Hazelnut n Cookies,Unknown Brand,
8901648096986,Mother Dairy Dahi Small Can,Mother dairy,
8906013698307,Kajah Golden tea 225g,,
8904281906636,Shinol hairfall control,,
8904281900122,Nature cool oil,,
8904281903925,Coconut oil,,
8904281908289,Natural cool,,
8904281906490,Talc pink 💗,,
8904281908265,Cavigo red ♥️,,
8904281905448,Cavigo red ♥️  small,,
8904281905264,Pixie blue 💙,,
8904281907640,Swechha tea green 🍵 💚,,
8904281907619,Swechha tea red 🔴,,
8906097401695,Zoff Black salt,,
8904281908357,Swechha chaat masala,,
8904124108074,Paneer,Ananda,milk solids
8904281906001,Rasoi tadka,,
8904281903307,Turmeric powder,Sweccha,
8904281904649,Jaljeera,,
8904281905387,Revito daily laundry bar,,
8904281905301,Detmaxx,,
8904281905554,Nysa glycerin bar,,
8904281908302,Ena green 💚,,
8904281902973,Ena Jasmine,,
8904281905493,Ena haldi & chandan,,
8904281908005,Ena Jasmine small,,
8904281907145,Ena floral small,,
8909106022812,Horlicks plus,,
8908024353107,Chocolate Donut Cake,Cooba,
8901777461808,Aloo Mutter Sandwich,Vadilal,
8901552025584,jalfrezi sauce,truly indian,
8906107170177,Spicy Chicken Dumplings,Prasuma,
8901777657102,Sangam Kaju Katli,Vadilal,
8906084417319,MOMS BANANA CHIPS DESI MASALA,,
8906125983032,4700 bc,,
8901595971213,Chinese tomato 🍅  soup,,
8903363011572,Jelly Mazza kala khatta,,
8903363011589,Jelly jeera masala,,
8909106005518,daily shine,hul,
8909106002166,Tresemme haire fall Defense,hul,
8909106006553,Tresemme Lamellar gloss,hul,
8909106045064,Orange Candy,Kwality,
8908023136237,Plant Protein,Maiva,
8901242400332,Bambino seviyan,Bambino,
8908017753037,BHUJIALALJI CHIWDA MIXTURE,,
8901207004551,GINGER GARLIC PASTE,"HOMMADE,DABUR",
8901652142235,Puff tangy lemon sandwich biscuits,Priyagold,
8906163831050,Peri Peri Party Mix,Farmley,
8906102380519,vintomo plus,,
8904300200349,Butter Biks,Mario,
8906063434313,Pujabi Gol Chikki,Prabhat,
8906066700385,Black Truffle With Salt,Kettle Studio,
8904406100536,Butter Chicken Cooking Sauce,Vandco,
8901777426111,Tandoori Roti,Vadilal,
8906107170733,Bao Buns Bbq Chicken,Prasuma,
8906022691306,Chicken Breakfast Sausages,Delicious,
8908026875751,Whey Pro Rich Chocolate,Ripped Up Nutrition,
8906040377657,Basmati Rice,Preema's,
8901786810505,Nattu meat masala 50gm,,
8906002083497,sakti Super garam masala 100gm,,
8901512564405,Act 2 Golden Sizzle Popcorn,Act 2,
8908019726404,Nova Nova red velvet,,
8908019726411,Nova nova,,
8906149991617,jujube,,
8901030997945,Dove sensitive care,hul,
8901030989711,Sunsilk oil blends,hul,
8901552001922,AMBA,,
8904063255280,Lite Mixture,Haldiram,
8906070431688,Organic Cowpea White,,
8906084693317,Kaju Bites,Om Sweets & Snacks,
8908016002365,Amlaprash Sweetened With Misri,Two Brothers Organic Farms,
8906032378723,Blueberry jam,,
8904089930819,Sweet Lassi By Heritage,Heritage,
8906036068705,Taka Tak Bhel,ever green,
8901088000994,Saffola testy + oil 5lt,,
8901246003287,Delmonte quality classic olive oil 200 ml,,
8906005454034,KPL Shudhi gingelly oil 500 ml bottle,,
8908004238332,Plant protein Chocolate Fudge,Origin Nutrition,
8903363009630,Home chef pasta fusilli,,
8906004565861,PUUFF,7 Diamonds,
8904340701257,Pulse golmol,Pulse,
8906099642751,Choco Hack,Neo,
8903081357907,Rocky Road Peanut Butter,Chase Protein,
8901246002679,Delmonte quality california pitted 340gm,,
8906081121073,Happilo seed and Barriers 200gm,,
8906001055365,LIME PICKLE (MILD),Mother's Recipe,
8906081120069,Happilo supermix berries 200gm,,
8906081120083,Happilo salted cashews 200gm,,
8906081120229,Happilo whole cashews 200gm,,
8906081127587,Happilo champions mix 200gm,,
8906081120014,Happilo california blueberries 200gm,,
8901552020114,Punjabi Samosa,Ashoka,
8906001050063,Mother's recipe Madras thokki pickle packet 200gm,,
8908009533944,Glueten Free Atta,JusAmazin,
8906001050025,Mother's recipe Stuffed green chilli pickle 200gm,,
8906002770632,Filter Coffee Decoction,Cothas,
8901719925122,Premium Rusk,Parle,
8908012691082,Berry Mix,Just Berry,
8901262071734,Amul-Raisin n',,
8901042970592,Minute Rasam,MTR,
8904063251930,Mast Masal Chips,Haldiram,
8904083506485,Whole Wheat Atta,24 Mantra Organic,
8901192211262,Fresh Palak Gourmet Gravy,"catch,Kitchen Art",
8901192211286,Rich White Gourmet Gravy,"Kitchen Art, catch",
8901192211248,Makhani Gravy Culinary Paste,"catch,Kitchen Art",
8901023018220,godrej Aer matic cool suff .blue,,
8902979029636,Nylon Shev,Garden,
8906185240199,Mango Vanilla (Isolated Whey),Deep Impact,
8901175016181,Koact 625mg,,
8901302098325,Avas 10,,
8906013812505,Corn flake Mixture,Roasty Toasty,
8901808007715,Corn Flour,Weikfield,
8901552021135,Matar Paneer Kathi Roll,Ashoka,
8906140084455,Roasted MAKHANA,,
8906005501776,Mini Samosa,Bikaji,
8906117361381,High Protein Milk,Country Delight,
8904045800040,curd chilly,,
8901030945106,pond's sunscreen,hul,
8901030999505,pond's Sun miracle  spf 50,hul,
8909081001178,Bounce elaichi creme,sunfeast,
8901719129520,parle orange bite,,
8904029415833,Glucomin-D,Jhonson & Smith Co,
8901063166264,britannia tiger,,
8901063337718,Sweet slice,Britannia,
8904038410997,Panda Lemon pickle 5kg bottle,,
8907316012753,Mother's recipe crushed mixed pickle,,
8906001050759,mother's recipe mixed pickle 400gm,,
8906001052562,mother's recipe bangali mixed pickle 300g,,
8906001051428,Mother's recipe Lime pickle 300gm,,
8901042955018,MTR Mango thokki 500g,,
8901042955049,MTR Mango tender pickle 300gm,,
8904011506518,Double horse cut mango pickle 400gm,,
8904011506532,Double horse Lime pickle 400g,,
8904011506839,Double horse Lime pickle 150 gm,,
8904011506884,Double horse cut mango pickle 160 gm,,
8904246910623,Priyanka green chilli pickle 300g,,
8904246910746,priya citron pickle 300g,,
8906001052920,Mother's recipe ginger garlic paste 500gm,,
8906032990574,Teju ginger garlic paste 1kg,,
8901719136504,Parle fabi bourbon,,
8908003823065,Satyavijay Green Sandwich Chutney,Satyavijay,
8908003823058,Satyavijay Coconut Chutney,Satyavijay,
8906033530564,Snapin nutmeg powder 50gm,,
8906066201738,Keya salad seasoning 80g,,
8906033530113,Snapin thyme 6g,,
8908001954037,Sanjay avarebele masala 200g,,
8906066205101,keya piri seasoning 70g,,
8906088330256,Durga peanut chakra,,
8906066201868,keya garlic granules 55g,,
8906066200588,keya parsley 17g,,
8907093003661,Chilli Tuna,Tasty Nibbles,
8904335603405,Protein Muesli,Yogabar,
8901552028158,Sandwich Chutney,Ashoka,
8908024977457,Choco Hazelnut Protein Wafer Mini,Superyou,
8906198981645,Biozyme Iso Zero Low Carb,Muscleblaze,
8908001105286,The only smoked paprika52g,,
8908001105484,The only paprika powder 52 g,,
8908001105675,the only garlic powder 50g,,
8908001105682,The only ginger power 40g,,
8909081001765,Mint paan rose,,
8909081001734,Candyman toffichoo,,
8904132979574,Toffeeman,,
8904145913800,Ensure Diabetes Care,Abbott,
8904011505245,Double horse rice palada mix 300g,,
8906021120968,aachi fish curry masala 50 g,,
8906021123068,Aachi tomato rice powder 50 gm,,
8906021120517,Aachi chilli Chicken Masala 50gm,,
8906021128551,Aachi Madras sambar power 100gm,Aachi,
8901725006051,Aashirwad chilli powder 100g,,
8908018072458,Pancake and Waffle Mix,The Nutrik Co.,
8906001052036,mother's recipe butter chicken,,
8906002082117,sakti pepar powder 50 gm,,
8906002082124,sakti paper powder 100gm,,
8906002080120,sakti chilli powder 100g,,
8906020491427,Kaju Roll,Lal,
8904304388845,Special Mixture,Grand Sweets And Snacks,
8908006024216,Kothamalli Thokku,Gss,
8901042971438,MYR Mangaluru buns mix500gm,,
8908000655225,Agmark Ghee,Roja,
8906152260618,swalty,,
8906001090922,White Sella Rice,,
8904073797718,Red double boiled rice,,
8901138008116,"Himalaya Re-Hydrate Electrolyte Drink, Orange Flavor",Himalaya Wellness Company,
8901725106782,Candyman Fruitee Fun,Candyman is sold by ITC Limited,
8906077940237,Original Kaima Dates,Amal Al Khair,
8901207051494,Dabur Sat Isabgol 120 g,Dabur,
8901396389460,moov 20g,,
8906027122058,sams,,
8908011479797,Magnesium Tablet,Tata,
8905950002819,Bikaneri Bhujia,Bikaji,
8906161390795,Onion Bhujia,Let's Try,
8906161390641,Methi Matheri,,
8904214505035,Dal Sev,Raju Namkeen,
8908003050911,rice,india,
8901565000486,Tomato Discs,Peppy,
8909106048584,Knorr Manchow Vegetable Soup,Knorr,
8909106035256,Knorr Broccoli Soup,Knorr,
8906016570266,Mangal deef,,
8909340000058,Plant Protein Powder,Cosmic,
8909900155143,Nectar of Night,The Green Ritual,chamomile
8906009536637,Max Protein Bytes ChoconAlmond,RiteBite,
8904227312125,black henna,,
8906020581807,Protein Idly Ready Mix,ID Fresh,
8908015975448,Millet Noodles,Gud Mom,
8906005509871,Shahi Paneer,Bikaji,
8901552027274,Onion Paneer Paratha,Ashoka,
8908000308701,Spicy Mixture,Visas,
8906069720977,Mysore Pak,Anand,
8901414042179,Paratha,Bikano,
8906019560318,Nankhatai Whole Wheat,,
8901440200949,Eastern Madras sambar power 100g,,
8901440206293,Meat ularthu masala 100gm,,
8906068765696,املو خارج احمر,,
8904038400226,panda coriander powder 100g,,
8904422708693,neem tulsi,patanjali,
8901688122140,Veg momos,,
8906077362503,jamin puff pastry,,
8906065032661,karachi biscuits,,
8906065031046,karachi biscuits,,
8906069407595,Tandoori Mayonnaise,Veeba,
8906005610317,Mini Toast Classic,Lite Bite,
8904045811664,Roasted Bitter Gourd,,
8901719131851,Parle kance mango,,
8906040373451,Brownies Basmati Rice,,
8908009059567,Olive & Rosemary Sourdough,The Health Factory,
8902579002114,Fizz,Parle,
8901725005993,Yippee noodles Mood masala,Unknown Brand,
8904064628137,Jaggery Cubes,,
8906158360190,Fit Bite Digestive,,
8906158360084,Caramel finger,,
8901058015829,CERELAC Rice,Nestle,
8904152403219,coconut,,
8907885000113,BUSH,,
8901036124246,Cappuccino,Continental,
8901764031021,Sprite,,
8906152261493,sunder bourbon,,
8906030612584,Chicken Breast Wrap,Green Chick Cjop,
8906119861926,Drinking Water,Aquavelly,
8901777389171,Mini Punjabi Samosa,Vadilal,
8906009534008,Protein bar,Max Protein,
8901393026481,Chupa chups crawlers,Crawlers,
8906100881568,campa power,,
8908014100407,Basmati Rice,,
8908020611171,Oasis Arabia Deseeded dates 500g,,
8901399393006,Deep cleansing,,
8901786280100,Everest kasuri methi,Everest,
8906158620355,Priya dairy curd,,
8906064919864,Dried cranberry 100g,,
8906019771721,Nutraj anymany cashew 500g,,
8904250615439,benzoyl peroxide gel ip,,
8906112995833,Gluten Free Butter Millet Cookie,Lo Food,
8906042150050,Anil Roasted short vermicelli,,
8906021123006,aachi tomato pickle,,
8906002081561,Sakthi chicken masala,,
8906002081783,sakthi fish curry masala,,
8906002081745,sakthi fish fry masala,,
8906002081820,sakthi garam masala,,
8906002080076,sakthi turmeric powder,,
8906002081349,sakthi Vathal pulikulambu powder,,
8906002081059,sakthi tamarind rice powder,,
8906002080564,sakthi Chilli chutney powder,,
8906002080656,sakthi rasam powder,,
8904188616836,Urad Dal,Saurbhi,
8901138505851,Himalaya 200 g,,
8908010299082,Shifa jelly 50 g,,
8906125380497,Shifa jelly 100 g,,
8908003457338,Coconut Water,Mojoco,
8906080040375,Garlic Toast,27 Peaks,
8902901026757,Good Life Black Dry Dates 200gm,,
8902167009969,mdh hing powder 20g,,
8906001400301,ssp special asafoetida hing,,
8906005506719,Bikaji anokhe risty,,
8905950000327,Bikaji Shubh Avsar,,
8905950000341,Bikaji Festive masti,,
8906038782852,Aceite,sri,
8906019561162,Jeera Khari 400gm,,
8906065580131,Potato Wafers,Manohar,
8904063255365,Khatta meetha,Haldirams,
8906188960094,Jeera Cookies,Unibic,
8906095192144,Onion Powder,Praakritik,
8908019582048,Millet Noodles,Mr. Agro,
8903023264587,more selecta maida,more selecta,
8904120400882,American Yellow Mustard,Abbie’s,
8906005508218,Achari Masala Matthi,BIKAJI,
8906069405669,Shawarma Garlic Veginnaise Eggless,Veeba,
8906073541124,"WEIGHT Ủj Alkhor, Industrial 2, Dubai (UAE) ral Trading LLC Dubai (UAE) for: Shed No. 04, Ras Alkhor, Industrial 2, Dubai (UAE) Plot No. 613-1432, Corporate Office: Win Trade General Trading LLC Dubai (UAE)",,
8901030970191,Lux Fresh Glow,hul,
8904002501904,MASQATI BADAM PISTA KULFI,MASQATI,
8904002501881,Mango Duet,MASQATI,
8906163832248,Farmley Quinoa,,
8906014881043,Methi Thepla,Rewynd,
8901030871023,pears Soft and fresh,hul,
8906167242760,Black Small Mustard Seeds,,
8906167242371,Sooji,,
8907065096127,Puramate Corn Flour,,
8906097403194,Zoff Onion Powder,,
8901192106124,Catch Red Chilli Powder,,
8908016793966,White Vinegar,,
8901063166288,Brita.tiger kreemz 72g,,
8901662038344,suhana chicken gravy,,
8901058011746,Maggi sauce,maggi,
8904155834737,butter cookies,,
8901058903171,KitKat big,,
8908001246361,Mast Mattar,Crax,
8906166360298,Unjunked Bhujia,Open Secret,
8901047011054,Cooked Basmati Rice,Trophy,
8904071512122,Kachori,,
8906125982097,Crunchy salt corn,,
8908019882094,Coco Poco Green Apple,Dobra,
8908013080878,Coconut Water,Cocomama,
8906170521425,High Protein Oats ( Chocolate Raisin),Nutrabay,
8900419935837,bergen black,,
8906091300468,Creatine,NutraBox,
8904039700219,Jaggery,,
8906112668799,Oats atta,,
8906159973696,Mutton masala,,
8904293708419,Chana Brown Flipkart,,
8906032550440,Biryani Masala,Eagle,
8909177014921,Walnut,,
8909177015393,Cashew,,
8909177014297,Fig,,
8904293708501,Urad split,,
8906095192274,Raw Sugar,Praakritik,
8904039702367,Sugar brown,,
8903794503011,Red chilli,,
8903794503509,Tamarind,,
8901537081567,Roasted Rice Crackers,Pepper Delight,
8904017013843,Phool Makhana,Uttam Fresh And Clean,
8906087420309,Bengaluru's Special Mixture,Sowbhagya Foods,
8901071704335,Kisses hazelnut,,
8901719135491,Parle-G Royale Biscuits,Parle,
8906199980203,Classic Chettinad Seedai,Sri Krishna Sweets,
8904004402285,farali Chiwda,Haldirams,
8906064701230,Cornflakes Mixture,Kozhi Koden's,
8901491003414,Kurkure,Lehar,
8906095141456,Energy Gel,Unived,
8901648011613,Misthi doi,Mother Dairy,
8901648013761,Mishti Doi,Mother Dairy,
8901648014850,Fruit yoghurt Blueberry,Mother Dairy,
8906136782396,Wild Forest Honey,Anveshan,honey
8906189580550,Plant Protein Bar,Upnourish by Pluckk,
8904038109402,Salted Peanuts,Babaji,
8906005509888,Palak Paneer,Bikaji,
8907316007315,Spice Mix For Chicken 65,Mother’s Recipe,
8901648001768,Lassi sweet,Mother Dairy,
8901648091455,Nutrifit probiotic drink strawberry,Mother Dairy,
8909350001038,Tofu masala,Vinvik,
8908024377011,Tofu jeera,fit bean,
8908024377004,firm Tofu,Fit Bean,
8908024377028,veggie Tofu,fit bean,
8906020493551,lal soan papdi,,
8908019552003,ORIGINAL PANCAKE & WAFFLE mix,The Belgian Waffle Co,
8906010367619,GRB Gulab jamun,GRB,
8906072795450,Munchitos,Mom’s Basket,
8906045141581,Gold Whey Concentrate,Nutrabay,
8908016002235,Sattu,Two Brothers Organic Farms,
8906133406707,Nutrimix,Little Joys,
8906014081887,brahmins kadala,,
8906014081535,brahmins uluva,,
8901743062008,Melam idily mix,,
8906014080477,Br Coriander powder,,
8904011509069,Double horse coriander powder,,
8908006779734,ajmi coriander powder,,
8906134670299,ajmi turmeric powdee,,
8902082700170,Grandma's turmeric powder,,
8906134670510,Ajmi kashmiri chilli powder,,
8908006779727,ajmi chilli powder,,
8902082700026,grandma's meat masala,,
8902082700064,grandma's chicken masala,,
8902082700088,grandma's fish curry masala,,
8906014081313,Br ginger garlic paste,,
8904011508192,Double horse meat masala,,
8904011508185,double horse fish masala,,
8904450000172,Lampy out,,
8908006982127,Raw Cooking Spray,Raw,
8906014081276,Himalayan Pink SALT,Brahmins,
8906001093169,Premium Extra Long Gain Basmati Rice,Golden Grain,
8906134670374,Kashmiri,Ajmi,
8906013812512,Quinoa & Seeds,Roasty Toasty,
8904089929127,Heritage fresh panner,,
8902901035179,Bolas kaju,Bolas,
8908019481181,Rich Plum Cake,Kottaram,
8906095112487,Flax seeds,Wonderland,
8901248270175,Emami soyabean oil 5lr,,
8906023810270,Brown Bread,Nanda's,
8906054071664,Elite Grains,Elite Grains,
8905604002059,Jivo Rice Bran Oil,Jivo,rice bran oil
8901777462072,Cheese Chutney,Vadilal,
8908013252596,Power oats choco peanut butter 400gm Fit & Flex,Fit and Flex,
8906010261085,Sunflower Oil,Gold Winner,
8909106028586,Coffee,Bru,
8901052005970,Black Tea,Tata Tea,
8901052006519,Agni Leaf,Tata Tea,
8906005625038,Coffee Powder,Mayil,
8904335605096,Mango Rizz Protein Shake,Yoga Bar,
8901052031450,Kanan Devan,Tata Tea,
8906134671623,Ripe Banana Chips,Ajmi,
8906134671357,Tapioca Chips,Ajmi,
8906134671340,Banana Chips,Ajmi,
8906134671616,Tapioca Sticks Spicy,Ajmi,
8906134671593,Garlic Murukku,Ajmi,
8906134671395,Bombay Mixture,Amji,
8906134671401,Kuzhalappam,Ajmi,
8906134671388,Kerala Mix,Ajmi,
8906134671418,Sharkaravaratty,Ajmi,
8906134671364,JackFruit Chips,Ajmi,
8906134671647,Kerala Mixture Extra Hot,Ajmi,
8906134671425,Pakkavada,Ajmi,
8906134672118,Masala  Cookies,Ajmi,
8908020440269,Tortilla Wrap Beetroot & Carrot,Habanero,
8908024361478,High Protein Coffee,Provilac,
8908004114438,Cashew nuts,,
8906111323606,Fara tamarind 500g,,
8906055100455,Roasted Chana,Rajdhani,bengal gram
8908001105088,the only salad mix 50gm,,
8901648014867,Mother dairy Raspberry,,
8901648026174,Mother dairy,,
8906000594452,Indian Basmati Rice,Nezzah,
8901192219121,catch,super garam masala,
8906080040382,Herb Toast,27 Peaks,
8904008410057,MIMIORANGE HAEMATIC TONIC,,
8904008410231,MIMIORANGE Capsules,,
8902292007601,MAGNAVIT Capsule,,
8902445020297,Jeritone E Capsules,,
8902445005416,Vardplex Forte,B - Complex,
8906009235530,BG - Glutamin Tabs,B - Complex,
8906104981714,Edge Vitamin E,Vitamins,
8906047110677,BESIX Tabs,Pyrodoxine,
8906047110776,BECO,B - Complex,
8906031051047,Actilosa Capsules,Probiotics and Prebiotics,
8906081301857,ASNORBIN-1000 Vitamin C Effervescent Tablets 1000 mg,Vitamin C,
8904115411404,Lactel laban,,
8901901224712,Chana dal roasted,Good Life,
8901262040020,Amul shrikhand,Amul,
8901262040044,Amul shrikhand badam pista,Amul,
8901262020381,Amul cheese,Amul,
8901063410053,Cheese Britannia,Britannia,
8906066201875,keya ginger powder 40g,,
8908007344382,Vanilla Extract,SPRIG,
8904324904711,FERTILION - F&quot;,Supplements,
8904324905718,FERTILION-M 30 Soft Gelatin Caps,Supplements,
8906076132862,Zero Maida Burger Bun,Baker's Dozen,
8904324900096,FOETASAFE 30 Soft Gelatin Capsules,Supplements,
8906010278809,Meniphib Tablets,,
8906069872775,FAMICAL-D,,
8906010277833,Kidflame Tablets,,
8906031058428,"Optilyf Supports Eye, Macula and Retina health",,
8904043927497,tata sampann coriander powder,Tata Sampann,
8906135091109,Mixed Fruit Jam,apis,
8906160270968,Peanut Butter,American Rich,
8901493010236,"fruitomans,mix fruit jam",,
8904091117734,Relcer ANTACID 100mls,,
8904134920529,Sucrafil0 Gel Sucralfate & Oxetocoine Suspension Fourrts 100mls,,
8904134910094,SUCRAFIL SUSPENSION 200 ml,,
8906013698314,golden premium tea,kajah,
8906009237381,BGACID 100 ml,,
8908019673173,nannari sharbat,bakers,
8906064283439,brit butter cookies,,
8906063985624,Mintogel  Antacid Suspension 180 ml,,
8904008420117,Gastracid Liquid 100 ml,,
8901704093812,R-COL ACTIVATED CHARCOAL 500 mg 60 Tablets,,
8906010279684,Gas Off Tablets,,
8902281026200,cital DISODIUM HYDROGEN  CITRATE LIQUID 100 ml,,
8904008423118,Oligo care Tablets 30 (5 x 6) Tablets,,
8904008423101,Ova care Tablets 30 (5 x 6) Tablets,,
8901972064514,Butter Cookies,Danish Delights,
8901063151314,Good day,,
8904083512387,Red Dry Chully,Organic,
8901414005334,Boondi,Bikano,
8906115810454,Total Ten eggs,Total Ten,
8904043551531,Whole Wheat Bread,"Bimbo,Modern",
8906136652071,Organic quinoa,Pintola,
8904091112500,Candid mouth paint,,
8904051309261,Cassava chips,,
8906064656653,Tandoori Mayo,Wingreens,
8906058330125,Skarfix-plus,,
8906058330187,Fix derma scar gel,,
8908010780184,nine  pads,,
8908004963135,Basmati Rijst,MEHNAT,
8908018729680,Multigrain Sourdough,Suchali,
8908007022921,Multigrain Tortilla Wrap,Habanero,
8901537071025,Daawat biryani 5 kg,,
8901058009293,Peach,,
8901848004538,Lemon,,
8908013140008,Cocktail sour,,
8906144570510,Coll,,
8901207053825,Mix,,
8908000302143,Restaurant Parotta,Viswas,
8908000985957,Stevia,So Sweet,
8906021122535,Aachi Rasam powder 50g,,
8906064700158,Parippuvada,Kozhi Koden's,
8902082100109,Mango Jam,Grandma's,
8906010260125,Deepam oil,,
8906066701023,kettle studio chips,,
8906097408311,soya chunks,Zoff,
8906046146455,"Triple Omega Superseed Flour (Chia, Flax, Sesame)",Pride of India,
8906191630038,Millet Wafer Bar Mocha Latte,Phab,
8908001105019,Black Pepper,On1y,
8901149017381,HAEMUP LIQUID 200 ml,,
8902292000619,"HEMOFORCE Syrup of Iron, Folic Acid 200 ml",,
8902445005133,VARD'S BLOOD TONIC 200 ml Syrup,,
8901111078129,Fedate Syrup 200 ml,,
8906009237145,AMITONE 200 ml,,
8906081290298,FERROUS SULPHATE TABLET BP 200 mg,,
8906006330412,Rath Vanaspati,Rath,
8904360308092,FOLIC ACID TABLETS USP 5mg,,
8908002671131,ASTYFER LIQUID BLOOD BUILDER,,
8901117258266,Cipladon Tablets BP 500 mg,,
8901079005328,Zerodol Aceclofenac Tablets 100mg,,
8902297002793,Pirox PIROXICAM CAPSULES B.P.,,
8906003150716,Powergesic MR 100 Tablets,,
8901296111505,BRUSTAN 10 Tablets/ Comprimés,,
8906034080082,"MEDIZOX  Diclofenac Sodium, Paracetamol & Chlorzoxazone Tablets",,
8902281081063,flamar-MX 1X 10 TABLETS,,
8901262030618,Amul cow ghee,Amul,
8908023100573,Marine Collagen 4x,Miduty,
8904335604242,Seeds Mix,Yoga Bar,
8902396002984,KOFEX SYRUP 100 ml,,
8902396003646,KOFMINT Peppermint cough syrup 100 ml,,
8902292006918,Shaltoux CHESTY COUGH 100ml,,
8902292007120,Shaltoux Cough Syrup 100ml,,
8905013003647,Pa12 PROGLETS,,
8904008421930,Ugesic Piroxicam Orodispersible Tablets,,
8902281605085,CYCLOPAM 1 x 10 Tablets,,
8906005111951,MEPEN-250 Mefenamic acid Tablets BP 250 mg,,
8906081291110,FENAMEX SPAS 10 Tablets/Comprimés,,
8906104980724,XTRA-P 500  14 Toblets,,
8904159629421,Algic-P Aceclofenac 100 mg and Paracetamol 500 mg Tablets,,
8902541407114,Rihaee 1 Strip of 10 Tablets,,
8909106024434,Taaza,"Brooke Bond,Taaza,Unilever",tea
8901648092636,Mother dairy cheese spread,Mother dairy,
8901393017298,Chupa chups bites manis asem,,
8906024482049,Cow ghee,Dodla,milk fat
8906008818161,Fortune soya,,
8901248204156,emami golden beauty talc,,
8901248204217,emami golden beauty talc,,
8903105032568,Yardley london morning  dew,,
8904192204951,Peanut and Jaggery Brittle,Navadarshanam,
8906062810194,Fluozap nm,,
8904286204126,FunIt,galletas,
8906165789489,Whey Protein,MB,
8906006330375,Swikar refind sunflower oil,,
8901552026567,Lime Pickle,,
8906070210665,Honey,Little Bee,
8906082580015,Power Brown Eggs,Henfruit,
8903081246805,Salted Caramel Peanut Butter,Chase Protein,
8906002082445,Bajji-Bonda Powder,Sakthi,
8904137451068,CD Garam masala whole,,
8904043922027,Tata I-shakti A1 Grade Cooking Soda,"Tata,I-shakti",
8904137451099,Javitri,chukde,
8902901026849,Roasted dhana dal,Good Life,
8902901222289,cardamom black,Best farms,
8902901211245,Cardamom green,Good Life,
8902901222876,mustard yellow,Good Life,
8902901111958,Best farms almond,Best farms,
8906095124701,California almonds,Wonderland,
8901571014149,Centrum Kids Recharge Orangle Flavour,Centrum,
8908025026000,Aqa Mine Drinking Water,Aqa Mine,
8904002506053,Toned Milk Curd,Masqati,
8906018380443,Brown Bread,Nasta,
8904221694302,Whey Protein With Creatine,ATOM,
8901648486763,Mother Dairy Raspberry Fruit Yoghurt,Mother Dairy,
8901648004455,Mother dairy dahi,Mother Dairy,
8906055442142,Organic Black Paper whole,Organic Tattva,
8908004114285,Wonderland Blueberries,200g,
8906095124756,Flax seeds,Wonderland,
8906095124466,Ajwa dates,Wonderland,
8908002506051,Emperor dates 500g,,
8906016013442,Gourmia 200g,,
8906019772056,Nutraj sunflower seeds,Nutraj,
8908004124734,Flax seeds wonderland,Wonderland,
8908004114742,Wonderland sunflower seeds,Wonderland,
8908009059574,Super Protein Bread,The Health Factory,
8906135191588,Brown Rice Paper,Moi Soi,
8901063410350,Cheese Block,Britannia,
8906118200948,Masala Okra Chips,Super Munchies,
8904244307500,Samossas aux légumes,,
8906163074952,Basmati Reis,,
8906156052066,Repose milk cake 450gm,,
8906156052059,Repose Fruit cake 450gm,,
8906156052073,Repose plum cake 450gm,,
8908019489194,Cookd Madras 65 Masala,Cookd,
8901719129551,parle kapi,,
8906010090128,Cheese Block,Dlecta,
8908022418037,Egg Whites,Yellows And Whites,
8906115881270,بسكت nice,,
8906157570521,Nutty Delight Cereal,Gaia,
8906069407601,Burger Mayonnaise,Veeba,
8901063410480,Laughing Cow Cheese Slice,Britannia,
8904335604464,yogabar,,
8908015236921,Wow thukpa veg noodols,,
8901138822224,Himalaya bar,,
8906170521142,Whey Concentrate,Nutrabay,
8906019772773,Nutraj Afghan munakka (abjoshi),Nutraj,
8908004114643,Wonderland roasted makhana,Wonderland,
8908009450005,Brown Bread,Homa,
8901207028045,Alphonso Mango Juice,Real,
8906106300933,Rajma,Bowlful,
8906019772186,Cashew nuts,Nutraj,
8906002340279,Rajdhani suji 1 kg,Rajdhani,
8906095124718,Raw cashews,Wonderland,
8902901223996,Good life cashew 2pieces,Good Life,
8906078724270,Gopal Masala Sev Murmura,Gopal,
8906014902175,Kwality Pasta masala 50gm,Kwality,
8906185460559,makhane,,
8904386100083,Mars Mascara,,
8906059636912,Everyday Yogurt,Epigamia,
8909081002779,Superior MP Atta,Aashirvaad,
8909177014648,Kasoori methi,Daily Good,
8909106011113,Spicy Korean Kimchi Soup,Knorr,
8901719132049,Rusk,,
8901972050043,Desire Premium Danish Choco-chip Cookies,Dukes,
8901138816582,Himalaya Neem scrub,,
8901138819972,Himalaya brightening daily scrub,,
8906095121816,Wonderland dry yellow dates Kharek,Wonderland,
8908004114728,Wonderland roasted makhana,Wonderland,
8908004114278,Wonderland Dried Cranberries,Wonderland,
8908004114704,Wonderland Roasted makhana,Wonderland,
8906006330139,Nature fresh refined soyabean oil,Nature Fresh,
8908456012818,لوشن 500 ګرام,,
8906111593610,Indian Masala Chai Instant Premix,Octavius,
8908026581003,Egg Whites,OVO lites,
8906068766068,peanut butter,hayel,
8901662029144,Suhana paneer chilli dry mix,Suhana,
8906064650040,Chipotle mayo,,
8901063033658,Treat triple chokho rs 30,,
8906125983308,Korean Popcorn,4700 BC,
8906019402243,High Fiber Bread,St Michael,
8906069722407,Pepper Cashewnuts,,
8906069723046,Maddur Vada,,
8902346050553,Enerzal Zero Orange Flavour,Enerzal,
8906090591294,Quinoa Chips - Jalapeño,Chef Urbano,
8908023879004,Peanut Butter,Wellx,
8906010503543,Balaji Crunchem Chaat Chaska,Balaji,
8904035421460,Hairfall defense,joy,
8906002081431,sakthi mutton masala,,
8901393028270,Mentos Clean Breath,mentos,
8909081006272,Popped Chips Salt 'n' Pepper,"Bingo, ITC",
8901262178853,Aloo Tikki,Amul,
8904287005395,Choco Delight,Amore,
8908013439478,eclairs,,
8906191600000,Chakki Atta,Thirupthi,whole wheat
8906011347450,Milk Compound,Mello Royale,
8906151141932,Calcium + Vitamin D3,Tata 1mg,
8908016501486,Classic Veggies Momos,Hello Tempay,
8901548312414,D'lite Cookies Choco-Chip,Sugar Free,
8906107380163,stingless honey,beecraft,
8906064700011,Banana Chips,Kozhikoden's,
8906018940104,Tuborg Strong Beer,Tuborg,
8909081008030,Butter & Garlic Chips,Bingo,
8906142161000,zylinex,,
8908020554584,Ginkgo Biloba Leaf Powder,Buds and Roots,
8904049713346,nature's essence,,
8904091101801,Powercort,,
8908000861640,Gopal (Tikha GATHIYA),Gopal,
8908000861756,Gopal (Sev Murmura),Gopal,
8906069721752,PISTAMIKA INDIAN PISTACHIO BISCOTTI,ANAND,
8906112995918,Millet Chips,LO Foods,
8901262202602,"Buffalo Milk, Curd Yogurt",Dahi,
8906176792508,Mutton biryani,Pista House,
8908020463305,Biggies Swiss Cheese,Crax,
8906082571686,Roasted Súper Mix,Cornitos,
8906053597783,charms peanut butter 340g,,
8904343602834,ORS POWDER 21.8G,CIPLA,
8901103171319,OXY BLEACH 9G,OXYLIFE,
8901701101053,HESH MULTANI.MATI 50G,hesh,
8906068240001,COSMOSILKY 40G,COSME,
8901414061163,teekha mixture,bikano,
8906071510009,GLUCOSE D REGULAR 100G,HELLO,
8906071510108,GLUCOSE D ORANGE 100G,HELLO,
8908001753784,DR ORTHO OIL 100ML,DIVISA,
8901148200487,Mucolite Drops,REDDY,
8901117244849,MICOGEL 15G,CIPLA,
8904055140570,SUPERMAX SII BLADE 4+1,supermax,
8904054100445,AMYCORDIAL SYRUP 200ML,AIMIL,
8906124050605,LIVEASY HOT WATER BAG 2LITR,LIVEASY,
8906124050612,COTTON CREEP BANDAGE,LIVEASY,
8908005946304,ABSORBANT COTTON WOOL 50G,JAYCOT,
8904150208502,Brazil Nuts,Nutty Gritties,
8906120100502,Roasted & Salted California Pistachios,Farmley,
8901117287914,CIPLOX D EYE DROPS 10ML,CIPLA,
8906019647453,DIGENE TAB 15S,ABOTT,
8904192600203,FLORITE PRIYA FEEDING BOTTLE 125ML,FLORITE,
8904192600326,FLORITE FEEDING BOTTLE 250ML,FLORITE,
8901701115753,HESH  QUEEN NEEM TUSLI POWDER,HESH,
8901701130756,HESH COLONE COOL TALC,HESH,
8901063344617,Britannia Atta Bread,Britannia,
8901058008524,Gold corn flakes,,
8904335605706,High Protein Oats Banana Creme,Yoga Bar,
8907065122154,Pancake Syrup,,
8904192600548,FLORITE DELUX NIPPLE,FLORITE,
8906009703466,Mathiya,,
8906076133272,Cheesy Tomato (Protein Chips),The Baker's Dozen,
8906013813144,Millet Upma,Roasty Tasty,
8904064621657,Green mukhwas,,
8906026161577,Kaduku mango pickle,,
8906165788765,WrathX,Muscleblaze,
8901662044376,Chick fry masala,,
8901662040002,Meat / Mutton masala,Suhana,
8901662042389,Misala masala 12g,,
8906078262666,Olive Sub,English Oven,
8901786170500,Everest tandori chicken,,
8906198980730,Protein powder,Truebasics,
8901719136795,parle hide&serk,,
8901719137037,parle hide serk,Parle Platina,
8901719136740,Hide & Seek,Parle,
8901719136771,Hide & Seek 100g,Parle,
8908015078125,Nutri+ Eggs,Abhi Eggs,
8901972059978,Shortbread Cookies,Dukes,
8901719135668,hide seek,,
8906182620093,Chilli Garlic,Master Chow,
8906157904388,Pure Himalayan Shilajit Honey Sticks,Anecdote,
8905950002000,Namkeen Bhujia,Bikani,
8906090577007,Tapioca Chips - Lemon Pepper,Too Yum,
8906069612791,Anand Khatta Mitha Mixture 900Gram,Anand,
8906069612784,Anand Tikha Mitha Mixture (900gram),Anand,
8906082520097,Get slim juice,Kapiva,
8904083504849,24 mantra organic poha 500g,,
8904083504894,24 mantra organic red poha 500 g,,
8901088894128,Forest Honey,Saffola,
8904377105523,عسل باران,,
8906063130086,Pomegranate Arils,KIMĀYE,
8906090577960,Gourmet Chips Truffle,Too Yum,
8906010366643,town bus moong dal,,
8906021926249,apis mixed fruits jam,,
8904073779295,Bille de taapioca,,
8901277017093,Park avenue,,
8901161106001,Basmati Rice,Lal Qilla,
8906071882366,Coffee-espresso,,
8906013870062,Coorg Cofee,,
8904214505462,Papad Pauva,Raju,
8904335605522,High Protein Oats,Yoga Bar,
8906055445556,Organic Mixed Dal,Organic Tattva,
8908014757465,Dal Tadka,Hocco,
8906165782688,"Biozyme ISO Zero low Carb, Unflavoured",Muscle Blaze,
8901030718946,Horlicks biscuit,,
8901063092303,Good day biscuit,,
8906025861089,Boondi,,
8901063121188,Nutro,,
8904064616332,Roasted red rice,,
8901262260787,Amul Taaza Milky Milk,,
8900994643530,Korniszony Z Nutą Miodu,Nasza Spiżarnia,
8906035143366,Passion Fruit Peda,Chipo,
8906064654161,Tez Tandoori Naan Chips,Wingreens Farms,
8908000870215,Methi Puri,Jaimin,
8901063014442,Vita Marie Gold,Britannia,
8904073779141,Chocolat en poudre 1848,,
8901042963549,Mtr Vermicelli roasted 440g,,
8904091146772,Ryaltris Olopatadina 600ug/ Mometasona 25ug,,
8906169990119,Madras mixture,Sweet Karam coffee,
8906125385416,فازلين,,
8901414058316,Dry Fruit Kachori,Bikanerwala,
8906068766464,Peanut Butter (Choco),Nut Berry,
8908009275035,Rice Powder,Ponkathir,
8904057397019,Cheese spread,Hatsun,
8908023145239,Banana Chips-Malabar Flavor,Beyond Snacks,
8906036848376,Sojabällchen,subash,
8906036840011,Rotes Reismehl,Subash,
8904335605515,"Fruits, Nuts & Seeds High Protein Oats",Yoga Bar,
8904004409161,Orange Delighy,Haldirams,
8903553840586,temptin chilli vinegar,Temptin,
8903553832437,temptin soy sauce,,
8903553851438,Temptin tomato kechup,,
8903553834431,temptin green chilli,,
8903553070297,Cumin powder,Ram Bandhu,
8906125870288,tylowel,tylowel,
8906038740326,Grilled Sweet Corn Cob,Y-Cook!,
8906134960055,Kaju katli,,
8902335011602,Chocolate Wafer Stick,Bakemate,
8902027005100,atta rusk,kitty,
8906029140913,Gingelly oil pickle,,
8904265415215,Jowar Khichiya Sorghum Flour Crackers,Amdavadi,
8906082650749,Corn Chakali Sticks,Athavales,
8904035417098,joy skin fruits 300 ml,,
8908004415108,5star peanutbutter,,
8908004415245,5star peanut butter,,
8908002627015,ORAL REHYDRATION SALTS BP,SunLyte ORS,
8906135191458,Hakka Noodles,Moi Soi,
8909081004391,Supermilk Biscuits,Sunfeast,
8906118200108,Sweet Potato tandori,Super Munchies,
8904286204140,fun it,,
8906070368717,GRB Rasogolla,,
8904083513988,Somamasuri Brown Ricd,24 Mantra Organic,
8908004076453,Basmati Rice,Parliament,
8901414000162,bikano bikaneri bhujia,,
8901414006508,Bikano Chana Masala,,
8901414000384,Bikano Moong Dal,,
8901414040984,Bikano Tasty Saga,,
8901414031845,Bikano plain bhujia,,
8904089552912,Paneer,,
8904089995368,Livo Mango Yogurt,"Heritage, Livo",
8904089995337,Livo Strawberry Yogurt,"Heritage, Livo",
8906107216134,Date Bites,Flyberry,
8906076133166,Protein Bread,Baker’s Dozen,
8906010366537,Town bus Butter muruku,,
8904335604129,Double Chocolate Protein Shake,Yoga Bar,
8901777669105,Milk Cake Sugar Free,Vadilal,
8904430105743,Gapata Sapata- panipuri,Gajanand,
8906090577984,Too yum gourmet chips Himalayan pink salt,Too Yum,
8901584002706,All Purpose Gravy,M.M. Poonjiaji Spices Ltd.,
8906672651149,Jaggery Powder,PSK ayur,
8906107176001,Pad Kra Pao,Meatigo,
8904083322870,High Protein Cheddar Cheese,Milky Mist,
8906184890869,Makhana Peri Peri,Purva Bites,
8906133409241,Whey Protein Concentrate (Cocoa Edition),Only What's Needed,
8901512544605,Popcorn,,
8906000591758,Indian Extra Long Grain Basmati Rice,Begum Premium Quality,
8906168751544,Kaara Kuzhambu,777,
8906005501295,All In one,Bikaji,
8908024899070,Classic Indie Soda Twisted Shikanji,Green Horn,
8906090577953,Thai Curry Chips,Too Yum,
8901058005653,Maggi spicy,,
8901552029650,Cham Cham dessert,Ashoka,
8906198120136,Isolation Pure Whey Isolate With Digezyme,Exalt,
8906057901593,Sattu,Century,
8906021128261,Idly Chilli Powder,Aachi's,
8904221695361,ATOM Whey Protein Double Rich Chocolate,AS-IT-IS Nutrition,
8906026600090,Acai Berry & Mixed Berry Soda,Rio,
8906123323472,senso,,
8906151142960,Tata 1mg Vitd3+ K2 Mk7 Supplement,Tata 1mg,
8906077361544,Garlic Pickle,Jaimin,
8901764041112,Thums up Can 350ml,ThumsUp,
8908000275270,Instant Upma Mix,Viswas,
8904089241014,Bum,,
8904293723375,Raw groundnut,Flipkart Grocery,
8901233026510,Cadbury Lickables,,
8901262153263,Amul tru mango 150ml,,
8904124100665,Bilona Ghee,Ananda,
8901030833939,dove Care protect,hul,
8901747003823,WAGH BAKRI Spiced Tea,wagh bakri,
8904083301851,milky mist ghee,Milky Mist,
8906095125098,Wonderland walnut jumbo 1kg,,
8906167310414,Mark premium Green Pista100gm,,
8906017863411,Bisk farm Heylo,,
8903553002427,RB Kasoori Methi,,
8901491100212,Olive And Greek Salad,Red Rock Deli,
8906078262093,oatmeal digestive biscuits,Cremica,
8901155409316,DHANSAK,Gits,
8901440209416,Egg Masala Powder,Eastern,
8901552028233,Vegetable Kulcha,Ashoka,
8902850006749,Coconut milk,,
8906144492324,Cold Coffee by Sleepy Owl,,
8906159641458,Masala Oats,Fira,
8906159641441,Oats With Curry & Pepper,Fira,
8906115983097,Moong Dal,Himalayan Natives,moong dal
8904234004143,Dankaram gur evri,,
8906065169930,Spicy Chicken Grill Patty,"ITC,Master Chef",
8901777409091,Malai Paneer Paratha,Vadilal,
8906019564170,Aloo Sev,Real,
8906084380064,Aloo Sev,Real,
8906186470076,Indian Biryani Rice,Eat Regal Gourmet,
8906178380062,Clove,One Pinch,
8901262220392,Amul,,
8904335605782,High Protein Oats Mum's Masala,Yoga Bar,
8906027141738,Marinated Boneless Chillie Chicken,Del Frez,
8908026832037,CORN CHIVDA SWEET (160g),ISHAN,
8908026832020,CORN CHIVDA (160g),ishan,
8908026832228,ishan DRY FRUIT KACHORI (250g),ishan,
8908026832211,ishan KACHORI,ishan,
8908026832242,ishan MASALA CHANA JOR GARAM,ishan,
8908026832075,ishan WHEAT CHIVDA,ishan,
8908026832181,ishan SING BHUJIA,ishan,
8908026832150,ishan SANCHAR SEV,ishan,
8908026832167,ishan METHI PARA,ishan,
8908026832044,ishan POHA CHIVDA,ishan,
8908026832143,ishan NYLON CHIVDA,ishan,
8908026832174,ishan SHAKKAR PARA,ishan,
8908026832099,ishan WHEAT PURI,ishan,
8908026832082,ishan FARSI PURI,ishan,
8901491100052,Doritos Sweet Chilli (India),PepsiCo,"Corn, edible veg oil, sugar, salt, spices, garlic powder, acidity regulators, colours"
8906125475582,Lemon Ginger Non Alcoholic Beer,Coolberg,
8906071430789,Premium Extra Long Basmati Rice,Little India,
8904234003863,danaram gulab chikki,Danaram,
8902850003687,Cumin seed 200g,uncle J's,
8908012811428,Belgian Dark Chocolate,Minus30,
8906116953983,Whey Protein Magical Mango,Muscle Blaze Biozyme PR,
8901278001169,Brontuss syrup,,
8901063365704,Festive Plum Cake,Britannia,
8901414054936,Bombay mixture,,
8906133024727,Mr Fit. Mass Gainer,Nakpro,
8904004440102,Tandoori Garlic Naan,Mo’plleez,
8906095373116,Makkai Chewdo,Ramji Damodar,
8908023404565,Freshly Roasted Salted Peanuts,Tong Garden,
8904482000447,Soya Magic Soya Chunks,Hamdard,
8901719119224,choco fills hide and seek,,
8908000863019,PREMIUM AMERICAN POPCORN CLASSIC SALTED,PIPO,
8904004410471,Dodha Burfee,,
8908024977402,Choco Hazelnut Protein Wafer Mini,Super You,
8906163833252,makhana chips korean,,
8908020493401,Cheese Spread,Fidel,
8904221694623,Double Rich Chocolate Whey Protein,Atom (As It Is ),
8901595991549,Schezwan Samosa,Ching's Secret,
8902710205244,Corn Flakes Honey And Almond,Bagrry's,
8908003623399,dnv bori,,
8906191630045,Phab protein bar,Phabulous,
8902901035971,Hyderabad Biriyani rice,,
8906065169725,Chicken Seekh Hot And Spicy,ITC Master Chef,
8901071701402,Cocoa,Hershey's,
8904220505890,Monopil,pil,
8903172022844,Iv cannula,missionpharma,
8908001658560,Mango & Passion Fruit Drink,O'cean,
8906090760393,Choco Vanilla Cake,Diamond,
8906107176025,Thai BBQ Chicken,Meatigo,
8904296910840,Crunchy Potato Wafers,Fabsta,
8901777489086,Paneer Chilly Vadilal,Vadilal,
8901248303644,Himani navaratna zaith zaitoon,,
8906010277246,co-ex syrup,,
8904091116621,Ascoril syrup,,
8907848000280,Vijaya Ghee,Vijaya Telangana,milk fat
8906012556244,Wood Cold Pressed Groundnut Oil,Gramiyaa,groundnut oil
8906163830381,Black Pepper Cashews,Farmley,
8906129221192,lassi,chaswale,
8901030767517,After shave,,
8906015655230,Bhikharam chandmal khatta mitha 200gm,,
8908000295254,Mukhorachak 7pm 200g,,
8906115100203,Wafer Roll Roll Pole Red Velvet,Haldiram's,
8901296056448,Prohance Activ Vanillla Flavour,Prohance,
8906046142730,Parboiled Golden Basmati Rice,Pride of India,
8902433007385,Orbit,WRIGLEYS,
8906097408588,Fish Fry Marinade Mix,Zoff,
8901030986536,3 Roses Tea,Brooke Bond,
8908005266013,Brown Bread,Brea,
8908018234016,Kombucha Peach,Kulturd,
8906106240000,Honey spoon,,
8908012811817,Vanilla Mini,Minus Thirty,
8905507015538,Jeera,Imli tree,
8905507001340,pasta,first crop,
8904287001182,Penne Pasta,Bambino,
8904004401486,Bhelpuri,Haldiram's,
8908026832204,ishan RICE CHIVDA,ishan,
8901655216148,Triple Distilled Vodka Added Orange Flavour,Smirnoff,
8904067712055,Tikka Masala Coated Peanuts,Jabsons,
8906168750622,Chekku Pressed Sesame Oil,777,
8908000791527,Pork Prime Ham,Prasuma,
8906124460787,Black Raisins,Green Leaf,black raisins
8906143892330,Cranberry Raisin Protein Bar,The While Truth,
8900019102523,Jaggery cubes 500gm,,
8908000861619,Gopal Bhavnagari Gathiya,gopal,
8908009247148,Sanjivani tea,Sanjivani,
8906011410123,Ganesh Udad Pepper Lentil Chips,Ganesh,
8906085460079,Papad,Yash,
8908009247308,Sanjivani tea 1kg,,
8901071702232,Blueberry &Acai Flavored Center Chocolate,Hershey's Exotic Dark,
8905002000022,KINGFISHER PREMIUM,KINGFISHER,
8901499025944,Near expire,,
8901499027511,Multigrain+ Corn Flakes,Kellogg's,
8902188839071,Ramdev (Gulab Jamun),Ramdev,
8908009247049,Sanjivani kadak,,
8901537078338,biryani kit,daawat,
8901537032019,dubar basmati rice,daawat,
8906125982073,Corn Chips,4700bc,
8906162360315,CHUTNEFY,,
8909081007637,Barbourn Bounce,Itc,
8906095191512,Beet Root powder,,
8902850022336,Saras rice 5kg,saras,
8908010609430,Thai Rice Chips,Match,
8904049110121,Arjuna Kwath,,
8906169993264,Filter Cofffee Mysore Pak,Sweet Karam Coffee,
8906171280376,haldi,Indian Desire,
8906191630687,Bhel Bar Curry Leaf,Phab,
8904132917347,Water with minerals,Independence,
8902979007726,maa mango drink,cavinkare,
8906125983209,Peri Peri Popcorn,4700BC,
8908024505100,Powdered Milk,Delite,
8904406908477,Chia Seeds,Bliss Of Earth,
8908014250027,Chocolate Almonds,Loyka,
8908024899094,Classic Indie Soda - Jeera Masala,Green Horn,
8908023186119,Crunchy Green Peas,Peazy,
8906041570194,fig and Honey yogurt,Pride of Cows,
8906037697454,Chocolate Chunchy High Protein Penut Butter With Added Whey,Savory,
8906163833436,Peri Peri Makhana,Farmley,
8908000276864,Malabar Porotta,Viswas,
8906000595800,Royal Basmati Rice,Maharani,
8908010271156,Double Chocochip Cookies,,
8906076280259,Triple Calcium,neulife,
8904335603931,High Protein Muesli Fruit+ Nuts & Seeds,Yogabar,
8906198980587,Pre-Workout 200 Xtreme (Tangy Orange),MuscleBlaze,
8908010570037,Gold Extra Long Grain Basmati Rice,Azizaa,
8906112662667,Chia Seeds (Raw),True Elements,
8906122606279,oncle,,
8904485500135,Dal Makhani,Contil india Ltd,
8906008351637,Foxtail millet,Manna,foxtail millet
8906083303729,Multi Millet Istant Noodles,Naturally Yours,
8904221694142,asitis double choc,Asitis,
8905507137018,First crop karare peanuts,First crop,
8905507137100,Chana Masala,First crop,
8901972076630,dukes creme 4 fun,,
8906005500526,Classic Salted Peanut S,Bikaji,
8901063092785,Gâteau,,
8904288601794,Pizza Pasta Sauce,Tops,
8906120100670,Minty Pudding Makhana,Farmley,
8906070132325,Premium Roasted Peanuts Hing Jeera,Sikandar,
8906091682809,Alphonso Mango Milk Chocolate,Paul And Mike,
8908013252039,Crunchy Granola Happy Berries,FIT & Flex,
8907003500150,Alu Bhujia,Unknown Brand,
8904063257956,Haldiram White Rasbhari,,
8904063252548,Haldiram Gulab Jamun,Haldiram's,
8908025655019,Banana Berry Cloud Shake,Skyway,
8906183930009,chilli flakes,shreeji vrundavan,
8906183930078,oregano,shreeji vrundavan,
8902049000008,methiya mango pickle,hampa,
8901453017213,gosanda,10/25,
8906078782454,Margherita Pizza,HyFun,
8906005508089,All In One Kuch Kuch,Bikaji,
8906061490113,Bombaywala punjabi samosa,,
8906066855290,Pumpkin Seeds,Nature Land,
8906161672495,Almond Brittle Brownie,Loyka,
8906010505202,BALAJ),,
8901037077855,Girnar Detox Desi Kahwa Green Tea,,
8906078724591,Gopal Tasty Peanuts,Gopal,
8906078720098,Gopal Bhakharvadi,Gopal,
8904004400496,Masala Peanuts,"Haldiram's, Haldiram Snacks Pvt. Ltd.",
8906170521869,Nutrabay Pea Protein,Nutrabay,
8906010300975,Chocolate Wafer Roll,Champion Gold,
8906002912223,Calcutta Pan,Bullion,
8901063165892,Britania Krunch,,
8906067023049,MuscleBlaze Gold Whey Rich Chocolate,"MB,MuscleBlaze",
8906010367756,Raaogolla,GRB,
8908074506997,Benatux Xarope 120ml,,
8904251300037,Quinoa Flour,Queen's Quinoa,
8908001588355,Half Cooked Whole Wheat Parota,"Asal,Milky Mist",
8906125251629,Black Sesame Burfi,mani mark,
8901777408124,Aloo Pyaz Parantha,Vadilal,
8901414000100,Bikaneri Lachha,Bikano,
8904055907739,Grilled Chicken Burger Patty,Meatzza,
8906009537030,Strawberry Truffle Millet Wafer,Max Protein,
8901393024975,Mentos,Men,
8906021120562,aachi chilli powder,,
8906135093981,Natural Honey,Akasia,
8908004010914,Fruit Biscuits,Karachi bakery’s,
8906131684794,Plant Protein Coffee Hazelnut bar,"Mille,Slurrp Farm",
8907525100180,kinley 1 liter,,
8901071705806,Hershey’s Cookies ‘N’ Creme 90g (India),Hershey’s,
8906166084491,Organic garam masala,,
8903241110946,Green Chilli Pickle,Pravin,
8906002001064,American Mustard,"Dr. Oetker,FUNFOODS",
8901491100229,Basil Thai Sweet Chilli Wafers,Red Rock Deli,
8901262202619,Amul Low Fat Yogurt,,
8906059638541,Greek yoghurt smoothie,Epigamia,
8909177015478,Red labiya,Daily Good,
8909177015485,White lobiya,Daily Good,
8906031251720,Milk Masti Bread,Chakote,
8908012365785,Purabi milk 1ltr,Purabi,
8906040413546,Pasta masala,Pushup brand,
8906166084453,Organic ginger powder,Ingrancplus,
8906165856280,Quinoa Chips,Healthy Master,
8901058024401,KiKat,Unknown Brand,
8901035049267,Thé noir traditionnel,Golden Victoria the queen of tea,
8908005312222,Hawaiian Barbecue Cheese Popcorn,4700 BC,
8906084413380,Roasted & Salted California Almonds,MOM,
8904477301634,bisi bele bath,,
8901595864348,Ginger Garlic Paste,Smith & Jones,
8906133312886,Dubai Chocolate,Cocoatini,
8904064683112,Soya Flakes,Chakra,
8908016986023,Iodised salt,Top Cook,
8904221698522,Pure Carb For Weight Gain (Maltodextrin),asitis,
8901058029109,Maggi Pazzta Masala Penne,maggi,
8901207042089,Chawanprash,Dabur,
8906112663541,Muesli Nuts & Berries,True Elements,
8907969000008,Rey castor,,
8901725121211,Aashirvaad Select atta 10 kg,,
8904104300146,Roasted / salted californian almonds,,
8904117500076,Whole Wheat Bread,Super,
8901058867015,Gold Blend Instant Coffee,Nescafe,coffee beans.
8906000611777,McCain cheesy nuggets,,
8906026460564,GREYBOLT,Greybolt,
8906132697557,"Skin Collagen, Hydrolyzed Type 1 Marine Collagen, Hyaluronic Acid, Biotin, Sesba",Dr. Morepen,
8906091300659,Vegan Protein,Nutrabox,
8906172780141,"Muesli, Dark Chocolate",True Elements,
8901777501146,Malai Paneer,Vadilal,
8904293709713,Flipkart Fennel seeds,Flipkart Grocery,
8901052011643,Kannan Devan Strong Tea,Tata Tea,
8904293707504,Flipkart Urad white whole,,
8906136650268,Pintola High Protein Peanut Butter Green Colour,Pintola,
8906115886947,marie biscuit,,
8909081002977,Salt & Pepper,Bingo Popped,
8903363001382,elaichi green eco,dmart,
8903363000057,Groundnut,"dmart,premia",groundnut
8906179550242,garlic mixture,purohit,
8908008763007,Whole wheat Khakhra,Wel Baked,
8901725118808,Roasted Vermicelli,Aashirvaad,
8906069404754,Garlic Veginnaise eggless,Veeba,
8904156103399,Ghee Roast Masala Curry Paste,Ideal Cafe,
8906033532988,Piri Piri Mix,Snapin,
8901262140133,Capsicum,,
8901414057074,Khatti Meethi BIKANERVALA D पत्र Kachori www BIKAN,,
8901414010611,www BIKANERVALA Matar Para Crispy Salty Snacks of,,
8901491103015,Tomato,,
8906055440032,organic moong whole,organic tattva,
8906006299542,Kottu Barotta,,
8906159661876,dehaat jaggery lumps gur,Dehaat,
8904162930866,Toor / Arhar Dal unpolished,Good Life,
8904198801895,Jowar Khakhra Multi Grain Crisps,Euro,
8906076133258,Protein Chips,The Bakers Dozen,
8901652142860,Butter Delite,Priyagold,
8906189960123,mango bango,XTCY,
8901262300513,Fruit & Nut Fantasy Gold,Amul,
8908006779970,ajmi rice flakes,,
8906005625168,sesame ball,,
8906134670060,chicken masala,,
8901393024944,Alpenliebe FAMILY PACK,Alpenliebe,
8908025440592,Black Pepper Potato Chips,Origins By The Filter Coffee,
8906193330806,Makhana Seasoning Combo Pack,Lotus Makhana,
8906095127009,Wonderland Mamra Badam7A 200gm,Wonderland,
8901670814046,Sugar Coated Fennel Seeds,,
8906101801480,Aguaje,,
8904320075453,Chocolate Peanut Butter Smooth,DiSano,
8901777402122,Lachcha Paratha,Vadilal Quick Treat,
8906000921531,Khakhra,Daadis,
8908000273399,Garlic Pickle,Viswas,
8906001025207,Isorich Whey Protein,Avvatar,
8908015694011,Chatmola,Rinkas,
8908015694431,Chatmola Chand O Sitare,Rinkas,
8906078780900,Straight Cut Potato,Farm Best,
8903105010498,Yardley london,,
8908018651721,THE HEALTHY PROTEIN PUFFS,troovy,
8901071732833,Sofit Almond Unsweetened,Sofit,
8901052008780,Premium Care Tea,Tata Tea,
8906020730106,Green Cardamom,Spice Valley,
8908001375986,Chocolate Coconut Cookies,Nourish Irganics,
8904288612547,Garlic Pickle,Tops,
8908009275004,Puttupodi,Ponkathir,
8901777276556,Chikoo Pulp,Vadilal,
8901058013733,Nestle classic fruit and nut,Nestlé,
8908005807292,Orange Dark Chocolate,Mojo Bar,
8906000612811,McCain garlic potato bites,Mccain,
8908009059550,sourdough bread multigrain,the health factory,
8906020462076,Zero Maida Pav,Baker’s Loaf,
8901393024630,mentos,,
8906107173758,Chicken Salami,Prasuma,
8906133026233,Double Rich Chocolate Impact Whey Protein,Nakpro,
8906015501940,momo,,
8901662027027,Matan gravy mix,,
8904103300598,unwanted -72,mankind,
8904221694111,Pea Protein,Atom,
8906059636714,alphonso mango protein greek yoghurt,epigamia,
8904132901698,sun crush indian mixed fruit,,
8906095290086,INSTANT RICE UPMA MIX,adukale,
8901777285169,Jamun Pulp,Vadilal,
8904288604023,Tops junior tomato ketchup,Tops,
8906172784071,True Elements High Protein Oats Indi Masala,True Elements,
8908016793973,Schezwan Sauce,Master Chow,
8906069011167,Drinking Chocolate Swiss Vanilla,Cocosutra,
8906165785986,Magnesium Glycinate,HK Vitals,
8906165787577,Fish Oil,HK Vitals,
8906102671242,Vitamin D,Briyo,
8906064707010,Banana Sweet Chips Long Slice,malabar delights,
8909340000003,Protein Pro Vanilla Bean,Cosmix,
8908024361546,High Protien Mango,Provilac,
8901161104984,Basmati Rice,Lal Qilla,
8906047380018,Mangue,,
8906198982048,Rocky Road Fudge Protein,Muscle Blaze,
8904063227171,Lima Beans,Valor Lilva,
8904405800031,Jerk BBQ Sauce,Chokhi Dhani,
8906064701452,Andhra Mixture,KozhiKoden’s,
8908020248056,Plast Based Chocolate Drink,Oatish,
8902901027822,Little Millet,Desi Kitchen,little millet
8908024361522,High protein Chickoo,Provilac,
8901719139208,HIDE & SEEK,PARLE,
8908025585217,Ashwagandha Powder,Mai Greens,
8906073149405,Clear,,
8906071431502,Basmati Rice,Ameenah,
8901242107903,Roasted Vermicelli,Bambino,
8901063142855,Nutri Choice Digestive Zero,Britannia,
8902901213928,Good Life Almond,Good Life,almond
8906076133340,Baked For Each Other,Baker’s Dozen,
8906011155963,"Dal (organic, unpolished)",Alpine,
8906112990531,Ultra Low Carb Keto Atta,Lo! Foods,
8908006441983,Chicken Nuggets,FnM,
8908000275614,Grated Coconut,Viswas,
8908003249087,Slim Milk,Akshayakalpa,
8906081380562,Nalla Karram Podi,"Swetha,Telugu Foods",
8906059637452,Turbo+ 30gr Protein Shake,Epigamia,
8908005459033,Quinoa And Brown Rice,Nourish You,
8906009809250,Choco Safari,Dukes,
8906198981119,Whey Isolate,True Basics,
8908016314253,Digestive,Sunder,
8904084901265,Edamame Soybeans,Gadré,
8908005144045,MULTIGRAIN ENERGY BAR,yoga bar,
8904043501314,Oatmeal Bread,Baker's Loaf,
8904043551883,Medium Crust Pizza Bread,Modern,
8906119721602,IMPACT WHEY PROTEIN,OSOAA,
8906112996069,High Protein Choclate Cookie,Lo Foods Protein Chef,
8901296107140,Revital,,
8904084901371,Imitation Crab Stick,Uminoko,
8908008521089,Brown Rice,Salkar,
8901207029585,Odonil,,
8908008772023,Nebiko crackers,,
8908008772283,Nebiko,,
8901063155473,Tiger,,
8906057901814,Century panipuri masala,,
8909106036062,0 NET VOL #09125 B66,,
8908007167578,Peri Peri Oat Chips,Makhana Walas,
8906109111109,Gur Atta Cookies,Haldiram's,
8906146032450,Pan Burfi,,
8906135075000,Shichimi Gachujang Instant Millet Noodles,Native Foodstore,
8901414042278,Aloo Tikki,Bikano,
8906153882734,Multifloral Forest Honey,Two Brothers,
8906170521241,Bioabsorb WHEY,Nutrabay,
8904132981454,Best Farm Raisins 100gm,,
8901662028185,Chické Tikka Masala Mix,,
8901058868647,KitKat delighta,,
8901262200035,Masti Dahi,Amul,
8908014757519,Bisi Bele Bath,Hocco,
8909340001338,Mocha Almond Bar,Cosmix,
8907003000162,Puliyogare,A2B,
8906040480265,Tomato Sticks,National,
8906199680592,Whey Protein Isolate Chocolate,The Func. Lab,
8908005155355,real,,
8906000427873,Marine Collagen,Dr. Morepen,
8906199680615,Whey Protein Isolate Coffee,The Func. Lab,
8906095125029,Mazafati Black Dates,Wonderland Foods,
8906151142311,Tata 1mg DHT Blocker With Biotin Advanced Tablet,Tata 1mg,
8904057300002,Arun LikStick Ice Candy Orange Flavour,Arun,
8908025188029,Death By Chocolate Jar,Get A Way,
8904067713731,Coated Peanuts,Jacobson,
8906010912864,Tripple Bar Black Current,Dairy Day,
8908000275492,Banana Roast,Viswas,
8909081009266,Breakfast Smoothie,Sunfeast,
8906082373686,Desi Malai Kulfi,Grameen Kulfi,
8908020415212,ziggy donut cake,,
8904083533696,organic frozen naan,,
8908002753530,Ghee,Red Cow Dairy,
8906005509963,Bikaji Bombay mix,Bikaji,
8909081008764,Crushin Himalayan Pink Salt,Bingo,
8908000391901,WheaFree Pistachio ACookies,fssai,
8904137451389,Small Fennel / saunf barik,Chukde,small fennel
8901777559147,Gajar Halwa,Vadilal,
8901777463109,Bombay Club Jumbo Grilled Sandwich,Vadilala,
8906059707957,Garlic Coriander Naan,Kottage Garden,
8901042970998,Coriander Powder,MTR,
8906000950166,sunsmile,,
8904095640351,Olympian ankle support xl,,
8904044224182,Olympian ankle support xl,,
8904044224175,Olympian ankle support L,,
8904095641082,Olympian elbow support M,,
8904044224342,Olympian elbow support L,,
8906008309669,Flamingo maternity belt L,,
8904044224359,Olympian elbow support XL,,
8908008763014,Khakhra,Wel Baked,
8906127551727,High Protein Oats - 25% Protein,Alpino,
8904327602805,High Protein Choco Oats,Profitness,
8901030702884,Pond's Hyaluronic Super Light Gel,"Unilever, Pond's",
8901662038818,Chicken Chilli Dry Mix,Suhana,
8906087772941,Hydra gel,Mamaearth,
8901207004094,Dabur Gulabari Rose Glow Face Cleanser,Dabur,
8903105010269,Yardley London English LAVENDER,Yardley,
8901314009067,Colgate ACTIVE SALT,,
8904035422832,Joy Hydra Refresh Ultra Light Gel,Joy,
8901314543653,Colgate maxfresh,Colgate,
8908026834017,Overnight Oats Mocha Marvel,Goat Life,
8906095141463,Gel 100 Salted Caramel,Unived,
8901512001900,ActII cheese brust,,
8906115423517,Crunchi bhelpuri,,
8904063226570,Haldiram cheese popcorn,,
8906111540560,Fun flip,,
8901414035041,Bikano chips,,
8906063434320,Prabhat,,
8906115425573,Wellbe mini khara chakli,,
8901512546104,Act II popcorn extreme butter,Act II,
8901491100182,Las combi,,
8906063434054,Prabhat navratan 400g,,
8906063430742,Prabhat,,
8901393018523,Just jelly fruit and bears,,
8906088703128,"Natural Cocoa Powder, Unsweetened",Christopher Cocoa,
8904137451174,Ajwain,,
8906005618153,Winkies Choco Cake With Vanilla Filling,Winkies,
8901721000244,prabhuji all in one,,
8901526591671,Garnier men hair colour,,
8908001920032,Bean Curd,Chetran’s,
8908005667575,Roasted Makhana Cheese,Pravin,
8906161540237,Stroom Protein bar 10gm Choco Almond,Stroom,
8906035270017,Tomato ketchup,Prime,
8904221697600,High Protein Bar Cookie Latte,"Atom,asitis",
8908027388007,High Protein Flour,Mill’D,
8901030972812,Diabetes Plus Vanilla Flavour,Horlicks,
8901041958430,Uttappam mix,,
8904463100401,Creatine Wafer Bar,Wellcore,
8906163833146,Farmley Cheesy Cheddar Makhana,Farmley,
8906081945495,Katsu Sauce,Meishi,
8906183550559,Organic Virgin Avocado Oil Spray,Pure Nutrition,
8909081009839,Malabar Paratha,Aashirvaad,
8906082391673,BANANA CHILLI CHIPS,Malabar Treats,
8906113491914,Crunchy Corn Flakes+ Millet Power Honey & Almonds,TATA SOULFULL,
8904304503996,Shahi Gulab Jamun,Swad,
8906011815300,Biryani aux légumes,,
8905551111231,FUNDAMENTAL SMASHERS Nº9,VÖLKA,
8906006850897,Three Cheers Chocolate,Baskin Robbins,
8902710205268,Barry corn flakes,,
8906199680608,Vanilla Whey Protein Isolate,The Func. Lab,
8906133409593,Only What's Needed Coffee Edition,Food Pharmer,
8908009082855,panipuri,,
8904335605737,High Protein Oats Dark Chocolate,Yoga Bar,
8904256704502,Fuili Semolina Pasta,Happy Chef,
8901161115065,LONG GRAIN BASMATI RICE,LAL QILLA,
8906191630052,Phab Strawberry Wafer Bar,Phabulous,
8901972071475,Anika,Koko,
8901063033801,brittania pure magic,,
8901719135439,parle monaco sixer,,
8901719135392,parle monaco jeffs,,
8906137051910,Milma pasteurized unsalted butter,Milma,
8904152250486,Butter Khari biscuit,Mr Puff,
8908009159205,Soya Sticks,Sukhadia,
8901777470787,Dabeli,Vadilal,
8906159970985,Dark Chocolate With Rum And Raisins,Paul And Mike,
8907901244828,makeup,,
8904256734592,"Goat Meat, Mince",fresho!,
8901777488089,Vegetable Manchurian,Vadilal,
8901595991570,Jumbo Schezwan Spring Rolls,Ching's Secret,
8901063370067,good day,britannia,
8906171120580,coconut cookies,,
8906001384151,bourbon,,
8906078267937,cashew delight,,
8908021450182,Shanti mustatd oil,Shanti,approx.
8904022910212,digestive,,
8901058024074,bar one,,
8906069402927,Ketchup With Sugar,Veeba,
8904043500393,Sunbake Rusk,Modern,
8901262176132,Amul Duetz Raspberry,Amul,
8906015022629,booster d’immo,,
8908015052132,Fruit Jus Pomegranate,Juicewale,
8901123002297,lotte chocopie big,,
8902433030758,Minis,,
8902433009303,snikers,,
8901393018530,aloenliebe just zelly,Just Jelly,
8901719107665,Biskit,,
8901389001898,Cacao Reserve Belgium Melt,Sos Save Our Souls,
8905672622333,Fasola biała konser,Moc Warzyw Dino,
8908026382006,Tofu,Mothers Nature,
8906084381597,Classic Bhakharwadi,Jagdish,
8903023006078,kabuli Chana,Vedaka,
8906150460034,Roasted Salted Magic Mix,Sao Foods,
8901874131420,Valor Papdi,Kitchen Xpress,
8906141461484,Mixed Veg,Vimal,
8904063229885,Cheese Balls,Minute Khana,
8901148248878,Stamlo 5,,
8901063155572,Tiger Krunch,Britannia,
8906108190198,Chunky Butter Chicken Spread,Licious,
8906011141829,MMS Infant Formula,British Life Sciences,
8908008607004,true cone choco chips,,
8901777038666,Surti Paprika,Vadilal,
8906133641931,Carrot & Dates Cake,Best Bakers,
8908026158007,Peri Peri Super Bhujia,Total Snacc,
8906160510033,Macarconi,,
8909106055681,Horlicks Milkshake,,
8908019040289,Clear whey,Protyze,
8902167002311,Soyatein,MDH,
8901790697529,Loratadina,,
8904063204660,Rajma Chawal,Haldiram's,
8906143891548,Protein Powder,The Whole Truth,
8908023136145,Plant Protein Shake,Maiva,
8904063260024,Snac Lite! Soya Katori Masala Dhamaka,Haldiram's,
8901052005628,Tata tea gold care,,
8906069400589,Salsa,Veeba,
8906015655308,Bhikharam chandmal Moong Dal 200g,,
8904067702490,Jabsons Hing Jeera CHANA,Jabsons,
8904043603452,Chicken Burger Patty,Venky's,
8904420604188,foundation,,
8906079728222,Malai Penda,,
8908020854783,Whey Concentrate Unflavored,Wellbeing Nutrition,
8906090578523,Triple Tadka Chips,Too Yum,
8906008351811,Millet Bytes by Manna - Multigrain Shottz,,
8906090578486,Too Yumm! Chips,,
8906090574402,Bhujia,Too Yumm!,
8908020710072,Wholy Fudgy Cakes Belgian Chocolate,Wholy,
8906009533155,RiteBite Max Protein 7 Grain Breakfast Cookie Oats & Raisins,RiteBite,
8908006646920,Cheezy Peezy Popped Lotus Seeds,Mr Makhana,
8901246006356,Del Monte mayo,,
8901747000556,WAGH BAKRI Masala Chai Tea Bags,,
8906090578516,Hot & Sweet,Too Yum,
8902433030499,Orbit mix fruit flavour,,
8902850009047,Rice Rava,Eastern,
8906116955475,MB Fit High Protein Muesli Fruits and Nut,,
8906197380159,Clear carbonated water flavoured with Peach,Catch,
8901058014723,Nescafé sunrise,,
8908010698465,Madrasi Saunf,,
8904209301758,Tandoori Chicken Masala,Aachi,
8907316003096,mother garlic paste,,
8907316003089,mother ginger pasty,,
8904132953338,toffeman fudge,,
8906127551567,Peanut Butter,Alpino,
8904071701731,Roasted Chickpea,Chheda's India,
8906018901563,Nutrulicious Curd,Lotus,
8906136840003,Peanut Butter Crunchy,Happy,
8906132730858,FRIED MALAI PANEER,Inde-Chefs,
8904083312048,Milky mist Shrikhand Elichi,Milky Mist,
8906130100325,Parmesan Cheese,Fiorella,
8906010368456,Lemon Rice Powder,Rakal By GRB,
8904063201966,Punjabi Samosa Jhatpat Bites,Haldiram's,
8906065794323,Litchi Fruit Drink,Pran,
8908005469001,Honey Twigs,Himalayan Multi floral Honey,
8908015078132,Abhi Eggs D3,,
8904240606775,Neuprotein-DF,GlenSmith,
8908002515701,Kalimark Choco Blast Flavored Milk,,
8904083300441,Milky mist paneer cubes 500g,,
8904063226518,Snac Lite!,Haldiram's,
8906134671371,Mixture Kerala,Ajmi,
8906107170030,Pork Ham,Prasuma,
8906143610538,Peanut Butter Crunchy,Classy,
8904198805909,Tikha Sabudana Chiwda (Farali),Euro,
8904272602530,coconet water,,
8908006646135,Black Salt Roasted Makhana,Mr Makhana,
8906159661036,Dehaat Besan,Dehaat honest Farms,
8901052009114,Tata Soulfull Mast misal,Tata,
8906149990887,Nimboo Masala,Candzey,
8906076133241,Malabar Parota,The Bakers Dozen,
8906097333170,Traditional Butter Cookies,Parliament,
8908017366398,Protein Bhujia,Shaka Harry,
8908001631082,Fresh Curd,Aroma,
8902269510721,DERMIKEM KT 5,,
8902269517942,BURN-O-KEM,,
8902328014665,Clotiact - B,,
8906125982080,Crunchy Corn Hawaiian Barbeque,4700 BC,
8902269515054,Moximax Eye Drops,,
8906015652505,bikharam chandmal jeera khari,,
8901030702679,No onion no garlic,Kissan,
8901725111168,Yippee tricolour pasta,Sunfeast,
8906167310346,Mark premium walnut 200gm,,
8901565000769,Madala Rice Popped Chips,PikNik Pops,
8908007022044,Hot Sauce,Habanero,
8906064651108,olive hummus,wingreens,
8901777880036,VADILAL CHOWPATI KULFI,,
8906005501097,moong dal,BIKAJI,
8904422710399,Aloe vera gel,,
8906188960513,Qubz Wafers,Unibis,
8901207005121,real fruit,,
8906198120051,The Priority Whey,Exalt,
8906027790523,aristozyme cap,,
8906081123657,Salted Roasted Almonds,Happilo,
8906035140143,Banana Chips,Chipo,
8908023404435,Nature's Harvest Mix,Tong Garden,
8906122120317,Groovy,,
8906170521678,Pea Protein Isolate Unflavoured,Nutrabay,
8906183591316,Lucky life corn flakes PRODUCT OF INDIA,,
8908017658301,Dark Chocolate Oats,Health Ninja,
8908025188012,Hazelnut Choco Cheesecake,Get-A-Way,
8909106027718,GL 203.5,,
8904064660779,Karibana,Royal partap food s.r.l.,
8904090900429,Rajam,,
8904090903604,Rajam,,
8906030521763,Cardamom Sugar Free Karak Tea,Neel Chai,
8906067026125,Protein bar,,
8906064621552,Whole Wheat Bread,Theobroma,
8906020580954,Aloo Paratha,iD,
8901063151512,Galletas,,
8906023880082,Panchvati Black hair colour,,
8906082390041,Madras Mixture,Malabar Treats,
8901030912764,Kw choglko bar,,
8906015655247,bikharam chandmal,,
8906015655155,bikharam chandmal,,
8906015657326,bikharam chandmal all in one,,
8906015657319,khasta mix,,
8904067710167,tandoori,,
8906015657302,moong dal,,
8904067713328,party snacks,,
8906066702020,Air Fried Potato Chips BBQ,Kettle,
8904406100451,asin rice,,
8902519105509,Cuaderno,,
8906095143061,Elite Beet 420,Unived,
8901777134061,Kathi Roll - Tandoori Paneer,Vadilal,
8902570802607,Spencer Sliced Sweet Bread,,
8901662024781,suhana,,
89080474,Nescafe Iced Frappe,,
8908013328147,White Choco Cashew Nutty Cookies,Open Secret,
8906134790140,Fraise baby su'cr'è,,
8904209303813,Mixed Vegetable Pickle,Aachi,
8907093002947,Prawn Pickle,Tasty Nibbles,
8908016002570,Date Palm Jaggery,Two Brothers,
8901777424742,Naan Bread,Vadilal,
8906117250265,Spirit,,
8901063029453,brittania Jimjam,,
8901207028328,dabur glucoplus-c,,
8901138508050,Himalaya,,
8906076133050,Choco Chip Muffin,The Baker's Dozen,
8906032355311,Organic Split Red Lentil,Uncle Cook’s,
8901719918452,festo,Unknown Brand,
8906005618825,Bauli moonfils vanilla,,
8906131350057,Chana Besan,GBM,
8901725007751,Matar Pudina Paratha,Aashirvaad,
8908004114414,WL California walnut,,
8906095120598,Roasted & Salted Cashews,Wonderland,
8901548311646,sugar free d lite granola chocolat,,
8904023008963,Shampun Trichup,,
8906077363104,mexican.chi potato chips,jamin,
8902433030529,Snikers mini,,
8906003511388,Jalani Jaljira,Jalani,
8903553002670,NIMBU PANI MIX,Ram Bandhu,
8906078268125,Crisp 'n' Lite,,
8904089922814,Heritage ghee,,
8901777421093,Roghni Naan,Royal Cuisine,
8901777887783,Mango Dolly,Vadilal,
8901719137914,Parle rusk,,
8906082580008,Henfruit White,Henfruit Eggs,
8908014100223,basmati rice,india gate,
8901777626801,Overload Veggie Pizza,Vadilal,
8901058892635,Maggi export,,
8908013252299,multi grain mixture,,
8906082570085,cornitos pop n green peas,,
8906158701160,Indian kishmish 400 gm,,
8901741080011,Rio,CG,
8906010368234,インディアンスナック　ムングダールブラックソルト,神戸物産,
8906041815851,Waffix,,
8906141311918,Crunch Peanut Butter,Bonfire,
8906019564149,Bites,REAL,
8902756661943,Cheese Corn Nuggets,Godrej Yummiez,
8904300200028,Mario noodles,,
8904010690454,nirapara black pepper,,
8906066700873,Kettle Studio Mature Cheddar qnd Red Onion,Kettle Studio,
8906066702013,Air Fried Spicy Dill Pickle,Kettle Studio,
8904063201355,Haldiram chips Tanki tomato,Haldiram,
8904320007775,Fuzilli pasta,DiSano,
8904063257598,light mixer,Haldiram,
8904063213877,Bhagwan Giri gathiya,,
8904063253354,roasted chana hinjira,Haldiram,
8904063258168,hing jeera matar,Haldiram,
8906090575638,Too yumm smoking bhoot wafers 82gm,,
8906001387213,burger bun,English Oven,
8906140970215,Mango Lassi,Punjab Sind,
8906080251245,Caramelo,,
8908015676024,Tangy Chickpea with Chilli & Lime,IKEA,
8901063371071,Mari gold 1kg,,
8901440001126,Gingelly Oil,,
8901662024545,Mutter Methi Malai Mix,Suhana,
8908002247763,Ranitidina,,
8901790704111,Tetraciclina,,
8906012231239,Vijay gold maida 1kg,,
8901491000444,kurkure combo pack,,
8906133409494,Plant Protein Powder,OWN,
8904258703374,"Iced Green Tea Peach, Raw Pressery",,
8908017087446,Plant Protein - Strawberry,Happy Culture,
8908017087422,Plant Protein- Chocolate,Happy Cultures,
8906143041752,whole wheat macaroni,yu,
8904063210890,Mix veg paratha,Haldiram's,
8906081382900,Idli Rava,,
8906089471224,Idli Rava,,
8909081007262,Aashirvaad Atta,,
8908007448042,Mangal kalas Atta,,
8906035030727,Kachi Ghani Mustard Oil,Freedom,
8906060890259,Double Hiran ( m.oil ),,
8906060891539,Kachi Ghani Mustard Oil,Double Hiran,
8906008811421,Mustard Oil,King's,
8904075600900,Kashmiri mirch powder,Bharat Masala,
8904075600504,Garam masala,,
8904075600436,Chicken Masala,Bharat Masala,
8901748001477,Mustard seeds,Ruchi Foodline,
8904075603352,Red chilli,,
8901755031009,Haldi powder,Swadist,
8901755060252,Dhania powder,Swadist,
8904075600689,Panch phutan,Bharat Masala,
8901414058286,Bikano whole pack,,
8908006646258,Mr.makhana,,
8901108166020,nirma shudh salt,,
8901058024951,Har chij,,
8901552024433,Butter Chicken Paste,Ashoka,
8901874131123,Chopped And Cubed Methi,Kitchen Express,
8906186470106,Tikka Masala Rice,Eat Regal Gourmet,
8902901129984,Good Life Moong Whole/Premium 500g,,
8902268010543,Butter bake,,
8906115883083,Crunchy - Mariyo,,
8902351222235,Toast,,
8901063093737,Good Day,Britannia,
8902268013919,Lemon Mazaa,,
8901063371019,Marie Gold,Britannia,
8904132932869,Good Life Arhar/Toor Dal 500g,Good Life,arhar toor dal
8902351997591,Hum Tum Krackers,Sobisco,
8909081011160,Pomegranate drink,B NATURAL,
8902042300839,Avt dairy whitener,,
8901063402041,Britannia dairy whitener 200 g,,
8906137050616,Milma dairy whitener,,
8904508701402,Coconut Dry Fruit Gujia,Haldiram's,
8908003819617,حنه انيلا,,
8901058021271,Nestle everyday,,
8908023115461,PROTEIN BAR CHOCO FUDGE,WHEY91,
8904422700260,PUSHTAHAR DALIA,PATANJALI,
8906056450351,Sonai Gjee,,
8901790699622,Clopridogrel 75mg Tab,,
8906069407120,Wok Tok By Veena Instant Noodles Masala,Wok Tok By Veeba,
8901552029025,Dal Makhani And Byriani,Ashoka,
8904137703204,Rajgira Atta,Deepak,
8906055441657,Kuttu Flour,Organic Tattva,
8908001375894,Almond Buckwheat Cookies,Nourish Organics,
8906115884301,Cremy,,
8901262020534,Cheddar Cheese,Amul,
8906097408571,Zoff Marinade Mix Tandoori Chicken,,
8904170190511,Surgi_blue azul tripano,,
8908014672058,Cremberie natural yoghurt plain 400 g,,
8906186474920,Spanish Style Rice With Tomatoes & Peppers,Eat Regal,
8906165787430,Biozyme Whey PR,MuscleBlaze,
8906137051620,Cremberie yoghurt plain 1L,,
8901063344525,Atta Bread,Britania,
8906014903356,Kwality Corn Flakes,,
8902901241839,Best Farm Moong Whole 500g,,
8902901224382,Best Farm White Lobia 500g,,
8908013735365,Instant China Grass (Vanilla Flavour),FiveStar,
8906066701900,Tabasco Sauce Flavour Potato Chips,Kettle Studio,
8906043834416,Complément alimentaire gingembre,,
8902188440086,Poha Dagdi,Ramdev,
8904063240163,nutcracker,Haldiram,
8906188400385,Roasted Rice Crackers Krispy Hopu,Kari Kari,
8908018729024,Cheese Sourdough,Suchali’s,
8906135191465,Udon Shirataki Noodles,MOISOI,
8906032911937,Sparsh Puliyogare Powder 100G,Sparsh,
8903363012234,Brisky Bites Waffle Chips Milk Choco Splash,Brisky Bites,
8902901130010,Good Life Kabuli Chana Premium 1Kg,,
8906015659245,bikharam chandmal nut cracker,,
8908000295070,chaal bhaja,,
8901721000114,prabhuji chat pata,,
8908000295032,Mukharochak sweet & sour chanachur,Mukharachak,
8904057716339,mellets diet bhel,,
8906143890213,Protein Bar,Whole Truth - Double Cocoa Mini,
8901058025408,Maggie Masala,,
8906001383819,Non Stop Jeera Lite,Cremica,
8906125982646,Garden Chips Lightly Salted,4700 BC Gourmet Snacks,
8904063222886,Lachcha Paratha,Halidram's minute khana,
8904063215376,haldi Ram gajjak,,
8901777552100,Kesar Motichoor Laddoo,Vadilal,
8904137467328,Lime Mint Roasted Chana,Viks,
8906001056966,Amritsari Rajma,Mother’s Recipe,
8907093006891,Chans Curry,Tasty Nibbles,
8906125983568,Nachos-Korean Kimchi,4700 BC,
8906001726869,Paras Desi ghee 900 ml,,
8904330008588,Prime Whey Protein,Big Flex,
8904427700784,Kapiva,,
8904043904610,Almond,Tata,
8908020997800,Almond Drink,VDC,
8901063167650,Little Hearts,Britannia,
8901719137594,parle 2020,,
8901719135354,parle monaco cheeslings,,
8901036393192,Continental Malgudi Coffee  53',Continental,
8906161540176,Cookie Crunch Delight,Stroom,
8906064709472,SPECIAL MASALA MURUKKU,malabar delights,
8906076271523,Zeeba Premium Basmati Rice,,
8908015692024,Chicken Cheese Momos,Wow Momo,
8901090223763,Gold Pure Coffee Orginal,Tata Coffee,
8903363014795,Refined Soyabean Oil,DMart,
8906001026068,Kesar Pedha,Gowardhan,
8906198982956,Clean Whey Protein (coffee),TRUEBASICS,
8906014082020,Indian Pickle,Generic,
8906080232206,Methi Khakhra,Nasto LKC,
8906125983506,Nachos - Tangy Guacamole,4700BC,
8906009011448,Sugar Brown,Parrys,
8906064703272,Tomato Murukku,Kozhikoden's,
8901063019225,Little Hearts,Britannia,
8901063367296,50 50,Britannia,
8906091689563,Brunost Cheese Chocolate,Paul And Mike,
8904422710382,aloe Vera gel,Patanjali,
8904004418804,Mini Bhakarwadi,Mo'plleez,
8906005505361,Kishmish Mix,Bikaner,
8908018963046,Best Chiwda,Laxmi Narayan,
8906159971210,Fine Milk Chocolate With Real Ratnagiri Mangoes,Paul & Mike,
8906082577640,Crusties Korean Chilli,Cornitos,
8906046585933,Eastern sambar powder,,
8908023404442,Tropical Nuts & Fruit Mix,Tong Garden,
8906147830222,Black Pepper Roasted chana,Diamond,
8906078266565,Sandwich Biscuits,Bourbon,
8908001778114,Falooda Mix Pista Flavor,Kings,
8906133024574,Vegan Platinum Soy Protein Isolate,Nakpro,
8909081010651,Ashirwad 10 KG Atta,,
8904043603407,Chicken Sausag,Venky's,
8906163833306,Farmley Makha Shakha Achari Stix,Farmley,
8901790703336,Ibuwin,,
8901790681078,Diclofenaco,,
8906174610101,Sprouted Foxtail Millet Flour,Dandodia Foods,
8908000106611,Tomato Rasam Paste,Indiras,
8901262280341,Mysore Pak,Amul,
8901399001826,Max kleen 1.25L,Unknown Brand,
8902433001369,Pedigree biscrok 500g,Unknown Brand,
8902433001383,Pedigree BISCROK biscuits (with milk & chicken) 500g,,
8906082391345,Madhura Seva,Malabar Treats,
8901063162723,Marie Gold biscuits,Britannia,
8906002520411,Raja marie biscuits,Raja,
8901491337052,kurkure puffcorn,Unknown Brand,
8904335604549,Protein bar,Yoga bar,
8901262153621,Amul kool protein milkshake,,
8908005758815,Unsweetened Masala Chai,Senso,
8901552000413,Sweet Lime Pickle,Ashoka,
8901777133064,Paneer Tikka Kathi Roll,Vadilal,
8901216406803,Kama Sutra( orges max) Condom,,
8901314078216,Colgate visible white,Colgate,
8901314571816,Colgate total12,Charcoal,
8901396388487,Durex extra thin intense chocolate,Durex,
8902433005237,Pedigree Biscrok biscuits with chicken 900g,,
8904103330731,EPIC condoms,Man force,
8904132922167,Mopz lime fresh 200ml,Unknown Brand,
8904132922174,Mopz 200 Ml,,
8904132922228,Mopz 5L,,
8906002482856,Adult Chicken & Vegetables Adult 1KG,Pedigree,
8906002482924,Pedigree,Pedigree,
8906002482948,Adult Meat And Rice,Pedigree,
8906002483204,Pedigree 2.8 kg pink,Unknown Brand,
8906008450897,Skin whitening,VLCC,
8906064705641,Banana Sweetened,Malabar Delights,
8906163832705,Date Powder,Farmley,
8908005259480,Country harvest cake 32 gm,,
8904258703435,RAW-P ICED GRN TEA PEACH 245ML,,
8901262202442,Probiotic Curd,Amul,
8908023145178,Banana Chips,,
8901414043916,Palak Paneer,,
8904374508495,Noodles Puff,S.Motiram,
8908020493180,Almond Milk,Fidelo,
8906043348081,Salts,Supply6,
8906055442005,Ajwain ot,,
8906020589018,Malabar parota,,
8906011818189,Curry de noix de coco de Madras avec riz curcuma,,
8908000276659,Jackfruit Green,Viswas,
8908025203005,Roasted Foxnut BBQ,EatThis,
8908009059505,Multigrain Low GI Bread,The Health Factory,
8901262223416,Rasmalai,Amul,
8901063368668,Britenei Ford cake 100 gm,,
8904093613982,Rice Papas Plain,Gramarhein,
8906023920573,Cheese Slice Herb & Spices,Dairy Craft,
8905302005017,baking soda,blue brand,
8906202780080,Frozen coconut,,
8904150504918,Tandoori Naan,Sujata,
8906011834080,Sundaikai Vathal Kulambu,Minute Kitchen,
8901725101442,Dark Fantasy Big Choco Meltz,Sunfeast,
8904150501689,Double Chocolate Fudge Brownie Mix,Betty Crocker,
8906123581278,Peanut Butter,Scrunch,
8901571011742,Centrum Men,Centrum,
8904209303820,Tomato Pickle,Aachi,
8901440100973,Roasted Rice Powder,Eastern,
8906191631349,Choco Peanut Butter Protein Bat,phab,
8901499027610,Choco Millet Muesli,Kellogg's,
8904061400293,Orange Wafers,Gourmet's Delite,
8906069570008,Sattoo,Satyendra Sattoo,
8901790690353,Amoxicilina 500 mg,,
8906037780101,Pastilla,,
8906011835520,Mini Idli With Sambar,Minute Kitchen,
8906148690054,Chicken Masala,Prakash,
8908013252381,Choco Almond Millionaire's Mini Bites,,
8908013252398,Fit & Flex Cranberry Oats Granola & Yogurt Mini Bites,,
8908013252220,Muesli Choco Almond Cookie Delights,,
8906038742016,Ta daa sweet corn,,
8908017693647,Chilli Chatka,Millet Bank,
8908023404305,Party Snack,Tong Garden,
8908006024599,Omapodi,The Grand Sweets And Snacks Chennai Special,
8901777578100,Kesar Peda,Vadilal,
8906069960038,Gold,Sanchi,
8906095125494,Wonderland Mamra Badam7A 500gm,,
8906095125937,Wonderland Pine nuts 200gm,,
8902901222555,Chilli bedgi with Stem,good life,
8908009839541,sugar free digestive biscuits,,
8906016413129,spicy buttermilk,,
8906157551285,Grated Coconut,,
8906059637469,Zero Fat Coffee Protein Milkshake,Epigama,
8900760009461,Żywiec zdrój,,
8906068763821,Peanut Butter,Lucky Family,
8906068763838,Peanut Butter,Lucky Family,
8901063165441,Oreo,,
8906153883748,Sattu Laddoo,Two Brothers,
8904004401790,Sev Murmura (Classic),Unknown Brand,
8901777767177,Kaju Draksh,Vadilal,
8906156485833,Saurashtra Peanut,Khetika,raw peanut
8906189580215,Chilli Guava juice,Pluckk,
8908014051570,Flax Seeds,ERIKA ORGANICS,
8906139991351,Tamasa,,
8906117360414,Mango Lassi,Country Delight,
8906006951921,Ginger Garlic Paste,,
8906075341708,Sweet Corn,Lucky Family,
8908006989539,Protein Bar Cocoa Dry Fruit,Nutritius,
8904064616486,Sona Masuri Rice,Annam,
8908020062270,Open Secret Chocolate Biscuit,Open Secret,
8904035416534,JOY Skin Fruits,JOY,
8904326301495,Bee one,,
8906132697588,Fish Oil,Dr. Morepen,
8904482801860,Denver,,
8906125484744,dools,,
8904209307118,Ginger Garlic Paste,,
8908020463824,Spicy Treat Chips,Crax,
8904067712727,Peanut Chikki,Jabsons,
8908001296311,PARATHAS,,
8904482801990,Denver,,
8906006525504,Top Start,,
8901058866216,Coffee mocha,,
8901560170641,Nilon parampara mixed pickle 1kg,,
8906071454259,Chatpata Snacks Sauce,9 am,
8901552007818,val papdi,ashoka,
8901552007658,bhindi,ashoka,
8906002009053,Dr. otekar Supreme brownie,,
8905634561519,Best bakery mixture,,
8906139760070,Rootstock organic triphala powder 100g,,
8908020440351,Whole Wheat Tortilla Wraps 8 Inches,Habanero,
8909688735063,Mocha,IMPULSE COFFEES,
8904418906331,Glam 21  black eyeliner,,
8906036554178,Olivia pan cake,Olivia,
8906081126405,Black Raisins,Happilo,
8904092400118,Kulcha,Kabhi b,
8906070214434,Honey,American Harvest,
8902901244076,Good life mixed dry fruits 100g,,
8906003510091,Chatpata,,
8908005103219,Razana papad urad sapecial papad,,
8904067700748,Jabsons punjabi masla papad,Jabsons,
8901414006706,Bikano papad,,
8906198981652,Iso Zero Blue Tokai,MB,
8906183920796,coconut cocoa makan,natch,
8908002854701,Soya Crunchies,Promunch,
8901648004264,Cheese Slice,Mother Dairy,
8906091900750,Raw Makhana (Foxnuts),Sattvik,
8906165787607,Fuel One Whey,Fuel One,
8906136651517,Jumbo Rolled Oats,Pintola,
8908012945765,Edamame Rice,Pink Harvest,
8904238302955,Whitone,,
8908010609959,Thai Rice Chips Vegan Cheddar,natch,
8904463100104,Cretin,,
8904035413205,Joy,,
8904035413175,Joy,,
8906032325338,Ayur massege,,
8906071432332,Red Split Lentil,Jaisal,
8908001158992,White tone,,
8903363002310,Rasgulla,,
8901063363588,Choco Chill cake,Britannia,
8906008350784,Multi Millet Atta,Manna,
8901972086158,Tick time,Dukes,
8906109000595,Kinnow Apple,Five Rivers,
8906125475490,cool berg,,
8906144570855,high malt,,
8908020415106,Ziggy donut cake,,
8906136652712,Pintola Masala Oats,Pintola,
8906084691764,Makhana,Om,
8908008660412,Sabudana papad,,
8904063251039,Jeera rice papadi,,
8901063167087,Galleta Nutro Chocolate,,
8901063167117,Galleta Nutro Naranja,,
8901063167407,Galleta Nutro Limon,,
8906013811638,Crunchy Munchy,Roasty Toasty,
8901063167094,Galleta Nutro Vainilla,,
8901063167100,Galleta Nutro Fresa,,
8901972065658,Galleta koko Anika,,
8906115887098,Galleta MaltyMilk,,
8906041810139,Choco Tron,,
8901058028935,Milkybar Choo,Nestle,
8904063209641,Gajar Halwa,Haldirams,
8906041813369,Caramelo Miel Tarro,,
8901233022575,Cadbury Perk,Mondelez,"Sugar, milk solids, cocoa solids, edible veg oil, emulsifiers, flavours"
8901233022576,Cadbury Gems,Mondelez,"Sugar, milk solids, cocoa solids, edible veg oil, emulsifiers, colours (INS 102, 110, 122, 133)"
8901233022577,Cadbury Eclairs,Mondelez,"Sugar, liquid glucose, milk solids, hydrogenated veg oil, cocoa solids, emulsifiers"
8901719127763,Parle Kaccha Mango Bite,Parle,"Sugar, liquid glucose, raw mango powder, salt, acidity regulators, spices, colours"
8901719127764,Parle Melody,Parle,"Sugar, liquid glucose, milk solids, hydrogenated veg oil, cocoa solids, emulsifiers"
8901719127765,Parle Pulse Orange,Parle,"Sugar, liquid glucose, orange juice concentrate, acidity regulators, salt, colours"
8901491001138,Kurkure Masala Munch,PepsiCo,"Corn grits, edible veg oil, rice grits, gram flour, spices, salt, flavour enhancers (INS 621), colours (INS 160c)"
8901491001139,Kurkure Green Chutney,PepsiCo,"Corn grits, edible veg oil, rice grits, gram flour, spices, salt, flavour enhancers (INS 621), colours"
8901491001140,Uncle Chipps Spicy Treat,PepsiCo,"Potato, edible veg oil, spices, salt, sugar, flavour enhancers (INS 621), acidity regulators"
8901491001142,Lay's West Indies Hot n Sweet,PepsiCo,"Potato, edible veg oil, sugar, spices, salt, garlic powder, acidity regulators, colours"
8901725013715,Bingo Yumitos,ITC,"Potato, edible veg oil, spices, salt, sugar, flavour enhancers, colours"
8901764012600,Coca-Cola Original,Coca-Cola,"Carbonated water, sugar, acidity regulator (INS 338), colour (INS 150d), natural flavours, caffeine"
8901764012601,Maaza Mango,Coca-Cola,"Water, sugar, mango pulp, acidity regulators, antioxidants, colours (INS 150a)"
8901764012602,Fanta Orange,Coca-Cola,"Carbonated water, sugar, orange juice concentrate, acidity regulators, antioxidants, colours (INS 110)"
8901491001143,Mountain Dew,PepsiCo,"Carbonated water, sugar, acidity regulators, caffeine, natural flavours, colours (INS 102, 133)"
8901725013716,B Natural Mixed Fruit,ITC,"Water, mixed fruit juice concentrate, sugar, acidity regulators, antioxidants, vitamins"
8901888002564,Real Fruit Power Orange,Dabur,"Water, orange juice concentrate, sugar, acidity regulators, antioxidants"
8901262030145,Amul Butter,GCMMF,"Pasteurized cream, salt, annatto colour (INS 160b)"
8901262153578,Amul Gold Milk (UHT),GCMMF,"Standardized milk (4.5% fat, 8.5% SNF), vitamins A & D"
8901262153579,Amul Kool Elaichi,GCMMF,"Toned milk, sugar, elaichi flavour, stabilizers"
8901262153580,Amul Vanilla Ice Cream,GCMMF,"Milk solids, sugar, edible veg oil, emulsifiers, stabilizers, vanilla flavour"
8901063151353,Britannia Cheese Slices,Britannia,"Milk solids, salt, emulsifying salts (INS 331, 452), preservatives (INS 200)"
8901063151354,Britannia Cheese Cubes,Britannia,"Milk solids, salt, emulsifying salts, preservatives"
8901058852167,Nestlé a+ Nourish,Nestlé,"Toned milk, vitamins A & D"
8901030825546,Knorr Thick Tomato,HUL,"Tomato powder, sugar, salt, corn starch, spices, flavour enhancers (INS 621)"
8901030825547,Knorr Sweet Corn Veg,HUL,"Sweet corn, salt, corn starch, sugar, spices, flavour enhancers (INS 621)"
8901192205262,MDH Kitchen King,MDH,"Coriander, turmeric, red chilli, cumin, black pepper, cloves, cinnamon"
TO_SCAN,Kellogg's Chocos,Moon & Stars,8901499009043
8901499009044,Kellogg's Corn Flakes,Kellogg's,"Corn grits, sugar, malt extract, salt, vitamins, minerals"
