barcode,product_name,brands,ingredients_text
6887610,P'tit Québec cheddar très doux,Kraft Heinz Canada,"lait, substances laitieres modifiees culture bacterienne, sel, chlorure de calcium enzyme microbienne."
642742654886404672725,"California Pizza Kitchen, Sprite, 12 Oz",California Pizza Kitchen,undefined
1308303,"Mayocue Saucy Sauce, Mayocue",Heinz,"soybean oil, tomato puree (tomato paste, water), high fructose corn syrup, vinegar, egg yolks, contains less than 2% of salt, molasses, sugar, fruit juice (color), modified food starch, spices, potassium sorbate and sodium benzoate as preservatives, natural smoke flavor, xanthan gum, onion powder, garlic powder, phospholipase, calcium disodium edta (to protect freshness)."
1317000,Heinz Zesty Cocktail Sauce,Heinz,"tomato concentrate (tomato paste, water), distilled white vinegar, high fructose corn syrup, horseradish, salt, corn syrup, worcestershire sauce (distilled white vinegar, water, molasses, soy sauce [water, salt, hydrolyzed soy protein, corn syrup, caramel coloring], high fructose corn syrup, salt, natural flavoring, caramel coloring, anchovies, polysorbate 80, soy flour, garlic extract), mustard bran, soybean oil, dehydrated onions, spices, onion powder, natural flavorings, garlic powder."
8892788109447798778924,"California Pizza Kitchen, Tamari Reserva Malbec, 9 Oz",California Pizza Kitchen,undefined
878204788792760276,"California Pizza Kitchen, Thai Crunch Salad, Full",California Pizza Kitchen,undefined
4900207,Peace Tea,Coca-Cola,"tea (water, tea powder), apple juice from concentrate, cane sugar, lemon juice from concentrate, citric acid, natural flavors, sodium citrate, sucralose"
53689484795976358393,"California Pizza Kitchen, Ultimate Bloody Mary",California Pizza Kitchen,undefined
1249002025001779624,,,
1439938,Chavroux,"Chavroux, Fromarsac, Savencia","_ziegenmilch_, salz, kásereikulturen, lab."
698685438569610889,"California Pizza Kitchen, Petite Wedge Salad",California Pizza Kitchen,undefined
1280504,Diet Pepsi,Pepsi,"carbonated water, caramel color, aspartame phosphoric acid, potassium benzoate (preserves freshness), caffeine, citric acid, natural flavor acesulfame potassium. phenylketonurics: contains phenylalanine bottled under the authority of pepsico, inc., 00277-101-00-16 purchase, ny 10577. luories caffeine content: 35mg/12 fl oz. www.pepslcom"
1389706,Tomato Ketchup No Salt Added,Heinz,"tomato concentrate (red ripe tomatoes), distilled vinegar. high fructose corn syrup, corn syrup, alsosalt salt substitute (potassium chloride, l-lysine monohydrochloride), natural flavoring, spice, onion powder."
3598467460098603010815,"California Pizza Kitchen, J Lohr Seven Oaks Cabernet Sauvignon, 6 Oz",California Pizza Kitchen,undefined
3115541774437863913613,"California Pizza Kitchen, Kendall Jackson Vintners Reserve Chardonnay, 6 Oz",California Pizza Kitchen,undefined
8833964436178710,"California Pizza Kitchen, Roasted Veggie Salad, Full",California Pizza Kitchen,undefined
1887737882849850036237,"California Pizza Kitchen, Sam Adams Seasonal, Winter Lager",California Pizza Kitchen,undefined
7693564886442747071,"California Pizza Kitchen, Shrimp Scampi Zucchini",California Pizza Kitchen,undefined
9798643389851289490075,"California Pizza Kitchen, Socialite Cosmo",California Pizza Kitchen,undefined
4936509,Vanilla Flavored Cola,Coca-Cola,"carbonated water, high fructose corn syrup, caramel color, phosphoric acid, natural flavors, caffeine."
19085884018783170,"California Pizza Kitchen, Strawberry Lime Margarita",California Pizza Kitchen,undefined
703567182644789542868989,"California Pizza Kitchen, Tamari Reserva Malbec, 6 Oz",California Pizza Kitchen,undefined
89377280830472831849465353,"California Pizza Kitchen, Tamari Reserva Malbec, Bottle",California Pizza Kitchen,undefined
100026,Chourasiya Salted Pista,Chourasiya,salted pista
1828272088411316598655982,"California Pizza Kitchen, Le Grand Courtage, Bottle",California Pizza Kitchen,undefined
736152442757498962,"California Pizza Kitchen, Mark West Pinot Noir, 9 Oz",California Pizza Kitchen,undefined
58007744078757319,"California Pizza Kitchen, Santa Julia Organica Cabernet Sauvignon, Bottle",California Pizza Kitchen,undefined
67807300244851548,"California Pizza Kitchen, Wild Caught Sesame Seared Ahi",California Pizza Kitchen,undefined
944245808214939893777299,"California Pizza Kitchen, Sonoma Cutrer, Russian River Ranches Chardonnay, 6 Oz",California Pizza Kitchen,undefined
4057044922331533,"California Pizza Kitchen, Stella Artois",California Pizza Kitchen,undefined
1362505,Dill Relish,Heinz,"pickles (cucumbers, salt, calcium chloride), water, distilled white vinegar, cabbage (cabbage, salt), salt, locust bean and guar gums, xanthan gum, alum, potassium sorbate as a preservative, dehydrated red bell peppers, natural flavorings, fd&c yellow no. 5, garlic extract."
91626469158196485814,"California Pizza Kitchen, The Works Pizza",California Pizza Kitchen,undefined
1212419,Doritos Original salted,Doritos,"corn, canola oil, salt, sunflower oil, antioxidants (tocopherols, ascorbic acid, rosemary extract, citric acid)."
121830493984413394011,"California Pizza Kitchen, Chicken Tequila Fettuccine",California Pizza Kitchen,undefined
6407014,All-Bran Buds,Kellogg's,"wheat bran , sugar, envelope of seeds of psyllium, salt, baking soda, colour, bht, vitamins, minerals : iron, thiamine hydrochloride, d-pantothenate of calcium, hydrochloride oe pyridoxine, folic acid, contains ingredients from wheat,"
83496904730609450368,"California Pizza Kitchen, White Truffle Oil, For Original Hand Tossed Pizzas",California Pizza Kitchen,undefined
3811009,Kellogg's Corn Flakes the Original & Best Cereal,Kellogg's,"corn, sugar, malt flavor, contajns 2% or less of addedio packaging for freshness. minerals: iron, vitamin c (sodium ascorbate, ascorbic vitamin b6 (pyridoxine hydrochloride), vitamin b2 bi (thiamin hydrochloride), vitamin a palmitate, d, vitamin bi 2. used in this product contains traces of <span class=""allergen"">soybeans</span>."
4022309,M &M'S Peanut Butter Share Size,"Mars, Mars Chocolat","milk chocolate (sugar, cocoa butter, chocolate, skim milk, milkfat, lactose, peanuts, soy lecithin, salt, artificial flavors), peanut butter (partially defatted peanuts), sugar, hydrogenated palm kernel oil, partially defatted peanut flour, cornstarch, dextrose, less than 1% - corn syrup, natural flavors, salt, dextrin, coloring (includes blue 1 lake, red 40, yellow 6, yellow 5, blue 1, red 40 lake, yellow 6 lake, yellow 5 lake, blue 2, blue 2 lake), propyl gallate to maintain freshness, gum acacia,"
3897742,Sweet Relish,Heinz,"cucumbers, high fructose corn syrup, cabbage, distilled white vinegar, salt, guar gum, aluminum sulfate, xanthan gum, potassium sorbate, sodium benzoate, dried red bell peppers, natural and artificial flavors, polysorbate 80, fd&c yellow no. 5, fd&c blue no. 1."
6780708,Zero Sugar Cola,Coca-Cola,"carbonated water, caramel colour, phosphoric acid, aspartame (phenylalanine), potassium benzoate, natural flavour, potassium citrate, acesulfame-potassium, caffeine."
1718577,Tomato Ketchup,Heinz,"tomato concentrate, distilled vinegar, cane sugar, salt, onion powder, spice, natural flavoring"
6326605,Frosted Flakes,Kellogg's,"milled corn, sugar, contains 2% or less: malt flavor, salt, bht for freshness. 
vitamins and minerals: iron, vitamin c (ascorbic acid and sodium ascorbate), niacinamide, vitamin b6 (pyridoxine hydrochloride, vitamin b2 (riboflavin), vitamin b1 (thiamin hydrochloride), vitamin a palmitate, folic acid, vitamin d, vitamin b12."
4418634,Coca-Cola Zero Sucres République,Coca-Cola,"eau gazéifiée, e150d, acide phosphorique, citrate de sodium, aspartame, acésulfame-k, arômes naturels dont caféine."
9423686824658213325941,"California Pizza Kitchen, Citrus Crush",California Pizza Kitchen,undefined
709358,Patanjali Chyawanprash,Patanjali,a (withenia somnilera) 450 mg yd (glycyrhiza glabra 45 mg पिपला मूल (pिper longum) wrara (asparagus racemosus) oioneach 10g contains yod phaeslus trbulus) id wit por ongum) wd (eamus abialis) woyt paotaca integerima) hen phylanthus niruri) m vits vintera) ded (upade ia reticulate) m (leminalia chebul aadw (inospora cordifonay xit (habenaria intermedia) dve (malaxis acurminate) (curcuma zedoaria) नागरोथा (cyperus rot 45 mg 55 mg q piper retrofiractum) 45 mg वित्रक मूल (plum n doylanica) 45 mg सोंठ (iinglber i 45 mg वराहीकंद (dlog bubler) 25 mg आंवला पिष्टी (b m oficinal) 45 mg घृत (ghee) 45 mg (saccharum officinarum) 45 mg प्रक्षेप द्रव्य (processed with) . 45 mg वंशलोचन ( bambusa arundinacead)। 45 mg 46 tmg दालचीनी (cinnamomum 29ylonol) 45 mg 20m 20mg 20mg 20 mg 29 पिप्पली छोटी (piper longum) (boerhaavia dif fusa) aa (polygonatum cirrhifolium) hatewa (nymphaea nouchall) वितारीकंद (puraria tuberosa) (adhatoda vasica) bolat (roscoea alpine) ww (martynia diandra) तेजपत्र (ciname tamala) नागकेशर (messh te १) केशर (crocus sativue) 45 mg ag (elletaria cardamomum) 45 mg 45 mg 215mg 25 m 10 mg 45 mg 45 mg अश्रकभस्म (calcined mica) it (syzygium aromaticum) काली मिर्च (plper nigrum) गोदंती भर्म (calcined calcium sufpthaty 10y 90 mg 45 mg 45 mg mfg. lic. no. net weight uttra/ayu-181/2009 1 kg 1 किलो ग्राम शुदध मात्रा batch no. ीप राखा 890602i8831914 manufacturing date ficz ep aug
2020215,Nutella,Ferrero,"pâte à tartiner aux noisettes et au cacao  :sucre, huile de palme, noisettes 13%, lait écrémé en poudre 8,7%, cacao maigre 7.4% émulsifiants :lécithines [sojal; vanilline. sans gluten"
110327,peanut m&ms,"M&Ms,Wrigley,Mars","milk chocolate (sugar, chocolate, skim milk, cocoa butter, lactose milkfat, <span class=""allergen"">peanuts</span>, <span class=""allergen"">soy lecithin</span>, salt, artificial and natural flavors), sugar, <span class=""allergen"">peanuts</span>, cornstarch, less than 1% - palm oil, corn syrup, dextrin, coloring (includes blue 1 lake, red 40, yellow 6, yellow 5, blue 1, red 40 lake, yellow 6 lake, yellow 5 lake, blue 2 lake, blue 2). carnauba wax, gum acacia"
25286700634088169215214711,"California Pizza Kitchen, Dakota Smashed Pea & Barley Soup, Cup",California Pizza Kitchen,undefined
719973756439596720723090,"California Pizza Kitchen, Hand Shaken Agave Mojito",California Pizza Kitchen,undefined
3151651,Bonna 0-6,,"<span class=""allergen"">milk</span>"
988639,"Nutella, hazelnut spread with cocoa, hazelnut","Ferrero,Nutella","sugar, palm oil, <span class=""allergen"">hazelnuts</span>, cocoa, skim milk, <span class=""allergen"">whey</span> (<span class=""allergen"">milk</span>), lecithin as emulsifier (<span class=""allergen"">soy</span>), vanillin: an artificial flavor."
1346604,Tomato Ketchup,Heinz,"tomato concentrate from red ripe tomatoes, distilled vinegar, high fructose corn syrup, corn syrup, salt, spice, onion powder, natural flavoring,"
6814718048903624,"California Pizza Kitchen, Hand Tossed Original Crust",California Pizza Kitchen,undefined
43480914173879220353,"California Pizza Kitchen, Hearth Roasted Halibut",California Pizza Kitchen,undefined
24,Nutella,NUTELLA,"pommes séchées - dried apple* origine: autriche - origin: austria ce produit provient d'une fabrique où les noix, cacahuètes, sésame, blé et gluten sont utilisés. this producti 024"
61759346880760214928,"California Pizza Kitchen, J Lohr Seven Oaks Cabernet Sauvignon, 9 Oz",California Pizza Kitchen,undefined
1357901,Hamburger Dill Chips,Heinz,"pickles (cucumbers, salt, alum), water, distilled white vinegar, salt, calcium chloride, potassium sorbate (preservative), alum, natural flavoring, polysorbate 80, fd&c yellow # 5."
671233294302978672808,"California Pizza Kitchen, Lemonade, Kids",California Pizza Kitchen,undefined
5574315,Nutella,Ferrero,"palmöl,zucker,fettreduzierter kakao,magermilchpulver,haselnuss,soja,vanillin"
8462536641492892535,"California Pizza Kitchen, Meiomi Pinot Noir, 6 Oz",California Pizza Kitchen,undefined
975070664679881507941465,"California Pizza Kitchen, Moscow Mule",California Pizza Kitchen,undefined
1256808,"Pepsi Cola, 12 Fl Oz,","Pepsi,Pepsi-Cola,Pepsico","carbonated water, high fructose corn syrup, caramel color, sugar, phosphoric acid, caffeine, citric acid, natural flavor."
142074784491852047630,"California Pizza Kitchen, Passion Fruit Mango Iced Tea",California Pizza Kitchen,undefined
460004434159416066179598,"California Pizza Kitchen, Pesto Cream Penne",California Pizza Kitchen,undefined
75117896466178413458,"California Pizza Kitchen, Sangria Flight",California Pizza Kitchen,undefined
932719844811088049,"California Pizza Kitchen, Coca Cola, 12 Oz",California Pizza Kitchen,undefined
6792402,Zero Sugar Cola Mini Bottles,Coca-Cola,"carbonated water, caramel colour, phosphoric acid, aspartame (phenylalanine), potassium benzoate, natural flavour, potassium citrate, acesulfame-potassium, caffeine."
4390903,Liquid water enhancer,Heinz,"water, citric acid, malic acid, caffeine, contains less than 2% of taurine, guarana extract, ginseng extract (panax), niacinamide (vitamin b3), vitamin b6, vitamin b12, natural flavor, sucralose and acesulfame potassium (sweeteners), sodium citrate, potassium citrate, gum arabic, sucrose acetate isobutyrate, yellow 5, red 40, potassium sorbate (preservative). kraft heinz foods company chicago, il 60601 (800) 431-1002 does not need refrigeration see bottom for best by date xaw 3165"
424483174604363247156946,"California Pizza Kitchen, Santa Margherita Pinot Grigio, Bottle",California Pizza Kitchen,undefined
14609488876312882121,"California Pizza Kitchen, Spinach Artichoke Dip",California Pizza Kitchen,undefined
37502697944629070982149844,"California Pizza Kitchen, Waldorf Chicken Salad, Full",California Pizza Kitchen,undefined
41359594998175741,"California Pizza Kitchen, Wild Mushroom Pizza",California Pizza Kitchen,undefined
4978903,Coca-Cola,"Coca-Cola Company,Coca-Cola","carbonated water, high fructose corn syrup caramel color, phosphoric acid, natural flavors, caffeine"
6692830498392398442,"California Pizza Kitchen, Wild Mushroom Strozzapreti",California Pizza Kitchen,undefined
8842684059860255522,"California Pizza Kitchen, Colby Red Blend, 6 Oz",California Pizza Kitchen,undefined
634419944193154675867,"California Pizza Kitchen, Apothic Winemakers Blend, 9 Oz",California Pizza Kitchen,undefined
7499092149378000268,"California Pizza Kitchen, Cha Cha Agua Fresca",California Pizza Kitchen,undefined
153426742987825440,"California Pizza Kitchen, Chateau Ste Michelle Riesling, Bottle",California Pizza Kitchen,undefined
2021993247803677583930,"California Pizza Kitchen, Chicken & Shrimp, For Garlic Cream Fettuccine",California Pizza Kitchen,undefined
91009900418585823715,"California Pizza Kitchen, Classic Caesar Salad, Full",California Pizza Kitchen,undefined
969119213484367713417,"California Pizza Kitchen, Colby Red Blend, Bottle",California Pizza Kitchen,undefined
9156441094063758145078,"California Pizza Kitchen, Le Grand Courtage Brut, Split",California Pizza Kitchen,undefined
27890604684108815450,"California Pizza Kitchen, Mushroom Pepperoni Sausage Pizza, 7&quot;",California Pizza Kitchen,undefined
364533741719129012989017,"California Pizza Kitchen, Roasted Artichoke & Spinach Pizza, 1 Slice",California Pizza Kitchen,undefined
593145931479150597,"California Pizza Kitchen, Rodney Strong Cabernet Sauvignon, Bottle",California Pizza Kitchen,undefined
379560057842616999239,"California Pizza Kitchen, Salad, Kids",California Pizza Kitchen,undefined
15107372164227524107262502,"California Pizza Kitchen, Santa Julia Organica Cabernet Sauvignon, 6 Oz",California Pizza Kitchen,undefined
31947468438192184629001,"California Pizza Kitchen, Smashed Chicken Meatball Piadina Half",California Pizza Kitchen,undefined
394700040348670448943,"California Pizza Kitchen, Super Spinach & Quinoa Salad",California Pizza Kitchen,undefined
3358394697050024,"California Pizza Kitchen, The Mediterranean Salad",California Pizza Kitchen,undefined
57445882346898029552114,"California Pizza Kitchen, Tomato Basil Bisque, Bowl",California Pizza Kitchen,undefined
473571943539306139165981403260,cashew,,
6402213,Corn flakes crumbs,"Kellogg’s, Kellogg","maïs moulu, sucre, extrait de maïs et d'orge maltée, sel, colorant, bht, vitamines et minéraux : fer, niacinamide, chlorhydrate de thiamine, d-pantothénate de calcium, chlorhydrate de pyridoxine, acide folique. contient des ingrédients de l'orge. peut contenir du soya. 3, sugar sucre importé par kellogg canada inc. mississauga, ontario l4w 5s1"
5730704,Chili Sauce,Heinz,"tomato paste, water, sugar, vinegar, salt, onion, garlic, spices (mustard), natural flavours"
7612044247019678276178,"California Pizza Kitchen, Freshly Brewed Iced Tea, Mango",California Pizza Kitchen,undefined
3420138469120127419,"California Pizza Kitchen, Freshly Brewed Iced Tea, Peach",California Pizza Kitchen,undefined
15741,Supreme Harvest Indian Raisins,Supreme Harvest,raisins
4914622954402100349829,"California Pizza Kitchen, Freshly Brewed Iced Tea, Raspberry",California Pizza Kitchen,undefined
6841113,Mayonnaise,Heinz,"vegetable oil, water, liquid whole egg, vinegar, liquid yolk, sugar, salt, seasoning, calcium disodium edta. contains: egg. 0684111 3 ingrédients: huile végétale, eau, ceuf entier liquide, vinaigre, jaune d'œuf liquide, sucre, sel, assaisonnement, edta de calcium disodique. contient : ceuf. 04050036599800 kraft heinz canada, toronto, on m5j 1a7 1-877-57heinz (1-877-574-3469) product of u.s.a./produit des é.-u."
8817961577407830701749212,"California Pizza Kitchen, GF Margherita Pizza, 1 Slice",California Pizza Kitchen,undefined
539743961072447711,"California Pizza Kitchen, La Crema Pinot Noir, 9 Oz",California Pizza Kitchen,undefined
924011201059002655,Cashew,Nesto,cashew nuts
890075490423064751093,"Joe's Crab Shack, Orange Juice, Kids",Joe's Crab Shack,undefined
5751008,Tomates Soupe Condensée,HEINZ,"water, tomato puree, <span class=""allergen"">wheat flour</span>, sugar, salt, soybean oil, spices (<span class=""allergen"">mustard</span>), onion, citric acid."
26020,TGF Khatta Meetha,Truly Good Foods,"edible vegetable oil (palmolein oil, cottonseed oil), sugar (16%), rice flakes (13%), besan, dried green peas (5%) <span class=""allergen"">peanut</span> (5%), lentils (4%), edible starch, sago (3%), rice flour, lodized salt, spices & condiments and acidity regulator (ins 330)."
7591204008400553023,Kinder Maxi King,"Ferrero, Kinder","le cacao, sucre, lait en poudre, pâte de cacao, émulsifiants: écithines [soja], arômes), lait frais pasteurisé 14,5%, sucre, caramel 11% (lait concentré sucré, sucre, noisette, huile de palme, arômes), noisettes 10,5%, huile de palme, lait écrémé en poudre 5,5%, farine de froment, beurre concentré, farine de riz, amidon, émulsifiants (mono et diglycérides d'acides gras, lécithines [soja]), arômes, sel, poudre à lever: carbonate acide de sodium; épaississant (gomme tara)."
6202246,Kinder Joy,"Kinder, Ferrero","sugar, modified (palm, vegetable) fats, skim cocoa powder, wheat starch, cocoa mass, barley malt extra lecithin, modified sunflower oil, whey proteins, cocoa butte bicarbonate, sodium bicarbonate, salt. contains<span class=""allergen"">: milk</span>, <span class=""allergen"">wheat</span>, soy/g sucre, graisses (de palme, végétale) modifiées, lait écréé en po ble, cacao en poudre, amidon de blé, pâte de cacao, extrait de mat lecithine de soja et/ou de tournesol, huile de tournesol protéines de lactosérum, beurre de cacao, armes, d'ammonium, bicarbonate de sodium, s contient: lall, ble, sala 43 52"
3015221,Toblerone,Toblerone,"sugar, whole milk powder, cocoa butter, cocoa mass, honey (3%), milk fat, <span class=""allergen"">almonds</span> (1.6%), invert sugar, emulsifier (<span class=""allergen"">soy lecithin</span>), egg white powder, flavour. milk chocolate contains cocoa solids 28% minimum, milk solids 14% minimum. allergen statement: contains <span class=""allergen"">milk</span>, <span class=""allergen"">almonds</span>, <span class=""allergen"">soy</span> and <span class=""allergen"">egg</span>. mondelez international, 323 canterbury road, ringwood victoria 3134, australia. consumer advisory service: aus 1800 250 260 www.mondelezinternational.com.au nz 0800 223 2879 www.mondelezinternational.co.nz made in switzerland trade marks of mondelez international group used under licence. www.toblerone.com box"
221034191858666,milk bikis,,milk bikis
2179315,Corn flakes,Kellogg's,"mais, estratto di malto d'orzo, zucchero, sale, niacina, ferro, vitamina b6, riboflavina, tiammina, acido folico, vitamina d, vitamina b12. per gli allergeni vedi ingredienti in grassetto. può contenere glutine da altri cereali."
6017779480819045380,"California Pizza Kitchen, Napa Cellars Sauvignon Blanc, 6 Oz",California Pizza Kitchen,undefined
702513434102930378,"California Pizza Kitchen, Napa Cellars Sauvignon Blanc, Bottle",California Pizza Kitchen,undefined
212973819438769924524,"California Pizza Kitchen, Roasted Garlic Chicken Pizza",California Pizza Kitchen,undefined
4033309451962456611,"California Pizza Kitchen, Sparkling Cranberry Cooler",California Pizza Kitchen,undefined
6744104,Caffeine Free Diet Coke,Coca-Cola,"carbonated water, caramel colour, phosphoric and citric acid, aspartame (phenylalanine), flavour, sodium benzoate, acesulfame-potassium"
1742941,Heinz tomato ketchup,Heinz,"de tomaten ketchup mit zucker und süßungsmittel. &quot;50% weniger zucker und 50% weniger salz als herkömmlicher heinz tomaten ketchup. zutaten: tomaten (174 g pro 100 g tomaten ketchup), branntweinessig*, zucker, salz, gewürz - und kräuterextrakte (enthalten sellerie), süßungsmittel (steviolglycosider), gewürz. *osterreich: weingeistessig. nach dem offnen gekühlt aufbewahren. vor gebrauch gut schütteln. mindestens haltbar bis: siehe deckel. flasche recycelbar und deckel nich recycelbar. o produktionsland: niederlande. fr tomato ketchup avec sucre et édulcorant. *50% de sucres en moins et 50% de sel en moins que le tomato ketchup heinz classique. ingrédients : tomates (174 g pour 100 g de tomato ketchup), vinaigre d'alcool, sucre, sel, extraits d'épices et d'herbes (contiennent du céleri, édulçoranit (glycosides de steviol), épice. a conserver au rétrigérateur après ouverture, bien agiter avant utilisation. a consommer de préférence avant le : voir bouchon. bouteille recyclable, bouchon non recyclable. pays de production: pays-bas. nd tomaten ketchup met suiker en zoetstof. &quot;50% minder suikers en 50% minder zout dan de gewone heinz tomato ketchup. ingrediënten: tomaten (174 g per 100 g tomato ketchup), azijn, suiker, zout, specerij - en kruidextracten (bevatten selderij), zoetstof (steviolglycosiden), sspecerij. na openen gekoeld bewaren. goed schudden voor gebruik. ten minste houdbaar tot zie dop. fles recyclebaar, dop niet-recyclebaar. at ch hj. heinz gmbh, postfach 14 05 55, 40075 düsseldorf, deutschland. 35570 de bb h.j. heinz belgium nv/sa, posthofbrug 6-8, bus 5/102, 2600 berchem. nl h.j. heinz b.v., postbus 87118, 1080 jc amsterdam. www.heinz.eu e550g-500ml pro/pour/ per 100 g nährwerte/valeurs nutritionnelles/ voedingswaarden energie /energie fett/matières grasses/vet - davon gesättigte fettsäuren / dont acides gras saturės / waarvan verzadigd kohlenhydrate / glucides / koolhydraten 271 kj/"
39529,Organic Long Grain Brown Rice,"Lundberg, Twix",organic long grain brown rice
6213169,Rice kripies,Kellogg's,"riz, sucre, sel, arome de malt d'_orge_. 
vitamines et mineraux: vitamines (niacine, b6, b2, b1, acide folique, d,b12) et fer"
790055,Zucaritas,Kellogg's,"maíz, azúcar, extracto de malta, sal yodada, maltodextrina. vitaminas y minerales: acido ascórbico (vitamina c), niacinamida (niacina), palmitato (vitamina a), hierro reducido, óxido de zinc, cianocobalamina (vitamina b12), colecalciferol (vitamina d), clorhidrato de piridoxina (vitamina b6), mononitrato de tiamina (vitamina b1), riboflavina (vitamina b2), ácido fólico. para mantener la frescura, se ha agregado bht al empaque contiene gluten. el maíz utilizado en este producto contiene trazas de soya."
1345003,Vegetarian Beans,Heinz,"water, prepared beans, tomato paste, brown sugar, sugar, salt, distilled white vinegar, modified food starch, spices, mustard seed, mustard bran, onion powder, garlic powder, paprika, turmeric."
1364008,Tomato Ketchup,Heinz,"tomato concentrate from red ripe tomatoes, distilled vinegar, high fructose corn syrup, corn syrup, salt, spice, onion powder, natural flavoring,"
6789505,Coca-Cola Stevia,Coca-Cola,"carbonated water, caramel colour, stevia extract, phosphoric acid, potassium benzoate, natural flavour, caffeine, citric acid, malic acid. eau gazeifiee, colorant au caramel, extrait de stevia, acide phosphorique, benzoate de potassium, essence naturelle, cafeine, acide citrique, acide malique"
3135488,Ferrero Küsschen Brownie Style,Ferrero,"milchschokolade 91 % (zucker, kakaobutter, vollmilchpulver, kakaomasse, emulgator lecithine (soja), vanillin), weizenmehl, zucker, butter (1%), fettarmer kakao, kakao, sonnenblumenöl, aromen, salz. kakao: 33,5 %"
6831310,"Burger Sauce, Burger",Heinz,"water, vegetable oil, horseradish, sugars (sugar, maltodextrin, molasses, corn syrup), modified corn starch, vinegar, spices (mustard), seasonings, salt, liquid whole egg, garlic, liquid yolk, lactic acid, phosphoric acid, potassium sorbate, propylene glycol alginate, xanthan gum, flavour, sodium benzoate, caramel, calcium disodium edta, pectin, citric acid, tartaric acid, beta-carotene."
7491276,Nutella,Nutella,"one spread sgs مواد حافظة - و إعادة التدويرا سيربروا، او ۱۳ - الألبا، إيطاليا preservatives verified by ....... التحقق من قبل ما في مالی دارد دانه که الان مباشرة للم الشمس store in a cool day place, away from direct sonlight بدون ملونات / no colorings * se nirella = المحميات سكر، ذهن نباتي (النخيل، يندق (۱۳ (۷۰) محلات المسيئين (العويا دوار الشمس ال حليب منوع الدسم (۱۸۷)، مسحوق كاكاو قليل القسم استحسان (ملیاس مطابق الطبيعي، معلومات الحساسية الخير= دا عرفها من تحتوي على البندق، الحليب الصويا، صدع في ل شرحه هو الدتريال إيطاليا بي لي بي ingredients sugar, vegetable fat ala hazelnuts (13) sommed milk powder (37m, fat reduced cocoa powder (7a, emulsirer lecithins (sov sunflower, flavouring natural identical vanilun allergen information: cors haztubuts, milx, y made in italy by ferrero industriale italia pep 11 a no sgs.com/nutella"
7582,Rice Krispies,Kellogg's,"riz soufflé, sucre, sel, extrait de malt d'orge, niacine, fer, vitamine b6, riboflavine, thiamine, acide folique, vitamine d, vitamine b12."
7303540589249554,"California Pizza Kitchen, Asparagus & Arugula Salad",California Pizza Kitchen,undefined
36512479070940426,"California Pizza Kitchen, B 52 Coffee",California Pizza Kitchen,undefined
78111654199415487269,"California Pizza Kitchen, CPK Mango Lemonade",California Pizza Kitchen,undefined
1925489847629969178,"California Pizza Kitchen, Coconut Blossom",California Pizza Kitchen,undefined
8052264558104749341316,"California Pizza Kitchen, Dakota Smashed Pea & Barley Soup, Bowl",California Pizza Kitchen,undefined
307526704168469618281,"California Pizza Kitchen, Fanta Orange",California Pizza Kitchen,undefined
59028449388798250777,"California Pizza Kitchen, Fanta Punch",California Pizza Kitchen,undefined
1086548439605158874,"California Pizza Kitchen, Fresca",California Pizza Kitchen,undefined
3235506446941567350,"California Pizza Kitchen, GF BBQ Chicken Pizza, 1 Slice",California Pizza Kitchen,undefined
8996741747012485,"California Pizza Kitchen, House Salad",California Pizza Kitchen,undefined
5330474984767409180,"California Pizza Kitchen, J Lohr Seven Oaks Cabernet Sauvignon, 3 Oz",California Pizza Kitchen,undefined
657415434967844034,"California Pizza Kitchen, Le Grand Courtage Brut, Bottle",California Pizza Kitchen,undefined
3809211,Raisin Bran Crunch,kellogg's,"polas. 410mg 8% niacin 20% • phosphorus 10% • magnesium 10% e al, sugar, rice, raisins, wheat bran, whole grain oats, brown sug syrup, sal, natural flavor, modified com starch, molasses, paim a coodl raisin bran crunch® amount/serving % dv* amount/serving sop strition cts 2% sodium 290mg 0% total carb. 68g 25% dietary fiber 7g 23% total sugars 28g incl. 19g added sugars 38% 13% total fat 1.5g saturated fat 0g trans fat 0g polyunsaturated fat 0.5g ner (80g) monounsaturated fat og cholesterol omg container 0% protein 5g 280 vit. d omcg 0% • calcium 30mg 2% • iron 1.5mg 8% polas. 410mg 8% • nlacin 20% • phosphorus 10% • magnesumth auc 10% • copper 25% • manganese 80% , tice, raisins, wheat bran, whole grain osals, brown spe wieat ingredients. kelogg salen 3019 kelogg"
67593731145588725974869,"California Pizza Kitchen, Margherita Pizza, 1 Slice",California Pizza Kitchen,undefined
72604603429995250933647,"California Pizza Kitchen, Meiomi Pinot Noir, 9 Oz",California Pizza Kitchen,undefined
231299649370369833355,"California Pizza Kitchen, Miller Lite, 12 Oz",California Pizza Kitchen,undefined
4467567454295020023,"California Pizza Kitchen, Modelo Especial, 12 Oz",California Pizza Kitchen,undefined
2057491,Kellogs choco Krispies,Kellogg's,"&quot;energie 6%&quot;, &quot;zucker 6%&quot;, &quot;salz 4%&quot;, &quot;gesättigte fettsäuren 2%&quot;, &quot;fett 1%&quot;"
1089694498857304909239,"California Pizza Kitchen, Nobilo Sauvignon Blanc, 6 Oz",California Pizza Kitchen,undefined
5762403330645818101996969,"California Pizza Kitchen, Original BBQ Chicken Pizza, Kids",California Pizza Kitchen,undefined
6487194854347995,"California Pizza Kitchen, Pavan Liqueur",California Pizza Kitchen,undefined
6942809,Pepsi,Pepsi,"carbonated water, glucose-fructose and/or sugar, caramel colour, phosphoric acid, caffeine, citric acid, natural flavour. ingrédients: eau gazéifiée, glucose-fructose et/ou sucre, colorant caramel, acide phosphorique, caféine, acide citrique, arome naturel."
649001724686582605,"California Pizza Kitchen, Pepperoni Pizza, Kids",California Pizza Kitchen,undefined
641624306544399516134892,"California Pizza Kitchen, Poke Chop Chop Salad, Full",California Pizza Kitchen,undefined
28348444184632764,"California Pizza Kitchen, Sauteed Cremini Mushrooms, For Bolognese Spaghetti",California Pizza Kitchen,undefined
16481304202604012027,,,
4919308,tab,Coca-Cola,"carbonated water caramel matural flavors phosphorc acio calcium saccharin potassium benzoate (to protect taste) caffeine, aspartame"
6685627,oreo original,Oreo,"flour of wheat , sugar, palm oil, rapeseed oil, cocoa powder 4,5%, starch, wheat , glucose-fructose syrup, baking powder (carbonate of potassium, carbonate of ammonium, sodium), salt, emulsifiers (soy lecithin, sunflower lecithin), flavour,"
3583111,Kellogg's Crunchy Müsli Choco &Nuts,Kellogg's,"vollkornhaferflocken(47%), zucker, palmöl, schokoladenstücke(11%)(zucker, kakaomasse, kakaobutter, pflanzliche öle(palm, shea, sal, mango) in veränderlichen gewichtsanteilen, milchfett, emulgator{sojalecithine}), weizenmehl, haselnüsse(3%), kokosnuss, melasse, salz, gerstenmalz, zimt."
1299007,Pepsi,Pepsi,"carbonated water, high fructose corn syrup, caramel color, sugar, phosphoric acid, natural flavor, caffeine, citric acid."
7543869,watties rich brown gravy,Heinz,"potato starch, dextrose, maltodextrin, salt, whey powder (contains milk), vegetable powders, colours (150d (contains preservative (220), 164), beverage whitener (contains milk, soy), natural flavours, hydrolysed vegetable protein, vegetable gum (415), flavour enhancer (635), herb & spice, traces of sesame. nu &quot;wh ser ap sen packed for: heinz wattie's ltd, 513 king street north ene prowatties"
3801284,Pringles,"plingles, Pringles",jjientes de pa ebor original rformación nutriciona prción: 25g (1 taaza de te cantidat ywi kalor energético koalk 10 carbookidiratios (g presteinas (c grasas totales ( grasas sturadas grasas trans. fibra atimentaria wdis i smanses
5480142,bens origi al ready rice roasted chicken,Mars,"water, parboiled long grain rice"
4641063,Coca-cola cherry,Coca-Cola,"average serving size: 1 can (355ml) coca-cola cherry carbonated nutriton information servings per pack: 1 per serve per 100g energy protein 628kj 177k) 0.0g 0.0g 0.0g 0.0g 12g 12g 9.9mg fat - total 0.0g 0.0g 42g saturated carbohydrates-total sugars 42g sodium 35mg contains: carbonated water, high fructose corn syrup, colour (150d), food acid (336), natural flavours, caffeine 34mg/355ml. imported by: robin foods product of usa. contains: caffeine. of can 8-01107 arm 10c of le 30313 bya member of the coga-cola bottlers' association. atlanta, ga 30327. caffeine content: 34 mg/12 fl oz 2018 the co ca-col acompany"
32670414005370515721,"California Pizza Kitchen, Seagrams Ginger Ale",California Pizza Kitchen,undefined
37111679543689589379,"California Pizza Kitchen, Shrimp, For Garlic Cream Fettuccine",California Pizza Kitchen,undefined
2035,Frosted Mini Wheats Little Bites,Kellogg's,"whole grain wheat, sugar, brown rice syrup, <span class=""allergen"">gelatin</span>, bht for freshness, reduced iron, folic acid"
42186620634701898142198,"California Pizza Kitchen, The Original BBQ Chicken Pizza, 7&quot;",California Pizza Kitchen,undefined
4159945388191252130,"California Pizza Kitchen, Tostada, 1 Slice",California Pizza Kitchen,undefined
2844633,Doritos,Doritos,"corn, vegetable oil (sunflower, canola, and/or corn oil), maltodextrin (made from corn), and less than 2% of the following: salt, cheddar cheese (milk, cheese cultures, salt, enzymes), whey, monosodium glutamate, buttermilk, romano cheese (part-skim cow's milk, cheese cultures, salt, enzymes), romano cheese (cow's milk, cheese cultures, salt, enzymes), whey protein concentrate, onion powder, corn flour, natural and artificial flavor, dextrose, tomato powder, lactose, spices, artificial color (yellow 6, yellow 5, red 40), lactic acid, citric acid, sugar, garlic powder, skim milk, red and green bell pepper powder, disodium inosinate, disodium guanylate, potassium chloride, and sodium caseinate."
4925406,Cocacola caffeine free,Coca-Cola,"carbonated water, high fructose corn syrup, caramel color, phosphoric acid, natural flavors"
6841511,Mango Habanero Sauce Style Mayonnaise,Heinz,"dairy-free cheddar cheese alternative (water, coconut oil, potato starch, modified potato starch, salt, potato protein, yeast extract, natural flavor, xanthan gum, lactic acid, annatto extract color), powdered cellulose added to prevent caking."
3801002,Chocolate Peanut Butter Protein Meal Bars,Kellogg's,"<span class=""allergen"">soy protein isolate</span>, sugar, soluble corn fiber, vegetable oil (palm and palm kernel oil with sorbitan tristearate, <span class=""allergen"">soybean</span> and palm oil with tbhq for freshness), peanut butter (<span class=""allergen"">peanuts</span>), fructose, inulin, corn syrup, dextrose, cocoa processed with alkali"
1358900,Heinz Relish Sweet,"Bell, Heinz","cucumbers, high fructose corn syrup, cabbage, distilled white vinegar, salt, potassium sorbate and sodium benzoate (as preservatives), guar gum, aluminum sulfate, xanthan gum, dried red bell peppers, polysorbate 80, natural and artificial flavors (including celery), fd&c yellow no. 5 and fd&c blue no. 1."
1346701,Texas Style Bold & Spicy BBQ Sauce,Heinz,"distilled white vinegar, tomato paste, water, cane sugar, dark brown sugar, salt, blackstrap molasses, lemon juice concentrate, spices, corn starch, natural flavor, onion powder, garlic powder, paprika, natural smoke flavor, mustard seed, tamarind concentrate, xanthan gum, anchovies, onions, garlic, turmeric, natural extractive of paprika."
6104414,Suhana sambar masala,,"coriander,chili,fenugreek,cumin,curry leaves,edible common salt,bengal gram,green gram,black gram,black pepper,cassia bark (taj),turmeric,asafoetida,refined cottonseed oil."
8974842,Nutella,Ferrero,"zucker, palmöl, haselnusse (13 %), magermilch pulver (8,7 %), fettarmer kakao, emulgator lecithine (soja), vanillin."
1303007,Carolina Mustard Style Sweet Mustard BBQ Sauce,Heinz,"cane sugar, water, yellow mustard (distilled white vinegar, water, mustard seed, salt, turmeric, paprika, spices), distilled white vinegar, tomato paste, apple cider vinegar, corn starch, salt, blackstrap molasses, spices, onion powder, garlic powder, xanthan gum, natural smoke flavor."
1373909,Organic Tomato Ketchup,Heinz,"organic tomato concentrate from red ripe organic tomatoes, organic distilled vinegar, organic cane sugar, salt, organic onion powder, organic spice, natural flavoring."
4414483,Oscar Mayer Bologna,Heinz,"mechanically separated wkes, of salt, ground mustard seed, sodium phosphates, potassium chloride, sodium propionate, sodium diacetate, <span class=""allergen"">beef</span>, sodium benzoate, flavor, sodium ascorbate, sodium nitrite, hydrolyzed beef stock, autolyzed yeast, fat cal 70 dextrose, extractives of paprika, sodium lactate, potassium lactate, celery seed extract. amount per serving calories 80 % daily value* |"
7548908000500290743,Kinder Pingui Caramel,"Ferrero, Kinder","chocolat supérieur au lait 24% (sucre, beurre de cacao, lait en poudre, pâte de cacao, émulsifiants : lécithines [soja], arômes), lait frais pasteurisé 16%, caramel 15% (lait concentré sucré, sirop de glucose, sucre, huile de palme, sucre caramélisé, gélifiant : pectine amidée ; émulsifiants : mono et diglycérides d'acides gras ; arômes, sel), farine de froment, huile de palme, sucre, lait écrémé en poudre, lactose, dextrose, oeuf, beurre concentré, levure de bière, arômes, émulsifiants : mono et diglycérides d'acides gras ; arômes, sel."
1326901,Heinz 57 Sauce,Heinz,"tomato puree (water, tomato paste), high fructose corn syrup, distilled white vinegar, malt vinegar (contains barley), salt, contains less than 2% of modified food starch, raisin juice concentrate, mustard flour, soybean oil, turmeric, spices, apple puree, sodium benzoate and potassium sorbate (preservatives), caramel color, garlic powder, onion powder, natural flavors."
4760733,ice cream,Mars,"ice cream: skim milk, <span class=""allergen"">cream</span>, sugar, corn syrup, peanut butter (<span class=""allergen"">peanuts</span>), <span class=""allergen"">whey</span>, cocoa powder, mono and diglycerides, carob bean gum, guar gum, salt, carrageenan. chocolatey coating: sugar, coconut oil, <span class=""allergen"">milk</span>, <span class=""allergen"">lactose</span>, palm oil, chocolate, cocoa powder, <span class=""allergen"">soy lecithin</span>, artificial flavor. caramel: corn syrup, skim milk, sugar, palm oil, milkfat, <span class=""allergen"">lactose</span>, salt, carrageenan, artificial flavor. peanuts: peanuts, palm oil. ud allergy information: contains <span class=""allergen"">milk</span>, <span class=""allergen"">peanuts</span> and <span class=""allergen"">soy</span>. may contain <span class=""allergen"">tree nuts</span> and <span class=""allergen"">wheat</span>."
6549337,"7up lemon, lime & bubbles",PepsiCo,"carbonated water, glucose-fructose and/or sugar, citric acid,natural flavours, malic acid,sodium citrate sodium benzoate."
9891,Millet House Malt,Millet House,"siridhanya millets (foxtail, kodo, little, barnyard, browntop) proso millet, sprouted cereals & pulses (bajra, ragi, green gram, horse gram, black eyed peas, chick peas, maize, jowar, toor seeds, peas), dry fruits & nuts (almond, pista, dates, cashew, ground nut, dry grapes), seeds (fenugreek, flax, watermelon, pumpkin, sunflower), sabudana, cardamom, dry ginger."
6742708,Coca-Cola,Coca-Cola,"carbonated water, sugar/glucose-fructose, caramel colour, phosphoric acid, natural flavour, caffeine"
6795108,Coca-Cola,Coca-Cola,"carbonated water, sugar/glucose-fructose, caramel colour, phosphoric acid, natural flavour, caffeine."
6981303,Life Wtr,pepsico,ingredients eau traite demineralisee sulfate de magnesium bicarbonate de potassium. ozone
8024992,nutella,Ferrero,"zucchero, olio di palma, nocciole (13%), latte scremato in polvere (8,7%), cacao magro (7,4%), plas emulsionanti: lecitine (soia), vanillina."
1326406,57 sauce,Heinz,"tomato puree (water, tomato paste), high fructose corn syrup, distilled white vinegar, malt vinegar (contains <span class=""allergen"">barley</span>), salt, contains less than 2% of the following: modified food starch, raisin juice concentrate, mustard flour, soybean oil, turmeric, spices, apple puree, sodium benzoate and potassium sorbate (preservatives), caramel color, garlic powder, onion powder, natural flavors."
4300953,Cool Whipe,Kraft Heinz,"% daily value cont amount/serving nutrition facts serving size 2 tbsp (9g) servings per container about 25 total fat 1.5g saturated fat 1g trans fat og cholestero! omg sodium omg total carbohydrate 3g sugars 2g protein og to 2% in 5% do st ref 0% ref 0% for 1% coo calories 25 mic or to s not a significant source of dietary fiber, vitamin a, vitamin c, calories from fat 15 &quot;percent daily values are based on a 2,000 calorie diet pac o calcium and iron. packa ingredients: water, corn syrup, high fructose corn syrup, hydrogenated vegetable oil (coconut&palm kernel oils), skim milk, contains less fresh v 2% of light cream, sodium caseinate, natural and artificial flavor anthan and guar gums, modified food starch, polysorbate 60, sorbitan momostearate, sodium polyphosphate, beta carotene (color). contains:milk kraft heinz foods company, chicago, il 60601 1-800-431-1001"
4908128,Aha water,Coca-Cola,"carbonated water, natural flavors"
20968557748381851575,"California Pizza Kitchen, Irish Coffee",California Pizza Kitchen,undefined
209121160424821746043511,"California Pizza Kitchen, Kim Crawford Sauvignon Blanc, 6 Oz",California Pizza Kitchen,undefined
6792004,Zero Sugar Cola,Coca-Cola,"carbonated water, caramel colour, phosphoric acid, aspartame (phenylalanine), potassium benzoate, natural flavour, potassium citrate, acesulfame-potassium, caffeine."
36894760438939833781,"California Pizza Kitchen, La Crema Pinot Noir, 3 Oz",California Pizza Kitchen,undefined
3595705440974938779000,"California Pizza Kitchen, Mark West Pinot Noir, 6 Oz",California Pizza Kitchen,undefined
916050882487940365663,"California Pizza Kitchen, Pepperoni Pizza, 7&quot;",California Pizza Kitchen,undefined
314131,bounty,bounty,"chocolate, coconut"
890727214263538609,"LongHorn Steakhouse, White Peach Iced Tea",LongHorn Steakhouse,undefined
890718130469834980456,"Papa John's, BBQ Dipping Sauce",Papa John's,undefined
45470973478253096510,"California Pizza Kitchen, San Pellegrino Sparkling Mineral Water",California Pizza Kitchen,undefined
1366103,Hot Dog Relish,Heinz,"relish stock (cucumbers, cabbage, salt), high fructose corn syrup, mustard (distilled white vinegar, mustard seed, water, salt, turmeric, natural flavor, spices), distilled white vinegar, mustard seed, dehydrated onion, xanthan gum, spices, potassium sorbate (preservative), red bell peppers, natural flavoring, fd&c yellow no 5, extractive of turmeric."
1389900,Tomato Ketchup,Heinz,"organic tomato concentrate from red ripe organic tomatoes, organic distilled vinegar, organic sugar, salt, organic onion powder, organic spice, natural flavoring,"
286491904374063939316,"California Pizza Kitchen, Sledgehammer Zinfandel, 6 Oz",California Pizza Kitchen,undefined
832317778304632274511,"California Pizza Kitchen, Sonoma Cutrer, Russian River Ranches Chardonnay, 9 Oz",California Pizza Kitchen,undefined
3458821447039262520,"California Pizza Kitchen, Tazo Hot Teas",California Pizza Kitchen,undefined
634478478522488377813138,"California Pizza Kitchen, The Original BBQ Chicken Pizza",California Pizza Kitchen,undefined
6577847,unicorn fruity snacks,kelloggs,corn syrup sugar apple puree concentrate modififed5food starch water gelatin contains 2% or less
8905807694887297297,"Qdoba, Crunchy Flour Tortilla Bowl",Qdoba,undefined
5733507,Tomato Juice,Heinz,"tomato juice, salt. ingredients: jus de tomate, sel"
1223101,Diet cola,Pepsi,"carbonated water, caramel color, phosphoric acid, potassium benzoate (preserves freshness), sucralose, acesulfame potassium, caffeine, natural flavor, citric acid."
1417579,Monster- White Can,Monster,"ib bbsy ble aurine, l-carnitine, caffene, inositol sgravor, l-carnitine l-dartrate, caffeine, sucralose maufactured fob morster biergy company 1 monster way coroba, ca 02870 lsa o 2012 monster energy company cobsume desporsibly: dot recommended foo childgel hlactbamide (vtc b3), - calcium pantothenate (vit. b5), acesulfame potassium, mositol, pyridoxine hydrochloride soric acd (presevative, benzoic acid (preservative, people sersitive to caffene, preghant wome od wome ste bebgy ze0 uura is low in calories calorie lal total fat og sodium 370mg total carbohydrate 6g total sugars 0g includes og added sugars erythritol 2g protein og 0% 16% 2% 0% niacin (vit. b3) vitamin b6 vitamin b12 pantothenic acid (vit. b5) 250% s 240% 490% 400% not a significant source of saturated fat, trans fat, cholesterol, dietary fiber, vitamin d, calclum, iron and potassium. the % daily value (dv) tells you how much i nutrient in a serving of food contributes a dally diet. 2,000 calories a day is used for general nutrition advice. gibie ts: carborated water, citric acid, erythaitul sodium citrae laural & artificial flavors, paia mt d). canocobalamd (vil b12). rou all sources: 140mg peb cal lean ca crv me-vt-ct-ma-ny ia-hi 5¢ mi-or 10"
3808177,froot loops,Kellogg's,"corn flour blend (whole grain yellow corn flour, degerminated yellow corn flour), sugar, <span class=""allergen"">wheat flour</span>, whole grain oat flour, modified food starch, contains 2% or less of vegetable oil (hydrogenated coconut, soybean and/or cottonseed), <span class=""allergen"">oat fiber</span>, maltodextrin, salt, soluble corn fiber, natural flavor, red 40, yellow 5, blue 1, yellow 6, bht for freshness. vitamins and minerals: vitamin c (ascorbic acid), reduced iron, niacinamide, vitamin b6 (pyridoxine hydrochloride), vitamin b2 (riboflavin), vitamin b1 (thiamin hydrochloride), folic acid, vitamin d3, vitamin b12. contains wheat ingredients"
6791801,Cola,Coca-Cola,"carbonated water, sugar/glucose-fructose, caramel colour, phosphoric acid, natural flavour, caffeine."
9436004,heinz ketchup,Heinz,"tomato paste mace from fresh ripe tomatoes) liquid sugar, white vinegar, salt onion powder, spices ingredients: pate de tomate (faite de tomates mores bien fraiches), sucre liquide, vinagre blanc, sel, oignon en poudre, epices quality guaranteed-non-removable cap shake before using qualité garantie - capuchon inamovible bien agiter avant de servir heinz prepared for / préparé pour: 35315273 heinz canada north york, ontario m2n 7k5 product of usa/produit des é-ua"
5731208,Tomato Ketchup,Heinz,"pate de tomate (faite de tomates mures bien fraiches), sucre liquide,vinaigre blanc, sel, oignon en poudre, epices"
7561508000500119785,Kinder Pingui Cacao,"Ferrero,Kinder","lait frais pasteurisé 21%, chocolat fin 20% (sucre, pâte de cacao, beurre de cacao, émulsifiants : lécithines [soja], arômes), sucre, huile de palme, farine de froment, lait écrémé en poudre,dextrose, cacao 1,5%, beurre concentré, oeuf, sirop de glucose-fructose, cacao maigre, levure de bière, arômes, émulsifiants : mono et diglycérides d'acides gras, sel."
6401612,Corn Flakes,Kellogg's,"flaked milled corn, sugar, malt (corn flour, malted barley), salt, colour, bht. vitamins and minerals: iron, niacinamide, thiamine hydrochoride, d-calcium pantothenate, pyridoxine hvdrochloride, folic acid."
890107130110713,Soya Milk,Hershey's Sofit,"water, soyabeans, acidity regulator (e500), oligofructose"
6781901,Cherry-flavoured calorie-free cola,Coca-Cola,"carbonated water, caramel colour, phosphoric acid, aspartame (phenylalanine), potassium benzoate, natural flavour, acesulfame-potassium, potassium citrate, caffeine"
985331,Kinder joy,Ferrero,"sugar, vegetable oils (palm oil, sheanut oil, and sunflower oil), skim milk powder, wheat flour, cocoa, wheat germ, wheat starch, cocoa mass, malt extract, soy lecithin, whey proteins, cocoa butter, artificial flavors, ammonium bicarbonate and sodium bicarbonate, salt."
6717401,Dasani Water,Coca-Cola Company,"water, magnesium sulphate, potassium chloride, ozone"
1310308,Tomato Ketchup,Heinz,"tomato concentrate (red ripe tomatoes), distilled vinegar, high fructose corn syrup, corn syrup, salt, spice, onion powder, natural flavoring."
1728590,cranberry,nature's bounty,"gelatin  soybean oil, vegetabl glycerin"
15588,Moong dal,Supreme Harvest,moong dal
127190550000400,pawan,kakala,
3808403,Sour Cream & Onion Flavored Potato Crisps,Pringles,"dried potatoes, vegetable oil (contains one or more of the following: corn oil, cottonseed oil, soybean oil, and/or sunflower oil), corn flour, wheat starch, maltodextrin, mono - and diglycerides, contains 2% or less of salt, <span class=""allergen"">whey</span>, rice flour, dextrose, monosodium glutamate, coconut oil, onion powder, sugar, natural flavors, nonfat milk, sour cream (<span class=""allergen"">cream</span>, nonfat milk, cultures), citric acid, sodium caseinate, lactic acid, yeast extract, disodium inosinate, disodium guanylate, <span class=""allergen"">buttermilk</span>, malic acid, invert sugar, cultured nonfat milk, <span class=""allergen"">cream</span>,"
7533,Cardamom Green Whole,SFT,cardamom
1229406,1 Liter Pepsi,Pepsi,"carbonated water, high fructose corn syrup, caramel color sugar, phosphoric acid, caffeine, citric acid, natural flavor"
1334609,Kansas City Style Sweet & Smoky BBQ Sauce,Heinz,"distilled white vinegar, cane sugar, tomato paste, water, dark brown sugar, blackstrap molasses, salt, modified food starch, natural smoke flavor, mustard seed, onion powder, garlic powder, spices, xanthan gum."
1393806,Simply Heinz Tomato Ketchup,Heinz,"tomato concentrate from red ripe tomatoes, distilled vinegar, sugar, salt, onion powder, spice, natural flavoring"
4901202,Cola,Coca-cola,"carbonated water, high fructose corn syrup, caramel color, phosphoric acid, natural flavors, caffeine"
1201701,Pepsi,Pepsi,"carbonated water, high fructose corn syrup, caramel color, sugar, phosphoric acid, caffeine, citric acid, natural flavor."
890036724691991500594880,"Wendy's, Spicy Chicken Wrap",Wendy's,undefined
1331408,"Heinz, Premium Horseradish Sauce",Heinz,"soybean oil, distilled white vinegar, horseradish, water, sugar, high fructose corn syrup, egg yolks, salt, lemon juice concentrate, mustard flour, onion powder, spices, corn oil, xanthan gum, onion juice concentrate, natural and artificial flavorings, calcium disodium edta added to protect flavor, extractives of turmeric."
6840813,Mayochup Sauce Style Mayonnaise Style Sauce,Heinz,"vegetable oil, vinegar, sugar/glucose-fructose, concentrated tomato paste, hydrolyzed egg yolk, salt, liquid yolk (egg), liid whole egg. seasonings, potassium sorbate, sodium benzoate, concentrated lemon juice nthan gum, modified com starch, paprika oleoresin calcium disodium edta. contains: egg. ingrédients: huile végétale, vinaigre, sucre glucose-fructose, pâte de tomate concentrée, jaune d'œuf hydrolyse, sel, jaune d'euf liquide, euf entier liquide assaisonnements, sorbate de potassium, benzoate de sodium, jus de citron concentré gomme xanthane, amidon de mais modifié, oléorésine de paprika, edta 04050036599600 06840813 disodique de calcium. contient : euf kraft heinz canada, toronto, on m5j 1a7 1-877-57heinz (1-877-574-3469) product of u.s.a./produit des é.-u. 047"
7027703,Toblerone,Toblerone,"milk chocolate (sugar, milk ingredients, cocoa butter, unsweetened chocolate, <span class=""allergen"">soy lecithin</span>, artificial flavour), nougat (sugar, honey, <span class=""allergen"">almonds</span>, dried egg-white, citric acid). contains<span class=""allergen"">: milk</span>, <span class=""allergen"">soy</span>, <span class=""allergen"">almond</span>, <span class=""allergen"">egg</span>. ingrédients : chocolat au lait (sucre, substances laitières, beurre de cacao, chocolat non sucre, lécithine de soja, arôme artificiel), nougat (sucre, miel, amandes, poudre de blanc d'ceuf, acide citrique). contient: lait, <span class=""allergen"">soja</span>, amandes, eufs. imported by/importé par mondelez canada inc., toronto, on m8x 2x2 8 made in switzerland / fabriqué en suisse ki co be www.snackworks.ca www.facebook.com/toblerone 1-877-344-4044"
4384708,Colliders,"Kraft Heinz Foods,Mounds","skim milk, water, sweetened coconut (sugar, desiccated coconut, pectin, natural flavor, locust bean gum, lemon juice concentrate, calcium citrate), cream, sugar semisweet chocolate (sugar, chocolate, cocoa butter, cocoa processed with alkali, milkfat, soy lecithin, natural flavor, milk), hydrogenated vegetable oil (coconut and palm kernel oils), modified cornstarch, contains less than 2% of salt, cocoa processed with alkali, sodium stearoyl lactylate (for smooth texture), artificial color, sucrose fatty acid esters, natural flavor. contains: milk, coconut, soy."
6123914,lea perrins,"Heinz, lea perrins","vinagre de malta ( cebada) vinagre de alcohol, melaza, azúcar, sal, anchoas, (peixe) extracto de tamarindo, cebolla, ajo,especias, aromas"
6062420,Hot Chili BBQ Sauce,Heinz,"tomatenmark, branntweinessig, zucker, melasse, paprika, modifizierte stärke, chili 1,9%, salz,knobauch, scotch-bonnet-chili 0,2%, zwiebeln, ingwer, aroma, raucharoma."
5733701,Canada Fancy Tomato Juice,Heinz,"tomato juice, salt"
120850,Mtn Dew,"Mountain Dew,Mtn Dew,Pepsi","carbonated, water, high fructose, corn syrup, concentrated orange juice, citric acid, natural flavor, sodium benzoate (preserves freshness), caffeine, sodium citrate, gum arabic, erythorbic acid (preserves freshness), calcium disodium edta (to protect flavor), yellow 5"
4005108,"Starburst, Original",Mars,"corn syrup, sugar, hydrogenated palm kernel oil, fruit juice from concentrate (apple, lemon, strawberry, orange, cherry), less than 2% - citric acid, dextrin, gelatin, food starch-modified, natural and artificial flavors, ascorbic acid (vitamin c), coloring (red 40, yellow 5, yellow 6, blue 1)."
1255906,Wild Cherry,Pepsi,"carbonated water, high fructose corn syrup, caramel color, sugar, phosphoric acid, natural flavor. caffeine, citric acid."
7878886,Pâte à tartiner choco-noisette,"Florence Marsili, Nucellina","sucre de canne, graisse vétale (huile de tournesol, huile de carthame, beurre de cacao), 16% de noisette, lait, cacao naturel, lécithine de soja, vanilline. sans huile de palme."
53980392803505032,blueberry jam,,"blueberries, sugar, pectin, citric acid"
1334201,Carolina Vinegar BBQ,Heinz,"distilled white vinegar, apple cider vinegar, tomato paste, dark brown sugar, cane sugar, water, salt, salt, spices, corn starch, xanthan gum, mustard seed, garlic powder, paprika, natural flavor, natural smoke flavor, turmeric."
890803114031293614,"Taco Bell, Rainforest Coffee",Taco Bell,undefined
1223004,Pepsi,Pepsi,"carbonated water, high fructose corn syrup, caramel color, sugar, phosphoric acid, caffeine, citric acid, natural flavor."
4926900,Coca-Cola Original Taste,Coca-Cola,"carbonated water, high fructose corn syrup, caramel color, phosphoric acid, natural flavors, caffeine."
1311200,Chili Sauce,Heinz,"tomato puree (tomato paste, water), distilled white vinegar, high fructose corn syrup, salt, corn syrup, dehydrated onions, spice, garlic powder, natural flavoring."
1328404,Worcestershire Sauce,Heinz,"distilled white vinegar, water, molasses, high fructose corn syrup, salt, soy sauce (water, salt, hydrolyzed soy protein, corn sýrup, caramel coloring), natural flavorings, caramel coloring, anchovies, polysorbate 80, soy flour, garlic extract, contains soybeans, anchovies,"
89079933436665128462036,"Famous Dave's, Texas Beef Brisket Sandwich, Lunch",Famous Dave's,undefined
8450876,Heinz Tomato Ketchup,Heinz,"tomatoes (148g per 100g tomato ketchup), spirit vinegar, sugar, salt, spice and herb extracts (contain celery), spice.
no artificial colours, no artificial flavours, no artificial preservatives, no thickeners"
511422,heinz,Heinz,"heinz ketchup 570g ingredients: tomatoes (148g with 100g ketchup), vinegar, sugar, salt, spices and herbal extracts (containing celery), spices, importer: heinz gıda a,ş, kavacık mahallesi, ekinciler caddesi, elbistan çıkmazı, no:6, kat:6, 34810 beykoz, istanbul, turkey, country of origin: netherlands, recommended consumption date (exp) is on the package and is the batch number, store in the refrigerator after opening and consume within 8 weeks,  shake before use, for energy and nutrients-100g, energy:411kj/"
6906205,Pepsi,PepsiCola,"carbonated water, sugars (sugar/glucose-fructose), phosphoric acid, caffeine, citric acid, caramel, natural flavour."
1313703,Sweet Relish,Heinz,"cucumbers, high fructose corn syrup, cabbage, distilled white vinegar, salt, potassium sorbate (as preservatives), sodium benzoate (as preservatives), guar gum, aluminum sulfate, xanthan gum, dried red bell peppers, polysorbate 80, natural and artificial flavors (including <span class=""allergen"">celery</span>), fd&c yellow no 5, fd&c blue no 1."
4754763,oscar mayer deli fresh,Heinz,"oven roasted turkey breast (turkey breast, water, modified cornstarch, contains less than 2% of vinegar, salt, sugar, cultured dextrose&quot;, sodium phosphates, carrageenan, caramel color), smoked uncured ham contains up to 24% seasoning solution browned with caramel color (ham, water, cultured dextrose&quot;, sugar, contains less than 2% of salt, vinegar, cultured celery juice, sodium phosphates, cherry powder, caramel color), &quot;ingredients to support quality,"
3739316843891430680445,"California Pizza Kitchen, Thai Chicken Pizza",California Pizza Kitchen,undefined
579745934429167493,"California Pizza Kitchen, Whiskey Cider Press",California Pizza Kitchen,undefined
1355107,"Heinz, Bread & Butter Slices, Mildly Sweet And Spicy, Mildly Sweet And Spicy",Heinz,"fresh cucumbers, high fructose corn syrup, distilled white vinegar, salt, dehydrated onions, mustard seed, calcium chloride, celery seed, polysorbate 80, natural flavoring, fd & c yellow no.5, calcium silicate"
1355806,"Heinz, Premium Kosher Baby Dills, Garlic Dill Taste",Heinz,"pickles (cucumbers, salt, distilled white vinegar, calcium chloride, potassium metabisulfite), water, distilled white vinegar, salt, dehydrated garlic, calcium chloride, sodium benzoate as a preservative, garlic extract, acacia gum, spices, dehydrated red bell peppers, natural flavoring, polysorbate 80, fd&c yellow no. 5."
1222403,Mountain Dew Code Red,Pepsico,"carbonated water, high fructose corn syrup, concentrated orange juice, natural flavor, caffeine, sodium citrate, gum arabic, calcium disodium edta, red 40, yellow 5, blue 1"
6400118,Pringles Original 19g,Pringles,"ngrederts oried potatoes, vegetable dil, gorntlour, corn starch, rice flour, maltodextrin, mono - and diglycerides, salt cdf cid, wheat starch: contains wheat ingredients. ngredients: pommes de terre déshvgrates hu jegetalé, farine de mais, amiden mais, fahni maltodexthire, hiono elodlyserides, sel, ahd midon de ble bit er eredients in ble. to atira tartuis tresioars / sans arônmes o4"
250620,BB cream,sugar,"aqua (water), caprylic/capric triglyceride, ethylhexyl methoxycinnamate, butyl methoxydibenzoylmethane, benzophenone-3, stearic acid, cetearyl alcohol, glycerin, peg 400, phospholipids, 1-3 butylene glycol, phenoxyethanol, matricaria recutita (chamomile) flower extract, camellia sinesis (white tea extract, gingko biloba leaf extract, olea europaea (olive) leaf extract, aspalathus linearis (rooibos) leaf extract, camellia sinesis (green tea) leaf extract, ethylhexylglycerin, niacinamide, triethanolamine, fragrance, fda"
6840716,Garlic Sauce Style Mayonnaise,Heinz,"vegetable oil, water, garlic, vinegar, sugar, liquid yolk (egg), hydrolyzed egg yolk, salt, liquid whole egg, modified corn starch, citric acid, phosphoric acid, potassium sorbate, sodium benzoate, calcium 04050036599700 0 &quot;6840716 disodium edta, onion powder. contains: egg. ingrédients: huile végétale, eau, ail, vinaigre, sucre, jaune d'oeuf liquide, jaune d'œuf hydrolysé, sel, euf entier liquide, amidon de mais modifié, acide citrique acide phosphorique, sorbate de potassium, benzoate de sodium, edta disodique de calcium, poudre d'oignon. contient : œuf. kraft heinz canada, toronto, on m5j 1a7 1-877-57heinz (1-877-574-3469) product of u.s.a./produit des é.-u. ①"
6737706,Coca Cola Zero Sugar,Coca-Cola,"carbonated water, caramel colour, phosphoric acid, aspartame (phenylalanine), potassium benzoate, natural flavour, potassium citrate, acesulfame-potassium, caffeine"
3813201,Potato Crisps,Pringles,"dried potatoes, vegetable oil (contains one or more of the following: corn oil, cottonseed oil, soybean oil, and/or sunflower oil), cornstarch, degerminated yellow corn flour, rice flour, maltodextrin, mono - and diglycerides, contains 2% or less of salt, coconut oil, whey, dextrose, monosodium glutamate, onion powder, nonfat milk, sugar, citric acid, cheddar cheese (milk, cheese cultures, salt, enzymes), sodium caseinate, natural and artificial flavors, lactic acid, reduced lactose whey, disodium inosinate, disodium guanylate, cultured nonfat milk, sour cream (cream, nonfat milk, cultures), yellow 5, autolyzed yeast extract, malic acid, invert sugar, blue cheese (milk, cheese cultures, salt, enzymes), wheat dextrose, yellow 6."
6788603,Coca-Cola Framboise,"The Coca-Cola Company,Coca-Cola","eau gazéifiée, sucre, glucose-fructose, colorant au caramel, essence naturelle, acide phosphorique, caféine"
6792800,Diet Coke,Coca-Cola,"carbonated water, caramel colour, phosphoric and citric acid, aspartame (phenylalanine), flavour, sodium benzoate, caffeine, acesulfame-potassium"
1101,Organic Goat Feed - Mash,"Inewa,Scratch And Peck Feeds","maida, sugar, edible veg fat, salt,milk solids, yeast, vanilla powder, improvers"
4829441,miel de maquis de printemps,Florence Marsili,miel
6403355,STAINLESS,RK,theek se nahin chal rahi hai
89055669108479532154501000,"Wawa, Butter, A Lot, For Junior Hot Hoagies",Wawa,undefined
3873407,Snack Cups BBQ,Pringles,"dried potatoes, vegetable oil (corn, cottonseed, high oleic soybean, and/or sunflower oil), degerminated yellow corn flour, cornstarch, rice flour, maltodextrin, sugar, mono - and diglycerides. contains 2% or less of salt, tomato powder, monosodium glutamate, citric acid, onion powder, spice, garlic powder, yeast extract, hydrolyzed corn protein, malted barley flour, malic acid, disodium inosinate, disodium guanylate, paprika extract color, natural flavors, whey, wheat starch."
1310405,Honeyracha,Heinz,"sugar, tomato puree (water, tomato paste), vinegar, apple cider vinegar, sriracha sauce (red jalapeño peppers, cayenne peppers, sugar, salt, garlic, vinegar, water, citric acid, natural flavor), honey, corn starch, modified food starch, salt, molasses 2%, natural flavor, potassium sorbate and sodium benzoate (to protect freshness), dried garlic, dried onion."
1360507,Tomato ketchup,Heinz,"tomato concentrate from red ripe tomatoes, distilled vinegar, high fructose corn syrup, corn syrup, salt, spice, onion powder, natural flavoring,"
5261062,Grape Juice,Coca-Cola,"reconstituted grape juice concentrate grape skin extract carbon dioxide, citric acid, preservatives (potassium sorbate and pimaricin grapetiser is a trademark of european refreshments. 2019. coca-cola beverages south africa (pty) ltd, 15 axle drive, clayville, gauteng, 1666, south consumer information: 0860 112526. manufactured in south africa"
6793401,Fresca,"Fresca, Coca-Cola","carbonated water, citric acid, natural flavour, sodium citrate, aspartame (phenylalanine), acesulfame-potassium, potassium sorbate, salt, sodium benzoate, tartrazine"
5463773,Hhhhhh,Hhhhhhh,hhh
6999108,Pepsi,PepsiCo,"carbonated water, glucose-fructose and/or sugar, caramel colour, phosphoric acid, caffeine, citric acid, natural flavours"
4946506,Cherry,Coca-Cola,"carbonated water, high fructose, corn syrup, caramel color, phosphoric acid, natural flavors, caffeine"
3005011,Gripz,Kellogg's,"ingredients nhaie wheat flour, enriched flour (wheat bour niacin, reducen iron, vitamin b1 [tiviainin mononitrate], vitamin 32 [riboflavin}, folic acid), sugar, <span class=""allergen"">soybean</span> and palm oil, polydextrose, fructose. contains 2% or less of cinnamon, molasses, artificial flavor, salt, soy lecithin baking soda, datem, <span class=""allergen"">whey</span>. contains wheat soy and milkingredients supan"
1233,Coop Croissant Naturell 60g,GOMAN AS,"hvetemel, smør (fløte (melk), melkesyrebakterier), vann, sukker, gjær, salt, egg, hvetegluten, enzym, melbehandlingsmiddel (e 300)."
1062,Blue Tea Chamomile Flower Herbal Tea,Blue Tea,chamomile flowers
6998206,Pepsi,Pepsi,"carbonated water, glucose-fructose and/or sugar, caramel colour, phosphoric acid, caffeine, citric acid, natural flavour"
4060309,3 Musketeers Share Size,Mars,"milk chocolate (sugar, chocolate, cocoa butter, skim milk, lactose, milkfat, soy lecithin), sugar, corn syrup, hydrogenated palm kernel oil and/or palm oil, less than 2% - cocoa powder processed with alkali, salt, egg whites, artificial and natural flavors,"
1312102,Tomato Ketchup,Heinz,"tomato concentrate from red ripe tomatoes, distilled vinegar, high fructose corn syrup, corn syrup, salt, spice, onion powder, natural flavoring."
1369906,Tomato Ketchup Hot & Spicy,Heinz,"tomato ketchup [tomato concentrate (red ripe tomatoes), distilled vinegar, high fructose corn syrup, corn syrup, salt, spice, onion powder natural flavoring], pepper sauce (distilled vinegar, red pepper, salt)."
1229707,mountain dew,pepsi,"carbonated water, high fructose corn syrup, concentrated orange juice, citric acid, natural flavor, sodium benzoate (preserves freshness), caffeine, sodium citrate, erythorbic acid (preserves freshness), gum arabic, calcium disodium edta (to protect flavor), brominated vegetable oil, yellow 5,"
2330013,Fibergo High-Fiber Nutritional Mix,Amgenex,"oligosaccharides, wheatgrass powder, oil palm fiber, apple powder, <span class=""allergen"">oat fiber</span>, mixed berries, spirulina, guava powder, and kiwi fruit powder."
1321100,Yellow Mustard,Heinz,"distilled white vinegar, mustard seed, water, salt, turmeric, spices, natural flavor."
4110996,coca cola,Coca-cola,sons eovane ma oal
4954806,Coca-Cola Original Taste,Coca-Cola,"carbonated water, high fructose corn syrup, caramel color, phosphoric acid, natural flavors, caffeine"
4062705,Snickers Almond King Size,Snickers,"milk chocolate (sugar, cocoa butter, chocolate, skim milk, lactose, milkfat, soy lecithin), corn syrup, sugar, almonds, palm oil, skim milk, less than 1.5% - lactose, salt, hydrogenated palm kernel oil, egg whites, artificial flavor"
924344401248002602,Dates,Nesto,dates
6781008,Coca Cola Artisanal,Coca-Cola,"carbonated water, cane sugar, caramel colour, phosphoric acid, natural flavour, caffeine.

ingrédients: eau gazeifiée, sucre de canne, colorant au caramel, acide phosphorique, essence naturelle, caféine."
7548808000500290736,Kinder Pingui Coco,"Ferrero,Kinder","chocolat supérieur au lait 24% (beurre de cacao, sucre, lait en poudre, pâte de cacao, lait de coco en poudre, émulsifiants : lécithines [soja], arômes), lait frais pasteurisé 21%, sucre, huile de palme, farine de froment, lait écrémé en poudre, noix de coco 5% (lait de coco en poudre 3,5%, noix de coco séchée 1,5%), dextrose, beurre concentré, oeuf, cacao maigre, levure de bière, arômes, émulsifiants : mono et diglycérides d'acides gras, cacao, sel."
7572508000500275870,Mousse De Lait Enrob,"Ferrero, Kinder","chocolat supérieur au lait 42% (sucre, lait en poudre, beurre de cacao, pâte de cacao, émulsifiants: lécithines [soja], vanilline), noisettes 14%, huile de palme, sucre, lait frais pasteurisé, lait écrémé en poudre, beurre de cacao, beurre concentré, émulsifiants : mono et diglycérides d'acides gras, vanilline."
7572708000500309469,Mousse De Lait Enrob,"Ferrero, Kinder","chocolat supérieur au lait 42% (sucre, lait en poudre, beurre de cacao, pâte de cacao, émulsifiants: lécithines [soja], vanilline), noisettes 14%, huile de palme, sucre, lait frais pasteurisé, lait écrémé en poudre, beurre de cacao, beurre concentré, émulsifiants : mono et diglycérides d'acides gras, vanilline."
9165746,Nucellina,Florence Marsili,"sucre de canne, graisse vétale (huile de tournesol, huile de carthame, beurre de cacao), 18% de noisette, cacao naturel, lait, lécithine de soja, vanilline naturelle. sans huile de palme."
4010508,Snickers Almond,Snickers,"milk chocolate (sugar, cocoa butter, chocolate, skim milk, <span class=""allergen"">lactose</span>, milkfat, <span class=""allergen"">soy lecithin</span>), corn syrup, <span class=""allergen"">almonds</span>, sugar, skim milk, palm oil, less than 2 %-lactose, salt, hydrogenated palm kernel oil, <span class=""allergen"">egg whites</span>, artificial flavor. allergy information: contains <span class=""allergen"">almonds</span>, <span class=""allergen"">milk</span>, <span class=""allergen"">egg</span> and <span class=""allergen"">soy</span> may contain other tree nuts and <span class=""allergen"">peanuts</span>."
7591068,pringles,Pringles,"dehydrated potatoes, vegetable oils (sunflower, corn), ricefou wheat starch, corn flour, paprika seasoning (sugar, paprik pue flavour enhancers {monosodium glutamate, disodium guanjite disodium inosinate), yeast powder, dextrose, onion powde vegetable broth (from maize and rape), garlic powder, colour (paprika extract), acid (citric acid), chilli extract), em (e471) (from rapeseed oil), maltodextrin, salt, colour (anato contains wheat, best before: see bottom, packed in a protective atmosphere, seşni̇li̇ cerez undel tozu (%1,3), aroma arttincilar f renklendirici (paprika ekstrakt (e 1e renklendirici (anatto), tavsiye edilen hole tr kirmizibi̇ber (şeker, kırmızıbiber sarımsak tozu, kutunun altındadır, üretim tarihi tavsije ae"
827664,Rajasthani Aloo Bhujia,Noice,"rice bran oil, potato flakes (15%), besan, edible starch, moth dal flour, sago, spices and condiments, iodized salt, acidity regulator (citric acid) (ins 330)."
6782900,Coca-Cola Original Taste,Coca-Cola,"carbonated water, sugar, glucose fructose, e150, colour, e338, caffeine"
1371202,BBQ Sauce Classic Sweet & Thick imp,Heinz,"sugar, distilled white vinegar, tomato paste, molasses, corn starch, salt, water, natural smoke flavor, spices, tamarind concentrate, onion powder, garlic powder."
1362903,Sauce Relish Au Concombre Heinz,Heinz,"pickles (cucumbers, salt, calcium chloride), high fructose corn syrup, cabbage (cabbage, salt), distilled white vinegar, alum, xanthan gum, dehydrated red bell peppers, extractive of turmeric, natural flavoring, fd&c yellow no. 5 & blue no. 1, polysorbate 80."
1363106,Hot Dog Relish,Heinz,"relish stock (cucumbers, cabbage, salt, thickening agent e509), high fructose corn syrup, <span class=""allergen"">mustard</span> (distilled white vinegar, water, mustard seed, mustard bran, salt, turmeric, paprika), distilled white vinegar, mustard seed, dehydrated onions, spices, dehydrated red bell peppers, natural flavor, thickening agent e415, turmeric extract, color (e102)."
1521803,Yellow Mustard,Heinz,"distilled white vinegar, mustard seed, water. salt&quot; turmeric, natural flavor and spices."
1231100,Pepsi Wild Cherry,Pepsi,"carbonated water, high fructose corn syrup, caramel color, sugar, phosphoric acid, natural flavor, caffeine, citric acid."
8230122,kellogs extra peanut butter,Kellogg's,"notre recette ons recept la nostra ricetta nuestra receta ingrédients : céréales(48%)avoine, mais, farine de blé), cacahuètes grillées(19%), beurre de cacahuètes (990)(cacahuètes grillées), huile de palme sucre, sirop de glucose, extrait de malt d'orge, mélasse, miel, sel, poudre à lever(carbonate acide de sodium), emulsifiant lécithine de soja), lait écrémé en poudre antioxydant(extrait riche en tocophérols), arôme nature vitamines et minéraux: vitamines (niacine, b6, b2, b1, acide folique, d, b12) et fer. allergènes : voir les ingrédients en gras. peut contenir: autres fruits à coque."
5725003,Hanch Hot Sauce,Heinz,04050034249100 o 572500 per 2 thap (30 2 c à soupe (30 ml) cholesterol/cholestérol 10 mg ingredients oter
1282201,DIET WILD CHERRY,PEPSI,"carbonated water, caramel color, phosphoric acid, natural flavor, aspartame, potassium benzoate, potassium citrate, citric acid, caffeine, acesulfame potassium, calcium disodium edta"
984577,fruit adventure tic tacs,Ferrero,"sugar&quot;, maltodextrin, tartaric acid, rice sta arabic, natural and artifical flavors, magnesium stgarate, malic acid, citric acid, dried passionfruit, dried green apple, carnauba wax, ascorbic acid, yellow 6, yellow 5, red 40, blue 1. &quot;adds a trival amount of calories, total sugars and added sugars. excl dist. ferrero usa, nc, parsippany, nj ot054, made in canada. 75153795 09800 007608"
6078014,nutella,ferrero,"sucre,huile de palme,noisettes,lait écrémé en poudre,cacao maigre,"
1303104,"Kentucky Bourbon Style Rich & Savory Bbq Sauce, Kentucky Bourbon Style",Heinz,"distilled white vinegar, tomato paste, water, dark brown sugar, sugar, molasses, bourbon, salt, raisin paste, corn starch, spices, tamarind extract, garlic powder, natural flavor, natural smoke flavor, onion powder, xanthan gum."
1225507,Diet Cola,Diet pepsi,"contains**: carbonated water, caramel color, aspartame, phosphoric acid, potassium benzoate (preserves freshness), caffeine, citric acid and natural flavors."
15573,Supreme Harvest Sooji Rawa (Semolina),Supreme Harvest,sooji rawa (semolina)
4040509,Twix Original Share Size,Twix,"milk chocolate (sugar, cocoa butter, chocolate, skim milk, <span class=""allergen"">lactose</span>, milkfat, <span class=""allergen"">soy lecithin</span>, pgpr, artificial flavors), enriched wheat flour (<span class=""allergen"">wheat flour</span>, niacin, reduced iron, thiamine mononitrate, riboflavin, folic acid), sugar, palm oil, corn syrup, skim milk, dextrose, less than 2% - salt, cocoa powder, <span class=""allergen"">soy lecithin</span>, modified corn starch, baking soda, artificial flavor."
7030000,Kraft Caramel Bits,Heinz,"sugar, corn syrup, liquid sugar, skim milk, palm oil, <span class=""allergen"">butter</span> (crfam, salt). a mono - and diglycerides, soy lecithin tains: milk, <span class=""allergen"">soy</span>."
7173404,Coca-Cola,Coca-Cola,"carbonated water, sugar, caramel color, phosphoric acid, natural flavors, caffeine."
890553041796015,"Bob Evans, Arnold Palmer",Bob Evans,undefined
4905004,Cherry Coca-Cola,Coca-Cola,"carbonated water, high fructose corn syrup, caramel color, phosphoric acid, natural flavors, caffeine"
1382606,"Caramelized onion & bacon tomato ketchup, caramelized onion & bacon",Heinz,"tomato concentrate from red ripe tomatoes, distilled vinegar, high fructose corn syrup, corn syrup, salt, onion powder, natural flavoring."
363239,Pringles,Pringles,"dried potatoes, vegetable oil, corn, cottonseed, high oleic soybean and/or sunflower seeds, degerminated yellow corn flour, cornstarch, rice flour, maltodextrin, mono - and diglycerides, salt, and wheat starch"
7781900,tomato ketchup,heinz,"tomates (200 g pour 100 g de tomato ketchup), vinaigre, jus de citron à base de concentré, chlorure de potassium, acidifiant"
8662440,Pepsi Max,Pepsi,"carbonated water, colour (caramel e150d), sweeteners (aspartame, acesulfame k), acids (phosphorit acid, citric acid), flavourings (including caffeine), preservative (potassium sorbate). contains a source of phenylalanine caution: pressurised container, handle with care"
2520609,Duvalin Bi Sabor,"Minute Maid,Coca-Cola","apple juice contains pure filtered water, concentrated apple juice, less than 0.5% of: calcium citrate (calcium source), vitamin c (ascorbic acid), potassium phosphate. produced for the coca-cola company atlanta, ga 30313 u.s.a. contains apple juice concentrate from the u.s.a., argentina, austria, chile, china, germany and turkey."
1311307,Original Cocktail Sauce,Heinz,"tomato concentrate (tomato paste, water), distilled white vinegar, high fructose corn syrup, horseradish, corn syrup, salt, soybean oil, dehydrated onions, natural flavorings, spices, onion powder, garlic powder."
128501476913300299,"Krazy, Organic Krazy Ketchup, Agave",Krazy Kitchen  Llc,"organic tomato paste, organic agave nectar, organic butternut squash puree, organic carrot puree, organic sweet potato puree, organic spices, citric acid, and salt."
6746403,Diet Coca-Cola,Coca-Cola,"carbonated water, caramel colour, phosphoric and citric acid, aspartame (phenylalanine), flavour, sodium benzoate, caffeine, acesulfame-potassium"
1321207,Yellow Mustard,Heinz,"distilled white vinegar, mustard seed, water, salt, turmeric, spices, natural flavor."
1365201,Jack Daniel's Master Blend Barbecue Sauce,"Heinz, Jack Daniel's","high fructose corn syrup, tomato concentrate (water, tomato paste), distilled white vinegar, molasses, salt, modified corn starch, mustard flour, natural hickory smoke flavoring, caramel color, sodium benzoate and potassium sorbate as preservatives, spices, jack daniel's tennessee whiskey flavoring (natural and artificial flavors), onion powder, garlic powder, xanthan gum."
1308109,"Tomato ketchup, tomato",Heinz,"tomato concentrate from red ripe tomatoes, butternut squash puree, distilled vinegar, sugar, carrot puree, salt, onion powder, spice, natural flavoring."
1317806,Salad vinagre,Heinz,"distilled white vinegar, sugar, malt vinegars, water"
62520,Tewaris Roasted Multi Grain,Tewaris,"whole jawari, wheat flour, rice flour, com, peanuts, nachni, jeera,iodised salt, condiments & oil, selected spices"
7532,Gond Katira,SFT,gond katira
1309201,Kranch,Heinz,"nutrition facts amount/serving % dv amount/serving total fat 6g 7% total carb. 4g yours. % dv per container about 7 servings sat. fat 3.5g 16% 1% fiber og 0% trans fat 0g total sugars 1g incl. 1g added sugars 2% serving size cholest.25mg 8% 1/4 cup (609) sodium 370mg 16% protein 1g 70 vitamin d 0% calcium 2% iron 0% potassium 0% calories er serving gredients: water, <span class=""allergen"">cream</span> (from milk), modified cornstarch, parmesan cheese (cultured part-skim milk, salt romes, contains less than 2% of sugar, <span class=""allergen"">butter</span> (<span class=""allergen"">cream</span>), salt, enzyme modified egg yolks, natural cream flavor autodextrin, natural flavor [contains <span class=""allergen"">milk</span>]), whey protein concentrate, dried garlic, xanthan gum, black per romano cheese made from cow's milk (<span class=""allergen"">milk</span>, cheese cultures, salt, enzymes), lactic acid, natural flavor, cedar cheese (cultured milk, salt, enzymes), sodium phosphate, simmer & serve/refrigerate"
5700103,Heinz Yellow Mustard,Heinz,"white vinegar, water, mustard seed, salt, turmeric, natural flavour, spices, contains: mustard, ingrédients : vinaigré blańc, eau, graines de moutarde, sel, curcuma, saveur naturelle, épices, contient : moutarde, 04050030239600 57000 03635"
1335404,Tomato Ketchup,Heinz,"tomato concentrate from red ripe tomatoes, distilled vinegar, salt, natural flavoring, onion powder, *sucralose, spice. *not in regular ketchup."
1261402,"Wild Cherry Real Sugar Cola, Wild Cherry",Pepsi-cola,"carbonated water, sugar, caramel color, natural flavor, phosphoric acid, caffeine, citric acid."
4968401,ZERO SUGAR ZERO CALORIE COLA,Coca-Cola,"carbonated water, caramel color, phosphoric acid, aspartame, potassium benzoate, natural flavors, potassium citrate, acesulfame potassium, caffeine."
4474708,pizza lunchable,Heinz,"pizza crust (wheat flour [enriched bleached wheat flour contains acts (flour, niacin, reduced iron, thiamin mononitrate, riboflavin, folic acid), sugar, glycerin, whole wheat age (121g) 310 less of: yeast, vital wheat gluten, mono - & diglycerides, salt, xanthan gum, calcium propionate, sorbic acid, natural and artificial flavor, enzyme), contains: wheat"
924066700410002086,Walnut,Nesto,walnut kernels
4498230,Monster,Monster,"carbonated water, sugar, mango juice from concentrate, guava puree, white grape juice concentiat glucose, apple juice concentrate, citric acid. taure pineapple syrup, pineapple juice concentrate, potassn citrate, natural flavors, lemon pulp, apricot puree ra juice concentrate, peach puree, sodium citrate puta sorbate (preservative, caffeine, maltodextrin. macina vit, b3), sucralose, xanthan gum, sodium algia passionfruit juice concentrate, salt, gum arabic inositl 1-carnitine l-tartrate, sodium benzoate (preservative ester gum, pyridoxine hydrochloride vit. b8), riboflavin m 82, red #40, cyanocobalamin (vit. b12). manufactured for monster energy company monster way, corona, ca. 92879 u.s.a. 2017 monster energy company monster energy blend: glucose taur caffeine from all sources: 160mg per car caffeine maltodextrin inositol - carntine consume responsiriy ot beo childae"
62621,Bhavnagri ghatiya,Tewaris,"gram flour, veg edible oil, iodised salt, asofor sodabicarb 062521"
150502,Eggs,"Fresho,Bigbasket","<span class=""allergen"">eggs</span>"
5705009,Sauce bbq memphis,Heinz,"tomato paste, brown sugar, water, sugar, white vinegar, apple cider vinegar, blackst salt, spices, corn starch, dehydrated onion, seasonings (anchovies [<span class=""allergen"">fish</span>]), natural flavour, must contains: anchovies (<span class=""allergen"">fish</span>), <span class=""allergen"">mustard</span>. ingredients: pate de tomates cassonade, eau, sucre, vinaigre blanc, vinaigre de cidre de pomme melasse de cuisine, sel, épices amidon de mais, oignon déshydrate assaisonnements (anchois (poisson), arome naturel, moutarde, gomme xanthane, contient: anchois (poisson), moutarde uf best before date on lid meilleur avant la date sur le couvercle 570500 9"
177245,chocolate pudding,Heinz,"ttrition facts servings: about 4, serv. size: 1/4 package (25g) amount ng: calories 90, total fat 0g (0% dv), sat. fat og (0% dv), trans cholest. omg (0% dv), sodium 110mg (5% dv), total carb. 229 (8% eber &lt;1g (4% dv), total sugars 15g (incl. 15g added sugars, 30% dv), forain &lt;1g, vit. d (0% dv), calcium (0% dv), iron (6% dv). potas. (0% dv). ngd ents sugar cornstarch, dextrose, cocoa (processed with alkali modified cornstarch, contains btan 2% of natural and artificial flavor, salt, polysorbate 60, calcum carrageenan, fumaric acid. kraft heinz foods company, chicago, il 60601"
5597811,nutritius crunchy peanut chikki,nutritius,roasted peanuts & jaggery.
4040101,Milky Way,Mars,"milk chocolate (sugar, cocoa butter, skim milk, chocolate, <span class=""allergen"">lactose</span>, milkfat, <span class=""allergen"">soy lecithin</span>, artificial flavor), corn syrup, sugar, palm oil, skim milk, milkfat, cocoa powder processed with alkali, barley malt extract, <span class=""allergen"">lactose</span>, salt, <span class=""allergen"">egg whites</span>, chocolate, artificial flavor."
4918309,Diet Coke,Coca-Cola,"carbonated water, caramel color, aspartame, phosphoric acid, potassium benzoate, natural flavors, citric acid, caffeine"
22,Coca Cola original taste,Coca-Cola,"peanut butter, grass-fed protein blend (whey protein isolate, whey protein concentrate, milk protein isolate), whey protein crisps, soluble vegetable fiber, vegetable glycerin, water, coconut oil, chocolate, cocoa butter, sunflower lecithin, himalayan salt, ksm-66 ashwagandha, monk fruit"
7437144,2x SNICKERS,SNICKERS,donon velieina porcye: 37 s9 sb nutritionnelle/hranjive vrijednosti na rgétique/energetska vrijednost matie ait (27 100g 37.s9 759kj (9%)
1223305,MTN Dew,Pepsico,"carbonated water, high fructose corn syrup, concentrated orange juice, citric acid, natural flavor, sodium benzoate (preserves freshness), caffeine, sodium citrate, erythorbic acid (preserves freshness), gum arabic, calcium disodium edta (to protect flavor), brominated vegetable oil, yellow 5."
1307605,Tomato Ketchup,Heinz,"tomato concentrate, distilled vinegar, high fructose corn syrup, corn syrup, salt, spice, onion powder, natural flavoring."
3920217,snickers,snickers,"mil chocolate (sugar, cocoa butter, chocolate, skim milk, lactose, milk fat, soy lecitin, artificial flavor), peanuts, corn syrup, palm oil, skim milk, lactose, salt, egg whites, artificial flavor"
3808500,Potato Crisps,Pringles,"dried potatoes, vegetable oil (contains one or more of the following: corn oil, cottonseed oil, soybean oil, and/or sunflower oil), cornstarch, degerminated yellow corn flour, rice flour, matodextrin, mono - and diglycerides, contains 2% or less of salt, dextrose, coconut oil, whey, monosodium glutamate, onion powder, sugar, cheddar cheese (milk, salt, cultures, enzymes), blue cheese (milk, salt, cheese cultures, enzymes), lactic acid, nonfat milk, natural and artificial flavors, citric acid, butter, sodium caseinate, yeast extract, disodium inosinate, disodium guanylate, buttermilk, yellow 5, yellow 6, yellow 5 lake, yellow 6 lake, wheat dextrose."
1231003,Wild cherry,Pepsi,"carbonated water, high fructose corn syrup, caramel color, sugar, phosphoric acid, natural flavor, caffeine, citric acid."
952144,Schweppes,Coca-Cola,"1,5 le declarație nutrițională 100 ml pentru: 250ml (%"") 178kj/ 445 kj/ valoare energetică: grăsimi: din care acizi grași saturați: glucide: din care zaharuri: 10,1g proteine: sare:"
1244308,Cola,Pepsi,"carbonated water, sugar, caramel color, phosphoric acid, caffeine, natural flavor."
1321809,Yellow mustard,Heinz,"distilled white vinegar, mustard seed, water, salt, turmeric, natural flavor and spices,"
1379903,Tomato ketchup,Heinz,"tomato concentrate from red ripe tomatoes, distilled vinegar, salt, natural flavoring, onion powder, *sucralose, spice."
2276801,Altoids Arctic Wintergreen Mints,"Mars,Wrigley","sorbitol, natural and artificial flavors, magnesium stearate, acesulfame k, sucralose."
89077041479737122692,"Jersey Mike's Subs, Extra Cheese, For Grilled Veggie Wrap",Jersey Mike's Subs,undefined
1313907,Hot Dog Relish,Heinz,"cucumbers, high fructose corn syrup, cabbage, yellow mustard (distilled white vinegar, mustard seed, water, salt, turmeric, natural flavor and spices), distilled white vinegar, salt, mustard seed, dried onions, xanthan gum, spices, potassium sorbate (as preservative), dried red bell peppers, natural flavors, fd&c yellow no. 5."
6741602,Coca-Cola,Coca-Cola,"carbonated water, sugar/glucose-fructose, caramel colour, phosphoric acid, natural flavour, caffeine"
1365502,Yellow mustard,HEINZ,"vinaigre blanc distillé, graines de moutarde, eau, sel, curcuma, arôme naturel et épices."
8912125,kellogs milk chocolate,Kellogg's,"או uk (rl white chocolate flavoured toasted rice. ingredients: rice, glucose syrup, white chocolate(6.5%)(sugar, cocoa butter, whole milk powder, emulsifier{soy lecithin}, natural vanilla flavouring), sugar, inulin, natural flavouring, barley malt extract, salt. vitamins & minerals: niacin, iron, vitamin b6, vitamin b2(riboflavin), vitamin b1(thiamin), folic acid, vitamin d, vitamin b12. for allergens see ingredients highlighted in bold. best before: see top."
1282609,Cola,Pepsi,"carbonated water, high fructose corn syrup, caramel color, sugar, phosphoric acid, caffeine, citric acid, natural flavor."
1611144,Schoko-bons,"Ferrero, Kinder","chocolat supérieur au _lait_ 50% (sucre, _lait_ en poudre, beurre de cacao, pâte de cacao, émulsifiants: lécithines [_soja_], arômes), sucre, _lait_ écrémé en poudre, huile de palme, _noisettes_ 5,8%,_beurre_ concentré, chocolat noir (sucre, pâte de cacao, beurre de cacao, émulsifiants : lécithines [_soja_], arômes), agents d'enrobage (gomme arabique, gomme schellac), sirop de glucose, émulsifiants: lécithines [soja], arômes."
1307508,Tomato Ketchup,Heinz,"tomato concentrate (red ripe tomatoes), distilled vinegar, high fructose corn syrup, corn syrup, salt, spice, onion powder, natural flavoring."
1317903,Heinz Vinegar Gourmet Malt,Heinz,"malt vinegar (barley, corn malt), diluted with water to vinegar ingredients: malt vinegar (barley. 5% acidity."
1266805,Crystal Pepsi,Pepsi,"carbonated water, high fructose corn syrup and/or sugar phosphoric acid, citric acid, natural flavorings, modified food starch"
596656566628820,hdhdhd,,milk wwhite caramels ust crishleys milk white caramels tm ust crishley's
1313606,Sweet Relish,Heinz,"cucumbers, distilled white vinegar, sugar, salt, calcium chloride, potassium sorbate, sodium benzoate, guar gum, aluminum sulfate, xanthan gum, dried red bell pepper, natural and artificial flavors, oleoresin turmeric, yellow 5, blue 1, polysorbate 80"
3801826,froot loops insta bowls,Kellogg's,"stents: milk powder (<span class=""allergen"">milk</span>, vitamin a palmitate, vitamin d3), corn flour blend (whole grain yelow.com for degerminated yellow corn flour), sugar, <span class=""allergen"">wheat flour</span>, whole grain oat flour, modified food starch, 2% or less of vegetable oil (hydrogenated coconut, soybean and/or cottonseed), at fiber, rabodetrin,salt, soluble corn fiber, natural flavor, red 40, yellow 5, blue 1, yellow 6. ons and minerals: vitamin c (ascorbic acid), reduced iron, niacinamide, vitamin b6 (pyridoxine ochoride), vitamin b2 (riboflavin), vitamin b₁ (thiamin hydrochloride), folic acid, vitamin d3, vitamin b13 contains <span class=""allergen"">milk</span> and wheat ingredients."
1201303,Pepsi,Pepsi,"carbonated water, high fructose corn syrup, caramel color, sugar, phosphoric acid, caffeine, citric acid, natural flavor."
1373501,Tomato Ketchup,Heinz,"tomato concentrate from red ripe tomatoes, distilled vinegar, high fructose corn syrup, corn syrup, salt, spice, onion powder, natural flavoring,"
1249206,Pepsi caffeine free,Pepsi,"carbonated water, high fructose corn syrup, caramel color, sugar, phosphoric acid, citric acid, natural flavor."
1362408,India Relish,Heinz,"cucumbers, high fructose corn syrup, cabbage, distilled white vinegar, salt, aluminum sulfate, xanthan gum, dried red bell pepper, polysorbate 80, natural and artificial flavor (celery), fd&c yellow no 5, fd&c blue no 1."
3442869,Twix minis,Twix,"sucre, sirop de glucose, farine de blé (17% ), matière grasse de palme, beurre de cacao, lait écrémé en poudre, pate de cacao, lactose, matière grasse du lait, petit-lait en poudre, cacao maigre, sel, émulsifiant (lécithine de soja), poudre à lever (e500), extrait naturel de vanille. (peut contenir: noisette, amande, orge, avoine), produit en allemagne."
1281503,Diet Pepsi,"Pepsi,Pepsico,Pepsi-Cola","carbonated water, caramel color, aspartame, phosphoric acid, potassium benzoate (preserves freshness), caffeine, citric acid, natural flavor, acesulfame potassium."
4355502,Mios,Heinz,"water, malic acid, citric acid, contains less than 2% of natural flavor, sucralose and acesulfame potassium (sweeteners), potassium citrate, red 40, blue 1, potassium sorbate (preservative)."
5736601,Homestyle Chili Sauce,Heinz,"water, tomato puree, <span class=""allergen"">celery</span>, green peppers, sugar, white vinegar, brown sugar, red peppers, salt, dehydrated onions, spices, garlic powder, mustard flour."
6772408,Cherry Coke,Coca-Cola,"carbonated water, sugar/glucose-fructose, phosphoric acid, natural flavour, caffeine."
1249507,Caffeine Free Diet Cola,Diet pepsi,"carbonated water, caramel color, phosphoric acid, potassium benzoate (preserves freshness), sucralose, acesulfame potassium, natural flavor, citric acid."
1361603,Heinz Sweet Relish,Heinz,"relish stock (cucumbers, cabbage, water, salt, calcium chloride), high fructose corn syrup, distilled white vinegar, sodium benzoate and potassium sorbate as preservatives, guar gum, alum, xanthan gum, dehydrated red bell peppers, extractives of turmeric, fd&c yellow #5 and blue #1, natural flavorings, polysorbate 80."
7550908000500290729,Kinder Pingui Cacao,"Ferrero,Kinder","lait frais pasteurisé 21%, chocolat fin 20% (sucre, pâte de cacao, beurre de cacao, émulsifiants : lécithines [soja], arômes), sucre, huile de palme, farine de froment, lait écrémé en poudre,dextrose, cacao 1,5%, beurre concentré, oeuf, sirop de glucose-fructose, cacao maigre, levure de bière, arômes, émulsifiants : mono et diglycérides d'acides gras, sel."
4309727,Barker's angel flake coconut,Heinz,"ingredients: coconut, sugar, water, propylene
glycol (preserves freshness), salt, sodium
metabisulfite (retains coconut whiteness).
contains: coconut
kraft heinz foods company, chicago, il 60601"
6202945,Milk Chocolate Sweets,Ferrero,"sugar, hazelnuts, modified palm oil, cocoa butter, wheat flour, cocoa mass, whey powder skim milk powder, cocoa ariyõqus mika fat, soy and/or sunflower lecithin, sodium bicarbonate, sat, vanilin contains: milk, hazelnuts, wheat, say ingrants: se palme modifiée baume huile da farine de blé, pâte de cacas, poudre de lactosérum, lait écrémé en poudre, cacao, gras de lait anhydre, lecithine de soja et/ou de tournesol, bicarbonate de sodium, sel, vanilline contient : lait, noisettes, blé, soja"
4379104,kit kat treat,Heinz,"vanilla flavored dessert (skim milk, sugar, water, cream, hydrogenated vegetable oil (coconut and palm kernel oils), modified cornstarch, sodium stearoyl lactylate (for smooth texturej, salt, natural flavor). 10% topping (sugar, wheat flour, cocoa butter, chocolate, vegetable oil (palm oil, palm kernel oil), lactose [milk], skim milk, milk fat, contains 2% or less of: 0% lecithin [soy), pgpr, vanillin [artificial flavorj, salt, yeast, baking soda). contains: milk, wheat, soy. $40% manufactured ina facility that also processes peanuts."
8903664103920581180,"Wawa, Premium Orange Juice",Wawa,undefined
2677701,Tomato Ketchup,Heinz,"tomato concentrate, distilled white vinegar, salt, natural flavoring, stevia leaf extract, onion powder."
406680,Cheetos Pandilla,"Cheetos, Pepsico","copos de patata (45%), aceites vegetales (girasol y maíz en proporciones variables), fécula de patata (16%), harinas de arrozy maíz, aroma a queso [lactosa (de leche), sustancias preparaciones aromatizantes (de leche), potenciadores del sabe (glutamato monosódico, inosinato y guanilato disódicos), suero de leche en polvo, cloruro potásico, colorantes (extracto de pimentón, annato), aroma de humo], levadura, sal. puede contener soja."
1312403,Tomato Ketchup,Heinz,"tomato concentrate (red ripe tomatoes), distilled vinegar, high fructose corn syrup, corn syrup, salt, spice, onion powder, natural flavoring."
2417462,snickers,"Snickers, mars","chocola au lait fourré de confiserie (16%) et de caramel (27%), avec des cacahuètes grillées (22%). in lait, extrait naturel de vanille. (peut contenir: noisette).  sirop de glucose, cacahuètes, lait écrémé en poudre, beurre de cacao, pâte de cacao, huile de touresol, <span class=""allergen"">lactose</span>, matière graşse du lait petit-lat en poudre, matière grasse de palme, sel, émulsifiant (lécithine de soja), blanc d'oeuf"
4900805,Cola,Coca-cola,"carbonated water, high fructose corn syrup, caramel color, phosphoric acid, natural flavors, caffeine, low sodium"
3808704,Potato Crisps,Pringles,"dried potatoes, vegetable oil (corn, cottonseed, high oleic soybean, and/or sunflower oil), degerminated yellow corn flour, cornstarch, rice flour, maltodextrin, mono - and diglycerides. contains 2% or less of salt, <span class=""allergen"">whey</span>, tomato powder, cheddar cheese (<span class=""allergen"">milk</span>, salt, cheese cultures, enzymes), monosodium glutamate, natural flavors, sugar, onion powder, spices, coconut oil, garlic powder, <span class=""allergen"">buttermilk</span>, citric acid, <span class=""allergen"">cream</span>, yeast extract, malic acid, paprika extract color, red 40 lake, lactic acid, wheat starch. contains <span class=""allergen"">milk</span> and wheat ingredients."
1756803,Pepsi,"Pepsi-Cola, Pepsi","amount per serving (nutrition faole total carbohydrate 41g 15% serving size 1 can calories 150 total fat 0g sodlum 30mg %dy 0% 1% total sugars 41g includes 41g added sugars 83% protein og not a significant source of other nutrients * % dv = % daily value carbonated water high fructose corn syrup, caramel color, sugar phosphoric acid, caffeine, citric acid, natural flavor bottled under the authority of pepsico, inc., purchase, ny 10577. caffeine content: 38mg/12 fl oz. we'n bore to belp. pepsl.com or 800,433.2652 deposit cue 150 calories mer can 2fl ol 5 ml) epsh u128204 b16300 0018-101-0003 pepsi, pepsi-cola and the papsi slobe ae registered tradamarks of papsia ine please recycle"
890258647931276815,"Quiznos, Lettuce, Kids",Quiznos,undefined
52358,kick,,"wi-9zjzu9f4ahx78hmbhtaidpyq auoanoecaeqba,biw,1536,b,,, &lt; ☆ upports 100  different barcode formats includi qr code 简 relo e 96 code 39 maxicode pdf417 ed images aztec code code 128 victor abraham know where this information comes from? learn more s may be subject to copyright, learn more n data matrix esforce appexchange de and qr code generator - albert dev - appexchange isbn off &lt; ultracode codabar * ☐ visit see more 3:52"
5108226,corn flakes,Kellogg's,"maïs, sucre, arôme de malt d'orge, sel"
4965802,Diet Coke,Coca-Cola,"carbonated water, caramel color, aspartame, phosphoric acid, potassium benzoate (to protect taste), natural flavors, citric acid, caffeine.

phenylketonurics: contains phenylalanine

no calories, no sugar"
6041843,Trempette cool ranch,Doritos,"% dv/% vq* amount/tener trition facts amount/tener 8% carbohydrate /glucides 20 aleur nutritive fat/lipides 5 g saturated / saturés 0.5 trans/trans 0 g cholesterol/cholestéro 0 mg sodium / sodium 230 mg fibre/fibres 1 g 2% pr 2 thsp (30 g) 2c.à table (30 g) sugars/sucres 1g 0% protein/protéines 1g clories 50 10 % *daly value /% valeur quotidienne : vit a 0 % enents water, vegetable oil, jalapeno peppers, modified corn starch, modified milk ingredients, sal sige hospate monosodium glutamate, red bell peppers, dextrose, onion powder, malic acid, garlic powder timit pre, soum acetate, disodium inosinate, disodium guanylate, cheddar cheese, maltodextrin, sour crean ige atel, colour, xantham gum, sodium ascorgate, natural and artificial flavour. contas l gredents vit c 2 % calcium 2 %"
8894534,M&M's Crispy 340g,"M&M's, Mars","zucker, kakaomasse, reismehl (9.3%), magermilchpulver, kakaobutter, palmkernfett, milchzucker, palmfett, stärke, butterreinfett (milch), glukosesirup, gerstenmalzextrakt, sheafett, stabilisator (gummi arabicum), salz, emulgator (sojalecithin), dextrin, dextrose, überzugsmittel (carnaubawachs), farbstoffe (e100, e120, e133, e160a, e160e, e170), aroma, palmkernöl. (kann enthalten: mandeln, haselnüsse, erdnüsse)"
1334900,Memphis Style Sweet & Spicy BBQ Sauce,Heinz,"water, dark brown sugar, cane sugar, tomato paste, distilled white vinegar, apple cider vinegar, blackstrap molasses, salt, spices, corn starch, dried onions, mustard seed, natural smoke flavor, paprika, xanthan gum, natural flavor, anchovies, onions, dried garlic, garlic, tamarind concentrate, extractives of paprika (color)."
4389101,Orange tangerine,"Kraft, Heinz","water, citric acid, sodium citrate, gum arabic, sucralose (sweetener), contains less than 2% of niacinamide (vitamin b3), vitamin be, vitamin b12, natural flavor, sucrose acetate isobutyrate, yellow 6, sodium benzoate and potassium sorbate (preservatives), rosemary extract (to protect flavor). kraft heinz foods company 3chicago, il 60601 (800) 431-1002 does not need refrigeration see bottom for best by date b bs xaw 1253 21220:24 bbm"
5736106,Chili Sauce,Heinz,cs-396-8-04-1 refrigerate after une fois ouvert
3208458,Original Raisin Bran Crunch,Kellogg's,"whole grain wheat, sugar, rice, raisins, wheat bran, whole grain oats, brown sugar syrup, vegetable glycerin, corn syrup, salt, natural flavor, modified corn starch, molasses, palm oil, cinnamon, honey, mixed tocopherols (vitamin e)."
121340,Diet Mountain Dew,Pepsi,"carbonated water, concentrated orange juice, citric acid, natural flavor, citrus pectin, potassium benzoate, aspartame, potassium citrate, caffeine, sodium citrate, acesulfame potassium sucralose, gum arabic, sodium benzoate, calcium disodium edta, brominated vegetable oil, yellow 5"
4026305,Snickers,Snickers,"milk chocolate (sugar, cocoa butter, chocolate, skim milk, lactose, milkfat, soy lecithin, artificial flavor), peanuts, corn syrup, sugar, palm oil, skim milk, lactose, salt, egg whites, artificial flavor."
1328200,Worcestershire,Heinz,"distilled white vinegar, water, molasses, high fructose corn syrup, salt, soy sauce (water, salt, hydrolyzed soy protein, corn syrup, caramel coloring), natural flavorings, caramel coloring, anchovies, polysorbate 80, <span class=""allergen"">soy flour</span>, garlic extract,"
5724703,MAYORACHA SAUCE,HEINZ,"soybean oil, water, jalapeno peppers, vinegar, sugar, spices, liquid yolk (egg), frozen yolk, salt, garlic, corn starch, phosphoric acid, potassium sorbate, sodium benzoate, citric acid, natural flavour, concentrated lemon juice, phospholipase, calcium disodium edta. contains: egg. ingrédients : huile de soya, eau, piments jalapenos, vinaigre, sucre, épices, jaune d'œuf liquide, jaune d'œuf congelé, sel, ail, amidon de mais, acide phosphorique, sorbate de potassium, benzoate de sodium, acide citrique, arôme naturel, jus de citron concentré, phospholipase, edta de calcium disodique. contient : œuf."
1395503,Organic Yellow Mustard,Heinz,"organic distilled vinegar, water, organic mustard seed, salt, organic turmeric, organic spice"
4972501,Mello Yello Soda Citrus Flavored,Coca-Cola,"carbonated water, high fructose corn syrup, orange juice, citric acid, natural flavors, sodium and calcium disodium edta (to protect taste), potassium citrate, caffeine, yellow 5, carob bean gum."
890828843444100474471,"Sheetz, Spicy Asian Sauce, For MTO Subz, Whole",Sheetz,undefined
1212901,Pepsi,Pepsi,"carbonated water, high fructose corn syrup, caramel color, sugar, % phosphoric acid, caffeine, citric acid, natural flavor,"
8907842947990398710794,"Krystal, Grits",Krystal,undefined
890145484061593312326,"Wingstop, Potato Salad",Wingstop,undefined
890862594199486684863132,"On The Border, Salsa",On the Border,undefined
1322109,Yellow Mustard,Heinz,"distilled white vinegar, water, mustard seed, mustard bran, salt, turmeric, paprika."
1389609,"Tomato ketchup blended with balsamic vinegar, balsamic vinegar",Heinz,"tomato concentrate from red ripe tomatoes, balsamic vinegar, high fructose corn syrup, corn syrup, salt, spice, onion powder, natural flavoring."
1395406,Jalapeño Tomato Ketchup,HEINZ,"tomato concentrate from red ripe tomatoes, distilled vinegar, high fructose corn syrup, corn syrup, salt, spice, natural flavors (bell pepper concentrate), onion powder, dehydrated jalapenos."
1249002,Pepsi caffeine free,Pepsi,"carbonated water, high fructose corn syrup, caramel color, sugar, phosphoric acid, citric acid, natural flavor."
1211300,Pepsi,Pepsi,"carbonated water, high fructose corn syrup, caramel color, sugar, phosphoric acid, caffeine, citric acid, natural flavor."
7101714877222192587,"California Pizza Kitchen, Baked Potato Soup, Cup",California Pizza Kitchen,undefined
81342014900617362616,"California Pizza Kitchen, CPK Peach Lemonade",California Pizza Kitchen,undefined
377194326799634,"California Pizza Kitchen, CPK Raspberry Lemonade",California Pizza Kitchen,undefined
1560913449242588850276,"California Pizza Kitchen, Chicken, For Garlic Cream Fettuccine",California Pizza Kitchen,undefined
2796474944987343154021,"California Pizza Kitchen, Clos Du Bois Chardonnay, 9 Oz",California Pizza Kitchen,undefined
125686174150965404387,"California Pizza Kitchen, Double Berry Sparkler",California Pizza Kitchen,undefined
5287341775261836009,"California Pizza Kitchen, Francis Ford Coppola Diamond Collection Merlot, 9 Oz",California Pizza Kitchen,undefined
46523114382282465680,"California Pizza Kitchen, Fresh Avocado, For Salads",California Pizza Kitchen,undefined
66909625464868657780148,"California Pizza Kitchen, Fresh Strawberry Mango Cooler",California Pizza Kitchen,undefined
8131289494710687,"California Pizza Kitchen, GF Pepperoni Pizza, 1 Slice",California Pizza Kitchen,undefined
6087384261045550383,"California Pizza Kitchen, Hand Tossed Wheat Whole Grain Crust",California Pizza Kitchen,undefined
152175855414229090663,"California Pizza Kitchen, Kendall Jackson Vintners Reserve Chardonnay, Bottle",California Pizza Kitchen,undefined
9819345931685191981,"California Pizza Kitchen, M Chapoutier Belleruche Rose, 9 Oz",California Pizza Kitchen,undefined
4710445716234263570,"California Pizza Kitchen, Newcastle Brown Ale, 12 Oz",California Pizza Kitchen,undefined
6083247806197997,"California Pizza Kitchen, Sauteed Cremini Mushrooms, For Garlic Cream Fettuccine",California Pizza Kitchen,undefined
79734309460139484,"California Pizza Kitchen, Sundae, Kids",California Pizza Kitchen,undefined
1056860,nutella,"Ferrero, Nutella","no hydrogenated fats no preservatives /no colorings nutella serving suggestion .verified by sgs.com/nutella peauds auo 15g nutella pe ngredients: sugar, vegetable fat (palm), <span class=""allergen"">hazelnuts</span> 13%, skimmed milk por ediced cocoa powder 7.4%, emulsifier: lecithin (<span class=""allergen"">soy</span>), flavouring (vanl emulsifier as permitted food conditioner and permitted flavouring subsing vegetable and synthetic origin. allergen information: contains <span class=""allergen"">hazelnuts</span>, l mponter/diimpot oleh: singapore - ferrero asia pacific pte. ltd., 80 robinson road 2 malaysia - ferrero malaysia sdn. bhd., level 8, menara uac, no. 12, jalan prd 75 0petaling java. brunei - syt rajamas, plot 34-36, serasa industrial, muara bit28"
6792907,Diet Coke Caffeine Free,Coca-Cola,"carbonated water, caramel colour, phosphoric and citric acid, aspartame, flavour, sodium benzoate, acesulfame-potassium"
6841812,BURGER SAUCE STYLE MAYONNAISE STYLE SAUCE,Heinz,"vegetable oil, water, vinegar, sugar/glucose-fructose, cucumbers, salt, onion, hydrolyzed egg yolk, liquid yolk (<span class=""allergen"">egg</span>), garlic juice, garlic, modified corn starch, bell peppers spices (<span class=""allergen"">mustard</span>), natural flavour, paprika oleoresin, calcium disodium edta, calcium chloride, polysorbate 80, turmeric oleoresin, xanthan ngum, phosphoric acid, sodium benzoate, potassium sorbate. contains<span class=""allergen"">: egg</span>, <span class=""allergen"">mustard</span>. ingrédients: huile végétale, eau, vinaigre, sucre/glucose-fructose, concombres, šel, oignon, jaune d'œuf hydrolysé, jaune d'œuf liquide, jus d'ail, ail, amidon de maïs modifié, poivrons, epices (moutarde), arôme naturel, oléorésine de paprika, edta de calcium disodique, chlorure de calcium, polysorbate 80, 06841812 04050036602000 oléorésine de curcuma, gomme xanthane, acide phosphorique, benzoate de sodium, sorbate de potassium. contient : cœuf, moutarde."
1281804,Diet pepsi caffeine free,Pepsi,"carbonated water, caramel color, aspartame, phosphoric acid, potassium benzoate, citric acid, natural flavor, acesulfame potassium."
8744102,co,Mars,"40000 51292 originale to mix m nutrition fa 8servings per com 1 oz (28g/about 18 chocolate candies so many ways to mix m in brand semisweet chocolate (chocolate, sugar, cocoa butter, skim milk, peanuts, lacto milkfat, soy lecithin, salt, artificial and natural flavors), sugar, peanuts, cornstaf less than 1% - palm oil, corn syrup, dextrin, coloring (includes blue 1 lake, yello red 40, yellow 5, blue 1, red 40 lake, yellow 6 lake, yellow 5 lake, blue 2 lake, blu carnauba wax, gum acacia, allergy information: contains peanuts, milk and soy, may contain tree nuts"
1318009,PICKLE TOMATO KETCHUP,HEINZ,"tomato concentrate from red ripe tomatoes, distilled vinegar, sugar, acidified cucumber juice (cucumber juice, vinegar, salt), salt, onion powder, spice, natural flavoring."
6841210,Smoky Bacon Sauce Style Mayonnaise,Heinz,"vegetable oil, water, vinegar, sugars (brown sugar, dextrose), liquid yolk (<span class=""allergen"">egg</span>), salt, modified corn starch, yeast extract, seasonings, natural flavour (<span class=""allergen"">soy</span>), phosphoric acid, xanthan gum, potassium sorbate, sodium benzoate, calcium disodium edta. contains<span class=""allergen"">: egg</span>, <span class=""allergen"">soy</span>. 04050036598800 06841210 ingrédients : huile végétale, eau, vinaigre, sucres (cassonade, dextrose), jaune d' ceuf liquide, sel, amidon de maïs modifié, extrait de levure, assaisonnements, arôme naturel (<span class=""allergen"">soya</span>), acide phosphorique, gomme xanthane, sorbate de potassium, benzoate de sodium, edta de calcium disodique. contient : euf, <span class=""allergen"">soya</span>. kraft heinz canada, toronto, on m5j 1a7 1-877-57heinz (1-877-574-3469) product of u.s.a./ produit des é.-u."
8905882421451887310775863,"Culver's, Grilled Chicken Sandwich",Culver's,undefined
3808306,Snack Stacks Original,Pringles,"dried potatoes, vegetable oil (contains one or more of the following: corn oil, cottonseed oil, soybean oil, and/or sunflower oil), t degerminated yellow corn flour, cornstarch rice flour, maltodextrin, mono and diglycerides, salt, wheat starcha contains wheat ingredients."
6926102,Pepsi,"Pepsi,Pepsi-Cola,Pepsico","carbonated water, glucose-fructose and/or sugar, caramel colour, phosphoric acid, caffeine, citric acid, natural flavour"
6942508,Pepsi,Pepsi,"carbonated water, glucose-fructose and/or sugar, caramel color, phosphoric acid, caffeine, citric acid, natural flavor"
24907,Teriyaki Dip Sauce Marinade,Marks & Spencer,sugar - water dark soy sauce (20%) (contains water soybeans. roasted wheat (contains cluten)) ginger purée (10%) garlic purée. cornflour concentrated lime juice. smoked salt crushed red chillies. ground ginger mirin rice wine (contains rice water alcohol glucose syrup).
8774440,Darjeeling Tea,Duncans,tea
6494437,Polar Ice Gum,"Excel, Wrigley's","sorbitol, maltitol, gum base, natural and artificial flavours, gum arabic, glycerin, aspartame, soy lecithin, acesulfame-potassium, carnauba wax"
9122574,saunf,,"more
choice
we know how proud you feel when your
family savours a meal with as much
enthusiasm as you make it. which is why
we ensure that every pack has only the
cleanest and highestquality staples. ir's
part of our promise to give yoe qualiy
that makes you proud.
store ider coal and dry condition. after opening
the pacs, kee he contents in an air tight container
to presery a
marketed
please check for promotional
offers if any
lic na. 10012022001022
8903023266934 mr r 430
ked on 06 07.2018
fore :02 01201
fectured"
712392,Bread,Leinens Love Bakery,"wheat flour, water, sugar, egg, unsalted butter, (pasteurize cream [milk]), natural glavurs), canola dil, contains less than 2% of t. sour cream, (gr t cream), salt, n sweet whey, hed flour (wheat flour, reduced iron, thiamine mono nitrate, riboflavin, folic acid) as oorlic acid (dough conditioner), endimes, beta carotene (for color)"
7824221,fresh,,"hypromellose (e464), sucralose (e955), magnesium aluminum silicate, polysorbate-80 (e433), propylene glycol (e152, menthol, cooling agent 23, mentha oil, xanthan gum, eucalyptus oil, thymol, methyl salicyte and color brilliant blue fcf (e133). contains permitted synthetic food colour and added flavour. storage: store at temperature not exceeding 25°c, protect"
7200564,milk,smartpaper,"smart pech * for visual representation only for cool personalised recipes scan the or code&gt; plam at brew your favorite cup of coffee/tea anytime of day or night do nat uht milk needs no refrigeration till it's opened, hence easy to store! mate kan prot p.b cust pamper the child in you, enjoy with your favorite cereals pr tol since it is sterilised, uht milk can be consumed directly from pack"
2867633,refined soya bean oil,fortune,refined soyabean oil permitted antioxidant tbhq (e-319). vitamin a and vitamin d.
6231512,India's magic masala,Lay's,ta ahaba gahav uahah
9141209,Bourn Vita 500Gram Pauch,Cadbury,"glucose syrup, bulking agent (polydextrose), starch, humectant (sorbitol syrup), gelatine, sugar, acids (malic acid, acetic acid), concentrated fruit juices' (1 %) (<span class=""allergen"">apple</span>, lime, <span class=""allergen"">orange</span>, lemon, strawberry, blackcurrant, raspberry), colours (anthocyanins, vegetable carbon, paprika extract, lutein, curcumin), coconut oil, flavourings, glazing agent (carnauba wa 'equivalent to 6.9% fruit juice."
1269,MCT C8-Öl,GOMAN AS,"hvetemel, vann, smør (melk) 12%, sukker, rapsolje, kokosolje, herdet rapsolje, gjær, modifisert potetstivelse, eggeplomme, bringebær (2%), mysepulver (melk), konsistensmiddel e 953, salt, aprikoskjerner, havreolje, stabilisator e 440, e 412,  e 401, e 516, e 450, vegetabilsk emulgator e 472e, e 471, farge e 170, e 160a, aroma, helmelkspulver, glukosesirup, geleringsmiddel e 406, melbehandlingsmiddel enzym, e 300, melkeprotein, surhetsregulerende middel e 330, mandler."
1569,Personalized Protein Powder,Herbalife,"soy protein isolate, whey protein concentrate, artificial vanilla flavoring substances, stabilizer (corn starch)"
1291,Afresh,Herbalife,"tea powder (orange pekoe extract, green tea extract), bulking agent (maltodextrin), sweetener (fructose), nature identical favouring substance, caffeine powder"
1247,Shake Mix Vanilla Flavour Formula 1,Herbalife,"soy protein isolate, sugar, fructose powder, whey protein concentrate, lecithin powder, ca powder, calcium caseinate, potassium chloride, artificial vanilla flavouring substances, diluent (dicalcium p phosphate-ins 340 (ii), papain powder, antioxidant (ascorbyl palmitate - ins 304),  emulsifier (glyceryl monostearate - ins 471), sweetener (sucralose - ins 955), stabilizer [dipotassium hydroge ins. 341 (i)), minerals ##, sodium caseinate, vitamins&quot;, psyllium husk powder, zingiber officinale rhizome"
839,Muesli,Amazon solimo,"multictain flakes (83.9%) [rotted at 7%), wheat flakes (35%) (wheat, lodised salt, malt extract, emulsifier (ins 322) & antioxidant (ins 320) corn flakes (11.9%) (corn grits, lodised salt, malt extract, emulsifier (ins 322) & antioxidant (ins 320)1, apple juice concentrate (10%), dried fruits & nuts (5%) [sliced almonds (2.5%), raisins (2.5%)], emulsifier (ins 322) flavours [artificial (red apple) & natural flavouring substances] & antioxidant (ins 320) storage instructions: 1. not to be consumed if seal is broken 2. secure lid tightly after every use 3. store in dry place and away from heat and light. allergen: contains soy, wheat, oats, barley & nut"
84984,Green Raisins,Nutri Organics,raisins
3221217,no-nonsense plant protein chikmagalur mocha,Cosmix,"protein isolate blend (pea and rice), vegan coconut milk powder, indonesian cacao & cocoa blend, arabica coffee, digestive herb blend (ginger, fennel, cumin, fenugreek), kerala vanilla bean powder and monk fruit."
6172282,Schezwan classic chutney,"Dabur,Hommade","water, sugar, refined sunflower oil, lodized salt, onion, tomato paste, garlic, chilli (2%), thickener (ins 1422), corn starch, yeast extract, flavour enhancer (ins 635), soya sauce powder [anticaking agent (ins 551)], ginger, paprika oleoresin, acidity regulator (ins 260), flavours natural flavouring substances), spices (white pepper (0.1%) & celery seed powder), stabilizer (ins 415), sichuan pepper powder, preservative (ins 211) and colour (ins 150d)."
70020600146130321,Hyderabadi Mutton Shami Kebab,Licious,"goat meat, onion, interesterified vegetable fat (refined palm oil, high oleic acid sunflower seed oil, sesame oil, vitamin a), bengal gram, coriander leaves, mixed masala, ginger, garlic, green chilli, cumin, mint leaves, iodized salt, starch (ins 1450), red chilli, black salt, herb and spices oleoresin (emulsifier (ins 471, ins 433)), thickener (ins 412), acidity regulator (ins 330), sugar."
184849,Kerala Nendran Banana Chips,Noice,"banana (nendran) (75%), coconut oil (23%), iodized salt, turmeric powder"
15578,Rice Flour,Supreme Harvest,rice flour
6731906,Coke Zero,Coca-Cola,"carbonated water, caramel colour, phosphoric acid, aspartame, potassium benzoate, natural flavor, potassium citrate, acesulfame-potassium, caffeine"
6789709,Diet Coke,Coca-Cola,"carbonated water, caramel colour, phosphoric and citric acid, aspartame (phenylalanine), flavour, sodium benzoate, caffeine, acesulfame-potassium"
1416367,Coca cola,Coca-Cola,"coke. r освежителен безаалкохолен пијалак hето-количина: 2 l. cостојки: вода, шекер, јаг. e 150d, регулатор на киселост: е 338, природни - нутритивни вредности 250 ml 1%*) 180 kj / 450 kj/"
4918202,Coca-cola Coke - Classic,"Coca-Cola, Coke","carbonated water, high fructose corn syrup, caramel color, phosphoric acid, natural flavors, caffeine."
4959403,Diet Coke,"Coca-Cola, Coke","carbonated water, caramel color, aspartame, phosphoric acid, potassium benzoate (to protect taste), natural flavors, citric acid, caffeine."
9100000011392800000600,Oreo donuts,Oreo,"<span class=""allergen"">wheat flour</span>; vegetable fats (palm, coconut, (in varying proportions)); sugar; dark cocoa biscuit pieces (<span class=""allergen"">wheat flour</span>; sugar; rapeseed oil; fat reduced cocoa powder; glucose fructose syrup; wheat starch; raising agent (potassium carbonates, ammonium carbonate, sodium carbonates); palm oil; salt; emulsifier (<span class=""allergen"">soya lecithin</span>); flavouring); water; vegetable oils (rapeseed); <span class=""allergen"">lactose</span> (from milk); yeast; fat reduced cocoa powder (1,4%); <span class=""allergen"">rye flour</span>; emulsifier (mono - and diglycerides of fatty acids, sunflower lecithins, sodium stearoyl-2 - lactylate); whole milk powder; dextrose; glucose syrup; salt; raising agent (diphosphates, sodium carbonates); thickener (xanthan gum); flavouring (contains <span class=""allergen"">milk</span>); flour treatment agent (ascorbic acid)."
6108827,Oreo Egg,Oreo,"milk, sugar, palm oil, whey, cocoa butter, chocolate, wheat flour, nonfat milk contains less than 2% of milkfat, soy lecithin, wheat starch, cocoa (processed with alkali), ammonium phosphatides, glucose-fructose syrup (glucose syrup high fructose corn syrup), salt, palm kernel oil, potassium bicarbonate, baking soda, sunflower lecithin, natural and artificial flavor."
54218710944395850550432,"California Pizza Kitchen, Ahi Poke, For Salads",California Pizza Kitchen,undefined
766561141890359761,"California Pizza Kitchen, Blue Moon Belgian White Ale",California Pizza Kitchen,undefined
30590345812490683480922,"California Pizza Kitchen, Butter Cake",California Pizza Kitchen,undefined
5524249514917684415098,"California Pizza Kitchen, Carne Asada Pizza",California Pizza Kitchen,undefined
3381545683135422073,"California Pizza Kitchen, Coney Island Hard Root Beer, 12 Oz",California Pizza Kitchen,undefined
1422810449983813942952,"California Pizza Kitchen, Francis Ford Coppola Bianco Pinot Grigio, 6 Oz",California Pizza Kitchen,undefined
79398449401384749627,"California Pizza Kitchen, GF Mushroom Pepperoni Sausage Pizza, 1 Slice",California Pizza Kitchen,undefined
79714688786482114,"California Pizza Kitchen, Garlic Cream Fettuccine",California Pizza Kitchen,undefined
435082248408140445825,"California Pizza Kitchen, Grilled Shrimp, For Salads",California Pizza Kitchen,undefined
924256497381099759,"California Pizza Kitchen, Hawaiian Pizza",California Pizza Kitchen,undefined
93124145125292493735,"California Pizza Kitchen, Lime Chicken, For Crispy Thin Crust Pizzas",California Pizza Kitchen,undefined
3154696244031664137216,"California Pizza Kitchen, Original Flavored Frozen Lemonade",California Pizza Kitchen,undefined
1210127474174952600409656,"California Pizza Kitchen, Sam Adams Boston Lager",California Pizza Kitchen,undefined
529468834766457668194,"California Pizza Kitchen, Santa Julia Organica Cabernet Sauvignon, 9 Oz",California Pizza Kitchen,undefined
3911652846491195032673078,"California Pizza Kitchen, Sedona Tortilla Soup, Cup",California Pizza Kitchen,undefined
97083318414286142403569,"California Pizza Kitchen, St Germain Elderflower",California Pizza Kitchen,undefined
942731943868385843504711,"California Pizza Kitchen, Strawberry Flavored Frozen Lemonade",California Pizza Kitchen,undefined
8900220231000575,DAIRY KRISHNA PURE DESI GHEE,DAIRY KRISHNA,
950869499187563296449,"California Pizza Kitchen, Bud Light, 12 Oz",California Pizza Kitchen,undefined
882924435124976,"California Pizza Kitchen, Cedar Plank Salmon",California Pizza Kitchen,undefined
4138076074851878867521,"California Pizza Kitchen, Chateau Ste Michelle Riesling, 6 Oz",California Pizza Kitchen,undefined
63602923264528601754000,"California Pizza Kitchen, Crispy Mac N Cheese",California Pizza Kitchen,undefined
6485162473635330202,"California Pizza Kitchen, 12 Oz Fire Grilled Ribeye",California Pizza Kitchen,undefined
91431124476646132,"California Pizza Kitchen, Ancho Chile Short Rib Piadina, Half",California Pizza Kitchen,undefined
8049504099916740875557,"California Pizza Kitchen, Belgian Chocolate Souffle Cake",California Pizza Kitchen,undefined
712669094435964480207,"California Pizza Kitchen, Beringer White Zinfandel, 6 Oz",California Pizza Kitchen,undefined
83265242423323110928,"California Pizza Kitchen, Chicken Milanese",California Pizza Kitchen,undefined
534461384389844350807,"California Pizza Kitchen, Classic Caesar Salad, Side",California Pizza Kitchen,undefined
3790101548252929261686,"California Pizza Kitchen, Colby Red Blend, 9 Oz",California Pizza Kitchen,undefined
5348841447918333,"California Pizza Kitchen, Cucumber Reviver",California Pizza Kitchen,undefined
4310469682462832672838,"California Pizza Kitchen, Fresh Agave Lime Margarita",California Pizza Kitchen,undefined
40458160433696643686417,"California Pizza Kitchen, Grilled Veggie Sandwich, Full",California Pizza Kitchen,undefined
91481122342699935415379,"California Pizza Kitchen, Haagen Dazs",California Pizza Kitchen,undefined
762124256423003801619,"California Pizza Kitchen, La Marca Prosecco, Bottle",California Pizza Kitchen,undefined
656597461389946795719803,"California Pizza Kitchen, Le Grand Courtage, Split",California Pizza Kitchen,undefined
375161444576986,"California Pizza Kitchen, Napa Cellars Sauvignon Blanc, 9 Oz",California Pizza Kitchen,undefined
70697497041741839085,"California Pizza Kitchen, Peach Flavored Frozen Lemonade",California Pizza Kitchen,undefined
169409492809067,"California Pizza Kitchen, Rodney Strong Cabernet Sauvignon, 9 Oz",California Pizza Kitchen,undefined
861033384368259498891,"California Pizza Kitchen, Salted Caramel Pudding",California Pizza Kitchen,undefined
22804248110331884266,"California Pizza Kitchen, Sauteed Salmon, For Salads",California Pizza Kitchen,undefined
11960749486072040608,"California Pizza Kitchen, Sledgehammer Zinfandel, Bottle",California Pizza Kitchen,undefined
9109310645182803004262603071,Asian Style Salad,Coles Kitchen,"salad mix (cabbage, carrot, corn kernels, mizuna), soy dressing (water, sugar, salt, mizuna, soy sauce (water, soybean, wheat, salt), cane sugar, water, sesame oil, salt, burnt sugar, sesame seeds, vegetable gum (415), yeast extract, spices), crunchy noodles (wheat flour, vegetable oil (sunflower oil, canola oil), salt, raising agents (500, 450), water, colour (160b), antioxidant (307b))"
431263147097795913485,"California Pizza Kitchen, Nueskes Applewood Smoked Bacon Pizza, For Original Hand Tossed Pizzas",California Pizza Kitchen,undefined
630928940849297822594215078,"California Pizza Kitchen, Orchard Sangria",California Pizza Kitchen,undefined
7151630644299278209,"California Pizza Kitchen, Spicy Buffalo Cauliflower",California Pizza Kitchen,undefined
25795214236770853,"California Pizza Kitchen, Acqua Panna Natural Mineral Water",California Pizza Kitchen,undefined
443044150968843154,"California Pizza Kitchen, Baked Potato Soup, Bowl",California Pizza Kitchen,undefined
2327243449491777727,"California Pizza Kitchen, Beringer White Zinfandel, 9 Oz",California Pizza Kitchen,undefined
10724700146588224168261910,"California Pizza Kitchen, Bolognese Spaghetti",California Pizza Kitchen,undefined
854561720853674,"California Pizza Kitchen, California Veggie Pizza",California Pizza Kitchen,undefined
9905240294233281,"California Pizza Kitchen, Classic Crispy Chicken Sandwich, Full",California Pizza Kitchen,undefined
468758343047050179754,"California Pizza Kitchen, Clos Du Bois Chardonnay, 6 Oz",California Pizza Kitchen,undefined
465420942197506328,"California Pizza Kitchen, Diet Coke, 12 Oz",California Pizza Kitchen,undefined
43788241036134839,"California Pizza Kitchen, Fresh Pineapple, For Original Hand Tossed Pizzas",California Pizza Kitchen,undefined
80084406419635863356809,"California Pizza Kitchen, Goose Island",California Pizza Kitchen,undefined
332574584099125590,"California Pizza Kitchen, Josh Cellars Chardonnay, Bottle",California Pizza Kitchen,undefined
29896440479064179,"California Pizza Kitchen, Kim Crawford Sauvignon Blanc, 9 Oz",California Pizza Kitchen,undefined
5675327499783859750,"California Pizza Kitchen, M Chapoutier Belleruche Rose, 6 Oz",California Pizza Kitchen,undefined
219052541901388597506,"California Pizza Kitchen, Melon Hydrate",California Pizza Kitchen,undefined
90932940985524401498,"California Pizza Kitchen, Mushroom Pepperoni Sausage Pizza, Kids",California Pizza Kitchen,undefined
599051746791910517220,"California Pizza Kitchen, Jacobs Creek Moscato, 9 Oz",California Pizza Kitchen,undefined
144986844754787905548541,"California Pizza Kitchen, Kim Crawford Sauvignon Blanc, Bottle",California Pizza Kitchen,undefined
7943639345867841557,"California Pizza Kitchen, La Marca Prosecco, Split",California Pizza Kitchen,undefined
31591461997941753568,"California Pizza Kitchen, Gluten Free Crust",California Pizza Kitchen,undefined
67924449427253626779455,"California Pizza Kitchen, Blueberry Ginger Smash",California Pizza Kitchen,undefined
27857009468022804,"California Pizza Kitchen, Brownie, Kids",California Pizza Kitchen,undefined
37413534529844459034615,"California Pizza Kitchen, Charred Shishito Peppers",California Pizza Kitchen,undefined
7668842193371235326,"California Pizza Kitchen, Crispy Thin Crust",California Pizza Kitchen,undefined
66906679840872492323,"California Pizza Kitchen, Diet Coke",California Pizza Kitchen,undefined
997858400880216988,"California Pizza Kitchen, Dos Equis Lager",California Pizza Kitchen,undefined
50445979145579252571168,"California Pizza Kitchen, Fountain Beverage",California Pizza Kitchen,undefined
8501912439200144661394,"California Pizza Kitchen, M Chapoutier Belleruche Rose, Bottle",California Pizza Kitchen,undefined
231144064392814941746770,"California Pizza Kitchen, Mushroom Pepperoni Sausage Pizza",California Pizza Kitchen,undefined
9407344244409841,"California Pizza Kitchen, Oven Roasted Turkey & Brie Sandwich, Full",California Pizza Kitchen,undefined
657905361415990950122450,"California Pizza Kitchen, Quinoa & Arugula Salad, Full",California Pizza Kitchen,undefined
3352121466803346956,"California Pizza Kitchen, Shaved Mushroom & Spinach Flatbread",California Pizza Kitchen,undefined
780982915403344342556,"California Pizza Kitchen, Sicilian Pizza, 1 Slice",California Pizza Kitchen,undefined
41062844433978716109345,"California Pizza Kitchen, Sonoma Cutrer, Russian River Ranches Chardonnay, Bottle",California Pizza Kitchen,undefined
42385537496800548699639,"California Pizza Kitchen, Traditional Cheese Pizza, Kids",California Pizza Kitchen,undefined
2562834482965660590499,"California Pizza Kitchen, White Corn Guacamole & Chips",California Pizza Kitchen,undefined
1482405164166835731334,"California Pizza Kitchen, Ancho Chile Short Rib Piadina, Full",California Pizza Kitchen,undefined
396059359345882463874738,"California Pizza Kitchen, Apothic Winemakers Blend, Bottle",California Pizza Kitchen,undefined
87498358440808110298577,"California Pizza Kitchen, Apple Juice",California Pizza Kitchen,undefined
8702334342728641860,"California Pizza Kitchen, Chambord",California Pizza Kitchen,undefined
1712715463970164900,"California Pizza Kitchen, Chicken, For Kung Pao Spaghetti",California Pizza Kitchen,undefined
607410447305231557083,"California Pizza Kitchen, Dr Pepper",California Pizza Kitchen,undefined
51774458066226920509,"California Pizza Kitchen, Five Cheese & Fresh Tomato Pizza",California Pizza Kitchen,undefined
2852939417710408,"California Pizza Kitchen, Goat Cheese, For Original Hand Tossed Pizzas",California Pizza Kitchen,undefined
179740714218658094060592,"California Pizza Kitchen, Sprite",California Pizza Kitchen,undefined
52081945183021373,"California Pizza Kitchen, Chicken & Shrimp, For Kung Pao Spaghetti",California Pizza Kitchen,undefined
609396734281184476848227,"California Pizza Kitchen, Chocolate Milk",California Pizza Kitchen,undefined
8357110634473438549011,"California Pizza Kitchen, Coke Zero",California Pizza Kitchen,undefined
1870944279291124697,"California Pizza Kitchen, Fresh Strawberry Mango Cooler, Hawaii",California Pizza Kitchen,undefined
811096983743340017892906,"California Pizza Kitchen, Freshly Brewed Iced Tea, Strawberry",California Pizza Kitchen,undefined
203534097949771,"California Pizza Kitchen, Grilled Chicken Breast, For Salads",California Pizza Kitchen,undefined
768664042962575707559,"California Pizza Kitchen, Hawaiian Pizza, Kids",California Pizza Kitchen,undefined
24588948640667008,"California Pizza Kitchen, Le Grand Courtage Topper",California Pizza Kitchen,undefined
8158353452527987235810,"California Pizza Kitchen, Sam Adams Seasonal, Cold Snap",California Pizza Kitchen,undefined
97247204280518097848,"California Pizza Kitchen, Sedona Tortilla Soup, Bowl",California Pizza Kitchen,undefined
91686674428912891632,"California Pizza Kitchen, Shrimp, For Kung Pao Spaghetti",California Pizza Kitchen,undefined
21112040100000007492901268,"Fitness Granola Quinoa, Almond & Chocolate",Nestle,"whole grain oat flakes, sugar, whole grain wheat flour, non-hydrogenated sunflower oil, whole grain oat flour, dried glucose syrup, chocolate drops (sugar, cocoa mass, cocoa butter, emulsifier: soya lecithin), almonds, puffed whole grain quinoa, invert sugar syrup, maize semolina, calcium, date juice concentrate, cocoa powder, raising agent: sodium bicarbonate, antioxidant: tocopherols, iron"
76042704979480232993,"California Pizza Kitchen, Crispy Ahi Tuna Rolls",California Pizza Kitchen,undefined
994428841048935706871,"California Pizza Kitchen, Francis Ford Coppola Bianco Pinot Grigio, 9 Oz",California Pizza Kitchen,undefined
51974489154142815827910773,"California Pizza Kitchen, Grilled Chicken, For Crispy Thin Crust Pizzas",California Pizza Kitchen,undefined
25507875355488560827075999,"California Pizza Kitchen, Jamaican Jerk Chicken Pizza, 1 Slice",California Pizza Kitchen,undefined
747803173445808413170,"California Pizza Kitchen, Jambalaya Linguini Fini",California Pizza Kitchen,undefined
628414248880154268950,"California Pizza Kitchen, Josh Cellars Chardonnay, 6 Oz",California Pizza Kitchen,undefined
55793364708819975798263,"California Pizza Kitchen, Kendall Jackson Vintners Reserve Chardonnay, 9 Oz",California Pizza Kitchen,undefined
912674358396504228,"California Pizza Kitchen, La Crema Pinot Noir, Bottle",California Pizza Kitchen,undefined
931726450439515009469,"California Pizza Kitchen, Nobilo Sauvignon Blanc, 9 Oz",California Pizza Kitchen,undefined
14744051374357903293006,"California Pizza Kitchen, Rodney Strong Cabernet Sauvignon, 6 Oz",California Pizza Kitchen,undefined
9194490493333757293100,"California Pizza Kitchen, Sam Adams Seasonal, Oktoberfest",California Pizza Kitchen,undefined
20049123743001424745,"California Pizza Kitchen, Sledgehammer Zinfandel, 9 Oz",California Pizza Kitchen,undefined
1451445544572241648900,"California Pizza Kitchen, St Pauli NA, 12 Oz",California Pizza Kitchen,undefined
61285448803543423558,"California Pizza Kitchen, Szechwan Chicken Dumplings",California Pizza Kitchen,undefined
2706244189264733696439,"California Pizza Kitchen, Tomato Basil Bisque, Cup",California Pizza Kitchen,undefined
2211008129609903,,,
520166643881021014595,"California Pizza Kitchen, Angry Orchard Crisp Apple Cider",California Pizza Kitchen,undefined
68293274246328249,"California Pizza Kitchen, Apothic Winemakers Blend, 6 Oz",California Pizza Kitchen,undefined
2703860449902411964128,"California Pizza Kitchen, CPK Strawberry Lemonade",California Pizza Kitchen,undefined
33554584429326165609861,"California Pizza Kitchen, California Club Pizza",California Pizza Kitchen,undefined
38369525548872270037093,"California Pizza Kitchen, Carne Asada, For Crispy Thin Crust Pizzas",California Pizza Kitchen,undefined
5863736634768920803367,"California Pizza Kitchen, Chicken Piccata",California Pizza Kitchen,undefined
44355126405397533431,"California Pizza Kitchen, Coca Cola",California Pizza Kitchen,undefined
815464403240789717379,"California Pizza Kitchen, Crispy Fish Tacos",California Pizza Kitchen,undefined
6216956798846938816814,"California Pizza Kitchen, Fresh Fruit, Kids",California Pizza Kitchen,undefined
430364280833864,"California Pizza Kitchen, Kung Pao Spaghetti",California Pizza Kitchen,undefined
91923400640496111802,"California Pizza Kitchen, Milk",California Pizza Kitchen,undefined
3506948841602252,"California Pizza Kitchen, Avocado Club Egg Rolls",California Pizza Kitchen,undefined
88030043688503958597,"California Pizza Kitchen, Beehive Sangria",California Pizza Kitchen,undefined
96790772414691212865378,"California Pizza Kitchen, Bianco Flatbread",California Pizza Kitchen,undefined
364738773474650786902812444,"California Pizza Kitchen, Coffee",California Pizza Kitchen,undefined
874341844757362411,"California Pizza Kitchen, Corona Extra, 12 Oz",California Pizza Kitchen,undefined
6796140660785531569,"California Pizza Kitchen, Curly Mac N Cheese, Kids",California Pizza Kitchen,undefined
723202561479011226608990,"California Pizza Kitchen, Edamame, For Kids Curly Mac N Cheese",California Pizza Kitchen,undefined
932529584281565050658406,"California Pizza Kitchen, Francis Ford Coppola Bianco Pinot Grigio, Bottle",California Pizza Kitchen,undefined
18946694139854492120,"California Pizza Kitchen, Francis Ford Coppola Diamond Collection Merlot, 3 Oz",California Pizza Kitchen,undefined
82745360454199244232,"California Pizza Kitchen, Francis Ford Coppola Diamond Collection Merlot, 6 Oz",California Pizza Kitchen,undefined
94744941838981479,"California Pizza Kitchen, Francis Ford Coppola Diamond Collection Merlot, Bottle",California Pizza Kitchen,undefined
9827121341564219215,"California Pizza Kitchen, Jacobs Creek Moscato, Bottle",California Pizza Kitchen,undefined
55518287408204472002,"California Pizza Kitchen, Key Lime Pie",California Pizza Kitchen,undefined
22279758845992490772521,"California Pizza Kitchen, Mark West Pinot Noir, Bottle",California Pizza Kitchen,undefined
640726406964062099641,"California Pizza Kitchen, Meiomi Pinot Noir, Bottle",California Pizza Kitchen,undefined
205226224287076228896,"California Pizza Kitchen, Nobilo Sauvignon Blanc, Bottle",California Pizza Kitchen,undefined
821223984781224227925,"California Pizza Kitchen, Santa Fe Bowl",California Pizza Kitchen,undefined
609383964826873406427058,"California Pizza Kitchen, Santa Margherita Pinot Grigio, 6 Oz",California Pizza Kitchen,undefined
9342544439687445830293,"California Pizza Kitchen, Spicy Chipotle Chicken Pizza",California Pizza Kitchen,undefined
16632865429562344198284,"California Pizza Kitchen, The Original BBQ Chicken Chopped Salad, Full",California Pizza Kitchen,undefined
31975574603408603831441,"California Pizza Kitchen, Blue Moon",California Pizza Kitchen,undefined
325181946099230437571,"California Pizza Kitchen, California Veggie Pizza, 7&quot;",California Pizza Kitchen,undefined
95014062994156840,"California Pizza Kitchen, Chateau Ste Michelle Riesling, 9 Oz",California Pizza Kitchen,undefined
761303036584357,Мура milk choco mega bite,Nestlé,"ingredients milk chocolate 33,4% (3ахар, cocoa butter, whole milk powder 5,19 o, cocoa table vegetable oil (palm, shea), whey powder (from milk), emulsifier (lecithins), vanilla extract), palm oil, sugar, <span class=""allergen"">wheat flour</span>, whey powder, cocoa powder 1.1%, nonfat dry milk 1 1%, naughtily (from milk), skim (ammonium bicarbonate, sodium bicaronate) maltodextrin, emulsifiers (lecithins, polyglycerol polyricinoleate), salt,"
50848465118063927,"California Pizza Kitchen, Banh Mi Bowl",California Pizza Kitchen,undefined
164342463872161684,"California Pizza Kitchen, Beringer White Zinfandel, Bottle",California Pizza Kitchen,undefined
817722364779658943208,"California Pizza Kitchen, Cherry Coke",California Pizza Kitchen,undefined
97151334669947869099,"California Pizza Kitchen, Clos Du Bois Chardonnay, Bottle",California Pizza Kitchen,undefined
409200734448120779,"California Pizza Kitchen, Coors Light, 12 Oz",California Pizza Kitchen,undefined
90351125494010851406,"California Pizza Kitchen, Italian Chopped Salad, Full",California Pizza Kitchen,undefined
92127194156861603,"California Pizza Kitchen, J Lohr Seven Oaks Cabernet Sauvignon, Bottle",California Pizza Kitchen,undefined
47160346809870867564,"California Pizza Kitchen, Jacobs Creek Moscato, 6 Oz",California Pizza Kitchen,undefined
7919830266428671038132,"California Pizza Kitchen, Josh Cellars Chardonnay, 9 Oz",California Pizza Kitchen,undefined
532041924305852926173,"California Pizza Kitchen, La Crema Pinot Noir, 6 Oz",California Pizza Kitchen,undefined
66222073444706768435925,"California Pizza Kitchen, Pepperoni Pizza",California Pizza Kitchen,undefined
48504603476319785,"California Pizza Kitchen, Red Berry Sangria",California Pizza Kitchen,undefined
282890311417889163361803,"California Pizza Kitchen, Red Velvet Cake",California Pizza Kitchen,undefined
14121474005495257295,"California Pizza Kitchen, Santa Margherita Pinot Grigio, 9 Oz",California Pizza Kitchen,undefined
426292187470704818946,"California Pizza Kitchen, Shaved Mushroom & Spinach Pizza, 7&quot;",California Pizza Kitchen,undefined
6000000024292775,post office card,yes,
5023221164073234,,,
305000001769039,Garlic sev,Food bazar,"besan,oil,garlic,salt"
305000002015062,dal moth,food bazaar,"masoor dal,besan salt,oil"
141467274452624222327242,naaptol,,
514044402530001,Herbalife,,
359431092444516,,,
450091552000000160,,,
70056000256230223,,,
1384126132725353,whirlpool,205        magic wine orchil,
8900096436402699165030037,"Moe's Southwest Grill, Shredded Lettuce, For Tacos",Moe's Southwest Grill,undefined
8906027912001517,Green pista,,
890493540493735713,"On The Border, Sour Cream",On the Border,undefined
89048628594299716664644,"PF Chang's, Shrimp Tempura Roll",PF Chang's,undefined
890582780009607500006605,Jamón mercadona,Unknown Brand,
20240214309838183,A247-LHUB-APF-,,
510805016002696,,,
890040982314115120,"Papa Murphy's, Tuscan Chicken & Sausage Pizza On Original Crust, Family Slice",Papa Murphy's,undefined
924728101224002554,Pistachio,Nesto,
9441413800525001054,Roasted cashew,Nesto,
2205048588577415,,,
89072764308068386311,"Pizza Hut, Chicken Bacon Parmesan Pizza On Original Pan Crust, Medium, Slice",Pizza Hut,undefined
890677454456085936028,"Sonic, Corn Dog",Sonic,undefined
890945938435882834567769,"Sonic, Strawberry Cheesecake Shake, Medium",Sonic,undefined
8904293733815377,Orange Nagpur,Unknown Brand,
924728301000002505,Pistachio,Nesto,
924728101019002554,Pistachio,Nesto,
1120801201012022358,,dixcy Scott,
133181150995110000194,,,
89008224012916889180,"Wawa, Honey Mustard Dipping Cup, For Hot Bowls",Wawa,undefined
6336663366633666336663366633666336661203,,,
2219416132896670,,,
990082090193190001,just mix idly chilli powder,SKS,
8901886017000200040,,,
6014001019002554,pistachio,nesto,
89093543134382721,"Burger King, Vanilla Milk Shake",Burger King,undefined
89080448428643859105,"California Pizza Kitchen, Smashed Chicken Meatball Piadina, Full",California Pizza Kitchen,undefined
89051552946190756191,"Carrabba's Italian Grill, Chicken Bryan Flatbread",Carrabba's Italian Grill,undefined
8909046144953708,"LongHorn Steakhouse, White Wine, LongPour",LongHorn Steakhouse,undefined
890870023014246805655619,"Outback Steakhouse, Baked Potato Soup, Cup",Outback Steakhouse,undefined
8905853142999685,"Panera Bread, Country Loaf",Panera Bread,undefined
89080843687181240066,"Perkins, Open Face Turkey Sandwich",Perkins,undefined
8909309854308801688975,"Sheetz, Sausage Patty, For Breakfast Subz",Sheetz,undefined
890662444073724395,"Starbucks, Iced Caffe Americano, Grande",Starbucks,undefined
8906144249689079822,"Steak 'N Shake, Chocolate Covered Strawberry Milkshake, Regular",Steak 'N Shake,undefined
8908213246931776202467615,"Wawa, Buttered Rye Toast",Wawa,undefined
890923442028684404384,"Wawa, Spiced Hot Chocolate Cappuccino, FL, 24 Oz",Wawa,undefined
8906023888292756,LAL Chana,,
9085632822749091250907,Hokben,,
4444444444444444444444444444444444444414,,,
208802281074531,,,
2213490050001010,Chicken breast,Sneha select,
3533840751593256,,,
2110000590009853002001,mixed sprouts,nutra,
21078900350006001711,Kaju Rabi Fills,Sri Krishna Sweets,
6363737373773737,Yery,Horey,jjdb
934055827448192,,,
2110000590003552005001,Radish,Unknown Brand,radish
9679989464646438,fruity biskiss,,
2110000590002883010001,Sapota,Unknown Brand,
